report_id,report_name,topic,json_path,file_path,pages,text_length
Rwanda_Cash_based_transfers_on_food_security_and_g,Rwanda_Cash_based_transfers_on_food_security_and_g.pdf,Innovation,/Users/madhu/Desktop/WFP/wfp-taxonomy-analysis/py files/extracted/Rwanda_Cash_based_transfers_on_food_security_and_g.json,/Users/madhu/Desktop/WFP/wfp_reports/wfp_reports/Innovation/Rwanda_Cash_based_transfers_on_food_security_and_g.pdf,90,210888
WFP_Global_Artificial_Intelligence_Strategy_2025_2,WFP_Global_Artificial_Intelligence_Strategy_2025_2.pdf,Innovation,/Users/madhu/Desktop/WFP/wfp-taxonomy-analysis/py files/extracted/WFP_Global_Artificial_Intelligence_Strategy_2025_2.json,/Users/madhu/Desktop/WFP/wfp_reports/wfp_reports/Innovation/WFP_Global_Artificial_Intelligence_Strategy_2025_2.pdf,40,71192
WFP_Global_Data_Strategy_2024_2026,WFP_Global_Data_Strategy_2024_2026.pdf,Innovation,/Users/madhu/Desktop/WFP/wfp-taxonomy-analysis/py files/extracted/WFP_Global_Data_Strategy_2024_2026.json,/Users/madhu/Desktop/WFP/wfp_reports/wfp_reports/Innovation/WFP_Global_Data_Strategy_2024_2026.pdf,28,50479
Ethiopia_Endline_Evaluation_of_Satellite_Index_Ins,Ethiopia_Endline_Evaluation_of_Satellite_Index_Ins.pdf,Innovation,/Users/madhu/Desktop/WFP/wfp-taxonomy-analysis/py files/extracted/Ethiopia_Endline_Evaluation_of_Satellite_Index_Ins.json,/Users/madhu/Desktop/WFP/wfp_reports/wfp_reports/Innovation/Ethiopia_Endline_Evaluation_of_Satellite_Index_Ins.pdf,157,371140
2024_Climatic_Disaster_Risk_Assessment_in_Cambodia,2024_Climatic_Disaster_Risk_Assessment_in_Cambodia.pdf,Innovation,/Users/madhu/Desktop/WFP/wfp-taxonomy-analysis/py files/extracted/2024_Climatic_Disaster_Risk_Assessment_in_Cambodia.json,/Users/madhu/Desktop/WFP/wfp_reports/wfp_reports/Innovation/2024_Climatic_Disaster_Risk_Assessment_in_Cambodia.pdf,34,63633
Innovation_Advisory_Services_LACRO,Innovation_Advisory_Services_LACRO.pdf,Innovation,/Users/madhu/Desktop/WFP/wfp-taxonomy-analysis/py files/extracted/Innovation_Advisory_Services_LACRO.json,/Users/madhu/Desktop/WFP/wfp_reports/wfp_reports/Innovation/Innovation_Advisory_Services_LACRO.pdf,3,5558
WFP_Information_and_Technology_Strategy_2023_26,WFP_Information_and_Technology_Strategy_2023_26.pdf,Innovation,/Users/madhu/Desktop/WFP/wfp-taxonomy-analysis/py files/extracted/WFP_Information_and_Technology_Strategy_2023_26.json,/Users/madhu/Desktop/WFP/wfp_reports/wfp_reports/Innovation/WFP_Information_and_Technology_Strategy_2023_26.pdf,48,103604
2023_South_South_and_Triangular_Cooperation_Innova,2023_South_South_and_Triangular_Cooperation_Innova.pdf,Innovation,/Users/madhu/Desktop/WFP/wfp-taxonomy-analysis/py files/extracted/2023_South_South_and_Triangular_Cooperation_Innova.json,/Users/madhu/Desktop/WFP/wfp_reports/wfp_reports/Innovation/2023_South_South_and_Triangular_Cooperation_Innova.pdf,28,46038
Thematic_Fact_Sheets_Philippines,Thematic_Fact_Sheets_Philippines.pdf,Innovation,/Users/madhu/Desktop/WFP/wfp-taxonomy-analysis/py files/extracted/Thematic_Fact_Sheets_Philippines.json,/Users/madhu/Desktop/WFP/wfp_reports/wfp_reports/Innovation/Thematic_Fact_Sheets_Philippines.pdf,2,4670
Mid_term_Evaluation_of_WFP_s_Private_Sector_Partne,Mid_term_Evaluation_of_WFP_s_Private_Sector_Partne.pdf,Innovation,/Users/madhu/Desktop/WFP/wfp-taxonomy-analysis/py files/extracted/Mid_term_Evaluation_of_WFP_s_Private_Sector_Partne.json,/Users/madhu/Desktop/WFP/wfp_reports/wfp_reports/Innovation/Mid_term_Evaluation_of_WFP_s_Private_Sector_Partne.pdf,78,235498
Security_Risk_Assessment_and_Security_Management_P,Security_Risk_Assessment_and_Security_Management_P.pdf,Programme_design,/Users/madhu/Desktop/WFP/wfp-taxonomy-analysis/py files/extracted/Security_Risk_Assessment_and_Security_Management_P.json,/Users/madhu/Desktop/WFP/wfp_reports/wfp_reports/Programme_design/Security_Risk_Assessment_and_Security_Management_P.pdf,2,1772
The_role_of_clean_energy_in_food_value_chains,The_role_of_clean_energy_in_food_value_chains.pdf,Programme_design,/Users/madhu/Desktop/WFP/wfp-taxonomy-analysis/py files/extracted/The_role_of_clean_energy_in_food_value_chains.json,/Users/madhu/Desktop/WFP/wfp_reports/wfp_reports/Programme_design/The_role_of_clean_energy_in_food_value_chains.pdf,9,22553
WFP_Indigenous_Peoples_Portfolio_Factsheet,WFP_Indigenous_Peoples_Portfolio_Factsheet.pdf,Programme_design,/Users/madhu/Desktop/WFP/wfp-taxonomy-analysis/py files/extracted/WFP_Indigenous_Peoples_Portfolio_Factsheet.json,/Users/madhu/Desktop/WFP/wfp_reports/wfp_reports/Programme_design/WFP_Indigenous_Peoples_Portfolio_Factsheet.pdf,2,4589
Building_and_maintaining_social_protection_systems,Building_and_maintaining_social_protection_systems.pdf,Programme_design,/Users/madhu/Desktop/WFP/wfp-taxonomy-analysis/py files/extracted/Building_and_maintaining_social_protection_systems.json,/Users/madhu/Desktop/WFP/wfp_reports/wfp_reports/Programme_design/Building_and_maintaining_social_protection_systems.pdf,3,8009
Social_Assessment_and_Social_Development_Plan_Suda,Social_Assessment_and_Social_Development_Plan_Suda.pdf,Programme_design,/Users/madhu/Desktop/WFP/wfp-taxonomy-analysis/py files/extracted/Social_Assessment_and_Social_Development_Plan_Suda.json,/Users/madhu/Desktop/WFP/wfp_reports/wfp_reports/Programme_design/Social_Assessment_and_Social_Development_Plan_Suda.pdf,50,95771
Labour_Management_Procedures,Labour_Management_Procedures.pdf,Programme_design,/Users/madhu/Desktop/WFP/wfp-taxonomy-analysis/py files/extracted/Labour_Management_Procedures.json,/Users/madhu/Desktop/WFP/wfp_reports/wfp_reports/Programme_design/Labour_Management_Procedures.pdf,31,44003
Prevention_of_Sexual_Exploitation_and_Abuse_Sexual,Prevention_of_Sexual_Exploitation_and_Abuse_Sexual.pdf,Programme_design,/Users/madhu/Desktop/WFP/wfp-taxonomy-analysis/py files/extracted/Prevention_of_Sexual_Exploitation_and_Abuse_Sexual.json,/Users/madhu/Desktop/WFP/wfp_reports/wfp_reports/Programme_design/Prevention_of_Sexual_Exploitation_and_Abuse_Sexual.pdf,3,2887
Summary_of_evaluation_evidence_WFP_s_budget_revisi,Summary_of_evaluation_evidence_WFP_s_budget_revisi.pdf,Programme_design,/Users/madhu/Desktop/WFP/wfp-taxonomy-analysis/py files/extracted/Summary_of_evaluation_evidence_WFP_s_budget_revisi.json,/Users/madhu/Desktop/WFP/wfp_reports/wfp_reports/Programme_design/Summary_of_evaluation_evidence_WFP_s_budget_revisi.pdf,3,9662
Disability_Inclusive_Early_Warning_Messages_in_Lao,Disability_Inclusive_Early_Warning_Messages_in_Lao.pdf,Programme_design,/Users/madhu/Desktop/WFP/wfp-taxonomy-analysis/py files/extracted/Disability_Inclusive_Early_Warning_Messages_in_Lao.json,/Users/madhu/Desktop/WFP/wfp_reports/wfp_reports/Programme_design/Disability_Inclusive_Early_Warning_Messages_in_Lao.pdf,31,30491
Delivering_shock_responsive_social_protection_in_t,Delivering_shock_responsive_social_protection_in_t.pdf,Programme_design,/Users/madhu/Desktop/WFP/wfp-taxonomy-analysis/py files/extracted/Delivering_shock_responsive_social_protection_in_t.json,/Users/madhu/Desktop/WFP/wfp_reports/wfp_reports/Programme_design/Delivering_shock_responsive_social_protection_in_t.pdf,4,12429
Annual_country_reports_-_Benin_-_2023_BJ02,Annual_country_reports_-_Benin_-_2023_BJ02.pdf,Funding_and_donors,/Users/madhu/Desktop/WFP/wfp-taxonomy-analysis/py files/extracted/Annual_country_reports_-_Benin_-_2023_BJ02.json,/Users/madhu/Desktop/WFP/wfp_reports/wfp_reports/Funding_and_donors/Annual_country_reports_-_Benin_-_2023_BJ02.pdf,67,146411
WFP_Annual_Review,WFP_Annual_Review.pdf,Funding_and_donors,/Users/madhu/Desktop/WFP/wfp-taxonomy-analysis/py files/extracted/WFP_Annual_Review.json,/Users/madhu/Desktop/WFP/wfp_reports/wfp_reports/Funding_and_donors/WFP_Annual_Review.pdf,27,24215
Annual_country_reports_-_Bolivia_Plurinational_State_of_-_2024_BO03,Annual_country_reports_-_Bolivia_Plurinational_State_of_-_2024_BO03.pdf,Funding_and_donors,/Users/madhu/Desktop/WFP/wfp-taxonomy-analysis/py files/extracted/Annual_country_reports_-_Bolivia_Plurinational_State_of_-_2024_BO03.json,/Users/madhu/Desktop/WFP/wfp_reports/wfp_reports/Funding_and_donors/Annual_country_reports_-_Bolivia_Plurinational_State_of_-_2024_BO03.pdf,58,121730
A_lifeline_at_risk_food_assistance_at_a_breaking_p,A_lifeline_at_risk_food_assistance_at_a_breaking_p.pdf,Funding_and_donors,/Users/madhu/Desktop/WFP/wfp-taxonomy-analysis/py files/extracted/A_lifeline_at_risk_food_assistance_at_a_breaking_p.json,/Users/madhu/Desktop/WFP/wfp_reports/wfp_reports/Funding_and_donors/A_lifeline_at_risk_food_assistance_at_a_breaking_p.pdf,14,20749
Annual_country_reports_-_Burundi_-_2023_BI02,Annual_country_reports_-_Burundi_-_2023_BI02.pdf,Funding_and_donors,/Users/madhu/Desktop/WFP/wfp-taxonomy-analysis/py files/extracted/Annual_country_reports_-_Burundi_-_2023_BI02.json,/Users/madhu/Desktop/WFP/wfp_reports/wfp_reports/Funding_and_donors/Annual_country_reports_-_Burundi_-_2023_BI02.pdf,102,223677
Annual_country_reports_-_Bolivia_Plurinational_State_of_-_2023_BO03,Annual_country_reports_-_Bolivia_Plurinational_State_of_-_2023_BO03.pdf,Funding_and_donors,/Users/madhu/Desktop/WFP/wfp-taxonomy-analysis/py files/extracted/Annual_country_reports_-_Bolivia_Plurinational_State_of_-_2023_BO03.json,/Users/madhu/Desktop/WFP/wfp_reports/wfp_reports/Funding_and_donors/Annual_country_reports_-_Bolivia_Plurinational_State_of_-_2023_BO03.pdf,55,102462
Annual_country_reports_-_Algeria_-_2020_DZ02,Annual_country_reports_-_Algeria_-_2020_DZ02.pdf,Funding_and_donors,/Users/madhu/Desktop/WFP/wfp-taxonomy-analysis/py files/extracted/Annual_country_reports_-_Algeria_-_2020_DZ02.json,/Users/madhu/Desktop/WFP/wfp_reports/wfp_reports/Funding_and_donors/Annual_country_reports_-_Algeria_-_2020_DZ02.pdf,45,89821
Annual_country_reports_-_Burundi_-_2024_BI03,Annual_country_reports_-_Burundi_-_2024_BI03.pdf,Funding_and_donors,/Users/madhu/Desktop/WFP/wfp-taxonomy-analysis/py files/extracted/Annual_country_reports_-_Burundi_-_2024_BI03.json,/Users/madhu/Desktop/WFP/wfp_reports/wfp_reports/Funding_and_donors/Annual_country_reports_-_Burundi_-_2024_BI03.pdf,115,255616
WFP_2025_Global_Outlook,WFP_2025_Global_Outlook.pdf,Funding_and_donors,/Users/madhu/Desktop/WFP/wfp-taxonomy-analysis/py files/extracted/WFP_2025_Global_Outlook.json,/Users/madhu/Desktop/WFP/wfp_reports/wfp_reports/Funding_and_donors/WFP_2025_Global_Outlook.pdf,2,3590
Audited_Annual_Accounts,Audited_Annual_Accounts.pdf,Funding_and_donors,/Users/madhu/Desktop/WFP/wfp-taxonomy-analysis/py files/extracted/Audited_Annual_Accounts.json,/Users/madhu/Desktop/WFP/wfp_reports/wfp_reports/Funding_and_donors/Audited_Annual_Accounts.pdf,223,521502
Annual_Country_Reports_Cameroon,Annual_Country_Reports_Cameroon.pdf,Funding_and_donors,/Users/madhu/Desktop/WFP/wfp-taxonomy-analysis/py files/extracted/Annual_Country_Reports_Cameroon.json,/Users/madhu/Desktop/WFP/wfp_reports/wfp_reports/Funding_and_donors/Annual_Country_Reports_Cameroon.pdf,8,9492
Annual_country_reports_-_Benin_-_2024_BJ03,Annual_country_reports_-_Benin_-_2024_BJ03.pdf,Funding_and_donors,/Users/madhu/Desktop/WFP/wfp-taxonomy-analysis/py files/extracted/Annual_country_reports_-_Benin_-_2024_BJ03.json,/Users/madhu/Desktop/WFP/wfp_reports/wfp_reports/Funding_and_donors/Annual_country_reports_-_Benin_-_2024_BJ03.pdf,59,145357
WFP_Annual_Report_on_Flexible_Funding_2024,WFP_Annual_Report_on_Flexible_Funding_2024.pdf,Funding_and_donors,/Users/madhu/Desktop/WFP/wfp-taxonomy-analysis/py files/extracted/WFP_Annual_Report_on_Flexible_Funding_2024.json,/Users/madhu/Desktop/WFP/wfp_reports/wfp_reports/Funding_and_donors/WFP_Annual_Report_on_Flexible_Funding_2024.pdf,44,64638
Hurricane_Beryl_Jamaica_Cash_Assistance_Report_Aug,Hurricane_Beryl_Jamaica_Cash_Assistance_Report_Aug.pdf,Funding_and_donors,/Users/madhu/Desktop/WFP/wfp-taxonomy-analysis/py files/extracted/Hurricane_Beryl_Jamaica_Cash_Assistance_Report_Aug.json,/Users/madhu/Desktop/WFP/wfp_reports/wfp_reports/Funding_and_donors/Hurricane_Beryl_Jamaica_Cash_Assistance_Report_Aug.pdf,34,62616
Annual_country_reports_-_Armenia_-_2024_AM02,Annual_country_reports_-_Armenia_-_2024_AM02.pdf,Funding_and_donors,/Users/madhu/Desktop/WFP/wfp-taxonomy-analysis/py files/extracted/Annual_country_reports_-_Armenia_-_2024_AM02.json,/Users/madhu/Desktop/WFP/wfp_reports/wfp_reports/Funding_and_donors/Annual_country_reports_-_Armenia_-_2024_AM02.pdf,60,131741
Annual_country_reports_-_Burkina_Faso_-_2023_BF02,Annual_country_reports_-_Burkina_Faso_-_2023_BF02.pdf,Funding_and_donors,/Users/madhu/Desktop/WFP/wfp-taxonomy-analysis/py files/extracted/Annual_country_reports_-_Burkina_Faso_-_2023_BF02.json,/Users/madhu/Desktop/WFP/wfp_reports/wfp_reports/Funding_and_donors/Annual_country_reports_-_Burkina_Faso_-_2023_BF02.pdf,102,267556
Annual_country_reports_-_Central_African_Republic_-_2024_CF02,Annual_country_reports_-_Central_African_Republic_-_2024_CF02.pdf,Funding_and_donors,/Users/madhu/Desktop/WFP/wfp-taxonomy-analysis/py files/extracted/Annual_country_reports_-_Central_African_Republic_-_2024_CF02.json,/Users/madhu/Desktop/WFP/wfp_reports/wfp_reports/Funding_and_donors/Annual_country_reports_-_Central_African_Republic_-_2024_CF02.pdf,80,197336
Annual_country_reports_-_Central_African_Republic_-_2023_CF01,Annual_country_reports_-_Central_African_Republic_-_2023_CF01.pdf,Funding_and_donors,/Users/madhu/Desktop/WFP/wfp-taxonomy-analysis/py files/extracted/Annual_country_reports_-_Central_African_Republic_-_2023_CF01.json,/Users/madhu/Desktop/WFP/wfp_reports/wfp_reports/Funding_and_donors/Annual_country_reports_-_Central_African_Republic_-_2023_CF01.pdf,79,184594
Annual_country_reports_-_Armenia_-_2023_AM02,Annual_country_reports_-_Armenia_-_2023_AM02.pdf,Funding_and_donors,/Users/madhu/Desktop/WFP/wfp-taxonomy-analysis/py files/extracted/Annual_country_reports_-_Armenia_-_2023_AM02.json,/Users/madhu/Desktop/WFP/wfp_reports/wfp_reports/Funding_and_donors/Annual_country_reports_-_Armenia_-_2023_AM02.pdf,60,143325
Annual_country_reports_-_Burkina_Faso_-_2024_BF02,Annual_country_reports_-_Burkina_Faso_-_2024_BF02.pdf,Funding_and_donors,/Users/madhu/Desktop/WFP/wfp-taxonomy-analysis/py files/extracted/Annual_country_reports_-_Burkina_Faso_-_2024_BF02.json,/Users/madhu/Desktop/WFP/wfp_reports/wfp_reports/Funding_and_donors/Annual_country_reports_-_Burkina_Faso_-_2024_BF02.pdf,113,308777
Annual_country_reports_-_Algeria_-_2023_DZ02,Annual_country_reports_-_Algeria_-_2023_DZ02.pdf,Funding_and_donors,/Users/madhu/Desktop/WFP/wfp-taxonomy-analysis/py files/extracted/Annual_country_reports_-_Algeria_-_2023_DZ02.json,/Users/madhu/Desktop/WFP/wfp_reports/wfp_reports/Funding_and_donors/Annual_country_reports_-_Algeria_-_2023_DZ02.pdf,56,124295
Annual_country_reports_-_Chad_-_2024_TD01,Annual_country_reports_-_Chad_-_2024_TD01.pdf,Funding_and_donors,/Users/madhu/Desktop/WFP/wfp-taxonomy-analysis/py files/extracted/Annual_country_reports_-_Chad_-_2024_TD01.json,/Users/madhu/Desktop/WFP/wfp_reports/wfp_reports/Funding_and_donors/Annual_country_reports_-_Chad_-_2024_TD01.pdf,99,224344
Annual_country_reports_-_Chad_-_2024_TD02,Annual_country_reports_-_Chad_-_2024_TD02.pdf,Funding_and_donors,/Users/madhu/Desktop/WFP/wfp-taxonomy-analysis/py files/extracted/Annual_country_reports_-_Chad_-_2024_TD02.json,/Users/madhu/Desktop/WFP/wfp_reports/wfp_reports/Funding_and_donors/Annual_country_reports_-_Chad_-_2024_TD02.pdf,86,207231
DRC_WFP_UNHAS_Flash_Appeal_May_2024,DRC_WFP_UNHAS_Flash_Appeal_May_2024.pdf,UN_Humanitarian_Air_Service,/Users/madhu/Desktop/WFP/wfp-taxonomy-analysis/py files/extracted/DRC_WFP_UNHAS_Flash_Appeal_May_2024.json,/Users/madhu/Desktop/WFP/wfp_reports/wfp_reports/UN_Humanitarian_Air_Service/DRC_WFP_UNHAS_Flash_Appeal_May_2024.pdf,2,3196
United_Nations_Humanitarian_Air_Service_UNHAS_2020,United_Nations_Humanitarian_Air_Service_UNHAS_2020.pdf,UN_Humanitarian_Air_Service,/Users/madhu/Desktop/WFP/wfp-taxonomy-analysis/py files/extracted/United_Nations_Humanitarian_Air_Service_UNHAS_2020.json,/Users/madhu/Desktop/WFP/wfp_reports/wfp_reports/UN_Humanitarian_Air_Service/United_Nations_Humanitarian_Air_Service_UNHAS_2020.pdf,36,71251
UNHAS_Chad_Monthly_Reports_2024,UNHAS_Chad_Monthly_Reports_2024.pdf,UN_Humanitarian_Air_Service,/Users/madhu/Desktop/WFP/wfp-taxonomy-analysis/py files/extracted/UNHAS_Chad_Monthly_Reports_2024.json,/Users/madhu/Desktop/WFP/wfp_reports/wfp_reports/UN_Humanitarian_Air_Service/UNHAS_Chad_Monthly_Reports_2024.pdf,1,2513
WFP_Regional_Bureau_for_Eastern_Africa_Breakthroug,WFP_Regional_Bureau_for_Eastern_Africa_Breakthroug.pdf,UN_Humanitarian_Air_Service,/Users/madhu/Desktop/WFP/wfp-taxonomy-analysis/py files/extracted/WFP_Regional_Bureau_for_Eastern_Africa_Breakthroug.json,/Users/madhu/Desktop/WFP/wfp_reports/wfp_reports/UN_Humanitarian_Air_Service/WFP_Regional_Bureau_for_Eastern_Africa_Breakthroug.pdf,4,2763
Emergency_Preparedness_and_Response_in_Madagascar,Emergency_Preparedness_and_Response_in_Madagascar.pdf,UN_Humanitarian_Air_Service,/Users/madhu/Desktop/WFP/wfp-taxonomy-analysis/py files/extracted/Emergency_Preparedness_and_Response_in_Madagascar.json,/Users/madhu/Desktop/WFP/wfp_reports/wfp_reports/UN_Humanitarian_Air_Service/Emergency_Preparedness_and_Response_in_Madagascar.pdf,3,7955
United_Nations_Humanitarian_Air_Service_UNHAS_Annu,United_Nations_Humanitarian_Air_Service_UNHAS_Annu.pdf,UN_Humanitarian_Air_Service,/Users/madhu/Desktop/WFP/wfp-taxonomy-analysis/py files/extracted/United_Nations_Humanitarian_Air_Service_UNHAS_Annu.json,/Users/madhu/Desktop/WFP/wfp_reports/wfp_reports/UN_Humanitarian_Air_Service/United_Nations_Humanitarian_Air_Service_UNHAS_Annu.pdf,92,130008
WFP_UNHAS_Flash_appeal_Haiti_February_2025,WFP_UNHAS_Flash_appeal_Haiti_February_2025.pdf,UN_Humanitarian_Air_Service,/Users/madhu/Desktop/WFP/wfp-taxonomy-analysis/py files/extracted/WFP_UNHAS_Flash_appeal_Haiti_February_2025.json,/Users/madhu/Desktop/WFP/wfp_reports/wfp_reports/UN_Humanitarian_Air_Service/WFP_UNHAS_Flash_appeal_Haiti_February_2025.pdf,2,6145
Regional_Office_for_Eastern_and_Southern_Africa_No,Regional_Office_for_Eastern_and_Southern_Africa_No.pdf,UN_Humanitarian_Air_Service,/Users/madhu/Desktop/WFP/wfp-taxonomy-analysis/py files/extracted/Regional_Office_for_Eastern_and_Southern_Africa_No.json,/Users/madhu/Desktop/WFP/wfp_reports/wfp_reports/UN_Humanitarian_Air_Service/Regional_Office_for_Eastern_and_Southern_Africa_No.pdf,56,64565
UNHAS_Annual_Review_2024_Facilitating_global_human,UNHAS_Annual_Review_2024_Facilitating_global_human.pdf,UN_Humanitarian_Air_Service,/Users/madhu/Desktop/WFP/wfp-taxonomy-analysis/py files/extracted/UNHAS_Annual_Review_2024_Facilitating_global_human.json,/Users/madhu/Desktop/WFP/wfp_reports/wfp_reports/UN_Humanitarian_Air_Service/UNHAS_Annual_Review_2024_Facilitating_global_human.pdf,110,128001
WFP_Seasonal_Bulletin_Impact_Monitoring_of_Hydrome,WFP_Seasonal_Bulletin_Impact_Monitoring_of_Hydrome.pdf,Seasonal_and_agricultural_monitoring,/Users/madhu/Desktop/WFP/wfp-taxonomy-analysis/py files/extracted/WFP_Seasonal_Bulletin_Impact_Monitoring_of_Hydrome.json,/Users/madhu/Desktop/WFP/wfp_reports/wfp_reports/Seasonal_and_agricultural_monitoring/WFP_Seasonal_Bulletin_Impact_Monitoring_of_Hydrome.pdf,16,21792
WFP_Seasonal_Monitoring_Bulletin_April_June_Q2_202,WFP_Seasonal_Monitoring_Bulletin_April_June_Q2_202.pdf,Seasonal_and_agricultural_monitoring,/Users/madhu/Desktop/WFP/wfp-taxonomy-analysis/py files/extracted/WFP_Seasonal_Monitoring_Bulletin_April_June_Q2_202.json,/Users/madhu/Desktop/WFP/wfp_reports/wfp_reports/Seasonal_and_agricultural_monitoring/WFP_Seasonal_Monitoring_Bulletin_April_June_Q2_202.pdf,22,24996
Special_Report_2024_FAO_WFP_Crop_and_Food_Security,Special_Report_2024_FAO_WFP_Crop_and_Food_Security.pdf,Seasonal_and_agricultural_monitoring,/Users/madhu/Desktop/WFP/wfp-taxonomy-analysis/py files/extracted/Special_Report_2024_FAO_WFP_Crop_and_Food_Security.json,/Users/madhu/Desktop/WFP/wfp_reports/wfp_reports/Seasonal_and_agricultural_monitoring/Special_Report_2024_FAO_WFP_Crop_and_Food_Security.pdf,86,218149
Indonesia_WFP_Seasonal_Monitoring_Bulletin_July_Se,Indonesia_WFP_Seasonal_Monitoring_Bulletin_July_Se.pdf,Seasonal_and_agricultural_monitoring,/Users/madhu/Desktop/WFP/wfp-taxonomy-analysis/py files/extracted/Indonesia_WFP_Seasonal_Monitoring_Bulletin_July_Se.json,/Users/madhu/Desktop/WFP/wfp_reports/wfp_reports/Seasonal_and_agricultural_monitoring/Indonesia_WFP_Seasonal_Monitoring_Bulletin_July_Se.pdf,22,26085
WFP_Seasonal_Monitoring_Bulletin_January_March_Q1_,WFP_Seasonal_Monitoring_Bulletin_January_March_Q1_.pdf,Seasonal_and_agricultural_monitoring,/Users/madhu/Desktop/WFP/wfp-taxonomy-analysis/py files/extracted/WFP_Seasonal_Monitoring_Bulletin_January_March_Q1_.json,/Users/madhu/Desktop/WFP/wfp_reports/wfp_reports/Seasonal_and_agricultural_monitoring/WFP_Seasonal_Monitoring_Bulletin_January_March_Q1_.pdf,21,28471
Indonesia_WFP_Seasonal_Monitoring_Bulletin_October,Indonesia_WFP_Seasonal_Monitoring_Bulletin_October.pdf,Seasonal_and_agricultural_monitoring,/Users/madhu/Desktop/WFP/wfp-taxonomy-analysis/py files/extracted/Indonesia_WFP_Seasonal_Monitoring_Bulletin_October.json,/Users/madhu/Desktop/WFP/wfp_reports/wfp_reports/Seasonal_and_agricultural_monitoring/Indonesia_WFP_Seasonal_Monitoring_Bulletin_October.pdf,19,21151
Price_monitoring_for_food_security_in_the_Kyrgyz_R,Price_monitoring_for_food_security_in_the_Kyrgyz_R.pdf,Seasonal_and_agricultural_monitoring,/Users/madhu/Desktop/WFP/wfp-taxonomy-analysis/py files/extracted/Price_monitoring_for_food_security_in_the_Kyrgyz_R.json,/Users/madhu/Desktop/WFP/wfp_reports/wfp_reports/Seasonal_and_agricultural_monitoring/Price_monitoring_for_food_security_in_the_Kyrgyz_R.pdf,5,10942
Nutrition_at_the_Heart_of_WFP_s_Work_in_Madagascar,Nutrition_at_the_Heart_of_WFP_s_Work_in_Madagascar.pdf,Specialized_nutritious_food,/Users/madhu/Desktop/WFP/wfp-taxonomy-analysis/py files/extracted/Nutrition_at_the_Heart_of_WFP_s_Work_in_Madagascar.json,/Users/madhu/Desktop/WFP/wfp_reports/wfp_reports/Specialized_nutritious_food/Nutrition_at_the_Heart_of_WFP_s_Work_in_Madagascar.pdf,3,7904
Managing_the_Supply_Chain_of_Specialized_Nutritiou,Managing_the_Supply_Chain_of_Specialized_Nutritiou.pdf,Specialized_nutritious_food,/Users/madhu/Desktop/WFP/wfp-taxonomy-analysis/py files/extracted/Managing_the_Supply_Chain_of_Specialized_Nutritiou.json,/Users/madhu/Desktop/WFP/wfp_reports/wfp_reports/Specialized_nutritious_food/Managing_the_Supply_Chain_of_Specialized_Nutritiou.pdf,128,246317
Nutritional_Guidance_for_Complementary_Food,Nutritional_Guidance_for_Complementary_Food.pdf,Specialized_nutritious_food,/Users/madhu/Desktop/WFP/wfp-taxonomy-analysis/py files/extracted/Nutritional_Guidance_for_Complementary_Food.json,/Users/madhu/Desktop/WFP/wfp_reports/wfp_reports/Specialized_nutritious_food/Nutritional_Guidance_for_Complementary_Food.pdf,0,0
Revised_Corporate_Results_Framework_2017_2021_,Revised_Corporate_Results_Framework_2017_2021_.pdf,Executive_Board,/Users/madhu/Desktop/WFP/wfp-taxonomy-analysis/py files/extracted/Revised_Corporate_Results_Framework_2017_2021_.json,/Users/madhu/Desktop/WFP/wfp_reports/wfp_reports/Executive_Board/Revised_Corporate_Results_Framework_2017_2021_.pdf,40,95308
Supporting_Social_Protection_Systems_in_the_Sahel_,Supporting_Social_Protection_Systems_in_the_Sahel_.pdf,Country_Capacity_Strengthening,/Users/madhu/Desktop/WFP/wfp-taxonomy-analysis/py files/extracted/Supporting_Social_Protection_Systems_in_the_Sahel_.json,/Users/madhu/Desktop/WFP/wfp_reports/wfp_reports/Country_Capacity_Strengthening/Supporting_Social_Protection_Systems_in_the_Sahel_.pdf,17,46811
Evaluation_of_T_rkiye_WFP_Country_Strategic_Plans_,Evaluation_of_T_rkiye_WFP_Country_Strategic_Plans_.pdf,Country_Capacity_Strengthening,/Users/madhu/Desktop/WFP/wfp-taxonomy-analysis/py files/extracted/Evaluation_of_T_rkiye_WFP_Country_Strategic_Plans_.json,/Users/madhu/Desktop/WFP/wfp_reports/wfp_reports/Country_Capacity_Strengthening/Evaluation_of_T_rkiye_WFP_Country_Strategic_Plans_.pdf,74,232600
Evaluation_of_Sierra_Leone_WFP_Country_Strategic_P,Evaluation_of_Sierra_Leone_WFP_Country_Strategic_P.pdf,Country_Capacity_Strengthening,/Users/madhu/Desktop/WFP/wfp-taxonomy-analysis/py files/extracted/Evaluation_of_Sierra_Leone_WFP_Country_Strategic_P.json,/Users/madhu/Desktop/WFP/wfp_reports/wfp_reports/Country_Capacity_Strengthening/Evaluation_of_Sierra_Leone_WFP_Country_Strategic_P.pdf,111,316941
Cash_assistance_and_social_benefits_in_Ukraine_Jul,Cash_assistance_and_social_benefits_in_Ukraine_Jul.pdf,Country_Capacity_Strengthening,/Users/madhu/Desktop/WFP/wfp-taxonomy-analysis/py files/extracted/Cash_assistance_and_social_benefits_in_Ukraine_Jul.json,/Users/madhu/Desktop/WFP/wfp_reports/wfp_reports/Country_Capacity_Strengthening/Cash_assistance_and_social_benefits_in_Ukraine_Jul.pdf,2,4864
Unlocking_the_Potential_of_Digital_Payments_for_So,Unlocking_the_Potential_of_Digital_Payments_for_So.pdf,Country_Capacity_Strengthening,/Users/madhu/Desktop/WFP/wfp-taxonomy-analysis/py files/extracted/Unlocking_the_Potential_of_Digital_Payments_for_So.json,/Users/madhu/Desktop/WFP/wfp_reports/wfp_reports/Country_Capacity_Strengthening/Unlocking_the_Potential_of_Digital_Payments_for_So.pdf,26,43120
Evaluation_of_Uganda_WFP_Country_Strategic_Plan_20,Evaluation_of_Uganda_WFP_Country_Strategic_Plan_20.pdf,Country_Capacity_Strengthening,/Users/madhu/Desktop/WFP/wfp-taxonomy-analysis/py files/extracted/Evaluation_of_Uganda_WFP_Country_Strategic_Plan_20.json,/Users/madhu/Desktop/WFP/wfp_reports/wfp_reports/Country_Capacity_Strengthening/Evaluation_of_Uganda_WFP_Country_Strategic_Plan_20.pdf,96,297321
Maximizing_Digital_Payments_for_Social_Protection_,Maximizing_Digital_Payments_for_Social_Protection_.pdf,Country_Capacity_Strengthening,/Users/madhu/Desktop/WFP/wfp-taxonomy-analysis/py files/extracted/Maximizing_Digital_Payments_for_Social_Protection_.json,/Users/madhu/Desktop/WFP/wfp_reports/wfp_reports/Country_Capacity_Strengthening/Maximizing_Digital_Payments_for_Social_Protection_.pdf,62,143798
End_of_Project_Report_HS3_Strengthening_public_hea,End_of_Project_Report_HS3_Strengthening_public_hea.pdf,Country_Capacity_Strengthening,/Users/madhu/Desktop/WFP/wfp-taxonomy-analysis/py files/extracted/End_of_Project_Report_HS3_Strengthening_public_hea.json,/Users/madhu/Desktop/WFP/wfp_reports/wfp_reports/Country_Capacity_Strengthening/End_of_Project_Report_HS3_Strengthening_public_hea.pdf,8,14550
WFP_Ukraine_Supporting_exports_of_Ukrainian_food_J,WFP_Ukraine_Supporting_exports_of_Ukrainian_food_J.pdf,Country_Capacity_Strengthening,/Users/madhu/Desktop/WFP/wfp-taxonomy-analysis/py files/extracted/WFP_Ukraine_Supporting_exports_of_Ukrainian_food_J.json,/Users/madhu/Desktop/WFP/wfp_reports/wfp_reports/Country_Capacity_Strengthening/WFP_Ukraine_Supporting_exports_of_Ukrainian_food_J.pdf,1,2300
Does_Climate_Insurance_Work_Evidence_from_WFP_Supp,Does_Climate_Insurance_Work_Evidence_from_WFP_Supp.pdf,The_R4_Rural_Resilience_Initiative,/Users/madhu/Desktop/WFP/wfp-taxonomy-analysis/py files/extracted/Does_Climate_Insurance_Work_Evidence_from_WFP_Supp.json,/Users/madhu/Desktop/WFP/wfp_reports/wfp_reports/The_R4_Rural_Resilience_Initiative/Does_Climate_Insurance_Work_Evidence_from_WFP_Supp.pdf,2,7142
R4_Rural_Resilience_Initiative_Quarterly_Report_3_,R4_Rural_Resilience_Initiative_Quarterly_Report_3_.pdf,The_R4_Rural_Resilience_Initiative,/Users/madhu/Desktop/WFP/wfp-taxonomy-analysis/py files/extracted/R4_Rural_Resilience_Initiative_Quarterly_Report_3_.json,/Users/madhu/Desktop/WFP/wfp_reports/wfp_reports/The_R4_Rural_Resilience_Initiative/R4_Rural_Resilience_Initiative_Quarterly_Report_3_.pdf,40,90983
Climate_Risk_Insurance_A_key_tool_to_achieve_resil,Climate_Risk_Insurance_A_key_tool_to_achieve_resil.pdf,The_R4_Rural_Resilience_Initiative,/Users/madhu/Desktop/WFP/wfp-taxonomy-analysis/py files/extracted/Climate_Risk_Insurance_A_key_tool_to_achieve_resil.json,/Users/madhu/Desktop/WFP/wfp_reports/wfp_reports/The_R4_Rural_Resilience_Initiative/Climate_Risk_Insurance_A_key_tool_to_achieve_resil.pdf,4,12004
Ethiopia_Final_Evaluation_of_the_Rural_Resilience_,Ethiopia_Final_Evaluation_of_the_Rural_Resilience_.pdf,The_R4_Rural_Resilience_Initiative,/Users/madhu/Desktop/WFP/wfp-taxonomy-analysis/py files/extracted/Ethiopia_Final_Evaluation_of_the_Rural_Resilience_.json,/Users/madhu/Desktop/WFP/wfp_reports/wfp_reports/The_R4_Rural_Resilience_Initiative/Ethiopia_Final_Evaluation_of_the_Rural_Resilience_.pdf,32,77090
2023_Climate_Risk_Insurance_A_key_tool_for_buildin,2023_Climate_Risk_Insurance_A_key_tool_for_buildin.pdf,The_R4_Rural_Resilience_Initiative,/Users/madhu/Desktop/WFP/wfp-taxonomy-analysis/py files/extracted/2023_Climate_Risk_Insurance_A_key_tool_for_buildin.json,/Users/madhu/Desktop/WFP/wfp_reports/wfp_reports/The_R4_Rural_Resilience_Initiative/2023_Climate_Risk_Insurance_A_key_tool_for_buildin.pdf,4,13726
2021_Technical_Report_on_Zambia_s_Farmer_Input_Sup,2021_Technical_Report_on_Zambia_s_Farmer_Input_Sup.pdf,The_R4_Rural_Resilience_Initiative,/Users/madhu/Desktop/WFP/wfp-taxonomy-analysis/py files/extracted/2021_Technical_Report_on_Zambia_s_Farmer_Input_Sup.json,/Users/madhu/Desktop/WFP/wfp_reports/wfp_reports/The_R4_Rural_Resilience_Initiative/2021_Technical_Report_on_Zambia_s_Farmer_Input_Sup.pdf,8,14612
2023_R4_Rural_Resilience_Initiative_Factsheet,2023_R4_Rural_Resilience_Initiative_Factsheet.pdf,The_R4_Rural_Resilience_Initiative,/Users/madhu/Desktop/WFP/wfp-taxonomy-analysis/py files/extracted/2023_R4_Rural_Resilience_Initiative_Factsheet.json,/Users/madhu/Desktop/WFP/wfp_reports/wfp_reports/The_R4_Rural_Resilience_Initiative/2023_R4_Rural_Resilience_Initiative_Factsheet.pdf,4,9493
2021_Agricultural_Insurance_Digital_Payments_Chall,2021_Agricultural_Insurance_Digital_Payments_Chall.pdf,The_R4_Rural_Resilience_Initiative,/Users/madhu/Desktop/WFP/wfp-taxonomy-analysis/py files/extracted/2021_Agricultural_Insurance_Digital_Payments_Chall.json,/Users/madhu/Desktop/WFP/wfp_reports/wfp_reports/The_R4_Rural_Resilience_Initiative/2021_Agricultural_Insurance_Digital_Payments_Chall.pdf,8,20649
2024_The_Impacts_of_WFP_s_Integrated_Climate_Risk_,2024_The_Impacts_of_WFP_s_Integrated_Climate_Risk_.pdf,The_R4_Rural_Resilience_Initiative,/Users/madhu/Desktop/WFP/wfp-taxonomy-analysis/py files/extracted/2024_The_Impacts_of_WFP_s_Integrated_Climate_Risk_.json,/Users/madhu/Desktop/WFP/wfp_reports/wfp_reports/The_R4_Rural_Resilience_Initiative/2024_The_Impacts_of_WFP_s_Integrated_Climate_Risk_.pdf,3,6933
Zimbabwe_R4_Rural_Resilience_Initiative_in_Masving,Zimbabwe_R4_Rural_Resilience_Initiative_in_Masving.pdf,The_R4_Rural_Resilience_Initiative,/Users/madhu/Desktop/WFP/wfp-taxonomy-analysis/py files/extracted/Zimbabwe_R4_Rural_Resilience_Initiative_in_Masving.json,/Users/madhu/Desktop/WFP/wfp_reports/wfp_reports/The_R4_Rural_Resilience_Initiative/Zimbabwe_R4_Rural_Resilience_Initiative_in_Masving.pdf,119,364134
WFP_Cambodia_Market_Update_November_2022,WFP_Cambodia_Market_Update_November_2022.pdf,Local_market_developments,/Users/madhu/Desktop/WFP/wfp-taxonomy-analysis/py files/extracted/WFP_Cambodia_Market_Update_November_2022.json,/Users/madhu/Desktop/WFP/wfp_reports/wfp_reports/Local_market_developments/WFP_Cambodia_Market_Update_November_2022.pdf,18,33236
WFP_Pacific_Fiji_2023_Market_Price_Monitoring_Bull,WFP_Pacific_Fiji_2023_Market_Price_Monitoring_Bull.pdf,Local_market_developments,/Users/madhu/Desktop/WFP/wfp-taxonomy-analysis/py files/extracted/WFP_Pacific_Fiji_2023_Market_Price_Monitoring_Bull.json,/Users/madhu/Desktop/WFP/wfp_reports/wfp_reports/Local_market_developments/WFP_Pacific_Fiji_2023_Market_Price_Monitoring_Bull.pdf,12,17528
WFP_Cambodia_Market_Seasonal_Monitoring_Update_202,WFP_Cambodia_Market_Seasonal_Monitoring_Update_202.pdf,Local_market_developments,/Users/madhu/Desktop/WFP/wfp-taxonomy-analysis/py files/extracted/WFP_Cambodia_Market_Seasonal_Monitoring_Update_202.json,/Users/madhu/Desktop/WFP/wfp_reports/wfp_reports/Local_market_developments/WFP_Cambodia_Market_Seasonal_Monitoring_Update_202.pdf,18,33880
2022_Economic_Impact_Assessment_of_World_Food_Prog,2022_Economic_Impact_Assessment_of_World_Food_Prog.pdf,Local_market_developments,/Users/madhu/Desktop/WFP/wfp-taxonomy-analysis/py files/extracted/2022_Economic_Impact_Assessment_of_World_Food_Prog.json,/Users/madhu/Desktop/WFP/wfp_reports/wfp_reports/Local_market_developments/2022_Economic_Impact_Assessment_of_World_Food_Prog.pdf,35,73642
April_2022_Ukraine_Conflict_Addressing_Acute_Needs,April_2022_Ukraine_Conflict_Addressing_Acute_Needs.pdf,Local_market_developments,/Users/madhu/Desktop/WFP/wfp-taxonomy-analysis/py files/extracted/April_2022_Ukraine_Conflict_Addressing_Acute_Needs.json,/Users/madhu/Desktop/WFP/wfp_reports/wfp_reports/Local_market_developments/April_2022_Ukraine_Conflict_Addressing_Acute_Needs.pdf,5,16872
Guatemala_Local_and_Regional_Food_Procurement_Poli,Guatemala_Local_and_Regional_Food_Procurement_Poli.pdf,Local_market_developments,/Users/madhu/Desktop/WFP/wfp-taxonomy-analysis/py files/extracted/Guatemala_Local_and_Regional_Food_Procurement_Poli.json,/Users/madhu/Desktop/WFP/wfp_reports/wfp_reports/Local_market_developments/Guatemala_Local_and_Regional_Food_Procurement_Poli.pdf,4,7736
Integrated_resilience_approach_in_Madagascar,Integrated_resilience_approach_in_Madagascar.pdf,Local_market_developments,/Users/madhu/Desktop/WFP/wfp-taxonomy-analysis/py files/extracted/Integrated_resilience_approach_in_Madagascar.json,/Users/madhu/Desktop/WFP/wfp_reports/wfp_reports/Local_market_developments/Integrated_resilience_approach_in_Madagascar.pdf,2,5187
2023_WFP_Engineering_two_pager,2023_WFP_Engineering_two_pager.pdf,Local_market_developments,/Users/madhu/Desktop/WFP/wfp-taxonomy-analysis/py files/extracted/2023_WFP_Engineering_two_pager.json,/Users/madhu/Desktop/WFP/wfp_reports/wfp_reports/Local_market_developments/2023_WFP_Engineering_two_pager.pdf,2,968
WFP_Cambodia_Market_Update_December_2022,WFP_Cambodia_Market_Update_December_2022.pdf,Local_market_developments,/Users/madhu/Desktop/WFP/wfp-taxonomy-analysis/py files/extracted/WFP_Cambodia_Market_Update_December_2022.json,/Users/madhu/Desktop/WFP/wfp_reports/wfp_reports/Local_market_developments/WFP_Cambodia_Market_Update_December_2022.pdf,18,34614
2019_Retail_engagement_in_Lebanon,2019_Retail_engagement_in_Lebanon.pdf,Local_market_developments,/Users/madhu/Desktop/WFP/wfp-taxonomy-analysis/py files/extracted/2019_Retail_engagement_in_Lebanon.json,/Users/madhu/Desktop/WFP/wfp_reports/wfp_reports/Local_market_developments/2019_Retail_engagement_in_Lebanon.pdf,0,0
2025_Anticipatory_Action_Learning_and_validation_R,2025_Anticipatory_Action_Learning_and_validation_R.pdf,Academia_and_think_tanks,/Users/madhu/Desktop/WFP/wfp-taxonomy-analysis/py files/extracted/2025_Anticipatory_Action_Learning_and_validation_R.json,/Users/madhu/Desktop/WFP/wfp_reports/wfp_reports/Academia_and_think_tanks/2025_Anticipatory_Action_Learning_and_validation_R.pdf,8,14647
WFP_Organigram_September_2025,WFP_Organigram_September_2025.pdf,Governance_and_leadership,/Users/madhu/Desktop/WFP/wfp-taxonomy-analysis/py files/extracted/WFP_Organigram_September_2025.json,/Users/madhu/Desktop/WFP/wfp_reports/wfp_reports/Governance_and_leadership/WFP_Organigram_September_2025.pdf,1,815
WFP_IASC_PSEAH_Championship,WFP_IASC_PSEAH_Championship.pdf,Governance_and_leadership,/Users/madhu/Desktop/WFP/wfp-taxonomy-analysis/py files/extracted/WFP_IASC_PSEAH_Championship.json,/Users/madhu/Desktop/WFP/wfp_reports/wfp_reports/Governance_and_leadership/WFP_IASC_PSEAH_Championship.pdf,10,17713
Chief_Financial_Officer_a_i_Wendy_Bigham,Chief_Financial_Officer_a_i_Wendy_Bigham.pdf,Governance_and_leadership,/Users/madhu/Desktop/WFP/wfp-taxonomy-analysis/py files/extracted/Chief_Financial_Officer_a_i_Wendy_Bigham.json,/Users/madhu/Desktop/WFP/wfp_reports/wfp_reports/Governance_and_leadership/Chief_Financial_Officer_a_i_Wendy_Bigham.pdf,1,0
Biography_Assistant_Executive_Director_for_Workpla,Biography_Assistant_Executive_Director_for_Workpla.pdf,Governance_and_leadership,/Users/madhu/Desktop/WFP/wfp-taxonomy-analysis/py files/extracted/Biography_Assistant_Executive_Director_for_Workpla.json,/Users/madhu/Desktop/WFP/wfp_reports/wfp_reports/Governance_and_leadership/Biography_Assistant_Executive_Director_for_Workpla.pdf,1,1332
Evaluation_of_WFP_s_Enterprise_Risk_Management_Pol,Evaluation_of_WFP_s_Enterprise_Risk_Management_Pol.pdf,Governance_and_leadership,/Users/madhu/Desktop/WFP/wfp-taxonomy-analysis/py files/extracted/Evaluation_of_WFP_s_Enterprise_Risk_Management_Pol.json,/Users/madhu/Desktop/WFP/wfp_reports/wfp_reports/Governance_and_leadership/Evaluation_of_WFP_s_Enterprise_Risk_Management_Pol.pdf,93,289933
Audited_Annual_Accounts,Audited_Annual_Accounts.pdf,Governance_and_leadership,/Users/madhu/Desktop/WFP/wfp-taxonomy-analysis/py files/extracted/Audited_Annual_Accounts.json,/Users/madhu/Desktop/WFP/wfp_reports/wfp_reports/Governance_and_leadership/Audited_Annual_Accounts.pdf,223,521502
Biography_Chief_Financial_Officer_Robert_van_der_Z,Biography_Chief_Financial_Officer_Robert_van_der_Z.pdf,Governance_and_leadership,/Users/madhu/Desktop/WFP/wfp-taxonomy-analysis/py files/extracted/Biography_Chief_Financial_Officer_Robert_van_der_Z.json,/Users/madhu/Desktop/WFP/wfp_reports/wfp_reports/Governance_and_leadership/Biography_Chief_Financial_Officer_Robert_van_der_Z.pdf,1,1260
Summary_of_evaluation_evidence_Prioritization,Summary_of_evaluation_evidence_Prioritization.pdf,Governance_and_leadership,/Users/madhu/Desktop/WFP/wfp-taxonomy-analysis/py files/extracted/Summary_of_evaluation_evidence_Prioritization.json,/Users/madhu/Desktop/WFP/wfp_reports/wfp_reports/Governance_and_leadership/Summary_of_evaluation_evidence_Prioritization.pdf,4,11300
WFP_Annual_Report_on_Flexible_Funding_2024,WFP_Annual_Report_on_Flexible_Funding_2024.pdf,Governance_and_leadership,/Users/madhu/Desktop/WFP/wfp-taxonomy-analysis/py files/extracted/WFP_Annual_Report_on_Flexible_Funding_2024.json,/Users/madhu/Desktop/WFP/wfp_reports/wfp_reports/Governance_and_leadership/WFP_Annual_Report_on_Flexible_Funding_2024.pdf,44,64638
WFP_s_Updated_School_Meals_Policy_November_2024,WFP_s_Updated_School_Meals_Policy_November_2024.pdf,Governance_and_leadership,/Users/madhu/Desktop/WFP/wfp-taxonomy-analysis/py files/extracted/WFP_s_Updated_School_Meals_Policy_November_2024.json,/Users/madhu/Desktop/WFP/wfp_reports/wfp_reports/Governance_and_leadership/WFP_s_Updated_School_Meals_Policy_November_2024.pdf,32,60162
WFP_Lebanon_2022_in_Review,WFP_Lebanon_2022_in_Review.pdf,In_kind_food_distribution,/Users/madhu/Desktop/WFP/wfp-taxonomy-analysis/py files/extracted/WFP_Lebanon_2022_in_Review.json,/Users/madhu/Desktop/WFP/wfp_reports/wfp_reports/In_kind_food_distribution/WFP_Lebanon_2022_in_Review.pdf,2,4405
WFP_India_Recommended_Actions_for_Food_Distributio,WFP_India_Recommended_Actions_for_Food_Distributio.pdf,In_kind_food_distribution,/Users/madhu/Desktop/WFP/wfp-taxonomy-analysis/py files/extracted/WFP_India_Recommended_Actions_for_Food_Distributio.json,/Users/madhu/Desktop/WFP/wfp_reports/wfp_reports/In_kind_food_distribution/WFP_India_Recommended_Actions_for_Food_Distributio.pdf,2,3893
2023_Kyrgyz_Republic_Strategic_Outcome_1_Enhanced_,2023_Kyrgyz_Republic_Strategic_Outcome_1_Enhanced_.pdf,In_kind_food_distribution,/Users/madhu/Desktop/WFP/wfp-taxonomy-analysis/py files/extracted/2023_Kyrgyz_Republic_Strategic_Outcome_1_Enhanced_.json,/Users/madhu/Desktop/WFP/wfp_reports/wfp_reports/In_kind_food_distribution/2023_Kyrgyz_Republic_Strategic_Outcome_1_Enhanced_.pdf,4,10760
Nutrition_at_the_Heart_of_WFP_s_Work_in_Madagascar,Nutrition_at_the_Heart_of_WFP_s_Work_in_Madagascar.pdf,In_kind_food_distribution,/Users/madhu/Desktop/WFP/wfp-taxonomy-analysis/py files/extracted/Nutrition_at_the_Heart_of_WFP_s_Work_in_Madagascar.json,/Users/madhu/Desktop/WFP/wfp_reports/wfp_reports/In_kind_food_distribution/Nutrition_at_the_Heart_of_WFP_s_Work_in_Madagascar.pdf,3,7904
WFP_Lebanon_Programme_Factsheets_September_2025,WFP_Lebanon_Programme_Factsheets_September_2025.pdf,In_kind_food_distribution,/Users/madhu/Desktop/WFP/wfp-taxonomy-analysis/py files/extracted/WFP_Lebanon_Programme_Factsheets_September_2025.json,/Users/madhu/Desktop/WFP/wfp_reports/wfp_reports/In_kind_food_distribution/WFP_Lebanon_Programme_Factsheets_September_2025.pdf,10,47952
Evaluation_of_Uganda_WFP_Country_Strategic_Plan_20,Evaluation_of_Uganda_WFP_Country_Strategic_Plan_20.pdf,In_kind_food_distribution,/Users/madhu/Desktop/WFP/wfp-taxonomy-analysis/py files/extracted/Evaluation_of_Uganda_WFP_Country_Strategic_Plan_20.json,/Users/madhu/Desktop/WFP/wfp_reports/wfp_reports/In_kind_food_distribution/Evaluation_of_Uganda_WFP_Country_Strategic_Plan_20.pdf,96,297321
Emergency_Preparedness_and_Response_in_Madagascar,Emergency_Preparedness_and_Response_in_Madagascar.pdf,In_kind_food_distribution,/Users/madhu/Desktop/WFP/wfp-taxonomy-analysis/py files/extracted/Emergency_Preparedness_and_Response_in_Madagascar.json,/Users/madhu/Desktop/WFP/wfp_reports/wfp_reports/In_kind_food_distribution/Emergency_Preparedness_and_Response_in_Madagascar.pdf,3,7955
Investing_in_Ukraine_s_economy_and_food_systems_fa,Investing_in_Ukraine_s_economy_and_food_systems_fa.pdf,In_kind_food_distribution,/Users/madhu/Desktop/WFP/wfp-taxonomy-analysis/py files/extracted/Investing_in_Ukraine_s_economy_and_food_systems_fa.json,/Users/madhu/Desktop/WFP/wfp_reports/wfp_reports/In_kind_food_distribution/Investing_in_Ukraine_s_economy_and_food_systems_fa.pdf,2,4564
Senegal_Evaluation_of_Green_Climate_Fund_Project_2,Senegal_Evaluation_of_Green_Climate_Fund_Project_2.pdf,Climate_change_adaptation,/Users/madhu/Desktop/WFP/wfp-taxonomy-analysis/py files/extracted/Senegal_Evaluation_of_Green_Climate_Fund_Project_2.json,/Users/madhu/Desktop/WFP/wfp_reports/wfp_reports/Climate_change_adaptation/Senegal_Evaluation_of_Green_Climate_Fund_Project_2.pdf,80,258277
Egypt_Smallholders_climate_portfolio_2021_2025_Eva,Egypt_Smallholders_climate_portfolio_2021_2025_Eva.pdf,Climate_change_adaptation,/Users/madhu/Desktop/WFP/wfp-taxonomy-analysis/py files/extracted/Egypt_Smallholders_climate_portfolio_2021_2025_Eva.json,/Users/madhu/Desktop/WFP/wfp_reports/wfp_reports/Climate_change_adaptation/Egypt_Smallholders_climate_portfolio_2021_2025_Eva.pdf,37,89081
Integrated_resilience_approach_in_Madagascar,Integrated_resilience_approach_in_Madagascar.pdf,Climate_change_adaptation,/Users/madhu/Desktop/WFP/wfp-taxonomy-analysis/py files/extracted/Integrated_resilience_approach_in_Madagascar.json,/Users/madhu/Desktop/WFP/wfp_reports/wfp_reports/Climate_change_adaptation/Integrated_resilience_approach_in_Madagascar.pdf,2,5187
Macro_level_Disaster_Risk_Financing_for_vulnerable,Macro_level_Disaster_Risk_Financing_for_vulnerable.pdf,Climate_change_adaptation,/Users/madhu/Desktop/WFP/wfp-taxonomy-analysis/py files/extracted/Macro_level_Disaster_Risk_Financing_for_vulnerable.json,/Users/madhu/Desktop/WFP/wfp_reports/wfp_reports/Climate_change_adaptation/Macro_level_Disaster_Risk_Financing_for_vulnerable.pdf,3,12877
Seasonal_Monitoring_in_Cambodia,Seasonal_Monitoring_in_Cambodia.pdf,Climate_change_adaptation,/Users/madhu/Desktop/WFP/wfp-taxonomy-analysis/py files/extracted/Seasonal_Monitoring_in_Cambodia.json,/Users/madhu/Desktop/WFP/wfp_reports/wfp_reports/Climate_change_adaptation/Seasonal_Monitoring_in_Cambodia.pdf,8,6360
Sudan_Emergency_Wheat_Production_Project_Final_eva,Sudan_Emergency_Wheat_Production_Project_Final_eva.pdf,Climate_change_adaptation,/Users/madhu/Desktop/WFP/wfp-taxonomy-analysis/py files/extracted/Sudan_Emergency_Wheat_Production_Project_Final_eva.json,/Users/madhu/Desktop/WFP/wfp_reports/wfp_reports/Climate_change_adaptation/Sudan_Emergency_Wheat_Production_Project_Final_eva.pdf,38,93760
2025_Gender_Protection_and_Inclusion_in_Anticipato,2025_Gender_Protection_and_Inclusion_in_Anticipato.pdf,Climate_change_adaptation,/Users/madhu/Desktop/WFP/wfp-taxonomy-analysis/py files/extracted/2025_Gender_Protection_and_Inclusion_in_Anticipato.json,/Users/madhu/Desktop/WFP/wfp_reports/wfp_reports/Climate_change_adaptation/2025_Gender_Protection_and_Inclusion_in_Anticipato.pdf,57,154601
Payouts_from_WFP_supported_Disaster_Risk_Financing,Payouts_from_WFP_supported_Disaster_Risk_Financing.pdf,Climate_change_adaptation,/Users/madhu/Desktop/WFP/wfp-taxonomy-analysis/py files/extracted/Payouts_from_WFP_supported_Disaster_Risk_Financing.json,/Users/madhu/Desktop/WFP/wfp_reports/wfp_reports/Climate_change_adaptation/Payouts_from_WFP_supported_Disaster_Risk_Financing.pdf,4,10685
Lesotho_Improving_adaptive_capacity_of_vulnerable_,Lesotho_Improving_adaptive_capacity_of_vulnerable_.pdf,Climate_change_adaptation,/Users/madhu/Desktop/WFP/wfp-taxonomy-analysis/py files/extracted/Lesotho_Improving_adaptive_capacity_of_vulnerable_.json,/Users/madhu/Desktop/WFP/wfp_reports/wfp_reports/Climate_change_adaptation/Lesotho_Improving_adaptive_capacity_of_vulnerable_.pdf,69,147697
Scaling_Up_of_the_Rapid_Rural_Transformation_RRT_I,Scaling_Up_of_the_Rapid_Rural_Transformation_RRT_I.pdf,Climate_change_adaptation,/Users/madhu/Desktop/WFP/wfp-taxonomy-analysis/py files/extracted/Scaling_Up_of_the_Rapid_Rural_Transformation_RRT_I.json,/Users/madhu/Desktop/WFP/wfp_reports/wfp_reports/Climate_change_adaptation/Scaling_Up_of_the_Rapid_Rural_Transformation_RRT_I.pdf,2,4289
Rwanda_Cash_based_transfers_on_food_security_and_g,Rwanda_Cash_based_transfers_on_food_security_and_g.pdf,Food_Assistance_for_Assets,/Users/madhu/Desktop/WFP/wfp-taxonomy-analysis/py files/extracted/Rwanda_Cash_based_transfers_on_food_security_and_g.json,/Users/madhu/Desktop/WFP/wfp_reports/wfp_reports/Food_Assistance_for_Assets/Rwanda_Cash_based_transfers_on_food_security_and_g.pdf,90,210888
Regenerating_Ecosystems_and_Restoring_Livelihoods_,Regenerating_Ecosystems_and_Restoring_Livelihoods_.pdf,Food_Assistance_for_Assets,/Users/madhu/Desktop/WFP/wfp-taxonomy-analysis/py files/extracted/Regenerating_Ecosystems_and_Restoring_Livelihoods_.json,/Users/madhu/Desktop/WFP/wfp_reports/wfp_reports/Food_Assistance_for_Assets/Regenerating_Ecosystems_and_Restoring_Livelihoods_.pdf,4,10385
Evaluation_of_Mali_Country_Strategic_Plan_2020_202,Evaluation_of_Mali_Country_Strategic_Plan_2020_202.pdf,Food_Assistance_for_Assets,/Users/madhu/Desktop/WFP/wfp-taxonomy-analysis/py files/extracted/Evaluation_of_Mali_Country_Strategic_Plan_2020_202.json,/Users/madhu/Desktop/WFP/wfp_reports/wfp_reports/Food_Assistance_for_Assets/Evaluation_of_Mali_Country_Strategic_Plan_2020_202.pdf,112,333683
Guinea_Zero_Hunger_Villages_pilot_project_2022_202,Guinea_Zero_Hunger_Villages_pilot_project_2022_202.pdf,Food_Assistance_for_Assets,/Users/madhu/Desktop/WFP/wfp-taxonomy-analysis/py files/extracted/Guinea_Zero_Hunger_Villages_pilot_project_2022_202.json,/Users/madhu/Desktop/WFP/wfp_reports/wfp_reports/Food_Assistance_for_Assets/Guinea_Zero_Hunger_Villages_pilot_project_2022_202.pdf,2,8269
Integrated_resilience_approach_in_Madagascar,Integrated_resilience_approach_in_Madagascar.pdf,Food_Assistance_for_Assets,/Users/madhu/Desktop/WFP/wfp-taxonomy-analysis/py files/extracted/Integrated_resilience_approach_in_Madagascar.json,/Users/madhu/Desktop/WFP/wfp_reports/wfp_reports/Food_Assistance_for_Assets/Integrated_resilience_approach_in_Madagascar.pdf,2,5187
WFP_Lebanon_Programme_Factsheets_September_2025,WFP_Lebanon_Programme_Factsheets_September_2025.pdf,Food_Assistance_for_Assets,/Users/madhu/Desktop/WFP/wfp-taxonomy-analysis/py files/extracted/WFP_Lebanon_Programme_Factsheets_September_2025.json,/Users/madhu/Desktop/WFP/wfp_reports/wfp_reports/Food_Assistance_for_Assets/WFP_Lebanon_Programme_Factsheets_September_2025.pdf,10,47952
Niger_Resilience_Learning_in_the_Sahel_Impact_eval,Niger_Resilience_Learning_in_the_Sahel_Impact_eval.pdf,Food_Assistance_for_Assets,/Users/madhu/Desktop/WFP/wfp-taxonomy-analysis/py files/extracted/Niger_Resilience_Learning_in_the_Sahel_Impact_eval.json,/Users/madhu/Desktop/WFP/wfp_reports/wfp_reports/Food_Assistance_for_Assets/Niger_Resilience_Learning_in_the_Sahel_Impact_eval.pdf,84,193503
South_Sudan_Resilience_Learning_Impact_evaluation,South_Sudan_Resilience_Learning_Impact_evaluation.pdf,Food_Assistance_for_Assets,/Users/madhu/Desktop/WFP/wfp-taxonomy-analysis/py files/extracted/South_Sudan_Resilience_Learning_Impact_evaluation.json,/Users/madhu/Desktop/WFP/wfp_reports/wfp_reports/Food_Assistance_for_Assets/South_Sudan_Resilience_Learning_Impact_evaluation.pdf,71,174782
Strengthening_Government_Institutions_for_Inclusiv,Strengthening_Government_Institutions_for_Inclusiv.pdf,Food_Assistance_for_Assets,/Users/madhu/Desktop/WFP/wfp-taxonomy-analysis/py files/extracted/Strengthening_Government_Institutions_for_Inclusiv.json,/Users/madhu/Desktop/WFP/wfp_reports/wfp_reports/Food_Assistance_for_Assets/Strengthening_Government_Institutions_for_Inclusiv.pdf,2,4680
Scaling_Up_of_the_Rapid_Rural_Transformation_RRT_I,Scaling_Up_of_the_Rapid_Rural_Transformation_RRT_I.pdf,Food_Assistance_for_Assets,/Users/madhu/Desktop/WFP/wfp-taxonomy-analysis/py files/extracted/Scaling_Up_of_the_Rapid_Rural_Transformation_RRT_I.json,/Users/madhu/Desktop/WFP/wfp_reports/wfp_reports/Food_Assistance_for_Assets/Scaling_Up_of_the_Rapid_Rural_Transformation_RRT_I.pdf,2,4289
Assessment_of_Rice_Fortification_Scheme_in_Malkang,Assessment_of_Rice_Fortification_Scheme_in_Malkang.pdf,Food_fortification,/Users/madhu/Desktop/WFP/wfp-taxonomy-analysis/py files/extracted/Assessment_of_Rice_Fortification_Scheme_in_Malkang.json,/Users/madhu/Desktop/WFP/wfp_reports/wfp_reports/Food_fortification/Assessment_of_Rice_Fortification_Scheme_in_Malkang.pdf,76,163255
March_2024_Country_Strategic_Plan_2024_2028_summar,March_2024_Country_Strategic_Plan_2024_2028_summar.pdf,Food_fortification,/Users/madhu/Desktop/WFP/wfp-taxonomy-analysis/py files/extracted/March_2024_Country_Strategic_Plan_2024_2028_summar.json,/Users/madhu/Desktop/WFP/wfp_reports/wfp_reports/Food_fortification/March_2024_Country_Strategic_Plan_2024_2028_summar.pdf,4,2986
March_2024_Using_social_behaviour_change_to_promot,March_2024_Using_social_behaviour_change_to_promot.pdf,Food_fortification,/Users/madhu/Desktop/WFP/wfp-taxonomy-analysis/py files/extracted/March_2024_Using_social_behaviour_change_to_promot.json,/Users/madhu/Desktop/WFP/wfp_reports/wfp_reports/Food_fortification/March_2024_Using_social_behaviour_change_to_promot.pdf,2,5422
Nutrition_at_the_Heart_of_WFP_s_Work_in_Madagascar,Nutrition_at_the_Heart_of_WFP_s_Work_in_Madagascar.pdf,Food_fortification,/Users/madhu/Desktop/WFP/wfp-taxonomy-analysis/py files/extracted/Nutrition_at_the_Heart_of_WFP_s_Work_in_Madagascar.json,/Users/madhu/Desktop/WFP/wfp_reports/wfp_reports/Food_fortification/Nutrition_at_the_Heart_of_WFP_s_Work_in_Madagascar.pdf,3,7904
Economic_Impact_of_Using_Fortified_Rice_in_Cambodi,Economic_Impact_of_Using_Fortified_Rice_in_Cambodi.pdf,Food_fortification,/Users/madhu/Desktop/WFP/wfp-taxonomy-analysis/py files/extracted/Economic_Impact_of_Using_Fortified_Rice_in_Cambodi.json,/Users/madhu/Desktop/WFP/wfp_reports/wfp_reports/Food_fortification/Economic_Impact_of_Using_Fortified_Rice_in_Cambodi.pdf,12,22515
March_2024_Informing_national_school_feeding_and_n,March_2024_Informing_national_school_feeding_and_n.pdf,Food_fortification,/Users/madhu/Desktop/WFP/wfp-taxonomy-analysis/py files/extracted/March_2024_Informing_national_school_feeding_and_n.json,/Users/madhu/Desktop/WFP/wfp_reports/wfp_reports/Food_fortification/March_2024_Informing_national_school_feeding_and_n.pdf,2,4860
2023_Testing_the_Acceptability_and_Organoleptic_Qu,2023_Testing_the_Acceptability_and_Organoleptic_Qu.pdf,Food_fortification,/Users/madhu/Desktop/WFP/wfp-taxonomy-analysis/py files/extracted/2023_Testing_the_Acceptability_and_Organoleptic_Qu.json,/Users/madhu/Desktop/WFP/wfp_reports/wfp_reports/Food_fortification/2023_Testing_the_Acceptability_and_Organoleptic_Qu.pdf,22,42980
Food_Fortification,Food_Fortification.pdf,Food_fortification,/Users/madhu/Desktop/WFP/wfp-taxonomy-analysis/py files/extracted/Food_Fortification.json,/Users/madhu/Desktop/WFP/wfp_reports/wfp_reports/Food_fortification/Food_Fortification.pdf,22,45048
Rajasthan_Food_and_Nutrition_Security_Analysis_202,Rajasthan_Food_and_Nutrition_Security_Analysis_202.pdf,Food_fortification,/Users/madhu/Desktop/WFP/wfp-taxonomy-analysis/py files/extracted/Rajasthan_Food_and_Nutrition_Security_Analysis_202.json,/Users/madhu/Desktop/WFP/wfp_reports/wfp_reports/Food_fortification/Rajasthan_Food_and_Nutrition_Security_Analysis_202.pdf,224,431704
Lessons_from_Peru_Strengthening_linkages_between_s,Lessons_from_Peru_Strengthening_linkages_between_s.pdf,Food_fortification,/Users/madhu/Desktop/WFP/wfp-taxonomy-analysis/py files/extracted/Lessons_from_Peru_Strengthening_linkages_between_s.json,/Users/madhu/Desktop/WFP/wfp_reports/wfp_reports/Food_fortification/Lessons_from_Peru_Strengthening_linkages_between_s.pdf,6,10719
Annual_Report_2021_WFP_Centre_of_Excellence_agains,Annual_Report_2021_WFP_Centre_of_Excellence_agains.pdf,Centre_of_Excellence,/Users/madhu/Desktop/WFP/wfp-taxonomy-analysis/py files/extracted/Annual_Report_2021_WFP_Centre_of_Excellence_agains.json,/Users/madhu/Desktop/WFP/wfp_reports/wfp_reports/Centre_of_Excellence/Annual_Report_2021_WFP_Centre_of_Excellence_agains.pdf,23,49309
Annual_Report_2022_WFP_Centre_of_Excellence_agains,Annual_Report_2022_WFP_Centre_of_Excellence_agains.pdf,Centre_of_Excellence,/Users/madhu/Desktop/WFP/wfp-taxonomy-analysis/py files/extracted/Annual_Report_2022_WFP_Centre_of_Excellence_agains.json,/Users/madhu/Desktop/WFP/wfp_reports/wfp_reports/Centre_of_Excellence/Annual_Report_2022_WFP_Centre_of_Excellence_agains.pdf,31,60468
WFP_CoE_Products_Services,WFP_CoE_Products_Services.pdf,Centre_of_Excellence,/Users/madhu/Desktop/WFP/wfp-taxonomy-analysis/py files/extracted/WFP_CoE_Products_Services.json,/Users/madhu/Desktop/WFP/wfp_reports/wfp_reports/Centre_of_Excellence/WFP_CoE_Products_Services.pdf,4,11126
Annual_Report_2024_WFP_Centre_of_Excellence_agains,Annual_Report_2024_WFP_Centre_of_Excellence_agains.pdf,Centre_of_Excellence,/Users/madhu/Desktop/WFP/wfp-taxonomy-analysis/py files/extracted/Annual_Report_2024_WFP_Centre_of_Excellence_agains.json,/Users/madhu/Desktop/WFP/wfp_reports/wfp_reports/Centre_of_Excellence/Annual_Report_2024_WFP_Centre_of_Excellence_agains.pdf,36,41264
Empowering_Countries_to_achieve_Zero_Hunger,Empowering_Countries_to_achieve_Zero_Hunger.pdf,Centre_of_Excellence,/Users/madhu/Desktop/WFP/wfp-taxonomy-analysis/py files/extracted/Empowering_Countries_to_achieve_Zero_Hunger.json,/Users/madhu/Desktop/WFP/wfp_reports/wfp_reports/Centre_of_Excellence/Empowering_Countries_to_achieve_Zero_Hunger.pdf,11,23807
Brazil_CoE_Good_Practices_no_2_Financing_School_Fe,Brazil_CoE_Good_Practices_no_2_Financing_School_Fe.pdf,Centre_of_Excellence,/Users/madhu/Desktop/WFP/wfp-taxonomy-analysis/py files/extracted/Brazil_CoE_Good_Practices_no_2_Financing_School_Fe.json,/Users/madhu/Desktop/WFP/wfp_reports/wfp_reports/Centre_of_Excellence/Brazil_CoE_Good_Practices_no_2_Financing_School_Fe.pdf,8,15771
Brazil_Centre_of_Excellence_and_the_African_Union_,Brazil_Centre_of_Excellence_and_the_African_Union_.pdf,Centre_of_Excellence,/Users/madhu/Desktop/WFP/wfp-taxonomy-analysis/py files/extracted/Brazil_Centre_of_Excellence_and_the_African_Union_.json,/Users/madhu/Desktop/WFP/wfp_reports/wfp_reports/Centre_of_Excellence/Brazil_Centre_of_Excellence_and_the_African_Union_.pdf,7,8655
WFP_CoE_Brazil_Annual_Report_2019,WFP_CoE_Brazil_Annual_Report_2019.pdf,Centre_of_Excellence,/Users/madhu/Desktop/WFP/wfp-taxonomy-analysis/py files/extracted/WFP_CoE_Brazil_Annual_Report_2019.json,/Users/madhu/Desktop/WFP/wfp_reports/wfp_reports/Centre_of_Excellence/WFP_CoE_Brazil_Annual_Report_2019.pdf,19,36093
WFP_CoE_Brazil_Annual_Report_2020,WFP_CoE_Brazil_Annual_Report_2020.pdf,Centre_of_Excellence,/Users/madhu/Desktop/WFP/wfp-taxonomy-analysis/py files/extracted/WFP_CoE_Brazil_Annual_Report_2020.json,/Users/madhu/Desktop/WFP/wfp_reports/wfp_reports/Centre_of_Excellence/WFP_CoE_Brazil_Annual_Report_2020.pdf,29,55534
Virtual_Exchanges_Remote_Support_to_Countries,Virtual_Exchanges_Remote_Support_to_Countries.pdf,Centre_of_Excellence,/Users/madhu/Desktop/WFP/wfp-taxonomy-analysis/py files/extracted/Virtual_Exchanges_Remote_Support_to_Countries.json,/Users/madhu/Desktop/WFP/wfp_reports/wfp_reports/Centre_of_Excellence/Virtual_Exchanges_Remote_Support_to_Countries.pdf,11,20405
Strategic_Roadmap_for_the_SUN_Business_Network_in_,Strategic_Roadmap_for_the_SUN_Business_Network_in_.pdf,Private_sector,/Users/madhu/Desktop/WFP/wfp-taxonomy-analysis/py files/extracted/Strategic_Roadmap_for_the_SUN_Business_Network_in_.json,/Users/madhu/Desktop/WFP/wfp_reports/wfp_reports/Private_sector/Strategic_Roadmap_for_the_SUN_Business_Network_in_.pdf,37,76072
School_Meals_Programme_in_Madagascar,School_Meals_Programme_in_Madagascar.pdf,Cash_transfers,/Users/madhu/Desktop/WFP/wfp-taxonomy-analysis/py files/extracted/School_Meals_Programme_in_Madagascar.json,/Users/madhu/Desktop/WFP/wfp_reports/wfp_reports/Cash_transfers/School_Meals_Programme_in_Madagascar.pdf,2,6370
Evaluation_of_Democratic_Republic_of_the_Congo_WFP,Evaluation_of_Democratic_Republic_of_the_Congo_WFP.pdf,Cash_transfers,/Users/madhu/Desktop/WFP/wfp-taxonomy-analysis/py files/extracted/Evaluation_of_Democratic_Republic_of_the_Congo_WFP.json,/Users/madhu/Desktop/WFP/wfp_reports/wfp_reports/Cash_transfers/Evaluation_of_Democratic_Republic_of_the_Congo_WFP.pdf,104,317414
Evaluation_of_the_EU_MADAD_Project_Strengthening_s,Evaluation_of_the_EU_MADAD_Project_Strengthening_s.pdf,Cash_transfers,/Users/madhu/Desktop/WFP/wfp-taxonomy-analysis/py files/extracted/Evaluation_of_the_EU_MADAD_Project_Strengthening_s.json,/Users/madhu/Desktop/WFP/wfp_reports/wfp_reports/Cash_transfers/Evaluation_of_the_EU_MADAD_Project_Strengthening_s.pdf,146,382099
2025_Gender_Protection_and_Inclusion_in_Anticipato,2025_Gender_Protection_and_Inclusion_in_Anticipato.pdf,Cash_transfers,/Users/madhu/Desktop/WFP/wfp-taxonomy-analysis/py files/extracted/2025_Gender_Protection_and_Inclusion_in_Anticipato.json,/Users/madhu/Desktop/WFP/wfp_reports/wfp_reports/Cash_transfers/2025_Gender_Protection_and_Inclusion_in_Anticipato.pdf,57,154601
Hurricane_Beryl_Jamaica_Cash_Assistance_Report_Aug,Hurricane_Beryl_Jamaica_Cash_Assistance_Report_Aug.pdf,Cash_transfers,/Users/madhu/Desktop/WFP/wfp-taxonomy-analysis/py files/extracted/Hurricane_Beryl_Jamaica_Cash_Assistance_Report_Aug.json,/Users/madhu/Desktop/WFP/wfp_reports/wfp_reports/Cash_transfers/Hurricane_Beryl_Jamaica_Cash_Assistance_Report_Aug.pdf,34,62616
WFP_Lebanon_2025_Mid_Year_Highlights,WFP_Lebanon_2025_Mid_Year_Highlights.pdf,Cash_transfers,/Users/madhu/Desktop/WFP/wfp-taxonomy-analysis/py files/extracted/WFP_Lebanon_2025_Mid_Year_Highlights.json,/Users/madhu/Desktop/WFP/wfp_reports/wfp_reports/Cash_transfers/WFP_Lebanon_2025_Mid_Year_Highlights.pdf,2,7918
WFP_Lebanon_Programme_Factsheets_September_2025,WFP_Lebanon_Programme_Factsheets_September_2025.pdf,Cash_transfers,/Users/madhu/Desktop/WFP/wfp-taxonomy-analysis/py files/extracted/WFP_Lebanon_Programme_Factsheets_September_2025.json,/Users/madhu/Desktop/WFP/wfp_reports/wfp_reports/Cash_transfers/WFP_Lebanon_Programme_Factsheets_September_2025.pdf,10,47952
Evaluation_of_Uganda_WFP_Country_Strategic_Plan_20,Evaluation_of_Uganda_WFP_Country_Strategic_Plan_20.pdf,Cash_transfers,/Users/madhu/Desktop/WFP/wfp-taxonomy-analysis/py files/extracted/Evaluation_of_Uganda_WFP_Country_Strategic_Plan_20.json,/Users/madhu/Desktop/WFP/wfp_reports/wfp_reports/Cash_transfers/Evaluation_of_Uganda_WFP_Country_Strategic_Plan_20.pdf,96,297356
Emergency_Preparedness_and_Response_in_Madagascar,Emergency_Preparedness_and_Response_in_Madagascar.pdf,Cash_transfers,/Users/madhu/Desktop/WFP/wfp-taxonomy-analysis/py files/extracted/Emergency_Preparedness_and_Response_in_Madagascar.json,/Users/madhu/Desktop/WFP/wfp_reports/wfp_reports/Cash_transfers/Emergency_Preparedness_and_Response_in_Madagascar.pdf,3,7955
Evaluation_of_the_project_SAIO_Fostering_Community,Evaluation_of_the_project_SAIO_Fostering_Community.pdf,Cash_transfers,/Users/madhu/Desktop/WFP/wfp-taxonomy-analysis/py files/extracted/Evaluation_of_the_project_SAIO_Fostering_Community.json,/Users/madhu/Desktop/WFP/wfp_reports/wfp_reports/Cash_transfers/Evaluation_of_the_project_SAIO_Fostering_Community.pdf,78,223926
Cost_of_the_Diet_Analysis_in_Samoa_August_2025,Cost_of_the_Diet_Analysis_in_Samoa_August_2025.pdf,Food_systems,/Users/madhu/Desktop/WFP/wfp-taxonomy-analysis/py files/extracted/Cost_of_the_Diet_Analysis_in_Samoa_August_2025.json,/Users/madhu/Desktop/WFP/wfp_reports/wfp_reports/Food_systems/Cost_of_the_Diet_Analysis_in_Samoa_August_2025.pdf,34,69288
The_role_of_clean_energy_in_food_value_chains,The_role_of_clean_energy_in_food_value_chains.pdf,Food_systems,/Users/madhu/Desktop/WFP/wfp-taxonomy-analysis/py files/extracted/The_role_of_clean_energy_in_food_value_chains.json,/Users/madhu/Desktop/WFP/wfp_reports/wfp_reports/Food_systems/The_role_of_clean_energy_in_food_value_chains.pdf,9,22553
Sustainable_Healthy_Diets_in_Cambodia_Evidence_for,Sustainable_Healthy_Diets_in_Cambodia_Evidence_for.pdf,Food_systems,/Users/madhu/Desktop/WFP/wfp-taxonomy-analysis/py files/extracted/Sustainable_Healthy_Diets_in_Cambodia_Evidence_for.json,/Users/madhu/Desktop/WFP/wfp_reports/wfp_reports/Food_systems/Sustainable_Healthy_Diets_in_Cambodia_Evidence_for.pdf,8,22204
Sudan_Emergency_Wheat_Production_Project_Final_eva,Sudan_Emergency_Wheat_Production_Project_Final_eva.pdf,Food_systems,/Users/madhu/Desktop/WFP/wfp-taxonomy-analysis/py files/extracted/Sudan_Emergency_Wheat_Production_Project_Final_eva.json,/Users/madhu/Desktop/WFP/wfp_reports/wfp_reports/Food_systems/Sudan_Emergency_Wheat_Production_Project_Final_eva.pdf,38,93760
The_State_of_School_Feeding_Worldwide,The_State_of_School_Feeding_Worldwide.pdf,Food_systems,/Users/madhu/Desktop/WFP/wfp-taxonomy-analysis/py files/extracted/The_State_of_School_Feeding_Worldwide.json,/Users/madhu/Desktop/WFP/wfp_reports/wfp_reports/Food_systems/The_State_of_School_Feeding_Worldwide.pdf,5,1588
2025_Midyear_Update_Say_No_to_5S_Project_School_Fe,2025_Midyear_Update_Say_No_to_5S_Project_School_Fe.pdf,Food_systems,/Users/madhu/Desktop/WFP/wfp-taxonomy-analysis/py files/extracted/2025_Midyear_Update_Say_No_to_5S_Project_School_Fe.json,/Users/madhu/Desktop/WFP/wfp_reports/wfp_reports/Food_systems/2025_Midyear_Update_Say_No_to_5S_Project_School_Fe.pdf,4,7800
Investing_in_Ukraine_s_economy_and_food_systems_fa,Investing_in_Ukraine_s_economy_and_food_systems_fa.pdf,Food_systems,/Users/madhu/Desktop/WFP/wfp-taxonomy-analysis/py files/extracted/Investing_in_Ukraine_s_economy_and_food_systems_fa.json,/Users/madhu/Desktop/WFP/wfp_reports/wfp_reports/Food_systems/Investing_in_Ukraine_s_economy_and_food_systems_fa.pdf,2,4564
Regional_Office_for_Eastern_and_Southern_Africa_No,Regional_Office_for_Eastern_and_Southern_Africa_No.pdf,Food_systems,/Users/madhu/Desktop/WFP/wfp-taxonomy-analysis/py files/extracted/Regional_Office_for_Eastern_and_Southern_Africa_No.json,/Users/madhu/Desktop/WFP/wfp_reports/wfp_reports/Food_systems/Regional_Office_for_Eastern_and_Southern_Africa_No.pdf,56,64565
Strengthening_Government_Institutions_for_Inclusiv,Strengthening_Government_Institutions_for_Inclusiv.pdf,Food_systems,/Users/madhu/Desktop/WFP/wfp-taxonomy-analysis/py files/extracted/Strengthening_Government_Institutions_for_Inclusiv.json,/Users/madhu/Desktop/WFP/wfp_reports/wfp_reports/Food_systems/Strengthening_Government_Institutions_for_Inclusiv.pdf,2,4680
Scaling_Up_of_the_Rapid_Rural_Transformation_RRT_I,Scaling_Up_of_the_Rapid_Rural_Transformation_RRT_I.pdf,Food_systems,/Users/madhu/Desktop/WFP/wfp-taxonomy-analysis/py files/extracted/Scaling_Up_of_the_Rapid_Rural_Transformation_RRT_I.json,/Users/madhu/Desktop/WFP/wfp_reports/wfp_reports/Food_systems/Scaling_Up_of_the_Rapid_Rural_Transformation_RRT_I.pdf,2,4289
South_South_and_Triangular_Cooperation_SSTC_Fast_F,South_South_and_Triangular_Cooperation_SSTC_Fast_F.pdf,South_South_cooperation,/Users/madhu/Desktop/WFP/wfp-taxonomy-analysis/py files/extracted/South_South_and_Triangular_Cooperation_SSTC_Fast_F.json,/Users/madhu/Desktop/WFP/wfp_reports/wfp_reports/South_South_cooperation/South_South_and_Triangular_Cooperation_SSTC_Fast_F.pdf,4,8242
South_South_Quarterly_October_2024_Edition,South_South_Quarterly_October_2024_Edition.pdf,South_South_cooperation,/Users/madhu/Desktop/WFP/wfp-taxonomy-analysis/py files/extracted/South_South_Quarterly_October_2024_Edition.json,/Users/madhu/Desktop/WFP/wfp_reports/wfp_reports/South_South_cooperation/South_South_Quarterly_October_2024_Edition.pdf,18,59856
Annual_Report_2023_Centre_of_Excellence_Against_Hu,Annual_Report_2023_Centre_of_Excellence_Against_Hu.pdf,South_South_cooperation,/Users/madhu/Desktop/WFP/wfp-taxonomy-analysis/py files/extracted/Annual_Report_2023_Centre_of_Excellence_Against_Hu.json,/Users/madhu/Desktop/WFP/wfp_reports/wfp_reports/South_South_cooperation/Annual_Report_2023_Centre_of_Excellence_Against_Hu.pdf,29,43836
Preparing_for_the_future_WFP_Caribbean_2018_2023,Preparing_for_the_future_WFP_Caribbean_2018_2023.pdf,South_South_cooperation,/Users/madhu/Desktop/WFP/wfp-taxonomy-analysis/py files/extracted/Preparing_for_the_future_WFP_Caribbean_2018_2023.json,/Users/madhu/Desktop/WFP/wfp_reports/wfp_reports/South_South_cooperation/Preparing_for_the_future_WFP_Caribbean_2018_2023.pdf,1,0
2023_South_South_and_Triangular_Cooperation_policy,2023_South_South_and_Triangular_Cooperation_policy.pdf,South_South_cooperation,/Users/madhu/Desktop/WFP/wfp-taxonomy-analysis/py files/extracted/2023_South_South_and_Triangular_Cooperation_policy.json,/Users/madhu/Desktop/WFP/wfp_reports/wfp_reports/South_South_cooperation/2023_South_South_and_Triangular_Cooperation_policy.pdf,20,31499
WFP_s_engagement_in_middle_income_countries_2019_2,WFP_s_engagement_in_middle_income_countries_2019_2.pdf,South_South_cooperation,/Users/madhu/Desktop/WFP/wfp-taxonomy-analysis/py files/extracted/WFP_s_engagement_in_middle_income_countries_2019_2.json,/Users/madhu/Desktop/WFP/wfp_reports/wfp_reports/South_South_cooperation/WFP_s_engagement_in_middle_income_countries_2019_2.pdf,81,227210
WFP_s_Role_in_Strengthening_Forecasting_Capabiliti,WFP_s_Role_in_Strengthening_Forecasting_Capabiliti.pdf,South_South_cooperation,/Users/madhu/Desktop/WFP/wfp-taxonomy-analysis/py files/extracted/WFP_s_Role_in_Strengthening_Forecasting_Capabiliti.json,/Users/madhu/Desktop/WFP/wfp_reports/wfp_reports/South_South_cooperation/WFP_s_Role_in_Strengthening_Forecasting_Capabiliti.pdf,4,8036
South_South_Quarterly_February_2025_Edition,South_South_Quarterly_February_2025_Edition.pdf,South_South_cooperation,/Users/madhu/Desktop/WFP/wfp-taxonomy-analysis/py files/extracted/South_South_Quarterly_February_2025_Edition.json,/Users/madhu/Desktop/WFP/wfp_reports/wfp_reports/South_South_cooperation/South_South_Quarterly_February_2025_Edition.pdf,18,52696
Annual_Report_2024_WFP_Centre_of_Excellence_agains,Annual_Report_2024_WFP_Centre_of_Excellence_agains.pdf,South_South_cooperation,/Users/madhu/Desktop/WFP/wfp-taxonomy-analysis/py files/extracted/Annual_Report_2024_WFP_Centre_of_Excellence_agains.json,/Users/madhu/Desktop/WFP/wfp_reports/wfp_reports/South_South_cooperation/Annual_Report_2024_WFP_Centre_of_Excellence_agains.pdf,36,41264
WFP_s_Regional_Urban_Preparedness_Initiative_in_Re,WFP_s_Regional_Urban_Preparedness_Initiative_in_Re.pdf,South_South_cooperation,/Users/madhu/Desktop/WFP/wfp-taxonomy-analysis/py files/extracted/WFP_s_Regional_Urban_Preparedness_Initiative_in_Re.json,/Users/madhu/Desktop/WFP/wfp_reports/wfp_reports/South_South_cooperation/WFP_s_Regional_Urban_Preparedness_Initiative_in_Re.pdf,8,11100
WFP_Lebanon_Fuel_Operation_Health_Sector_Support_S,WFP_Lebanon_Fuel_Operation_Health_Sector_Support_S.pdf,Logistics_and_delivery_networks,/Users/madhu/Desktop/WFP/wfp-taxonomy-analysis/py files/extracted/WFP_Lebanon_Fuel_Operation_Health_Sector_Support_S.json,/Users/madhu/Desktop/WFP/wfp_reports/wfp_reports/Logistics_and_delivery_networks/WFP_Lebanon_Fuel_Operation_Health_Sector_Support_S.pdf,2,7085
March_2024_Country_Strategic_Plan_2024_2028_summar,March_2024_Country_Strategic_Plan_2024_2028_summar.pdf,Logistics_and_delivery_networks,/Users/madhu/Desktop/WFP/wfp-taxonomy-analysis/py files/extracted/March_2024_Country_Strategic_Plan_2024_2028_summar.json,/Users/madhu/Desktop/WFP/wfp_reports/wfp_reports/Logistics_and_delivery_networks/March_2024_Country_Strategic_Plan_2024_2028_summar.pdf,4,2986
WFP_Regional_Bureau_for_Eastern_Africa_Logistics_i,WFP_Regional_Bureau_for_Eastern_Africa_Logistics_i.pdf,Logistics_and_delivery_networks,/Users/madhu/Desktop/WFP/wfp-taxonomy-analysis/py files/extracted/WFP_Regional_Bureau_for_Eastern_Africa_Logistics_i.json,/Users/madhu/Desktop/WFP/wfp_reports/wfp_reports/Logistics_and_delivery_networks/WFP_Regional_Bureau_for_Eastern_Africa_Logistics_i.pdf,8,10375
Evaluation_of_Democratic_Republic_of_the_Congo_WFP,Evaluation_of_Democratic_Republic_of_the_Congo_WFP.pdf,Logistics_and_delivery_networks,/Users/madhu/Desktop/WFP/wfp-taxonomy-analysis/py files/extracted/Evaluation_of_Democratic_Republic_of_the_Congo_WFP.json,/Users/madhu/Desktop/WFP/wfp_reports/wfp_reports/Logistics_and_delivery_networks/Evaluation_of_Democratic_Republic_of_the_Congo_WFP.pdf,104,317414
WFP_Lebanon_Fuel_Operation_WASH_Sector_Support_Sep,WFP_Lebanon_Fuel_Operation_WASH_Sector_Support_Sep.pdf,Logistics_and_delivery_networks,/Users/madhu/Desktop/WFP/wfp-taxonomy-analysis/py files/extracted/WFP_Lebanon_Fuel_Operation_WASH_Sector_Support_Sep.json,/Users/madhu/Desktop/WFP/wfp_reports/wfp_reports/Logistics_and_delivery_networks/WFP_Lebanon_Fuel_Operation_WASH_Sector_Support_Sep.pdf,2,5568
2021_Timor_Leste_Annual_Country_Report_Infographic,2021_Timor_Leste_Annual_Country_Report_Infographic.pdf,Logistics_and_delivery_networks,/Users/madhu/Desktop/WFP/wfp-taxonomy-analysis/py files/extracted/2021_Timor_Leste_Annual_Country_Report_Infographic.json,/Users/madhu/Desktop/WFP/wfp_reports/wfp_reports/Logistics_and_delivery_networks/2021_Timor_Leste_Annual_Country_Report_Infographic.pdf,3,2505
2023_WFP_Engineering_two_pager,2023_WFP_Engineering_two_pager.pdf,Logistics_and_delivery_networks,/Users/madhu/Desktop/WFP/wfp-taxonomy-analysis/py files/extracted/2023_WFP_Engineering_two_pager.json,/Users/madhu/Desktop/WFP/wfp_reports/wfp_reports/Logistics_and_delivery_networks/2023_WFP_Engineering_two_pager.pdf,2,968
WFP_Lebanon_Supply_Chain_Factsheet_July_2022,WFP_Lebanon_Supply_Chain_Factsheet_July_2022.pdf,Logistics_and_delivery_networks,/Users/madhu/Desktop/WFP/wfp-taxonomy-analysis/py files/extracted/WFP_Lebanon_Supply_Chain_Factsheet_July_2022.json,/Users/madhu/Desktop/WFP/wfp_reports/wfp_reports/Logistics_and_delivery_networks/WFP_Lebanon_Supply_Chain_Factsheet_July_2022.pdf,2,4871
March_2024_Strengthening_supply_chain_capacity_in_,March_2024_Strengthening_supply_chain_capacity_in_.pdf,Logistics_and_delivery_networks,/Users/madhu/Desktop/WFP/wfp-taxonomy-analysis/py files/extracted/March_2024_Strengthening_supply_chain_capacity_in_.json,/Users/madhu/Desktop/WFP/wfp_reports/wfp_reports/Logistics_and_delivery_networks/March_2024_Strengthening_supply_chain_capacity_in_.pdf,2,5891
2024_Typhoon_Season_WFP_Philippines_Response_Repor,2024_Typhoon_Season_WFP_Philippines_Response_Repor.pdf,Logistics_and_delivery_networks,/Users/madhu/Desktop/WFP/wfp-taxonomy-analysis/py files/extracted/2024_Typhoon_Season_WFP_Philippines_Response_Repor.json,/Users/madhu/Desktop/WFP/wfp_reports/wfp_reports/Logistics_and_delivery_networks/2024_Typhoon_Season_WFP_Philippines_Response_Repor.pdf,29,49517
Joint_Evaluation_on_the_Collaboration_among_the_Un,Joint_Evaluation_on_the_Collaboration_among_the_Un.pdf,Rome_based_agencies,/Users/madhu/Desktop/WFP/wfp-taxonomy-analysis/py files/extracted/Joint_Evaluation_on_the_Collaboration_among_the_Un.json,/Users/madhu/Desktop/WFP/wfp_reports/wfp_reports/Rome_based_agencies/Joint_Evaluation_on_the_Collaboration_among_the_Un.pdf,200,635351
RBA_Canada_2nd_Steering_Committee_meeting_Septembe,RBA_Canada_2nd_Steering_Committee_meeting_Septembe.pdf,Rome_based_agencies,/Users/madhu/Desktop/WFP/wfp-taxonomy-analysis/py files/extracted/RBA_Canada_2nd_Steering_Committee_meeting_Septembe.json,/Users/madhu/Desktop/WFP/wfp_reports/wfp_reports/Rome_based_agencies/RBA_Canada_2nd_Steering_Committee_meeting_Septembe.pdf,9,24057
The_State_of_Food_Security_and_Nutrition_in_the_Wo,The_State_of_Food_Security_and_Nutrition_in_the_Wo.pdf,Rome_based_agencies,/Users/madhu/Desktop/WFP/wfp-taxonomy-analysis/py files/extracted/The_State_of_Food_Security_and_Nutrition_in_the_Wo.json,/Users/madhu/Desktop/WFP/wfp_reports/wfp_reports/Rome_based_agencies/The_State_of_Food_Security_and_Nutrition_in_the_Wo.pdf,234,763667
Assistance_to_Refugees_and_Crisis_Affected_Populat,Assistance_to_Refugees_and_Crisis_Affected_Populat.pdf,Emergency_programming,/Users/madhu/Desktop/WFP/wfp-taxonomy-analysis/py files/extracted/Assistance_to_Refugees_and_Crisis_Affected_Populat.json,/Users/madhu/Desktop/WFP/wfp_reports/wfp_reports/Emergency_programming/Assistance_to_Refugees_and_Crisis_Affected_Populat.pdf,14,7965
2021_WFP_Community_Engagement_Strategy_for_Account,2021_WFP_Community_Engagement_Strategy_for_Account.pdf,Emergency_programming,/Users/madhu/Desktop/WFP/wfp-taxonomy-analysis/py files/extracted/2021_WFP_Community_Engagement_Strategy_for_Account.json,/Users/madhu/Desktop/WFP/wfp_reports/wfp_reports/Emergency_programming/2021_WFP_Community_Engagement_Strategy_for_Account.pdf,21,64618
After_Action_Review_Leveraging_4Ps_Programme_for_E,After_Action_Review_Leveraging_4Ps_Programme_for_E.pdf,Emergency_programming,/Users/madhu/Desktop/WFP/wfp-taxonomy-analysis/py files/extracted/After_Action_Review_Leveraging_4Ps_Programme_for_E.json,/Users/madhu/Desktop/WFP/wfp_reports/wfp_reports/Emergency_programming/After_Action_Review_Leveraging_4Ps_Programme_for_E.pdf,21,48710
Summary_of_evaluation_evidence_Targeting_in_Emerge,Summary_of_evaluation_evidence_Targeting_in_Emerge.pdf,Emergency_programming,/Users/madhu/Desktop/WFP/wfp-taxonomy-analysis/py files/extracted/Summary_of_evaluation_evidence_Targeting_in_Emerge.json,/Users/madhu/Desktop/WFP/wfp_reports/wfp_reports/Emergency_programming/Summary_of_evaluation_evidence_Targeting_in_Emerge.pdf,4,14776
2023_Addressing_Irregular_Migration_through_Princi,2023_Addressing_Irregular_Migration_through_Princi.pdf,Emergency_programming,/Users/madhu/Desktop/WFP/wfp-taxonomy-analysis/py files/extracted/2023_Addressing_Irregular_Migration_through_Princi.json,/Users/madhu/Desktop/WFP/wfp_reports/wfp_reports/Emergency_programming/2023_Addressing_Irregular_Migration_through_Princi.pdf,24,76860
2021_Protection_and_Accountability_Handbook,2021_Protection_and_Accountability_Handbook.pdf,Emergency_programming,/Users/madhu/Desktop/WFP/wfp-taxonomy-analysis/py files/extracted/2021_Protection_and_Accountability_Handbook.json,/Users/madhu/Desktop/WFP/wfp_reports/wfp_reports/Emergency_programming/2021_Protection_and_Accountability_Handbook.pdf,80,212707
2023_Conflict_Sensitivity_Mainstreaming_Strategy,2023_Conflict_Sensitivity_Mainstreaming_Strategy.pdf,Emergency_programming,/Users/madhu/Desktop/WFP/wfp-taxonomy-analysis/py files/extracted/2023_Conflict_Sensitivity_Mainstreaming_Strategy.json,/Users/madhu/Desktop/WFP/wfp_reports/wfp_reports/Emergency_programming/2023_Conflict_Sensitivity_Mainstreaming_Strategy.pdf,24,72078
WFP_s_role_in_Youth_Employment_2022,WFP_s_role_in_Youth_Employment_2022.pdf,Emergency_programming,/Users/madhu/Desktop/WFP/wfp-taxonomy-analysis/py files/extracted/WFP_s_role_in_Youth_Employment_2022.json,/Users/madhu/Desktop/WFP/wfp_reports/wfp_reports/Emergency_programming/WFP_s_role_in_Youth_Employment_2022.pdf,30,99630
2023_WFP_Urban_Strategy_Achieving_zero_hunger_in_a,2023_WFP_Urban_Strategy_Achieving_zero_hunger_in_a.pdf,Emergency_programming,/Users/madhu/Desktop/WFP/wfp-taxonomy-analysis/py files/extracted/2023_WFP_Urban_Strategy_Achieving_zero_hunger_in_a.json,/Users/madhu/Desktop/WFP/wfp_reports/wfp_reports/Emergency_programming/2023_WFP_Urban_Strategy_Achieving_zero_hunger_in_a.pdf,50,157361
Nepal_COVID_19_Economic_Vulnerability_Index,Nepal_COVID_19_Economic_Vulnerability_Index.pdf,Emergency_programming,/Users/madhu/Desktop/WFP/wfp-taxonomy-analysis/py files/extracted/Nepal_COVID_19_Economic_Vulnerability_Index.json,/Users/madhu/Desktop/WFP/wfp_reports/wfp_reports/Emergency_programming/Nepal_COVID_19_Economic_Vulnerability_Index.pdf,21,30235
Integrating_Anticipatory_Action_in_Indonesia,Integrating_Anticipatory_Action_in_Indonesia.pdf,Climate_services,/Users/madhu/Desktop/WFP/wfp-taxonomy-analysis/py files/extracted/Integrating_Anticipatory_Action_in_Indonesia.json,/Users/madhu/Desktop/WFP/wfp_reports/wfp_reports/Climate_services/Integrating_Anticipatory_Action_in_Indonesia.pdf,12,27734
2024_Anticipatory_Cash_Technical_Guidance,2024_Anticipatory_Cash_Technical_Guidance.pdf,Climate_services,/Users/madhu/Desktop/WFP/wfp-taxonomy-analysis/py files/extracted/2024_Anticipatory_Cash_Technical_Guidance.json,/Users/madhu/Desktop/WFP/wfp_reports/wfp_reports/Climate_services/2024_Anticipatory_Cash_Technical_Guidance.pdf,20,38813
WFP_s_Role_in_Strengthening_Forecasting_Capabiliti,WFP_s_Role_in_Strengthening_Forecasting_Capabiliti.pdf,Climate_services,/Users/madhu/Desktop/WFP/wfp-taxonomy-analysis/py files/extracted/WFP_s_Role_in_Strengthening_Forecasting_Capabiliti.json,/Users/madhu/Desktop/WFP/wfp_reports/wfp_reports/Climate_services/WFP_s_Role_in_Strengthening_Forecasting_Capabiliti.pdf,4,8036
Strengthening_Early_Warning_Systems_for_Anticipato,Strengthening_Early_Warning_Systems_for_Anticipato.pdf,Climate_services,/Users/madhu/Desktop/WFP/wfp-taxonomy-analysis/py files/extracted/Strengthening_Early_Warning_Systems_for_Anticipato.json,/Users/madhu/Desktop/WFP/wfp_reports/wfp_reports/Climate_services/Strengthening_Early_Warning_Systems_for_Anticipato.pdf,6,9364
2025_Saving_lives_time_and_money_Evidence_from_ant,2025_Saving_lives_time_and_money_Evidence_from_ant.pdf,Climate_services,/Users/madhu/Desktop/WFP/wfp-taxonomy-analysis/py files/extracted/2025_Saving_lives_time_and_money_Evidence_from_ant.json,/Users/madhu/Desktop/WFP/wfp_reports/wfp_reports/Climate_services/2025_Saving_lives_time_and_money_Evidence_from_ant.pdf,10,17701
Integrated_resilience_approach_in_Madagascar,Integrated_resilience_approach_in_Madagascar.pdf,Climate_services,/Users/madhu/Desktop/WFP/wfp-taxonomy-analysis/py files/extracted/Integrated_resilience_approach_in_Madagascar.json,/Users/madhu/Desktop/WFP/wfp_reports/wfp_reports/Climate_services/Integrated_resilience_approach_in_Madagascar.pdf,2,5187
2025_Gender_Protection_and_Inclusion_in_Anticipato,2025_Gender_Protection_and_Inclusion_in_Anticipato.pdf,Climate_services,/Users/madhu/Desktop/WFP/wfp-taxonomy-analysis/py files/extracted/2025_Gender_Protection_and_Inclusion_in_Anticipato.json,/Users/madhu/Desktop/WFP/wfp_reports/wfp_reports/Climate_services/2025_Gender_Protection_and_Inclusion_in_Anticipato.pdf,57,154601
2025_Climate_Services_Accelerator_Programme,2025_Climate_Services_Accelerator_Programme.pdf,Climate_services,/Users/madhu/Desktop/WFP/wfp-taxonomy-analysis/py files/extracted/2025_Climate_Services_Accelerator_Programme.json,/Users/madhu/Desktop/WFP/wfp_reports/wfp_reports/Climate_services/2025_Climate_Services_Accelerator_Programme.pdf,4,6408
2025_Anticipatory_Action_Learning_and_validation_R,2025_Anticipatory_Action_Learning_and_validation_R.pdf,Climate_services,/Users/madhu/Desktop/WFP/wfp-taxonomy-analysis/py files/extracted/2025_Anticipatory_Action_Learning_and_validation_R.json,/Users/madhu/Desktop/WFP/wfp_reports/wfp_reports/Climate_services/2025_Anticipatory_Action_Learning_and_validation_R.pdf,8,14647
Scaling_Up_of_the_Rapid_Rural_Transformation_RRT_I,Scaling_Up_of_the_Rapid_Rural_Transformation_RRT_I.pdf,Climate_services,/Users/madhu/Desktop/WFP/wfp-taxonomy-analysis/py files/extracted/Scaling_Up_of_the_Rapid_Rural_Transformation_RRT_I.json,/Users/madhu/Desktop/WFP/wfp_reports/wfp_reports/Climate_services/Scaling_Up_of_the_Rapid_Rural_Transformation_RRT_I.pdf,2,4289
Integrating_Anticipatory_Action_in_Indonesia,Integrating_Anticipatory_Action_in_Indonesia.pdf,Anticipatory_Action,/Users/madhu/Desktop/WFP/wfp-taxonomy-analysis/py files/extracted/Integrating_Anticipatory_Action_in_Indonesia.json,/Users/madhu/Desktop/WFP/wfp_reports/wfp_reports/Anticipatory_Action/Integrating_Anticipatory_Action_in_Indonesia.pdf,12,27734
2024_Anticipatory_Cash_Technical_Guidance,2024_Anticipatory_Cash_Technical_Guidance.pdf,Anticipatory_Action,/Users/madhu/Desktop/WFP/wfp-taxonomy-analysis/py files/extracted/2024_Anticipatory_Cash_Technical_Guidance.json,/Users/madhu/Desktop/WFP/wfp_reports/wfp_reports/Anticipatory_Action/2024_Anticipatory_Cash_Technical_Guidance.pdf,20,38813
WFP_s_Role_in_Strengthening_Forecasting_Capabiliti,WFP_s_Role_in_Strengthening_Forecasting_Capabiliti.pdf,Anticipatory_Action,/Users/madhu/Desktop/WFP/wfp-taxonomy-analysis/py files/extracted/WFP_s_Role_in_Strengthening_Forecasting_Capabiliti.json,/Users/madhu/Desktop/WFP/wfp_reports/wfp_reports/Anticipatory_Action/WFP_s_Role_in_Strengthening_Forecasting_Capabiliti.pdf,4,8036
Strengthening_Early_Warning_Systems_for_Anticipato,Strengthening_Early_Warning_Systems_for_Anticipato.pdf,Anticipatory_Action,/Users/madhu/Desktop/WFP/wfp-taxonomy-analysis/py files/extracted/Strengthening_Early_Warning_Systems_for_Anticipato.json,/Users/madhu/Desktop/WFP/wfp_reports/wfp_reports/Anticipatory_Action/Strengthening_Early_Warning_Systems_for_Anticipato.pdf,6,9364
Pre_arranged_Finance_for_Food_Security,Pre_arranged_Finance_for_Food_Security.pdf,Anticipatory_Action,/Users/madhu/Desktop/WFP/wfp-taxonomy-analysis/py files/extracted/Pre_arranged_Finance_for_Food_Security.json,/Users/madhu/Desktop/WFP/wfp_reports/wfp_reports/Anticipatory_Action/Pre_arranged_Finance_for_Food_Security.pdf,4,8643
2025_Saving_lives_time_and_money_Evidence_from_ant,2025_Saving_lives_time_and_money_Evidence_from_ant.pdf,Anticipatory_Action,/Users/madhu/Desktop/WFP/wfp-taxonomy-analysis/py files/extracted/2025_Saving_lives_time_and_money_Evidence_from_ant.json,/Users/madhu/Desktop/WFP/wfp_reports/wfp_reports/Anticipatory_Action/2025_Saving_lives_time_and_money_Evidence_from_ant.pdf,10,17701
2025_Gender_Protection_and_Inclusion_in_Anticipato,2025_Gender_Protection_and_Inclusion_in_Anticipato.pdf,Anticipatory_Action,/Users/madhu/Desktop/WFP/wfp-taxonomy-analysis/py files/extracted/2025_Gender_Protection_and_Inclusion_in_Anticipato.json,/Users/madhu/Desktop/WFP/wfp_reports/wfp_reports/Anticipatory_Action/2025_Gender_Protection_and_Inclusion_in_Anticipato.pdf,57,154601
2025_Climate_Services_Accelerator_Programme,2025_Climate_Services_Accelerator_Programme.pdf,Anticipatory_Action,/Users/madhu/Desktop/WFP/wfp-taxonomy-analysis/py files/extracted/2025_Climate_Services_Accelerator_Programme.json,/Users/madhu/Desktop/WFP/wfp_reports/wfp_reports/Anticipatory_Action/2025_Climate_Services_Accelerator_Programme.pdf,4,6408
Emergency_Preparedness_and_Response_in_Madagascar,Emergency_Preparedness_and_Response_in_Madagascar.pdf,Anticipatory_Action,/Users/madhu/Desktop/WFP/wfp-taxonomy-analysis/py files/extracted/Emergency_Preparedness_and_Response_in_Madagascar.json,/Users/madhu/Desktop/WFP/wfp_reports/wfp_reports/Anticipatory_Action/Emergency_Preparedness_and_Response_in_Madagascar.pdf,3,7955
2025_People_s_experience_of_Anticipatory_Action,2025_People_s_experience_of_Anticipatory_Action.pdf,Anticipatory_Action,/Users/madhu/Desktop/WFP/wfp-taxonomy-analysis/py files/extracted/2025_People_s_experience_of_Anticipatory_Action.json,/Users/madhu/Desktop/WFP/wfp_reports/wfp_reports/Anticipatory_Action/2025_People_s_experience_of_Anticipatory_Action.pdf,24,41841
Shifting_to_e_cooking_in_schools_Insights_from_Les,Shifting_to_e_cooking_in_schools_Insights_from_Les.pdf,Energy_for_food_security,/Users/madhu/Desktop/WFP/wfp-taxonomy-analysis/py files/extracted/Shifting_to_e_cooking_in_schools_Insights_from_Les.json,/Users/madhu/Desktop/WFP/wfp_reports/wfp_reports/Energy_for_food_security/Shifting_to_e_cooking_in_schools_Insights_from_Les.pdf,3,5279
The_role_of_clean_energy_in_food_value_chains,The_role_of_clean_energy_in_food_value_chains.pdf,Energy_for_food_security,/Users/madhu/Desktop/WFP/wfp-taxonomy-analysis/py files/extracted/The_role_of_clean_energy_in_food_value_chains.json,/Users/madhu/Desktop/WFP/wfp_reports/wfp_reports/Energy_for_food_security/The_role_of_clean_energy_in_food_value_chains.pdf,9,22553
Planet_friendly_home_grown_school_feeding_What_doe,Planet_friendly_home_grown_school_feeding_What_doe.pdf,Energy_for_food_security,/Users/madhu/Desktop/WFP/wfp-taxonomy-analysis/py files/extracted/Planet_friendly_home_grown_school_feeding_What_doe.json,/Users/madhu/Desktop/WFP/wfp_reports/wfp_reports/Energy_for_food_security/Planet_friendly_home_grown_school_feeding_What_doe.pdf,44,141934
Armenia_Evaluation_of_School_Feeding_Modalities_Ap,Armenia_Evaluation_of_School_Feeding_Modalities_Ap.pdf,Energy_for_food_security,/Users/madhu/Desktop/WFP/wfp-taxonomy-analysis/py files/extracted/Armenia_Evaluation_of_School_Feeding_Modalities_Ap.json,/Users/madhu/Desktop/WFP/wfp_reports/wfp_reports/Energy_for_food_security/Armenia_Evaluation_of_School_Feeding_Modalities_Ap.pdf,65,246914
WFP_s_approach_to_Planet_Friendly_School_Meals,WFP_s_approach_to_Planet_Friendly_School_Meals.pdf,Energy_for_food_security,/Users/madhu/Desktop/WFP/wfp-taxonomy-analysis/py files/extracted/WFP_s_approach_to_Planet_Friendly_School_Meals.json,/Users/madhu/Desktop/WFP/wfp_reports/wfp_reports/Energy_for_food_security/WFP_s_approach_to_Planet_Friendly_School_Meals.pdf,16,39075
Clean_and_Modern_Energy_for_Cooking_A_Path_to_Food,Clean_and_Modern_Energy_for_Cooking_A_Path_to_Food.pdf,Energy_for_food_security,/Users/madhu/Desktop/WFP/wfp-taxonomy-analysis/py files/extracted/Clean_and_Modern_Energy_for_Cooking_A_Path_to_Food.json,/Users/madhu/Desktop/WFP/wfp_reports/wfp_reports/Energy_for_food_security/Clean_and_Modern_Energy_for_Cooking_A_Path_to_Food.pdf,32,62748
Timor_Leste_School_Feeding_Recipe_Book_2023_Reseit,Timor_Leste_School_Feeding_Recipe_Book_2023_Reseit.pdf,Energy_for_food_security,/Users/madhu/Desktop/WFP/wfp-taxonomy-analysis/py files/extracted/Timor_Leste_School_Feeding_Recipe_Book_2023_Reseit.json,/Users/madhu/Desktop/WFP/wfp_reports/wfp_reports/Energy_for_food_security/Timor_Leste_School_Feeding_Recipe_Book_2023_Reseit.pdf,159,371234
Powering_progress_market_creation_strategies_for_s,Powering_progress_market_creation_strategies_for_s.pdf,Energy_for_food_security,/Users/madhu/Desktop/WFP/wfp-taxonomy-analysis/py files/extracted/Powering_progress_market_creation_strategies_for_s.json,/Users/madhu/Desktop/WFP/wfp_reports/wfp_reports/Energy_for_food_security/Powering_progress_market_creation_strategies_for_s.pdf,30,106056
Shifting_schools_to_eCooking_in_Burkina_Faso_an_in,Shifting_schools_to_eCooking_in_Burkina_Faso_an_in.pdf,Energy_for_food_security,/Users/madhu/Desktop/WFP/wfp-taxonomy-analysis/py files/extracted/Shifting_schools_to_eCooking_in_Burkina_Faso_an_in.json,/Users/madhu/Desktop/WFP/wfp_reports/wfp_reports/Energy_for_food_security/Shifting_schools_to_eCooking_in_Burkina_Faso_an_in.pdf,5,10057
Clean_cooking_solutions_in_Malawi,Clean_cooking_solutions_in_Malawi.pdf,Energy_for_food_security,/Users/madhu/Desktop/WFP/wfp-taxonomy-analysis/py files/extracted/Clean_cooking_solutions_in_Malawi.json,/Users/madhu/Desktop/WFP/wfp_reports/wfp_reports/Energy_for_food_security/Clean_cooking_solutions_in_Malawi.pdf,5,13803
The_importance_of_investing_in_the_wellbeing_of_ch,The_importance_of_investing_in_the_wellbeing_of_ch.pdf,UN_agencies_and_international_institutions,/Users/madhu/Desktop/WFP/wfp-taxonomy-analysis/py files/extracted/The_importance_of_investing_in_the_wellbeing_of_ch.json,/Users/madhu/Desktop/WFP/wfp_reports/wfp_reports/UN_agencies_and_international_institutions/The_importance_of_investing_in_the_wellbeing_of_ch.pdf,8,18107
Hurricane_Beryl_Jamaica_Cash_Assistance_Report_Aug,Hurricane_Beryl_Jamaica_Cash_Assistance_Report_Aug.pdf,UN_agencies_and_international_institutions,/Users/madhu/Desktop/WFP/wfp-taxonomy-analysis/py files/extracted/Hurricane_Beryl_Jamaica_Cash_Assistance_Report_Aug.json,/Users/madhu/Desktop/WFP/wfp_reports/wfp_reports/UN_agencies_and_international_institutions/Hurricane_Beryl_Jamaica_Cash_Assistance_Report_Aug.pdf,34,62616
Socio_economic_impacts_of_the_Political_Crisis_ECO,Socio_economic_impacts_of_the_Political_Crisis_ECO.pdf,UN_agencies_and_international_institutions,/Users/madhu/Desktop/WFP/wfp-taxonomy-analysis/py files/extracted/Socio_economic_impacts_of_the_Political_Crisis_ECO.json,/Users/madhu/Desktop/WFP/wfp_reports/wfp_reports/UN_agencies_and_international_institutions/Socio_economic_impacts_of_the_Political_Crisis_ECO.pdf,41,72327
2023_Operationalising_the_HDP_Nexus_in_WFP_Western,2023_Operationalising_the_HDP_Nexus_in_WFP_Western.pdf,Conflicts,/Users/madhu/Desktop/WFP/wfp-taxonomy-analysis/py files/extracted/2023_Operationalising_the_HDP_Nexus_in_WFP_Western.json,/Users/madhu/Desktop/WFP/wfp_reports/wfp_reports/Conflicts/2023_Operationalising_the_HDP_Nexus_in_WFP_Western.pdf,20,40963
The_importance_of_school_meals_programmes_in_fragi,The_importance_of_school_meals_programmes_in_fragi.pdf,Conflicts,/Users/madhu/Desktop/WFP/wfp-taxonomy-analysis/py files/extracted/The_importance_of_school_meals_programmes_in_fragi.json,/Users/madhu/Desktop/WFP/wfp_reports/wfp_reports/Conflicts/The_importance_of_school_meals_programmes_in_fragi.pdf,29,151711
Nutrition_Snapshot_2024,Nutrition_Snapshot_2024.pdf,Conflicts,/Users/madhu/Desktop/WFP/wfp-taxonomy-analysis/py files/extracted/Nutrition_Snapshot_2024.json,/Users/madhu/Desktop/WFP/wfp_reports/wfp_reports/Conflicts/Nutrition_Snapshot_2024.pdf,4,8288
Cash_assistance_and_social_benefits_in_Ukraine_Jul,Cash_assistance_and_social_benefits_in_Ukraine_Jul.pdf,Conflicts,/Users/madhu/Desktop/WFP/wfp-taxonomy-analysis/py files/extracted/Cash_assistance_and_social_benefits_in_Ukraine_Jul.json,/Users/madhu/Desktop/WFP/wfp_reports/wfp_reports/Conflicts/Cash_assistance_and_social_benefits_in_Ukraine_Jul.pdf,2,4864
WFP_and_Social_Protection_Annual_Review_2023,WFP_and_Social_Protection_Annual_Review_2023.pdf,Conflicts,/Users/madhu/Desktop/WFP/wfp-taxonomy-analysis/py files/extracted/WFP_and_Social_Protection_Annual_Review_2023.json,/Users/madhu/Desktop/WFP/wfp_reports/wfp_reports/Conflicts/WFP_and_Social_Protection_Annual_Review_2023.pdf,28,60878
WFP_Ukraine_Supporting_exports_of_Ukrainian_food_J,WFP_Ukraine_Supporting_exports_of_Ukrainian_food_J.pdf,Conflicts,/Users/madhu/Desktop/WFP/wfp-taxonomy-analysis/py files/extracted/WFP_Ukraine_Supporting_exports_of_Ukrainian_food_J.json,/Users/madhu/Desktop/WFP/wfp_reports/wfp_reports/Conflicts/WFP_Ukraine_Supporting_exports_of_Ukrainian_food_J.pdf,1,2300
Security_Impact_on_WFP_s_Operation_in_the_South_Oc,Security_Impact_on_WFP_s_Operation_in_the_South_Oc.pdf,Conflicts,/Users/madhu/Desktop/WFP/wfp-taxonomy-analysis/py files/extracted/Security_Impact_on_WFP_s_Operation_in_the_South_Oc.json,/Users/madhu/Desktop/WFP/wfp_reports/wfp_reports/Conflicts/Security_Impact_on_WFP_s_Operation_in_the_South_Oc.pdf,3,8524
Linking_Anticipatory_Action_and_Social_Protection_,Linking_Anticipatory_Action_and_Social_Protection_.pdf,Conflicts,/Users/madhu/Desktop/WFP/wfp-taxonomy-analysis/py files/extracted/Linking_Anticipatory_Action_and_Social_Protection_.json,/Users/madhu/Desktop/WFP/wfp_reports/wfp_reports/Conflicts/Linking_Anticipatory_Action_and_Social_Protection_.pdf,16,33626
Anticipatory_Cash_Transfers_and_Early_Warning_Info,Anticipatory_Cash_Transfers_and_Early_Warning_Info.pdf,Emergency_relief,/Users/madhu/Desktop/WFP/wfp-taxonomy-analysis/py files/extracted/Anticipatory_Cash_Transfers_and_Early_Warning_Info.json,/Users/madhu/Desktop/WFP/wfp_reports/wfp_reports/Emergency_relief/Anticipatory_Cash_Transfers_and_Early_Warning_Info.pdf,6,14776
WFP_Philippines_Super_Typhoon_Odette_Response,WFP_Philippines_Super_Typhoon_Odette_Response.pdf,Emergency_relief,/Users/madhu/Desktop/WFP/wfp-taxonomy-analysis/py files/extracted/WFP_Philippines_Super_Typhoon_Odette_Response.json,/Users/madhu/Desktop/WFP/wfp_reports/wfp_reports/Emergency_relief/WFP_Philippines_Super_Typhoon_Odette_Response.pdf,18,30071
Palestine_Environmental_and_Social_Commitment_Plan,Palestine_Environmental_and_Social_Commitment_Plan.pdf,Emergency_relief,/Users/madhu/Desktop/WFP/wfp-taxonomy-analysis/py files/extracted/Palestine_Environmental_and_Social_Commitment_Plan.json,/Users/madhu/Desktop/WFP/wfp_reports/wfp_reports/Emergency_relief/Palestine_Environmental_and_Social_Commitment_Plan.pdf,15,20362
Palestine_Stakeholder_Engagement_Plan_SEP_for_Emer,Palestine_Stakeholder_Engagement_Plan_SEP_for_Emer.pdf,Emergency_relief,/Users/madhu/Desktop/WFP/wfp-taxonomy-analysis/py files/extracted/Palestine_Stakeholder_Engagement_Plan_SEP_for_Emer.json,/Users/madhu/Desktop/WFP/wfp_reports/wfp_reports/Emergency_relief/Palestine_Stakeholder_Engagement_Plan_SEP_for_Emer.pdf,18,42674
Myanmar_Community_Support_Project_Environmental_an,Myanmar_Community_Support_Project_Environmental_an.pdf,Emergency_relief,/Users/madhu/Desktop/WFP/wfp-taxonomy-analysis/py files/extracted/Myanmar_Community_Support_Project_Environmental_an.json,/Users/madhu/Desktop/WFP/wfp_reports/wfp_reports/Emergency_relief/Myanmar_Community_Support_Project_Environmental_an.pdf,9,14183
Myanmar_Community_Support_Project_Stakeholder_Enga,Myanmar_Community_Support_Project_Stakeholder_Enga.pdf,Emergency_relief,/Users/madhu/Desktop/WFP/wfp-taxonomy-analysis/py files/extracted/Myanmar_Community_Support_Project_Stakeholder_Enga.json,/Users/madhu/Desktop/WFP/wfp_reports/wfp_reports/Emergency_relief/Myanmar_Community_Support_Project_Stakeholder_Enga.pdf,26,53940
Hurricane_Beryl_Jamaica_Cash_Assistance_Report_Aug,Hurricane_Beryl_Jamaica_Cash_Assistance_Report_Aug.pdf,Emergency_relief,/Users/madhu/Desktop/WFP/wfp-taxonomy-analysis/py files/extracted/Hurricane_Beryl_Jamaica_Cash_Assistance_Report_Aug.json,/Users/madhu/Desktop/WFP/wfp_reports/wfp_reports/Emergency_relief/Hurricane_Beryl_Jamaica_Cash_Assistance_Report_Aug.pdf,34,62616
Cash_assistance_and_social_benefits_in_Ukraine_Jul,Cash_assistance_and_social_benefits_in_Ukraine_Jul.pdf,Emergency_relief,/Users/madhu/Desktop/WFP/wfp-taxonomy-analysis/py files/extracted/Cash_assistance_and_social_benefits_in_Ukraine_Jul.json,/Users/madhu/Desktop/WFP/wfp_reports/wfp_reports/Emergency_relief/Cash_assistance_and_social_benefits_in_Ukraine_Jul.pdf,2,4864
WFP_Ukraine_Supporting_exports_of_Ukrainian_food_J,WFP_Ukraine_Supporting_exports_of_Ukrainian_food_J.pdf,Emergency_relief,/Users/madhu/Desktop/WFP/wfp-taxonomy-analysis/py files/extracted/WFP_Ukraine_Supporting_exports_of_Ukrainian_food_J.json,/Users/madhu/Desktop/WFP/wfp_reports/wfp_reports/Emergency_relief/WFP_Ukraine_Supporting_exports_of_Ukrainian_food_J.pdf,1,2300
Ghana_Farmer_support_activity_Impact_Evaluation,Ghana_Farmer_support_activity_Impact_Evaluation.pdf,Independent_evaluation,/Users/madhu/Desktop/WFP/wfp-taxonomy-analysis/py files/extracted/Ghana_Farmer_support_activity_Impact_Evaluation.json,/Users/madhu/Desktop/WFP/wfp_reports/wfp_reports/Independent_evaluation/Ghana_Farmer_support_activity_Impact_Evaluation.pdf,90,165838
Evaluation_of_WFP_s_Environmental_Policy,Evaluation_of_WFP_s_Environmental_Policy.pdf,Independent_evaluation,/Users/madhu/Desktop/WFP/wfp-taxonomy-analysis/py files/extracted/Evaluation_of_WFP_s_Environmental_Policy.json,/Users/madhu/Desktop/WFP/wfp_reports/wfp_reports/Independent_evaluation/Evaluation_of_WFP_s_Environmental_Policy.pdf,82,252352
Inter_Agency_Humanitarian_Evaluation_of_the_Respon,Inter_Agency_Humanitarian_Evaluation_of_the_Respon.pdf,Independent_evaluation,/Users/madhu/Desktop/WFP/wfp-taxonomy-analysis/py files/extracted/Inter_Agency_Humanitarian_Evaluation_of_the_Respon.json,/Users/madhu/Desktop/WFP/wfp_reports/wfp_reports/Independent_evaluation/Inter_Agency_Humanitarian_Evaluation_of_the_Respon.pdf,107,397193
Evaluation_of_WFP_s_Emergency_Preparedness_Policy_,Evaluation_of_WFP_s_Emergency_Preparedness_Policy_.pdf,Independent_evaluation,/Users/madhu/Desktop/WFP/wfp-taxonomy-analysis/py files/extracted/Evaluation_of_WFP_s_Emergency_Preparedness_Policy_.json,/Users/madhu/Desktop/WFP/wfp_reports/wfp_reports/Independent_evaluation/Evaluation_of_WFP_s_Emergency_Preparedness_Policy_.pdf,87,291895
Annual_Evaluation_Report_2024,Annual_Evaluation_Report_2024.pdf,Independent_evaluation,/Users/madhu/Desktop/WFP/wfp-taxonomy-analysis/py files/extracted/Annual_Evaluation_Report_2024.json,/Users/madhu/Desktop/WFP/wfp_reports/wfp_reports/Independent_evaluation/Annual_Evaluation_Report_2024.pdf,41,122541
Rwanda_Evaluation_of_Home_Grown_School_Feeding_202,Rwanda_Evaluation_of_Home_Grown_School_Feeding_202.pdf,Independent_evaluation,/Users/madhu/Desktop/WFP/wfp-taxonomy-analysis/py files/extracted/Rwanda_Evaluation_of_Home_Grown_School_Feeding_202.json,/Users/madhu/Desktop/WFP/wfp_reports/wfp_reports/Independent_evaluation/Rwanda_Evaluation_of_Home_Grown_School_Feeding_202.pdf,121,364567
Cambodia_KOICA_supported_Home_Grown_School_Feeding,Cambodia_KOICA_supported_Home_Grown_School_Feeding.pdf,Independent_evaluation,/Users/madhu/Desktop/WFP/wfp-taxonomy-analysis/py files/extracted/Cambodia_KOICA_supported_Home_Grown_School_Feeding.json,/Users/madhu/Desktop/WFP/wfp_reports/wfp_reports/Independent_evaluation/Cambodia_KOICA_supported_Home_Grown_School_Feeding.pdf,221,539977
Synthesis_of_evaluative_evidence_on_the_humanitari,Synthesis_of_evaluative_evidence_on_the_humanitari.pdf,Independent_evaluation,/Users/madhu/Desktop/WFP/wfp-taxonomy-analysis/py files/extracted/Synthesis_of_evaluative_evidence_on_the_humanitari.json,/Users/madhu/Desktop/WFP/wfp_reports/wfp_reports/Independent_evaluation/Synthesis_of_evaluative_evidence_on_the_humanitari.pdf,65,177183
Annual_Report_Strategic_Advisory_Panel_on_Impact_E,Annual_Report_Strategic_Advisory_Panel_on_Impact_E.pdf,Independent_evaluation,/Users/madhu/Desktop/WFP/wfp-taxonomy-analysis/py files/extracted/Annual_Report_Strategic_Advisory_Panel_on_Impact_E.json,/Users/madhu/Desktop/WFP/wfp_reports/wfp_reports/Independent_evaluation/Annual_Report_Strategic_Advisory_Panel_on_Impact_E.pdf,29,91918
After_Action_Review_Leveraging_4Ps_Programme_for_E,After_Action_Review_Leveraging_4Ps_Programme_for_E.pdf,Social_Protection_and_Safety_Nets,/Users/madhu/Desktop/WFP/wfp-taxonomy-analysis/py files/extracted/After_Action_Review_Leveraging_4Ps_Programme_for_E.json,/Users/madhu/Desktop/WFP/wfp_reports/wfp_reports/Social_Protection_and_Safety_Nets/After_Action_Review_Leveraging_4Ps_Programme_for_E.pdf,21,48710
Supporting_Social_Protection_Systems_in_the_Sahel_,Supporting_Social_Protection_Systems_in_the_Sahel_.pdf,Social_Protection_and_Safety_Nets,/Users/madhu/Desktop/WFP/wfp-taxonomy-analysis/py files/extracted/Supporting_Social_Protection_Systems_in_the_Sahel_.json,/Users/madhu/Desktop/WFP/wfp_reports/wfp_reports/Social_Protection_and_Safety_Nets/Supporting_Social_Protection_Systems_in_the_Sahel_.pdf,17,46811
Evaluation_of_Democratic_Republic_of_the_Congo_WFP,Evaluation_of_Democratic_Republic_of_the_Congo_WFP.pdf,Social_Protection_and_Safety_Nets,/Users/madhu/Desktop/WFP/wfp-taxonomy-analysis/py files/extracted/Evaluation_of_Democratic_Republic_of_the_Congo_WFP.json,/Users/madhu/Desktop/WFP/wfp_reports/wfp_reports/Social_Protection_and_Safety_Nets/Evaluation_of_Democratic_Republic_of_the_Congo_WFP.pdf,104,317414
Evaluation_of_the_EU_MADAD_Project_Strengthening_s,Evaluation_of_the_EU_MADAD_Project_Strengthening_s.pdf,Social_Protection_and_Safety_Nets,/Users/madhu/Desktop/WFP/wfp-taxonomy-analysis/py files/extracted/Evaluation_of_the_EU_MADAD_Project_Strengthening_s.json,/Users/madhu/Desktop/WFP/wfp_reports/wfp_reports/Social_Protection_and_Safety_Nets/Evaluation_of_the_EU_MADAD_Project_Strengthening_s.pdf,146,382099
Developmental_Evaluation_of_Catalyzing_Good_Food_T,Developmental_Evaluation_of_Catalyzing_Good_Food_T.pdf,Social_Protection_and_Safety_Nets,/Users/madhu/Desktop/WFP/wfp-taxonomy-analysis/py files/extracted/Developmental_Evaluation_of_Catalyzing_Good_Food_T.json,/Users/madhu/Desktop/WFP/wfp_reports/wfp_reports/Social_Protection_and_Safety_Nets/Developmental_Evaluation_of_Catalyzing_Good_Food_T.pdf,90,331479
Seasonal_Monitoring_in_Cambodia,Seasonal_Monitoring_in_Cambodia.pdf,Social_Protection_and_Safety_Nets,/Users/madhu/Desktop/WFP/wfp-taxonomy-analysis/py files/extracted/Seasonal_Monitoring_in_Cambodia.json,/Users/madhu/Desktop/WFP/wfp_reports/wfp_reports/Social_Protection_and_Safety_Nets/Seasonal_Monitoring_in_Cambodia.pdf,8,6360
The_State_of_School_Feeding_Worldwide,The_State_of_School_Feeding_Worldwide.pdf,Social_Protection_and_Safety_Nets,/Users/madhu/Desktop/WFP/wfp-taxonomy-analysis/py files/extracted/The_State_of_School_Feeding_Worldwide.json,/Users/madhu/Desktop/WFP/wfp_reports/wfp_reports/Social_Protection_and_Safety_Nets/The_State_of_School_Feeding_Worldwide.pdf,5,1588
Nutrition_at_the_Heart_of_WFP_s_Work_in_Madagascar,Nutrition_at_the_Heart_of_WFP_s_Work_in_Madagascar.pdf,Social_Protection_and_Safety_Nets,/Users/madhu/Desktop/WFP/wfp-taxonomy-analysis/py files/extracted/Nutrition_at_the_Heart_of_WFP_s_Work_in_Madagascar.json,/Users/madhu/Desktop/WFP/wfp_reports/wfp_reports/Social_Protection_and_Safety_Nets/Nutrition_at_the_Heart_of_WFP_s_Work_in_Madagascar.pdf,3,7904
Evaluation_of_Uganda_WFP_Country_Strategic_Plan_20,Evaluation_of_Uganda_WFP_Country_Strategic_Plan_20.pdf,Social_Protection_and_Safety_Nets,/Users/madhu/Desktop/WFP/wfp-taxonomy-analysis/py files/extracted/Evaluation_of_Uganda_WFP_Country_Strategic_Plan_20.json,/Users/madhu/Desktop/WFP/wfp_reports/wfp_reports/Social_Protection_and_Safety_Nets/Evaluation_of_Uganda_WFP_Country_Strategic_Plan_20.pdf,96,297321
Scaling_Up_of_the_Rapid_Rural_Transformation_RRT_I,Scaling_Up_of_the_Rapid_Rural_Transformation_RRT_I.pdf,Social_Protection_and_Safety_Nets,/Users/madhu/Desktop/WFP/wfp-taxonomy-analysis/py files/extracted/Scaling_Up_of_the_Rapid_Rural_Transformation_RRT_I.json,/Users/madhu/Desktop/WFP/wfp_reports/wfp_reports/Social_Protection_and_Safety_Nets/Scaling_Up_of_the_Rapid_Rural_Transformation_RRT_I.pdf,2,4289
WFP_Philippines_Super_Typhoon_Odette_Response,WFP_Philippines_Super_Typhoon_Odette_Response.pdf,Ambassadors_and_Celebrities,/Users/madhu/Desktop/WFP/wfp-taxonomy-analysis/py files/extracted/WFP_Philippines_Super_Typhoon_Odette_Response.json,/Users/madhu/Desktop/WFP/wfp_reports/wfp_reports/Ambassadors_and_Celebrities/WFP_Philippines_Super_Typhoon_Odette_Response.pdf,18,30071
Annual_country_reports_-_Burundi_-_2023_BI02,Annual_country_reports_-_Burundi_-_2023_BI02.pdf,Ambassadors_and_Celebrities,/Users/madhu/Desktop/WFP/wfp-taxonomy-analysis/py files/extracted/Annual_country_reports_-_Burundi_-_2023_BI02.json,/Users/madhu/Desktop/WFP/wfp_reports/wfp_reports/Ambassadors_and_Celebrities/Annual_country_reports_-_Burundi_-_2023_BI02.pdf,102,223677
Annual_country_reports_-_Burundi_-_2024_BI03,Annual_country_reports_-_Burundi_-_2024_BI03.pdf,Ambassadors_and_Celebrities,/Users/madhu/Desktop/WFP/wfp-taxonomy-analysis/py files/extracted/Annual_country_reports_-_Burundi_-_2024_BI03.json,/Users/madhu/Desktop/WFP/wfp_reports/wfp_reports/Ambassadors_and_Celebrities/Annual_country_reports_-_Burundi_-_2024_BI03.pdf,115,255616
Gaza_Food_Security_Assessment_December_2023,Gaza_Food_Security_Assessment_December_2023.pdf,Food_Security_Cluster,/Users/madhu/Desktop/WFP/wfp-taxonomy-analysis/py files/extracted/Gaza_Food_Security_Assessment_December_2023.json,/Users/madhu/Desktop/WFP/wfp_reports/wfp_reports/Food_Security_Cluster/Gaza_Food_Security_Assessment_December_2023.pdf,6,9321
Assessment_of_Rice_Fortification_Scheme_in_Malkang,Assessment_of_Rice_Fortification_Scheme_in_Malkang.pdf,Food_Security_Cluster,/Users/madhu/Desktop/WFP/wfp-taxonomy-analysis/py files/extracted/Assessment_of_Rice_Fortification_Scheme_in_Malkang.json,/Users/madhu/Desktop/WFP/wfp_reports/wfp_reports/Food_Security_Cluster/Assessment_of_Rice_Fortification_Scheme_in_Malkang.pdf,76,163255
UN_WFP_India_Quarterly_Bulletin_April_June_2023,UN_WFP_India_Quarterly_Bulletin_April_June_2023.pdf,Food_Security_Cluster,/Users/madhu/Desktop/WFP/wfp-taxonomy-analysis/py files/extracted/UN_WFP_India_Quarterly_Bulletin_April_June_2023.json,/Users/madhu/Desktop/WFP/wfp_reports/wfp_reports/Food_Security_Cluster/UN_WFP_India_Quarterly_Bulletin_April_June_2023.pdf,5,14057
Special_Report_FAO_WFP_Crop_and_Food_Security_Asse,Special_Report_FAO_WFP_Crop_and_Food_Security_Asse.pdf,Food_Security_Cluster,/Users/madhu/Desktop/WFP/wfp-taxonomy-analysis/py files/extracted/Special_Report_FAO_WFP_Crop_and_Food_Security_Asse.json,/Users/madhu/Desktop/WFP/wfp_reports/wfp_reports/Food_Security_Cluster/Special_Report_FAO_WFP_Crop_and_Food_Security_Asse.pdf,90,201396
Guatemala_Local_and_Regional_Food_Procurement_Poli,Guatemala_Local_and_Regional_Food_Procurement_Poli.pdf,Food_Security_Cluster,/Users/madhu/Desktop/WFP/wfp-taxonomy-analysis/py files/extracted/Guatemala_Local_and_Regional_Food_Procurement_Poli.json,/Users/madhu/Desktop/WFP/wfp_reports/wfp_reports/Food_Security_Cluster/Guatemala_Local_and_Regional_Food_Procurement_Poli.pdf,4,7736
FEEDING_RESILIENCE_Unraveling_the_Asia_Pacific_Foo,FEEDING_RESILIENCE_Unraveling_the_Asia_Pacific_Foo.pdf,Food_Security_Cluster,/Users/madhu/Desktop/WFP/wfp-taxonomy-analysis/py files/extracted/FEEDING_RESILIENCE_Unraveling_the_Asia_Pacific_Foo.json,/Users/madhu/Desktop/WFP/wfp_reports/wfp_reports/Food_Security_Cluster/FEEDING_RESILIENCE_Unraveling_the_Asia_Pacific_Foo.pdf,36,136847
Emergency_Preparedness_and_Response_in_Madagascar,Emergency_Preparedness_and_Response_in_Madagascar.pdf,Food_Security_Cluster,/Users/madhu/Desktop/WFP/wfp-taxonomy-analysis/py files/extracted/Emergency_Preparedness_and_Response_in_Madagascar.json,/Users/madhu/Desktop/WFP/wfp_reports/wfp_reports/Food_Security_Cluster/Emergency_Preparedness_and_Response_in_Madagascar.pdf,3,7955
2024_Innovative_Solutions_to_Climate_Change_Adapta,2024_Innovative_Solutions_to_Climate_Change_Adapta.pdf,Food_Security_Cluster,/Users/madhu/Desktop/WFP/wfp-taxonomy-analysis/py files/extracted/2024_Innovative_Solutions_to_Climate_Change_Adapta.json,/Users/madhu/Desktop/WFP/wfp_reports/wfp_reports/Food_Security_Cluster/2024_Innovative_Solutions_to_Climate_Change_Adapta.pdf,43,50121
Caribbean_Food_Security_and_Livelihoods_Survey_Reg,Caribbean_Food_Security_and_Livelihoods_Survey_Reg.pdf,Food_Security_Cluster,/Users/madhu/Desktop/WFP/wfp-taxonomy-analysis/py files/extracted/Caribbean_Food_Security_and_Livelihoods_Survey_Reg.json,/Users/madhu/Desktop/WFP/wfp_reports/wfp_reports/Food_Security_Cluster/Caribbean_Food_Security_and_Livelihoods_Survey_Reg.pdf,40,91516
Nutrition_Barrier_Analysis_Qualitative_Study_Repor,Nutrition_Barrier_Analysis_Qualitative_Study_Repor.pdf,Food_Security_Cluster,/Users/madhu/Desktop/WFP/wfp-taxonomy-analysis/py files/extracted/Nutrition_Barrier_Analysis_Qualitative_Study_Repor.json,/Users/madhu/Desktop/WFP/wfp_reports/wfp_reports/Food_Security_Cluster/Nutrition_Barrier_Analysis_Qualitative_Study_Repor.pdf,38,89600
CERFAM_Strategic_Plan_2020_2024,CERFAM_Strategic_Plan_2020_2024.pdf,Sustainable_development_goals,/Users/madhu/Desktop/WFP/wfp-taxonomy-analysis/py files/extracted/CERFAM_Strategic_Plan_2020_2024.json,/Users/madhu/Desktop/WFP/wfp_reports/wfp_reports/Sustainable_development_goals/CERFAM_Strategic_Plan_2020_2024.pdf,4,53
CERFAM_Strategic_Partnership_Framework_2020_2022,CERFAM_Strategic_Partnership_Framework_2020_2022.pdf,Sustainable_development_goals,/Users/madhu/Desktop/WFP/wfp-taxonomy-analysis/py files/extracted/CERFAM_Strategic_Partnership_Framework_2020_2022.json,/Users/madhu/Desktop/WFP/wfp_reports/wfp_reports/Sustainable_development_goals/CERFAM_Strategic_Partnership_Framework_2020_2022.pdf,4,12801
Clean_and_Modern_Energy_for_Cooking_A_Path_to_Food,Clean_and_Modern_Energy_for_Cooking_A_Path_to_Food.pdf,Sustainable_development_goals,/Users/madhu/Desktop/WFP/wfp-taxonomy-analysis/py files/extracted/Clean_and_Modern_Energy_for_Cooking_A_Path_to_Food.json,/Users/madhu/Desktop/WFP/wfp_reports/wfp_reports/Sustainable_development_goals/Clean_and_Modern_Energy_for_Cooking_A_Path_to_Food.pdf,32,62748
2022_Economic_Impact_Assessment_of_World_Food_Prog,2022_Economic_Impact_Assessment_of_World_Food_Prog.pdf,Sustainable_development_goals,/Users/madhu/Desktop/WFP/wfp-taxonomy-analysis/py files/extracted/2022_Economic_Impact_Assessment_of_World_Food_Prog.json,/Users/madhu/Desktop/WFP/wfp_reports/wfp_reports/Sustainable_development_goals/2022_Economic_Impact_Assessment_of_World_Food_Prog.pdf,35,73642
Unlocking_Sustainable_Solutions_through_Systems_Th,Unlocking_Sustainable_Solutions_through_Systems_Th.pdf,Sustainable_development_goals,/Users/madhu/Desktop/WFP/wfp-taxonomy-analysis/py files/extracted/Unlocking_Sustainable_Solutions_through_Systems_Th.json,/Users/madhu/Desktop/WFP/wfp_reports/wfp_reports/Sustainable_development_goals/Unlocking_Sustainable_Solutions_through_Systems_Th.pdf,62,140493
Feeding_Health_the_last_mile_on_HIV_WFP_s_global_s,Feeding_Health_the_last_mile_on_HIV_WFP_s_global_s.pdf,Sustainable_development_goals,/Users/madhu/Desktop/WFP/wfp-taxonomy-analysis/py files/extracted/Feeding_Health_the_last_mile_on_HIV_WFP_s_global_s.json,/Users/madhu/Desktop/WFP/wfp_reports/wfp_reports/Sustainable_development_goals/Feeding_Health_the_last_mile_on_HIV_WFP_s_global_s.pdf,24,45119
WFP_s_Strategy_to_improve_diets_and_address_malnut,WFP_s_Strategy_to_improve_diets_and_address_malnut.pdf,Sustainable_development_goals,/Users/madhu/Desktop/WFP/wfp-taxonomy-analysis/py files/extracted/WFP_s_Strategy_to_improve_diets_and_address_malnut.json,/Users/madhu/Desktop/WFP/wfp_reports/wfp_reports/Sustainable_development_goals/WFP_s_Strategy_to_improve_diets_and_address_malnut.pdf,52,76543
UN_WFP_India_Quarterly_Bulletins,UN_WFP_India_Quarterly_Bulletins.pdf,Sustainable_development_goals,/Users/madhu/Desktop/WFP/wfp-taxonomy-analysis/py files/extracted/UN_WFP_India_Quarterly_Bulletins.json,/Users/madhu/Desktop/WFP/wfp_reports/wfp_reports/Sustainable_development_goals/UN_WFP_India_Quarterly_Bulletins.pdf,4,9561
2022_Western_Africa_Annual_Achievements,2022_Western_Africa_Annual_Achievements.pdf,Sustainable_development_goals,/Users/madhu/Desktop/WFP/wfp-taxonomy-analysis/py files/extracted/2022_Western_Africa_Annual_Achievements.json,/Users/madhu/Desktop/WFP/wfp_reports/wfp_reports/Sustainable_development_goals/2022_Western_Africa_Annual_Achievements.pdf,64,159401
Corporate_Results_Framework_2022_2025,Corporate_Results_Framework_2022_2025.pdf,Sustainable_development_goals,/Users/madhu/Desktop/WFP/wfp-taxonomy-analysis/py files/extracted/Corporate_Results_Framework_2022_2025.json,/Users/madhu/Desktop/WFP/wfp_reports/wfp_reports/Sustainable_development_goals/Corporate_Results_Framework_2022_2025.pdf,51,121709
Annual_country_reports_-_Rwanda_-_2024_RW01,Annual_country_reports_-_Rwanda_-_2024_RW01.pdf,Analyses_and_assessments,/Users/madhu/Desktop/WFP/wfp-taxonomy-analysis/py files/extracted/Annual_country_reports_-_Rwanda_-_2024_RW01.json,/Users/madhu/Desktop/WFP/wfp_reports/wfp_reports/Analyses_and_assessments/Annual_country_reports_-_Rwanda_-_2024_RW01.pdf,85,215862
WFP_in_Asia_and_the_Pacific_2024_Year_in_Review,WFP_in_Asia_and_the_Pacific_2024_Year_in_Review.pdf,Analyses_and_assessments,/Users/madhu/Desktop/WFP/wfp-taxonomy-analysis/py files/extracted/WFP_in_Asia_and_the_Pacific_2024_Year_in_Review.json,/Users/madhu/Desktop/WFP/wfp_reports/wfp_reports/Analyses_and_assessments/WFP_in_Asia_and_the_Pacific_2024_Year_in_Review.pdf,7,15124
Annual_country_reports_-_Nigeria_-_2024_NG02,Annual_country_reports_-_Nigeria_-_2024_NG02.pdf,Analyses_and_assessments,/Users/madhu/Desktop/WFP/wfp-taxonomy-analysis/py files/extracted/Annual_country_reports_-_Nigeria_-_2024_NG02.json,/Users/madhu/Desktop/WFP/wfp_reports/wfp_reports/Analyses_and_assessments/Annual_country_reports_-_Nigeria_-_2024_NG02.pdf,87,214803
Sustainable_Healthy_Diets_in_Cambodia_Evidence_for,Sustainable_Healthy_Diets_in_Cambodia_Evidence_for.pdf,Analyses_and_assessments,/Users/madhu/Desktop/WFP/wfp-taxonomy-analysis/py files/extracted/Sustainable_Healthy_Diets_in_Cambodia_Evidence_for.json,/Users/madhu/Desktop/WFP/wfp_reports/wfp_reports/Analyses_and_assessments/Sustainable_Healthy_Diets_in_Cambodia_Evidence_for.pdf,8,22204
Annual_country_reports_-_Sao_Tome_and_Principe_-_2024_ST03,Annual_country_reports_-_Sao_Tome_and_Principe_-_2024_ST03.pdf,Analyses_and_assessments,/Users/madhu/Desktop/WFP/wfp-taxonomy-analysis/py files/extracted/Annual_country_reports_-_Sao_Tome_and_Principe_-_2024_ST03.json,/Users/madhu/Desktop/WFP/wfp_reports/wfp_reports/Analyses_and_assessments/Annual_country_reports_-_Sao_Tome_and_Principe_-_2024_ST03.pdf,50,108110
Annual_country_reports_-_Nicaragua_-_2024_NI02,Annual_country_reports_-_Nicaragua_-_2024_NI02.pdf,Analyses_and_assessments,/Users/madhu/Desktop/WFP/wfp-taxonomy-analysis/py files/extracted/Annual_country_reports_-_Nicaragua_-_2024_NI02.json,/Users/madhu/Desktop/WFP/wfp_reports/wfp_reports/Analyses_and_assessments/Annual_country_reports_-_Nicaragua_-_2024_NI02.pdf,71,162752
Annual_country_reports_-_Nicaragua_-_2024_NI03,Annual_country_reports_-_Nicaragua_-_2024_NI03.pdf,Analyses_and_assessments,/Users/madhu/Desktop/WFP/wfp-taxonomy-analysis/py files/extracted/Annual_country_reports_-_Nicaragua_-_2024_NI03.json,/Users/madhu/Desktop/WFP/wfp_reports/wfp_reports/Analyses_and_assessments/Annual_country_reports_-_Nicaragua_-_2024_NI03.pdf,63,142059
Annual_country_reports_-_Mauritania_-_2024_MR03,Annual_country_reports_-_Mauritania_-_2024_MR03.pdf,Analyses_and_assessments,/Users/madhu/Desktop/WFP/wfp-taxonomy-analysis/py files/extracted/Annual_country_reports_-_Mauritania_-_2024_MR03.json,/Users/madhu/Desktop/WFP/wfp_reports/wfp_reports/Analyses_and_assessments/Annual_country_reports_-_Mauritania_-_2024_MR03.pdf,91,233369
Annual_country_reports_-_Senegal_-_2024_SN02,Annual_country_reports_-_Senegal_-_2024_SN02.pdf,Analyses_and_assessments,/Users/madhu/Desktop/WFP/wfp-taxonomy-analysis/py files/extracted/Annual_country_reports_-_Senegal_-_2024_SN02.json,/Users/madhu/Desktop/WFP/wfp_reports/wfp_reports/Analyses_and_assessments/Annual_country_reports_-_Senegal_-_2024_SN02.pdf,82,184083
Annual_country_reports_-_Mauritania_-_2024_MR02,Annual_country_reports_-_Mauritania_-_2024_MR02.pdf,Analyses_and_assessments,/Users/madhu/Desktop/WFP/wfp-taxonomy-analysis/py files/extracted/Annual_country_reports_-_Mauritania_-_2024_MR02.json,/Users/madhu/Desktop/WFP/wfp_reports/wfp_reports/Analyses_and_assessments/Annual_country_reports_-_Mauritania_-_2024_MR02.pdf,74,152112
Annual_country_reports_-_Sao_Tome_and_Principe_-_2023_ST02,Annual_country_reports_-_Sao_Tome_and_Principe_-_2023_ST02.pdf,Analyses_and_assessments,/Users/madhu/Desktop/WFP/wfp-taxonomy-analysis/py files/extracted/Annual_country_reports_-_Sao_Tome_and_Principe_-_2023_ST02.json,/Users/madhu/Desktop/WFP/wfp_reports/wfp_reports/Analyses_and_assessments/Annual_country_reports_-_Sao_Tome_and_Principe_-_2023_ST02.pdf,46,97226
Annual_country_reports_-_Senegal_-_2023_SN02,Annual_country_reports_-_Senegal_-_2023_SN02.pdf,Analyses_and_assessments,/Users/madhu/Desktop/WFP/wfp-taxonomy-analysis/py files/extracted/Annual_country_reports_-_Senegal_-_2023_SN02.json,/Users/madhu/Desktop/WFP/wfp_reports/wfp_reports/Analyses_and_assessments/Annual_country_reports_-_Senegal_-_2023_SN02.pdf,72,165943
Annual_country_reports_-_Rwanda_-_2023_RW01,Annual_country_reports_-_Rwanda_-_2023_RW01.pdf,Analyses_and_assessments,/Users/madhu/Desktop/WFP/wfp-taxonomy-analysis/py files/extracted/Annual_country_reports_-_Rwanda_-_2023_RW01.json,/Users/madhu/Desktop/WFP/wfp_reports/wfp_reports/Analyses_and_assessments/Annual_country_reports_-_Rwanda_-_2023_RW01.pdf,78,198126
Annual_country_reports_-_Nigeria_-_2023_NG01,Annual_country_reports_-_Nigeria_-_2023_NG01.pdf,Analyses_and_assessments,/Users/madhu/Desktop/WFP/wfp-taxonomy-analysis/py files/extracted/Annual_country_reports_-_Nigeria_-_2023_NG01.json,/Users/madhu/Desktop/WFP/wfp_reports/wfp_reports/Analyses_and_assessments/Annual_country_reports_-_Nigeria_-_2023_NG01.pdf,72,148937
Special_Report_2024_FAO_WFP_Crop_and_Food_Security,Special_Report_2024_FAO_WFP_Crop_and_Food_Security.pdf,Analyses_and_assessments,/Users/madhu/Desktop/WFP/wfp-taxonomy-analysis/py files/extracted/Special_Report_2024_FAO_WFP_Crop_and_Food_Security.json,/Users/madhu/Desktop/WFP/wfp_reports/wfp_reports/Analyses_and_assessments/Special_Report_2024_FAO_WFP_Crop_and_Food_Security.pdf,86,218149
Food_Security_Impact_of_Reduction_in_WFP_Funding,Food_Security_Impact_of_Reduction_in_WFP_Funding.pdf,Analyses_and_assessments,/Users/madhu/Desktop/WFP/wfp-taxonomy-analysis/py files/extracted/Food_Security_Impact_of_Reduction_in_WFP_Funding.json,/Users/madhu/Desktop/WFP/wfp_reports/wfp_reports/Analyses_and_assessments/Food_Security_Impact_of_Reduction_in_WFP_Funding.pdf,3,6873
Annual_country_reports_-_Sierra_Leone_-_2023_SL02,Annual_country_reports_-_Sierra_Leone_-_2023_SL02.pdf,Analyses_and_assessments,/Users/madhu/Desktop/WFP/wfp-taxonomy-analysis/py files/extracted/Annual_country_reports_-_Sierra_Leone_-_2023_SL02.json,/Users/madhu/Desktop/WFP/wfp_reports/wfp_reports/Analyses_and_assessments/Annual_country_reports_-_Sierra_Leone_-_2023_SL02.pdf,64,135281
Caribbean_Food_Security_and_Livelihoods_Survey_Reg,Caribbean_Food_Security_and_Livelihoods_Survey_Reg.pdf,Analyses_and_assessments,/Users/madhu/Desktop/WFP/wfp-taxonomy-analysis/py files/extracted/Caribbean_Food_Security_and_Livelihoods_Survey_Reg.json,/Users/madhu/Desktop/WFP/wfp_reports/wfp_reports/Analyses_and_assessments/Caribbean_Food_Security_and_Livelihoods_Survey_Reg.pdf,40,91516
Annual_country_reports_-_Sierra_Leone_-_2024_SL02,Annual_country_reports_-_Sierra_Leone_-_2024_SL02.pdf,Analyses_and_assessments,/Users/madhu/Desktop/WFP/wfp-taxonomy-analysis/py files/extracted/Annual_country_reports_-_Sierra_Leone_-_2024_SL02.json,/Users/madhu/Desktop/WFP/wfp_reports/wfp_reports/Analyses_and_assessments/Annual_country_reports_-_Sierra_Leone_-_2024_SL02.pdf,70,141873
Annual_country_reports_-_Nicaragua_-_2024_NI02-checkpoint,Annual_country_reports_-_Nicaragua_-_2024_NI02-checkpoint.pdf,Analyses_and_assessments,/Users/madhu/Desktop/WFP/wfp-taxonomy-analysis/py files/extracted/Annual_country_reports_-_Nicaragua_-_2024_NI02-checkpoint.json,/Users/madhu/Desktop/WFP/wfp_reports/wfp_reports/Analyses_and_assessments/.ipynb_checkpoints/Annual_country_reports_-_Nicaragua_-_2024_NI02-checkpoint.pdf,71,162752
Infrastructure_in_emergencies,Infrastructure_in_emergencies.pdf,Engineering_services,/Users/madhu/Desktop/WFP/wfp-taxonomy-analysis/py files/extracted/Infrastructure_in_emergencies.json,/Users/madhu/Desktop/WFP/wfp_reports/wfp_reports/Engineering_services/Infrastructure_in_emergencies.pdf,2,3419
2023_WFP_Engineering_two_pager,2023_WFP_Engineering_two_pager.pdf,Engineering_services,/Users/madhu/Desktop/WFP/wfp-taxonomy-analysis/py files/extracted/2023_WFP_Engineering_two_pager.json,/Users/madhu/Desktop/WFP/wfp_reports/wfp_reports/Engineering_services/2023_WFP_Engineering_two_pager.pdf,2,968
WFP_Engineering_Service_catalogue,WFP_Engineering_Service_catalogue.pdf,Engineering_services,/Users/madhu/Desktop/WFP/wfp-taxonomy-analysis/py files/extracted/WFP_Engineering_Service_catalogue.json,/Users/madhu/Desktop/WFP/wfp_reports/wfp_reports/Engineering_services/WFP_Engineering_Service_catalogue.pdf,60,38934
WFP_SUPPORT_TO_THE_GOVERNMENT_OF_UGANDA_COVID_19_R,WFP_SUPPORT_TO_THE_GOVERNMENT_OF_UGANDA_COVID_19_R.pdf,Engineering_services,/Users/madhu/Desktop/WFP/wfp-taxonomy-analysis/py files/extracted/WFP_SUPPORT_TO_THE_GOVERNMENT_OF_UGANDA_COVID_19_R.json,/Users/madhu/Desktop/WFP/wfp_reports/wfp_reports/Engineering_services/WFP_SUPPORT_TO_THE_GOVERNMENT_OF_UGANDA_COVID_19_R.pdf,1,2907
Evaluation_of_WFP_s_Environmental_Policy,Evaluation_of_WFP_s_Environmental_Policy.pdf,Supply_chain,/Users/madhu/Desktop/WFP/wfp-taxonomy-analysis/py files/extracted/Evaluation_of_WFP_s_Environmental_Policy.json,/Users/madhu/Desktop/WFP/wfp_reports/wfp_reports/Supply_chain/Evaluation_of_WFP_s_Environmental_Policy.pdf,82,252352
Evaluation_synthesis_on_WFP_s_engagement_in_UN_hum,Evaluation_synthesis_on_WFP_s_engagement_in_UN_hum.pdf,Supply_chain,/Users/madhu/Desktop/WFP/wfp-taxonomy-analysis/py files/extracted/Evaluation_synthesis_on_WFP_s_engagement_in_UN_hum.json,/Users/madhu/Desktop/WFP/wfp_reports/wfp_reports/Supply_chain/Evaluation_synthesis_on_WFP_s_engagement_in_UN_hum.pdf,18,37719
Evaluation_of_WFP_s_Emergency_Preparedness_Policy_,Evaluation_of_WFP_s_Emergency_Preparedness_Policy_.pdf,Supply_chain,/Users/madhu/Desktop/WFP/wfp-taxonomy-analysis/py files/extracted/Evaluation_of_WFP_s_Emergency_Preparedness_Policy_.json,/Users/madhu/Desktop/WFP/wfp_reports/wfp_reports/Supply_chain/Evaluation_of_WFP_s_Emergency_Preparedness_Policy_.pdf,87,291895
Emergency_Preparedness_and_Response_in_Madagascar,Emergency_Preparedness_and_Response_in_Madagascar.pdf,Supply_chain,/Users/madhu/Desktop/WFP/wfp-taxonomy-analysis/py files/extracted/Emergency_Preparedness_and_Response_in_Madagascar.json,/Users/madhu/Desktop/WFP/wfp_reports/wfp_reports/Supply_chain/Emergency_Preparedness_and_Response_in_Madagascar.pdf,3,7955
End_of_Project_Report_HS3_Strengthening_public_hea,End_of_Project_Report_HS3_Strengthening_public_hea.pdf,Supply_chain,/Users/madhu/Desktop/WFP/wfp-taxonomy-analysis/py files/extracted/End_of_Project_Report_HS3_Strengthening_public_hea.json,/Users/madhu/Desktop/WFP/wfp_reports/wfp_reports/Supply_chain/End_of_Project_Report_HS3_Strengthening_public_hea.pdf,8,14550
2024_A_Year_in_Review_Pathways_to_Change,2024_A_Year_in_Review_Pathways_to_Change.pdf,Supply_chain,/Users/madhu/Desktop/WFP/wfp-taxonomy-analysis/py files/extracted/2024_A_Year_in_Review_Pathways_to_Change.json,/Users/madhu/Desktop/WFP/wfp_reports/wfp_reports/Supply_chain/2024_A_Year_in_Review_Pathways_to_Change.pdf,13,18219
Investing_in_Ukraine_s_economy_and_food_systems_fa,Investing_in_Ukraine_s_economy_and_food_systems_fa.pdf,Supply_chain,/Users/madhu/Desktop/WFP/wfp-taxonomy-analysis/py files/extracted/Investing_in_Ukraine_s_economy_and_food_systems_fa.json,/Users/madhu/Desktop/WFP/wfp_reports/wfp_reports/Supply_chain/Investing_in_Ukraine_s_economy_and_food_systems_fa.pdf,2,4564
2024_Procurement_Infographics,2024_Procurement_Infographics.pdf,Supply_chain,/Users/madhu/Desktop/WFP/wfp-taxonomy-analysis/py files/extracted/2024_Procurement_Infographics.json,/Users/madhu/Desktop/WFP/wfp_reports/wfp_reports/Supply_chain/2024_Procurement_Infographics.pdf,1,1317
Regional_Office_for_Eastern_and_Southern_Africa_No,Regional_Office_for_Eastern_and_Southern_Africa_No.pdf,Supply_chain,/Users/madhu/Desktop/WFP/wfp-taxonomy-analysis/py files/extracted/Regional_Office_for_Eastern_and_Southern_Africa_No.json,/Users/madhu/Desktop/WFP/wfp_reports/wfp_reports/Supply_chain/Regional_Office_for_Eastern_and_Southern_Africa_No.pdf,56,64565
UNHAS_Annual_Review_2024_Facilitating_global_human,UNHAS_Annual_Review_2024_Facilitating_global_human.pdf,Supply_chain,/Users/madhu/Desktop/WFP/wfp-taxonomy-analysis/py files/extracted/UNHAS_Annual_Review_2024_Facilitating_global_human.json,/Users/madhu/Desktop/WFP/wfp_reports/wfp_reports/Supply_chain/UNHAS_Annual_Review_2024_Facilitating_global_human.pdf,110,128001
Social_and_Behaviour_Change_Communication_Pre_Post,Social_and_Behaviour_Change_Communication_Pre_Post.pdf,Food_safety_and_quality,/Users/madhu/Desktop/WFP/wfp-taxonomy-analysis/py files/extracted/Social_and_Behaviour_Change_Communication_Pre_Post.json,/Users/madhu/Desktop/WFP/wfp_reports/wfp_reports/Food_safety_and_quality/Social_and_Behaviour_Change_Communication_Pre_Post.pdf,28,49085
School_Meals_Programme_in_Madagascar,School_Meals_Programme_in_Madagascar.pdf,Food_safety_and_quality,/Users/madhu/Desktop/WFP/wfp-taxonomy-analysis/py files/extracted/School_Meals_Programme_in_Madagascar.json,/Users/madhu/Desktop/WFP/wfp_reports/wfp_reports/Food_safety_and_quality/School_Meals_Programme_in_Madagascar.pdf,2,6370
WFP_Eastern_Africa_2021_Regional_Achievements_Outl,WFP_Eastern_Africa_2021_Regional_Achievements_Outl.pdf,Food_safety_and_quality,/Users/madhu/Desktop/WFP/wfp-taxonomy-analysis/py files/extracted/WFP_Eastern_Africa_2021_Regional_Achievements_Outl.json,/Users/madhu/Desktop/WFP/wfp_reports/wfp_reports/Food_safety_and_quality/WFP_Eastern_Africa_2021_Regional_Achievements_Outl.pdf,92,205673
School_Nutrition_Education_Material_for_Teachers_P,School_Nutrition_Education_Material_for_Teachers_P.pdf,Food_safety_and_quality,/Users/madhu/Desktop/WFP/wfp-taxonomy-analysis/py files/extracted/School_Nutrition_Education_Material_for_Teachers_P.json,/Users/madhu/Desktop/WFP/wfp_reports/wfp_reports/Food_safety_and_quality/School_Nutrition_Education_Material_for_Teachers_P.pdf,28,16176
WFP_Lebanon_Supply_Chain_Factsheet_July_2022,WFP_Lebanon_Supply_Chain_Factsheet_July_2022.pdf,Food_safety_and_quality,/Users/madhu/Desktop/WFP/wfp-taxonomy-analysis/py files/extracted/WFP_Lebanon_Supply_Chain_Factsheet_July_2022.json,/Users/madhu/Desktop/WFP/wfp_reports/wfp_reports/Food_safety_and_quality/WFP_Lebanon_Supply_Chain_Factsheet_July_2022.pdf,2,4871
Nutrition_Snapshot_2024,Nutrition_Snapshot_2024.pdf,Food_safety_and_quality,/Users/madhu/Desktop/WFP/wfp-taxonomy-analysis/py files/extracted/Nutrition_Snapshot_2024.json,/Users/madhu/Desktop/WFP/wfp_reports/wfp_reports/Food_safety_and_quality/Nutrition_Snapshot_2024.pdf,4,8288
Hurricane_Beryl_Jamaica_Cash_Assistance_Report_Aug,Hurricane_Beryl_Jamaica_Cash_Assistance_Report_Aug.pdf,Food_safety_and_quality,/Users/madhu/Desktop/WFP/wfp-taxonomy-analysis/py files/extracted/Hurricane_Beryl_Jamaica_Cash_Assistance_Report_Aug.json,/Users/madhu/Desktop/WFP/wfp_reports/wfp_reports/Food_safety_and_quality/Hurricane_Beryl_Jamaica_Cash_Assistance_Report_Aug.pdf,34,62616
Nutrition_at_the_Heart_of_WFP_s_Work_in_Madagascar,Nutrition_at_the_Heart_of_WFP_s_Work_in_Madagascar.pdf,Food_safety_and_quality,/Users/madhu/Desktop/WFP/wfp-taxonomy-analysis/py files/extracted/Nutrition_at_the_Heart_of_WFP_s_Work_in_Madagascar.json,/Users/madhu/Desktop/WFP/wfp_reports/wfp_reports/Food_safety_and_quality/Nutrition_at_the_Heart_of_WFP_s_Work_in_Madagascar.pdf,3,7904
Clean_cooking_solutions_in_Malawi,Clean_cooking_solutions_in_Malawi.pdf,Food_safety_and_quality,/Users/madhu/Desktop/WFP/wfp-taxonomy-analysis/py files/extracted/Clean_cooking_solutions_in_Malawi.json,/Users/madhu/Desktop/WFP/wfp_reports/wfp_reports/Food_safety_and_quality/Clean_cooking_solutions_in_Malawi.pdf,5,13803
WFP_Regional_Bureau_for_Eastern_Africa_Food_Safety,WFP_Regional_Bureau_for_Eastern_Africa_Food_Safety.pdf,Food_safety_and_quality,/Users/madhu/Desktop/WFP/wfp-taxonomy-analysis/py files/extracted/WFP_Regional_Bureau_for_Eastern_Africa_Food_Safety.json,/Users/madhu/Desktop/WFP/wfp_reports/wfp_reports/Food_safety_and_quality/WFP_Regional_Bureau_for_Eastern_Africa_Food_Safety.pdf,5,9915
Environmental_and_social_impact_assessment_report_,Environmental_and_social_impact_assessment_report_.pdf,Environmental_and_social_sustainability,/Users/madhu/Desktop/WFP/wfp-taxonomy-analysis/py files/extracted/Environmental_and_social_impact_assessment_report_.json,/Users/madhu/Desktop/WFP/wfp_reports/wfp_reports/Environmental_and_social_sustainability/Environmental_and_social_impact_assessment_report_.pdf,111,257532
WFP_s_Environmental_Plan_of_Action_2030,WFP_s_Environmental_Plan_of_Action_2030.pdf,Environmental_and_social_sustainability,/Users/madhu/Desktop/WFP/wfp-taxonomy-analysis/py files/extracted/WFP_s_Environmental_Plan_of_Action_2030.json,/Users/madhu/Desktop/WFP/wfp_reports/wfp_reports/Environmental_and_social_sustainability/WFP_s_Environmental_Plan_of_Action_2030.pdf,60,101900
Myanmar_Community_Resilience_Project_Environmental,Myanmar_Community_Resilience_Project_Environmental.pdf,Environmental_and_social_sustainability,/Users/madhu/Desktop/WFP/wfp-taxonomy-analysis/py files/extracted/Myanmar_Community_Resilience_Project_Environmental.json,/Users/madhu/Desktop/WFP/wfp_reports/wfp_reports/Environmental_and_social_sustainability/Myanmar_Community_Resilience_Project_Environmental.pdf,43,121843
Myanmar_Community_Support_Project_Environmental_an,Myanmar_Community_Support_Project_Environmental_an.pdf,Environmental_and_social_sustainability,/Users/madhu/Desktop/WFP/wfp-taxonomy-analysis/py files/extracted/Myanmar_Community_Support_Project_Environmental_an.json,/Users/madhu/Desktop/WFP/wfp_reports/wfp_reports/Environmental_and_social_sustainability/Myanmar_Community_Support_Project_Environmental_an.pdf,49,131403
The_future_of_food_systems_in_the_Amazon,The_future_of_food_systems_in_the_Amazon.pdf,Environmental_and_social_sustainability,/Users/madhu/Desktop/WFP/wfp-taxonomy-analysis/py files/extracted/The_future_of_food_systems_in_the_Amazon.json,/Users/madhu/Desktop/WFP/wfp_reports/wfp_reports/Environmental_and_social_sustainability/The_future_of_food_systems_in_the_Amazon.pdf,50,100156
Integrated_resilience_approach_in_Madagascar,Integrated_resilience_approach_in_Madagascar.pdf,Environmental_and_social_sustainability,/Users/madhu/Desktop/WFP/wfp-taxonomy-analysis/py files/extracted/Integrated_resilience_approach_in_Madagascar.json,/Users/madhu/Desktop/WFP/wfp_reports/wfp_reports/Environmental_and_social_sustainability/Integrated_resilience_approach_in_Madagascar.pdf,2,5187
Nutrition_Barrier_Analysis_Qualitative_Study_Repor,Nutrition_Barrier_Analysis_Qualitative_Study_Repor.pdf,Environmental_and_social_sustainability,/Users/madhu/Desktop/WFP/wfp-taxonomy-analysis/py files/extracted/Nutrition_Barrier_Analysis_Qualitative_Study_Repor.json,/Users/madhu/Desktop/WFP/wfp_reports/wfp_reports/Environmental_and_social_sustainability/Nutrition_Barrier_Analysis_Qualitative_Study_Repor.pdf,38,89600
WFP_Health_Emergency_Response_Project_Afghanistan,WFP_Health_Emergency_Response_Project_Afghanistan.pdf,Environmental_and_social_sustainability,/Users/madhu/Desktop/WFP/wfp-taxonomy-analysis/py files/extracted/WFP_Health_Emergency_Response_Project_Afghanistan.json,/Users/madhu/Desktop/WFP/wfp_reports/wfp_reports/Environmental_and_social_sustainability/WFP_Health_Emergency_Response_Project_Afghanistan.pdf,129,312120
Strengthening_Government_Institutions_for_Inclusiv,Strengthening_Government_Institutions_for_Inclusiv.pdf,Environmental_and_social_sustainability,/Users/madhu/Desktop/WFP/wfp-taxonomy-analysis/py files/extracted/Strengthening_Government_Institutions_for_Inclusiv.json,/Users/madhu/Desktop/WFP/wfp_reports/wfp_reports/Environmental_and_social_sustainability/Strengthening_Government_Institutions_for_Inclusiv.pdf,2,4680
WFP_Nutrition_and_HIV_in_Numbers_2024_An_overview_,WFP_Nutrition_and_HIV_in_Numbers_2024_An_overview_.pdf,Monitoring_evaluation_and_learning,/Users/madhu/Desktop/WFP/wfp-taxonomy-analysis/py files/extracted/WFP_Nutrition_and_HIV_in_Numbers_2024_An_overview_.json,/Users/madhu/Desktop/WFP/wfp_reports/wfp_reports/Monitoring_evaluation_and_learning/WFP_Nutrition_and_HIV_in_Numbers_2024_An_overview_.pdf,31,61544
Annual_country_reports_-_Benin_-_2023_BJ02,Annual_country_reports_-_Benin_-_2023_BJ02.pdf,Monitoring_evaluation_and_learning,/Users/madhu/Desktop/WFP/wfp-taxonomy-analysis/py files/extracted/Annual_country_reports_-_Benin_-_2023_BJ02.json,/Users/madhu/Desktop/WFP/wfp_reports/wfp_reports/Monitoring_evaluation_and_learning/Annual_country_reports_-_Benin_-_2023_BJ02.pdf,67,146411
Annual_country_reports_-_China_-_2023_CN02,Annual_country_reports_-_China_-_2023_CN02.pdf,Monitoring_evaluation_and_learning,/Users/madhu/Desktop/WFP/wfp-taxonomy-analysis/py files/extracted/Annual_country_reports_-_China_-_2023_CN02.json,/Users/madhu/Desktop/WFP/wfp_reports/wfp_reports/Monitoring_evaluation_and_learning/Annual_country_reports_-_China_-_2023_CN02.pdf,38,75146
Annual_country_reports_-_Bolivia_Plurinational_State_of_-_2024_BO03,Annual_country_reports_-_Bolivia_Plurinational_State_of_-_2024_BO03.pdf,Monitoring_evaluation_and_learning,/Users/madhu/Desktop/WFP/wfp-taxonomy-analysis/py files/extracted/Annual_country_reports_-_Bolivia_Plurinational_State_of_-_2024_BO03.json,/Users/madhu/Desktop/WFP/wfp_reports/wfp_reports/Monitoring_evaluation_and_learning/Annual_country_reports_-_Bolivia_Plurinational_State_of_-_2024_BO03.pdf,58,121730
Annual_country_reports_-_Burundi_-_2023_BI02,Annual_country_reports_-_Burundi_-_2023_BI02.pdf,Monitoring_evaluation_and_learning,/Users/madhu/Desktop/WFP/wfp-taxonomy-analysis/py files/extracted/Annual_country_reports_-_Burundi_-_2023_BI02.json,/Users/madhu/Desktop/WFP/wfp_reports/wfp_reports/Monitoring_evaluation_and_learning/Annual_country_reports_-_Burundi_-_2023_BI02.pdf,102,223677
Annual_country_reports_-_Bolivia_Plurinational_State_of_-_2023_BO03,Annual_country_reports_-_Bolivia_Plurinational_State_of_-_2023_BO03.pdf,Monitoring_evaluation_and_learning,/Users/madhu/Desktop/WFP/wfp-taxonomy-analysis/py files/extracted/Annual_country_reports_-_Bolivia_Plurinational_State_of_-_2023_BO03.json,/Users/madhu/Desktop/WFP/wfp_reports/wfp_reports/Monitoring_evaluation_and_learning/Annual_country_reports_-_Bolivia_Plurinational_State_of_-_2023_BO03.pdf,55,102462
Annual_country_reports_-_Algeria_-_2020_DZ02,Annual_country_reports_-_Algeria_-_2020_DZ02.pdf,Monitoring_evaluation_and_learning,/Users/madhu/Desktop/WFP/wfp-taxonomy-analysis/py files/extracted/Annual_country_reports_-_Algeria_-_2020_DZ02.json,/Users/madhu/Desktop/WFP/wfp_reports/wfp_reports/Monitoring_evaluation_and_learning/Annual_country_reports_-_Algeria_-_2020_DZ02.pdf,45,89821
Annual_country_reports_-_Burundi_-_2024_BI03,Annual_country_reports_-_Burundi_-_2024_BI03.pdf,Monitoring_evaluation_and_learning,/Users/madhu/Desktop/WFP/wfp-taxonomy-analysis/py files/extracted/Annual_country_reports_-_Burundi_-_2024_BI03.json,/Users/madhu/Desktop/WFP/wfp_reports/wfp_reports/Monitoring_evaluation_and_learning/Annual_country_reports_-_Burundi_-_2024_BI03.pdf,115,255616
Annual_Country_Reports_Cameroon,Annual_Country_Reports_Cameroon.pdf,Monitoring_evaluation_and_learning,/Users/madhu/Desktop/WFP/wfp-taxonomy-analysis/py files/extracted/Annual_Country_Reports_Cameroon.json,/Users/madhu/Desktop/WFP/wfp_reports/wfp_reports/Monitoring_evaluation_and_learning/Annual_Country_Reports_Cameroon.pdf,8,9492
Annual_country_reports_-_Benin_-_2024_BJ03,Annual_country_reports_-_Benin_-_2024_BJ03.pdf,Monitoring_evaluation_and_learning,/Users/madhu/Desktop/WFP/wfp-taxonomy-analysis/py files/extracted/Annual_country_reports_-_Benin_-_2024_BJ03.json,/Users/madhu/Desktop/WFP/wfp_reports/wfp_reports/Monitoring_evaluation_and_learning/Annual_country_reports_-_Benin_-_2024_BJ03.pdf,59,145357
Annual_country_reports_-_China_-_2024_CN02,Annual_country_reports_-_China_-_2024_CN02.pdf,Monitoring_evaluation_and_learning,/Users/madhu/Desktop/WFP/wfp-taxonomy-analysis/py files/extracted/Annual_country_reports_-_China_-_2024_CN02.json,/Users/madhu/Desktop/WFP/wfp_reports/wfp_reports/Monitoring_evaluation_and_learning/Annual_country_reports_-_China_-_2024_CN02.pdf,38,76714
Hurricane_Beryl_Jamaica_Cash_Assistance_Report_Aug,Hurricane_Beryl_Jamaica_Cash_Assistance_Report_Aug.pdf,Monitoring_evaluation_and_learning,/Users/madhu/Desktop/WFP/wfp-taxonomy-analysis/py files/extracted/Hurricane_Beryl_Jamaica_Cash_Assistance_Report_Aug.json,/Users/madhu/Desktop/WFP/wfp_reports/wfp_reports/Monitoring_evaluation_and_learning/Hurricane_Beryl_Jamaica_Cash_Assistance_Report_Aug.pdf,34,62616
Annual_country_reports_-_Armenia_-_2024_AM02,Annual_country_reports_-_Armenia_-_2024_AM02.pdf,Monitoring_evaluation_and_learning,/Users/madhu/Desktop/WFP/wfp-taxonomy-analysis/py files/extracted/Annual_country_reports_-_Armenia_-_2024_AM02.json,/Users/madhu/Desktop/WFP/wfp_reports/wfp_reports/Monitoring_evaluation_and_learning/Annual_country_reports_-_Armenia_-_2024_AM02.pdf,60,131741
Annual_country_reports_-_Burkina_Faso_-_2023_BF02,Annual_country_reports_-_Burkina_Faso_-_2023_BF02.pdf,Monitoring_evaluation_and_learning,/Users/madhu/Desktop/WFP/wfp-taxonomy-analysis/py files/extracted/Annual_country_reports_-_Burkina_Faso_-_2023_BF02.json,/Users/madhu/Desktop/WFP/wfp_reports/wfp_reports/Monitoring_evaluation_and_learning/Annual_country_reports_-_Burkina_Faso_-_2023_BF02.pdf,102,267556
Annual_country_reports_-_Côte_dIvoire_-_2024_CI02,Annual_country_reports_-_Côte_dIvoire_-_2024_CI02.pdf,Monitoring_evaluation_and_learning,/Users/madhu/Desktop/WFP/wfp-taxonomy-analysis/py files/extracted/Annual_country_reports_-_Côte_dIvoire_-_2024_CI02.json,/Users/madhu/Desktop/WFP/wfp_reports/wfp_reports/Monitoring_evaluation_and_learning/Annual_country_reports_-_Côte_dIvoire_-_2024_CI02.pdf,80,196485
Annual_country_reports_-_Central_African_Republic_-_2024_CF02,Annual_country_reports_-_Central_African_Republic_-_2024_CF02.pdf,Monitoring_evaluation_and_learning,/Users/madhu/Desktop/WFP/wfp-taxonomy-analysis/py files/extracted/Annual_country_reports_-_Central_African_Republic_-_2024_CF02.json,/Users/madhu/Desktop/WFP/wfp_reports/wfp_reports/Monitoring_evaluation_and_learning/Annual_country_reports_-_Central_African_Republic_-_2024_CF02.pdf,80,197336
Annual_country_reports_-_Central_African_Republic_-_2023_CF01,Annual_country_reports_-_Central_African_Republic_-_2023_CF01.pdf,Monitoring_evaluation_and_learning,/Users/madhu/Desktop/WFP/wfp-taxonomy-analysis/py files/extracted/Annual_country_reports_-_Central_African_Republic_-_2023_CF01.json,/Users/madhu/Desktop/WFP/wfp_reports/wfp_reports/Monitoring_evaluation_and_learning/Annual_country_reports_-_Central_African_Republic_-_2023_CF01.pdf,79,184594
Annual_country_reports_-_Armenia_-_2023_AM02,Annual_country_reports_-_Armenia_-_2023_AM02.pdf,Monitoring_evaluation_and_learning,/Users/madhu/Desktop/WFP/wfp-taxonomy-analysis/py files/extracted/Annual_country_reports_-_Armenia_-_2023_AM02.json,/Users/madhu/Desktop/WFP/wfp_reports/wfp_reports/Monitoring_evaluation_and_learning/Annual_country_reports_-_Armenia_-_2023_AM02.pdf,60,143325
Annual_country_reports_-_Burkina_Faso_-_2024_BF02,Annual_country_reports_-_Burkina_Faso_-_2024_BF02.pdf,Monitoring_evaluation_and_learning,/Users/madhu/Desktop/WFP/wfp-taxonomy-analysis/py files/extracted/Annual_country_reports_-_Burkina_Faso_-_2024_BF02.json,/Users/madhu/Desktop/WFP/wfp_reports/wfp_reports/Monitoring_evaluation_and_learning/Annual_country_reports_-_Burkina_Faso_-_2024_BF02.pdf,113,308777
Annual_country_reports_-_Côte_dIvoire_-_2023_CI02,Annual_country_reports_-_Côte_dIvoire_-_2023_CI02.pdf,Monitoring_evaluation_and_learning,/Users/madhu/Desktop/WFP/wfp-taxonomy-analysis/py files/extracted/Annual_country_reports_-_Côte_dIvoire_-_2023_CI02.json,/Users/madhu/Desktop/WFP/wfp_reports/wfp_reports/Monitoring_evaluation_and_learning/Annual_country_reports_-_Côte_dIvoire_-_2023_CI02.pdf,76,177223
2024_A_Year_in_Review_Pathways_to_Change,2024_A_Year_in_Review_Pathways_to_Change.pdf,Monitoring_evaluation_and_learning,/Users/madhu/Desktop/WFP/wfp-taxonomy-analysis/py files/extracted/2024_A_Year_in_Review_Pathways_to_Change.json,/Users/madhu/Desktop/WFP/wfp_reports/wfp_reports/Monitoring_evaluation_and_learning/2024_A_Year_in_Review_Pathways_to_Change.pdf,13,18219
Annual_country_reports_-_Algeria_-_2023_DZ02,Annual_country_reports_-_Algeria_-_2023_DZ02.pdf,Monitoring_evaluation_and_learning,/Users/madhu/Desktop/WFP/wfp-taxonomy-analysis/py files/extracted/Annual_country_reports_-_Algeria_-_2023_DZ02.json,/Users/madhu/Desktop/WFP/wfp_reports/wfp_reports/Monitoring_evaluation_and_learning/Annual_country_reports_-_Algeria_-_2023_DZ02.pdf,56,124295
Annual_country_reports_-_Chad_-_2024_TD01,Annual_country_reports_-_Chad_-_2024_TD01.pdf,Monitoring_evaluation_and_learning,/Users/madhu/Desktop/WFP/wfp-taxonomy-analysis/py files/extracted/Annual_country_reports_-_Chad_-_2024_TD01.json,/Users/madhu/Desktop/WFP/wfp_reports/wfp_reports/Monitoring_evaluation_and_learning/Annual_country_reports_-_Chad_-_2024_TD01.pdf,99,224344
Annual_country_reports_-_Chad_-_2024_TD02,Annual_country_reports_-_Chad_-_2024_TD02.pdf,Monitoring_evaluation_and_learning,/Users/madhu/Desktop/WFP/wfp-taxonomy-analysis/py files/extracted/Annual_country_reports_-_Chad_-_2024_TD02.json,/Users/madhu/Desktop/WFP/wfp_reports/wfp_reports/Monitoring_evaluation_and_learning/Annual_country_reports_-_Chad_-_2024_TD02.pdf,86,207231
After_Action_Review_Leveraging_4Ps_Programme_for_E,After_Action_Review_Leveraging_4Ps_Programme_for_E.pdf,Emergencies,/Users/madhu/Desktop/WFP/wfp-taxonomy-analysis/py files/extracted/After_Action_Review_Leveraging_4Ps_Programme_for_E.json,/Users/madhu/Desktop/WFP/wfp_reports/wfp_reports/Emergencies/After_Action_Review_Leveraging_4Ps_Programme_for_E.pdf,21,48710
Corporate_Emergency_Evaluation_of_WFP_s_Response_i,Corporate_Emergency_Evaluation_of_WFP_s_Response_i.pdf,Emergencies,/Users/madhu/Desktop/WFP/wfp-taxonomy-analysis/py files/extracted/Corporate_Emergency_Evaluation_of_WFP_s_Response_i.json,/Users/madhu/Desktop/WFP/wfp_reports/wfp_reports/Emergencies/Corporate_Emergency_Evaluation_of_WFP_s_Response_i.pdf,114,316512
WFP_Ukraine_Overview_July_2025,WFP_Ukraine_Overview_July_2025.pdf,Emergencies,/Users/madhu/Desktop/WFP/wfp-taxonomy-analysis/py files/extracted/WFP_Ukraine_Overview_July_2025.json,/Users/madhu/Desktop/WFP/wfp_reports/wfp_reports/Emergencies/WFP_Ukraine_Overview_July_2025.pdf,2,3794
WFP_at_a_Glance,WFP_at_a_Glance.pdf,Emergencies,/Users/madhu/Desktop/WFP/wfp-taxonomy-analysis/py files/extracted/WFP_at_a_Glance.json,/Users/madhu/Desktop/WFP/wfp_reports/wfp_reports/Emergencies/WFP_at_a_Glance.pdf,5,7059
2025_Gender_Protection_and_Inclusion_in_Anticipato,2025_Gender_Protection_and_Inclusion_in_Anticipato.pdf,Emergencies,/Users/madhu/Desktop/WFP/wfp-taxonomy-analysis/py files/extracted/2025_Gender_Protection_and_Inclusion_in_Anticipato.json,/Users/madhu/Desktop/WFP/wfp_reports/wfp_reports/Emergencies/2025_Gender_Protection_and_Inclusion_in_Anticipato.pdf,57,154601
Cash_assistance_and_social_benefits_in_Ukraine_Jul,Cash_assistance_and_social_benefits_in_Ukraine_Jul.pdf,Emergencies,/Users/madhu/Desktop/WFP/wfp-taxonomy-analysis/py files/extracted/Cash_assistance_and_social_benefits_in_Ukraine_Jul.json,/Users/madhu/Desktop/WFP/wfp_reports/wfp_reports/Emergencies/Cash_assistance_and_social_benefits_in_Ukraine_Jul.pdf,2,4864
Food_Security_Impact_of_Reduction_in_WFP_Funding,Food_Security_Impact_of_Reduction_in_WFP_Funding.pdf,Emergencies,/Users/madhu/Desktop/WFP/wfp-taxonomy-analysis/py files/extracted/Food_Security_Impact_of_Reduction_in_WFP_Funding.json,/Users/madhu/Desktop/WFP/wfp_reports/wfp_reports/Emergencies/Food_Security_Impact_of_Reduction_in_WFP_Funding.pdf,3,6873
Emergency_Preparedness_and_Response_in_Madagascar,Emergency_Preparedness_and_Response_in_Madagascar.pdf,Emergencies,/Users/madhu/Desktop/WFP/wfp-taxonomy-analysis/py files/extracted/Emergency_Preparedness_and_Response_in_Madagascar.json,/Users/madhu/Desktop/WFP/wfp_reports/wfp_reports/Emergencies/Emergency_Preparedness_and_Response_in_Madagascar.pdf,3,7955
WFP_Ukraine_Supporting_exports_of_Ukrainian_food_J,WFP_Ukraine_Supporting_exports_of_Ukrainian_food_J.pdf,Emergencies,/Users/madhu/Desktop/WFP/wfp-taxonomy-analysis/py files/extracted/WFP_Ukraine_Supporting_exports_of_Ukrainian_food_J.json,/Users/madhu/Desktop/WFP/wfp_reports/wfp_reports/Emergencies/WFP_Ukraine_Supporting_exports_of_Ukrainian_food_J.pdf,1,2300
Investing_in_Ukraine_s_economy_and_food_systems_fa,Investing_in_Ukraine_s_economy_and_food_systems_fa.pdf,Emergencies,/Users/madhu/Desktop/WFP/wfp-taxonomy-analysis/py files/extracted/Investing_in_Ukraine_s_economy_and_food_systems_fa.json,/Users/madhu/Desktop/WFP/wfp_reports/wfp_reports/Emergencies/Investing_in_Ukraine_s_economy_and_food_systems_fa.pdf,2,4564
World_Food_Programme_Pacific_Multi_Country_Office,World_Food_Programme_Pacific_Multi_Country_Office.pdf,Information_Technology_and_Telecommunications_in_Emergencies,/Users/madhu/Desktop/WFP/wfp-taxonomy-analysis/py files/extracted/World_Food_Programme_Pacific_Multi_Country_Office.json,/Users/madhu/Desktop/WFP/wfp_reports/wfp_reports/Information_Technology_and_Telecommunications_in_Emergencies/World_Food_Programme_Pacific_Multi_Country_Office.pdf,4,8496
2019_WFPFITTEST_Security_Telecommunications_Servic,2019_WFPFITTEST_Security_Telecommunications_Servic.pdf,Information_Technology_and_Telecommunications_in_Emergencies,/Users/madhu/Desktop/WFP/wfp-taxonomy-analysis/py files/extracted/2019_WFPFITTEST_Security_Telecommunications_Servic.json,/Users/madhu/Desktop/WFP/wfp_reports/wfp_reports/Information_Technology_and_Telecommunications_in_Emergencies/2019_WFPFITTEST_Security_Telecommunications_Servic.pdf,2,4234
WFP_FITTEST_Service_Components_2021,WFP_FITTEST_Service_Components_2021.pdf,Information_Technology_and_Telecommunications_in_Emergencies,/Users/madhu/Desktop/WFP/wfp-taxonomy-analysis/py files/extracted/WFP_FITTEST_Service_Components_2021.json,/Users/madhu/Desktop/WFP/wfp_reports/wfp_reports/Information_Technology_and_Telecommunications_in_Emergencies/WFP_FITTEST_Service_Components_2021.pdf,2,3442
Evaluation_synthesis_on_WFP_s_engagement_in_UN_hum,Evaluation_synthesis_on_WFP_s_engagement_in_UN_hum.pdf,Information_Technology_and_Telecommunications_in_Emergencies,/Users/madhu/Desktop/WFP/wfp-taxonomy-analysis/py files/extracted/Evaluation_synthesis_on_WFP_s_engagement_in_UN_hum.json,/Users/madhu/Desktop/WFP/wfp_reports/wfp_reports/Information_Technology_and_Telecommunications_in_Emergencies/Evaluation_synthesis_on_WFP_s_engagement_in_UN_hum.pdf,18,37719
A_world_of_WFP_FITTEST_2019,A_world_of_WFP_FITTEST_2019.pdf,Information_Technology_and_Telecommunications_in_Emergencies,/Users/madhu/Desktop/WFP/wfp-taxonomy-analysis/py files/extracted/A_world_of_WFP_FITTEST_2019.json,/Users/madhu/Desktop/WFP/wfp_reports/wfp_reports/Information_Technology_and_Telecommunications_in_Emergencies/A_world_of_WFP_FITTEST_2019.pdf,1,2749
FITTEST_Digital_Assistance_Surge_in_Ethiopia_2021,FITTEST_Digital_Assistance_Surge_in_Ethiopia_2021.pdf,Information_Technology_and_Telecommunications_in_Emergencies,/Users/madhu/Desktop/WFP/wfp-taxonomy-analysis/py files/extracted/FITTEST_Digital_Assistance_Surge_in_Ethiopia_2021.json,/Users/madhu/Desktop/WFP/wfp_reports/wfp_reports/Information_Technology_and_Telecommunications_in_Emergencies/FITTEST_Digital_Assistance_Surge_in_Ethiopia_2021.pdf,1,1432
FITTEST_Digital_Assistance_Surge_in_Niger_2021,FITTEST_Digital_Assistance_Surge_in_Niger_2021.pdf,Information_Technology_and_Telecommunications_in_Emergencies,/Users/madhu/Desktop/WFP/wfp-taxonomy-analysis/py files/extracted/FITTEST_Digital_Assistance_Surge_in_Niger_2021.json,/Users/madhu/Desktop/WFP/wfp_reports/wfp_reports/Information_Technology_and_Telecommunications_in_Emergencies/FITTEST_Digital_Assistance_Surge_in_Niger_2021.pdf,1,1318
WFP_FITTEST_Fast_Information_Technology_and_Teleco,WFP_FITTEST_Fast_Information_Technology_and_Teleco.pdf,Information_Technology_and_Telecommunications_in_Emergencies,/Users/madhu/Desktop/WFP/wfp-taxonomy-analysis/py files/extracted/WFP_FITTEST_Fast_Information_Technology_and_Teleco.json,/Users/madhu/Desktop/WFP/wfp_reports/wfp_reports/Information_Technology_and_Telecommunications_in_Emergencies/WFP_FITTEST_Fast_Information_Technology_and_Teleco.pdf,2,3905
2019_WFPFITTEST_Cash_based_transfers_and_SCOPE,2019_WFPFITTEST_Cash_based_transfers_and_SCOPE.pdf,Information_Technology_and_Telecommunications_in_Emergencies,/Users/madhu/Desktop/WFP/wfp-taxonomy-analysis/py files/extracted/2019_WFPFITTEST_Cash_based_transfers_and_SCOPE.json,/Users/madhu/Desktop/WFP/wfp_reports/wfp_reports/Information_Technology_and_Telecommunications_in_Emergencies/2019_WFPFITTEST_Cash_based_transfers_and_SCOPE.pdf,2,2823
WFP_FITTEST_Factsheet,WFP_FITTEST_Factsheet.pdf,Information_Technology_and_Telecommunications_in_Emergencies,/Users/madhu/Desktop/WFP/wfp-taxonomy-analysis/py files/extracted/WFP_FITTEST_Factsheet.json,/Users/madhu/Desktop/WFP/wfp_reports/wfp_reports/Information_Technology_and_Telecommunications_in_Emergencies/WFP_FITTEST_Factsheet.pdf,2,2811
Rwanda_Cash_based_transfers_on_food_security_and_g,Rwanda_Cash_based_transfers_on_food_security_and_g.pdf,Gender_equality,/Users/madhu/Desktop/WFP/wfp-taxonomy-analysis/py files/extracted/Rwanda_Cash_based_transfers_on_food_security_and_g.json,/Users/madhu/Desktop/WFP/wfp_reports/wfp_reports/Gender_equality/Rwanda_Cash_based_transfers_on_food_security_and_g.pdf,90,210888
Diagnostic_report_on_Gender_Social_Cohesion_Socio_,Diagnostic_report_on_Gender_Social_Cohesion_Socio_.pdf,Gender_equality,/Users/madhu/Desktop/WFP/wfp-taxonomy-analysis/py files/extracted/Diagnostic_report_on_Gender_Social_Cohesion_Socio_.json,/Users/madhu/Desktop/WFP/wfp_reports/wfp_reports/Gender_equality/Diagnostic_report_on_Gender_Social_Cohesion_Socio_.pdf,60,123438
2024_Women_s_Empowerment_In_Agriculture_Index_WEAI,2024_Women_s_Empowerment_In_Agriculture_Index_WEAI.pdf,Gender_equality,/Users/madhu/Desktop/WFP/wfp-taxonomy-analysis/py files/extracted/2024_Women_s_Empowerment_In_Agriculture_Index_WEAI.json,/Users/madhu/Desktop/WFP/wfp_reports/wfp_reports/Gender_equality/2024_Women_s_Empowerment_In_Agriculture_Index_WEAI.pdf,57,142859
Gender_Equality_and_Social_Inclusion_Factsheet_Jun,Gender_Equality_and_Social_Inclusion_Factsheet_Jun.pdf,Gender_equality,/Users/madhu/Desktop/WFP/wfp-taxonomy-analysis/py files/extracted/Gender_Equality_and_Social_Inclusion_Factsheet_Jun.json,/Users/madhu/Desktop/WFP/wfp_reports/wfp_reports/Gender_equality/Gender_Equality_and_Social_Inclusion_Factsheet_Jun.pdf,2,8009
Evaluation_of_Mali_Country_Strategic_Plan_2020_202,Evaluation_of_Mali_Country_Strategic_Plan_2020_202.pdf,Gender_equality,/Users/madhu/Desktop/WFP/wfp-taxonomy-analysis/py files/extracted/Evaluation_of_Mali_Country_Strategic_Plan_2020_202.json,/Users/madhu/Desktop/WFP/wfp_reports/wfp_reports/Gender_equality/Evaluation_of_Mali_Country_Strategic_Plan_2020_202.pdf,112,333683
WFP_s_engagement_in_middle_income_countries_2019_2,WFP_s_engagement_in_middle_income_countries_2019_2.pdf,Gender_equality,/Users/madhu/Desktop/WFP/wfp-taxonomy-analysis/py files/extracted/WFP_s_engagement_in_middle_income_countries_2019_2.json,/Users/madhu/Desktop/WFP/wfp_reports/wfp_reports/Gender_equality/WFP_s_engagement_in_middle_income_countries_2019_2.pdf,81,227210
WFP_Lebanon_Disability_Inclusion_Factsheet_2024,WFP_Lebanon_Disability_Inclusion_Factsheet_2024.pdf,Gender_equality,/Users/madhu/Desktop/WFP/wfp-taxonomy-analysis/py files/extracted/WFP_Lebanon_Disability_Inclusion_Factsheet_2024.json,/Users/madhu/Desktop/WFP/wfp_reports/wfp_reports/Gender_equality/WFP_Lebanon_Disability_Inclusion_Factsheet_2024.pdf,2,5959
Evaluation_of_Democratic_Republic_of_the_Congo_WFP,Evaluation_of_Democratic_Republic_of_the_Congo_WFP.pdf,Gender_equality,/Users/madhu/Desktop/WFP/wfp-taxonomy-analysis/py files/extracted/Evaluation_of_Democratic_Republic_of_the_Congo_WFP.json,/Users/madhu/Desktop/WFP/wfp_reports/wfp_reports/Gender_equality/Evaluation_of_Democratic_Republic_of_the_Congo_WFP.pdf,104,317414
Rwanda_Evaluation_of_WFP_and_Mastercard_Foundation,Rwanda_Evaluation_of_WFP_and_Mastercard_Foundation.pdf,Gender_equality,/Users/madhu/Desktop/WFP/wfp-taxonomy-analysis/py files/extracted/Rwanda_Evaluation_of_WFP_and_Mastercard_Foundation.json,/Users/madhu/Desktop/WFP/wfp_reports/wfp_reports/Gender_equality/Rwanda_Evaluation_of_WFP_and_Mastercard_Foundation.pdf,186,423426
Evaluation_of_Sierra_Leone_WFP_Country_Strategic_P,Evaluation_of_Sierra_Leone_WFP_Country_Strategic_P.pdf,Gender_equality,/Users/madhu/Desktop/WFP/wfp-taxonomy-analysis/py files/extracted/Evaluation_of_Sierra_Leone_WFP_Country_Strategic_P.json,/Users/madhu/Desktop/WFP/wfp_reports/wfp_reports/Gender_equality/Evaluation_of_Sierra_Leone_WFP_Country_Strategic_P.pdf,111,316941
Tanzania_Evaluation_of_the_Farm_to_Market_Alliance,Tanzania_Evaluation_of_the_Farm_to_Market_Alliance.pdf,Procurement,/Users/madhu/Desktop/WFP/wfp-taxonomy-analysis/py files/extracted/Tanzania_Evaluation_of_the_Farm_to_Market_Alliance.json,/Users/madhu/Desktop/WFP/wfp_reports/wfp_reports/Procurement/Tanzania_Evaluation_of_the_Farm_to_Market_Alliance.pdf,4,16110
2022_Procurement_Infographic,2022_Procurement_Infographic.pdf,Procurement,/Users/madhu/Desktop/WFP/wfp-taxonomy-analysis/py files/extracted/2022_Procurement_Infographic.json,/Users/madhu/Desktop/WFP/wfp_reports/wfp_reports/Procurement/2022_Procurement_Infographic.pdf,1,1477
2023_Procurement_Infographic,2023_Procurement_Infographic.pdf,Procurement,/Users/madhu/Desktop/WFP/wfp-taxonomy-analysis/py files/extracted/2023_Procurement_Infographic.json,/Users/madhu/Desktop/WFP/wfp_reports/wfp_reports/Procurement/2023_Procurement_Infographic.pdf,1,808
Guatemala_Local_and_Regional_Food_Procurement_Poli,Guatemala_Local_and_Regional_Food_Procurement_Poli.pdf,Procurement,/Users/madhu/Desktop/WFP/wfp-taxonomy-analysis/py files/extracted/Guatemala_Local_and_Regional_Food_Procurement_Poli.json,/Users/madhu/Desktop/WFP/wfp_reports/wfp_reports/Procurement/Guatemala_Local_and_Regional_Food_Procurement_Poli.pdf,4,7736
Summary_of_evaluation_evidence_USDA_McGovern_Dole_,Summary_of_evaluation_evidence_USDA_McGovern_Dole_.pdf,Procurement,/Users/madhu/Desktop/WFP/wfp-taxonomy-analysis/py files/extracted/Summary_of_evaluation_evidence_USDA_McGovern_Dole_.json,/Users/madhu/Desktop/WFP/wfp_reports/wfp_reports/Procurement/Summary_of_evaluation_evidence_USDA_McGovern_Dole_.pdf,4,12755
Kenya_USDA_supported_Local_and_Regional_Procuremen,Kenya_USDA_supported_Local_and_Regional_Procuremen.pdf,Procurement,/Users/madhu/Desktop/WFP/wfp-taxonomy-analysis/py files/extracted/Kenya_USDA_supported_Local_and_Regional_Procuremen.json,/Users/madhu/Desktop/WFP/wfp_reports/wfp_reports/Procurement/Kenya_USDA_supported_Local_and_Regional_Procuremen.pdf,135,342049
2024_Procurement_Infographics,2024_Procurement_Infographics.pdf,Procurement,/Users/madhu/Desktop/WFP/wfp-taxonomy-analysis/py files/extracted/2024_Procurement_Infographics.json,/Users/madhu/Desktop/WFP/wfp_reports/wfp_reports/Procurement/2024_Procurement_Infographics.pdf,1,1317
WFP_Regional_Bureau_for_Eastern_Africa_Agile_Regio,WFP_Regional_Bureau_for_Eastern_Africa_Agile_Regio.pdf,Procurement,/Users/madhu/Desktop/WFP/wfp-taxonomy-analysis/py files/extracted/WFP_Regional_Bureau_for_Eastern_Africa_Agile_Regio.json,/Users/madhu/Desktop/WFP/wfp_reports/wfp_reports/Procurement/WFP_Regional_Bureau_for_Eastern_Africa_Agile_Regio.pdf,5,4654
Skills_for_Livelihood_Opportunities_SLO_Global_Pro,Skills_for_Livelihood_Opportunities_SLO_Global_Pro.pdf,Sustainable_livelihoods_and_ecosystems,/Users/madhu/Desktop/WFP/wfp-taxonomy-analysis/py files/extracted/Skills_for_Livelihood_Opportunities_SLO_Global_Pro.json,/Users/madhu/Desktop/WFP/wfp_reports/wfp_reports/Sustainable_livelihoods_and_ecosystems/Skills_for_Livelihood_Opportunities_SLO_Global_Pro.pdf,4,9481
WFP_Pacific_2024_Tonga_mVAM_Bulletin_Oct_Nov_2024_,WFP_Pacific_2024_Tonga_mVAM_Bulletin_Oct_Nov_2024_.pdf,Sustainable_livelihoods_and_ecosystems,/Users/madhu/Desktop/WFP/wfp-taxonomy-analysis/py files/extracted/WFP_Pacific_2024_Tonga_mVAM_Bulletin_Oct_Nov_2024_.json,/Users/madhu/Desktop/WFP/wfp_reports/wfp_reports/Sustainable_livelihoods_and_ecosystems/WFP_Pacific_2024_Tonga_mVAM_Bulletin_Oct_Nov_2024_.pdf,4,11513
Regenerating_Ecosystems_and_Restoring_Livelihoods_,Regenerating_Ecosystems_and_Restoring_Livelihoods_.pdf,Sustainable_livelihoods_and_ecosystems,/Users/madhu/Desktop/WFP/wfp-taxonomy-analysis/py files/extracted/Regenerating_Ecosystems_and_Restoring_Livelihoods_.json,/Users/madhu/Desktop/WFP/wfp_reports/wfp_reports/Sustainable_livelihoods_and_ecosystems/Regenerating_Ecosystems_and_Restoring_Livelihoods_.pdf,4,10385
Integrated_resilience_approach_in_Madagascar,Integrated_resilience_approach_in_Madagascar.pdf,Sustainable_livelihoods_and_ecosystems,/Users/madhu/Desktop/WFP/wfp-taxonomy-analysis/py files/extracted/Integrated_resilience_approach_in_Madagascar.json,/Users/madhu/Desktop/WFP/wfp_reports/wfp_reports/Sustainable_livelihoods_and_ecosystems/Integrated_resilience_approach_in_Madagascar.pdf,2,5187
Nutrition_at_the_Heart_of_WFP_s_Work_in_Madagascar,Nutrition_at_the_Heart_of_WFP_s_Work_in_Madagascar.pdf,Sustainable_livelihoods_and_ecosystems,/Users/madhu/Desktop/WFP/wfp-taxonomy-analysis/py files/extracted/Nutrition_at_the_Heart_of_WFP_s_Work_in_Madagascar.json,/Users/madhu/Desktop/WFP/wfp_reports/wfp_reports/Sustainable_livelihoods_and_ecosystems/Nutrition_at_the_Heart_of_WFP_s_Work_in_Madagascar.pdf,3,7904
Malawi_Integrated_risk_management_and_climate_serv,Malawi_Integrated_risk_management_and_climate_serv.pdf,Sustainable_livelihoods_and_ecosystems,/Users/madhu/Desktop/WFP/wfp-taxonomy-analysis/py files/extracted/Malawi_Integrated_risk_management_and_climate_serv.json,/Users/madhu/Desktop/WFP/wfp_reports/wfp_reports/Sustainable_livelihoods_and_ecosystems/Malawi_Integrated_risk_management_and_climate_serv.pdf,71,144025
Strengthening_human_capital_for_resilience_and_foo,Strengthening_human_capital_for_resilience_and_foo.pdf,Sustainable_livelihoods_and_ecosystems,/Users/madhu/Desktop/WFP/wfp-taxonomy-analysis/py files/extracted/Strengthening_human_capital_for_resilience_and_foo.json,/Users/madhu/Desktop/WFP/wfp_reports/wfp_reports/Sustainable_livelihoods_and_ecosystems/Strengthening_human_capital_for_resilience_and_foo.pdf,4,9863
Caribbean_Food_Security_and_Livelihoods_Survey_Reg,Caribbean_Food_Security_and_Livelihoods_Survey_Reg.pdf,Sustainable_livelihoods_and_ecosystems,/Users/madhu/Desktop/WFP/wfp-taxonomy-analysis/py files/extracted/Caribbean_Food_Security_and_Livelihoods_Survey_Reg.json,/Users/madhu/Desktop/WFP/wfp_reports/wfp_reports/Sustainable_livelihoods_and_ecosystems/Caribbean_Food_Security_and_Livelihoods_Survey_Reg.pdf,40,91516
Strengthening_Government_Institutions_for_Inclusiv,Strengthening_Government_Institutions_for_Inclusiv.pdf,Sustainable_livelihoods_and_ecosystems,/Users/madhu/Desktop/WFP/wfp-taxonomy-analysis/py files/extracted/Strengthening_Government_Institutions_for_Inclusiv.json,/Users/madhu/Desktop/WFP/wfp_reports/wfp_reports/Sustainable_livelihoods_and_ecosystems/Strengthening_Government_Institutions_for_Inclusiv.pdf,2,4680
Scaling_Up_of_the_Rapid_Rural_Transformation_RRT_I,Scaling_Up_of_the_Rapid_Rural_Transformation_RRT_I.pdf,Sustainable_livelihoods_and_ecosystems,/Users/madhu/Desktop/WFP/wfp-taxonomy-analysis/py files/extracted/Scaling_Up_of_the_Rapid_Rural_Transformation_RRT_I.json,/Users/madhu/Desktop/WFP/wfp_reports/wfp_reports/Sustainable_livelihoods_and_ecosystems/Scaling_Up_of_the_Rapid_Rural_Transformation_RRT_I.pdf,2,4289
Integrating_Anticipatory_Action_in_Indonesia,Integrating_Anticipatory_Action_in_Indonesia.pdf,Climate_action,/Users/madhu/Desktop/WFP/wfp-taxonomy-analysis/py files/extracted/Integrating_Anticipatory_Action_in_Indonesia.json,/Users/madhu/Desktop/WFP/wfp_reports/wfp_reports/Climate_action/Integrating_Anticipatory_Action_in_Indonesia.pdf,12,27734
Sustainable_Healthy_Diets_in_Cambodia_Evidence_for,Sustainable_Healthy_Diets_in_Cambodia_Evidence_for.pdf,Climate_action,/Users/madhu/Desktop/WFP/wfp-taxonomy-analysis/py files/extracted/Sustainable_Healthy_Diets_in_Cambodia_Evidence_for.json,/Users/madhu/Desktop/WFP/wfp_reports/wfp_reports/Climate_action/Sustainable_Healthy_Diets_in_Cambodia_Evidence_for.pdf,8,22204
Senegal_Evaluation_of_Green_Climate_Fund_Project_2,Senegal_Evaluation_of_Green_Climate_Fund_Project_2.pdf,Climate_action,/Users/madhu/Desktop/WFP/wfp-taxonomy-analysis/py files/extracted/Senegal_Evaluation_of_Green_Climate_Fund_Project_2.json,/Users/madhu/Desktop/WFP/wfp_reports/wfp_reports/Climate_action/Senegal_Evaluation_of_Green_Climate_Fund_Project_2.pdf,80,258277
WFP_s_Role_in_Strengthening_Forecasting_Capabiliti,WFP_s_Role_in_Strengthening_Forecasting_Capabiliti.pdf,Climate_action,/Users/madhu/Desktop/WFP/wfp-taxonomy-analysis/py files/extracted/WFP_s_Role_in_Strengthening_Forecasting_Capabiliti.json,/Users/madhu/Desktop/WFP/wfp_reports/wfp_reports/Climate_action/WFP_s_Role_in_Strengthening_Forecasting_Capabiliti.pdf,4,8036
Strengthening_Early_Warning_Systems_for_Anticipato,Strengthening_Early_Warning_Systems_for_Anticipato.pdf,Climate_action,/Users/madhu/Desktop/WFP/wfp-taxonomy-analysis/py files/extracted/Strengthening_Early_Warning_Systems_for_Anticipato.json,/Users/madhu/Desktop/WFP/wfp_reports/wfp_reports/Climate_action/Strengthening_Early_Warning_Systems_for_Anticipato.pdf,6,9364
WFP_at_a_Glance,WFP_at_a_Glance.pdf,Climate_action,/Users/madhu/Desktop/WFP/wfp-taxonomy-analysis/py files/extracted/WFP_at_a_Glance.json,/Users/madhu/Desktop/WFP/wfp_reports/wfp_reports/Climate_action/WFP_at_a_Glance.pdf,5,7059
Macro_level_Disaster_Risk_Financing_for_vulnerable,Macro_level_Disaster_Risk_Financing_for_vulnerable.pdf,Climate_action,/Users/madhu/Desktop/WFP/wfp-taxonomy-analysis/py files/extracted/Macro_level_Disaster_Risk_Financing_for_vulnerable.json,/Users/madhu/Desktop/WFP/wfp_reports/wfp_reports/Climate_action/Macro_level_Disaster_Risk_Financing_for_vulnerable.pdf,3,12877
2025_Gender_Protection_and_Inclusion_in_Anticipato,2025_Gender_Protection_and_Inclusion_in_Anticipato.pdf,Climate_action,/Users/madhu/Desktop/WFP/wfp-taxonomy-analysis/py files/extracted/2025_Gender_Protection_and_Inclusion_in_Anticipato.json,/Users/madhu/Desktop/WFP/wfp_reports/wfp_reports/Climate_action/2025_Gender_Protection_and_Inclusion_in_Anticipato.pdf,57,154601
Summary_of_evaluation_evidence_WFP_s_actions_to_ad,Summary_of_evaluation_evidence_WFP_s_actions_to_ad.pdf,Climate_action,/Users/madhu/Desktop/WFP/wfp-taxonomy-analysis/py files/extracted/Summary_of_evaluation_evidence_WFP_s_actions_to_ad.json,/Users/madhu/Desktop/WFP/wfp_reports/wfp_reports/Climate_action/Summary_of_evaluation_evidence_WFP_s_actions_to_ad.pdf,4,14280
Scaling_Up_of_the_Rapid_Rural_Transformation_RRT_I,Scaling_Up_of_the_Rapid_Rural_Transformation_RRT_I.pdf,Climate_action,/Users/madhu/Desktop/WFP/wfp-taxonomy-analysis/py files/extracted/Scaling_Up_of_the_Rapid_Rural_Transformation_RRT_I.json,/Users/madhu/Desktop/WFP/wfp_reports/wfp_reports/Climate_action/Scaling_Up_of_the_Rapid_Rural_Transformation_RRT_I.pdf,2,4289
Gender_Equality_and_Social_Inclusion_Factsheet_Jun,Gender_Equality_and_Social_Inclusion_Factsheet_Jun.pdf,Partnerships,/Users/madhu/Desktop/WFP/wfp-taxonomy-analysis/py files/extracted/Gender_Equality_and_Social_Inclusion_Factsheet_Jun.json,/Users/madhu/Desktop/WFP/wfp_reports/wfp_reports/Partnerships/Gender_Equality_and_Social_Inclusion_Factsheet_Jun.pdf,2,8009
Supporting_Social_Protection_Systems_in_the_Sahel_,Supporting_Social_Protection_Systems_in_the_Sahel_.pdf,Partnerships,/Users/madhu/Desktop/WFP/wfp-taxonomy-analysis/py files/extracted/Supporting_Social_Protection_Systems_in_the_Sahel_.json,/Users/madhu/Desktop/WFP/wfp_reports/wfp_reports/Partnerships/Supporting_Social_Protection_Systems_in_the_Sahel_.pdf,17,46811
WFP_s_Role_in_Strengthening_Forecasting_Capabiliti,WFP_s_Role_in_Strengthening_Forecasting_Capabiliti.pdf,Partnerships,/Users/madhu/Desktop/WFP/wfp-taxonomy-analysis/py files/extracted/WFP_s_Role_in_Strengthening_Forecasting_Capabiliti.json,/Users/madhu/Desktop/WFP/wfp_reports/wfp_reports/Partnerships/WFP_s_Role_in_Strengthening_Forecasting_Capabiliti.pdf,4,8036
Evaluation_of_Democratic_Republic_of_the_Congo_WFP,Evaluation_of_Democratic_Republic_of_the_Congo_WFP.pdf,Partnerships,/Users/madhu/Desktop/WFP/wfp-taxonomy-analysis/py files/extracted/Evaluation_of_Democratic_Republic_of_the_Congo_WFP.json,/Users/madhu/Desktop/WFP/wfp_reports/wfp_reports/Partnerships/Evaluation_of_Democratic_Republic_of_the_Congo_WFP.pdf,104,317414
Evaluation_synthesis_on_WFP_s_engagement_in_UN_hum,Evaluation_synthesis_on_WFP_s_engagement_in_UN_hum.pdf,Partnerships,/Users/madhu/Desktop/WFP/wfp-taxonomy-analysis/py files/extracted/Evaluation_synthesis_on_WFP_s_engagement_in_UN_hum.json,/Users/madhu/Desktop/WFP/wfp_reports/wfp_reports/Partnerships/Evaluation_synthesis_on_WFP_s_engagement_in_UN_hum.pdf,18,37719
WFP_Annual_Report_on_Flexible_Funding_2024,WFP_Annual_Report_on_Flexible_Funding_2024.pdf,Partnerships,/Users/madhu/Desktop/WFP/wfp-taxonomy-analysis/py files/extracted/WFP_Annual_Report_on_Flexible_Funding_2024.json,/Users/madhu/Desktop/WFP/wfp_reports/wfp_reports/Partnerships/WFP_Annual_Report_on_Flexible_Funding_2024.pdf,44,64638
2025_Climate_Services_Accelerator_Programme,2025_Climate_Services_Accelerator_Programme.pdf,Partnerships,/Users/madhu/Desktop/WFP/wfp-taxonomy-analysis/py files/extracted/2025_Climate_Services_Accelerator_Programme.json,/Users/madhu/Desktop/WFP/wfp_reports/wfp_reports/Partnerships/2025_Climate_Services_Accelerator_Programme.pdf,4,6408
WFP_Lebanon_2025_Mid_Year_Highlights,WFP_Lebanon_2025_Mid_Year_Highlights.pdf,Partnerships,/Users/madhu/Desktop/WFP/wfp-taxonomy-analysis/py files/extracted/WFP_Lebanon_2025_Mid_Year_Highlights.json,/Users/madhu/Desktop/WFP/wfp_reports/wfp_reports/Partnerships/WFP_Lebanon_2025_Mid_Year_Highlights.pdf,2,7918
End_of_Project_Report_HS3_Strengthening_public_hea,End_of_Project_Report_HS3_Strengthening_public_hea.pdf,Partnerships,/Users/madhu/Desktop/WFP/wfp-taxonomy-analysis/py files/extracted/End_of_Project_Report_HS3_Strengthening_public_hea.json,/Users/madhu/Desktop/WFP/wfp_reports/wfp_reports/Partnerships/End_of_Project_Report_HS3_Strengthening_public_hea.pdf,8,14550
Burundi_Joint_evaluation_of_the_project_Combating_,Burundi_Joint_evaluation_of_the_project_Combating_.pdf,Partnerships,/Users/madhu/Desktop/WFP/wfp-taxonomy-analysis/py files/extracted/Burundi_Joint_evaluation_of_the_project_Combating_.json,/Users/madhu/Desktop/WFP/wfp_reports/wfp_reports/Partnerships/Burundi_Joint_evaluation_of_the_project_Combating_.pdf,23,63263
NUTRITION_ET_VIH_Manuel_du_formateur,NUTRITION_ET_VIH_Manuel_du_formateur.pdf,HIV_and_tuberculosis,/Users/madhu/Desktop/WFP/wfp-taxonomy-analysis/py files/extracted/NUTRITION_ET_VIH_Manuel_du_formateur.json,/Users/madhu/Desktop/WFP/wfp_reports/wfp_reports/HIV_and_tuberculosis/NUTRITION_ET_VIH_Manuel_du_formateur.pdf,100,207716
Social_protection_food_security_and_nutrition_Crit,Social_protection_food_security_and_nutrition_Crit.pdf,HIV_and_tuberculosis,/Users/madhu/Desktop/WFP/wfp-taxonomy-analysis/py files/extracted/Social_protection_food_security_and_nutrition_Crit.json,/Users/madhu/Desktop/WFP/wfp_reports/wfp_reports/HIV_and_tuberculosis/Social_protection_food_security_and_nutrition_Crit.pdf,12,44552
Strategic_Evaluation_of_WFP_s_Work_on_Nutrition_an,Strategic_Evaluation_of_WFP_s_Work_on_Nutrition_an.pdf,HIV_and_tuberculosis,/Users/madhu/Desktop/WFP/wfp-taxonomy-analysis/py files/extracted/Strategic_Evaluation_of_WFP_s_Work_on_Nutrition_an.json,/Users/madhu/Desktop/WFP/wfp_reports/wfp_reports/HIV_and_tuberculosis/Strategic_Evaluation_of_WFP_s_Work_on_Nutrition_an.pdf,204,628747
evaluation_financing_report_en,evaluation_financing_report_en.pdf,HIV_and_tuberculosis,/Users/madhu/Desktop/WFP/wfp-taxonomy-analysis/py files/extracted/evaluation_financing_report_en.json,/Users/madhu/Desktop/WFP/wfp_reports/wfp_reports/HIV_and_tuberculosis/evaluation_financing_report_en.pdf,74,238777
Evaluation_of_Zimbabwe_WFP_Country_Strategic_Plan_,Evaluation_of_Zimbabwe_WFP_Country_Strategic_Plan_.pdf,HIV_and_tuberculosis,/Users/madhu/Desktop/WFP/wfp-taxonomy-analysis/py files/extracted/Evaluation_of_Zimbabwe_WFP_Country_Strategic_Plan_.json,/Users/madhu/Desktop/WFP/wfp_reports/wfp_reports/HIV_and_tuberculosis/Evaluation_of_Zimbabwe_WFP_Country_Strategic_Plan_.pdf,223,539431
Nutrition_at_the_Heart_of_WFP_s_Work_in_Madagascar,Nutrition_at_the_Heart_of_WFP_s_Work_in_Madagascar.pdf,HIV_and_tuberculosis,/Users/madhu/Desktop/WFP/wfp-taxonomy-analysis/py files/extracted/Nutrition_at_the_Heart_of_WFP_s_Work_in_Madagascar.json,/Users/madhu/Desktop/WFP/wfp_reports/wfp_reports/HIV_and_tuberculosis/Nutrition_at_the_Heart_of_WFP_s_Work_in_Madagascar.pdf,3,7904
2023_HIV_year_in_review,2023_HIV_year_in_review.pdf,HIV_and_tuberculosis,/Users/madhu/Desktop/WFP/wfp-taxonomy-analysis/py files/extracted/2023_HIV_year_in_review.json,/Users/madhu/Desktop/WFP/wfp_reports/wfp_reports/HIV_and_tuberculosis/2023_HIV_year_in_review.pdf,6,10703
Feeding_Health_the_last_mile_on_HIV_WFP_s_global_s,Feeding_Health_the_last_mile_on_HIV_WFP_s_global_s.pdf,HIV_and_tuberculosis,/Users/madhu/Desktop/WFP/wfp-taxonomy-analysis/py files/extracted/Feeding_Health_the_last_mile_on_HIV_WFP_s_global_s.json,/Users/madhu/Desktop/WFP/wfp_reports/wfp_reports/HIV_and_tuberculosis/Feeding_Health_the_last_mile_on_HIV_WFP_s_global_s.pdf,24,45119
Evaluation_Synthesis_of_WFP_s_Performance_Measurem,Evaluation_Synthesis_of_WFP_s_Performance_Measurem.pdf,HIV_and_tuberculosis,/Users/madhu/Desktop/WFP/wfp-taxonomy-analysis/py files/extracted/Evaluation_Synthesis_of_WFP_s_Performance_Measurem.json,/Users/madhu/Desktop/WFP/wfp_reports/wfp_reports/HIV_and_tuberculosis/Evaluation_Synthesis_of_WFP_s_Performance_Measurem.pdf,131,333893
hiv-social-protection-evaluation_en,hiv-social-protection-evaluation_en.pdf,HIV_and_tuberculosis,/Users/madhu/Desktop/WFP/wfp-taxonomy-analysis/py files/extracted/hiv-social-protection-evaluation_en.json,/Users/madhu/Desktop/WFP/wfp_reports/wfp_reports/HIV_and_tuberculosis/hiv-social-protection-evaluation_en.pdf,94,275920
Tanzania_Evaluation_of_the_Farm_to_Market_Alliance,Tanzania_Evaluation_of_the_Farm_to_Market_Alliance.pdf,Smallholder_agricultural_market_support,/Users/madhu/Desktop/WFP/wfp-taxonomy-analysis/py files/extracted/Tanzania_Evaluation_of_the_Farm_to_Market_Alliance.json,/Users/madhu/Desktop/WFP/wfp_reports/wfp_reports/Smallholder_agricultural_market_support/Tanzania_Evaluation_of_the_Farm_to_Market_Alliance.pdf,4,16110
The_role_of_clean_energy_in_food_value_chains,The_role_of_clean_energy_in_food_value_chains.pdf,Smallholder_agricultural_market_support,/Users/madhu/Desktop/WFP/wfp-taxonomy-analysis/py files/extracted/The_role_of_clean_energy_in_food_value_chains.json,/Users/madhu/Desktop/WFP/wfp_reports/wfp_reports/Smallholder_agricultural_market_support/The_role_of_clean_energy_in_food_value_chains.pdf,9,22553
Ghana_Farmer_support_activity_Impact_Evaluation,Ghana_Farmer_support_activity_Impact_Evaluation.pdf,Smallholder_agricultural_market_support,/Users/madhu/Desktop/WFP/wfp-taxonomy-analysis/py files/extracted/Ghana_Farmer_support_activity_Impact_Evaluation.json,/Users/madhu/Desktop/WFP/wfp_reports/wfp_reports/Smallholder_agricultural_market_support/Ghana_Farmer_support_activity_Impact_Evaluation.pdf,90,165838
School_Meals_Programme_in_Madagascar,School_Meals_Programme_in_Madagascar.pdf,Smallholder_agricultural_market_support,/Users/madhu/Desktop/WFP/wfp-taxonomy-analysis/py files/extracted/School_Meals_Programme_in_Madagascar.json,/Users/madhu/Desktop/WFP/wfp_reports/wfp_reports/Smallholder_agricultural_market_support/School_Meals_Programme_in_Madagascar.pdf,2,6370
Evaluation_of_Democratic_Republic_of_the_Congo_WFP,Evaluation_of_Democratic_Republic_of_the_Congo_WFP.pdf,Smallholder_agricultural_market_support,/Users/madhu/Desktop/WFP/wfp-taxonomy-analysis/py files/extracted/Evaluation_of_Democratic_Republic_of_the_Congo_WFP.json,/Users/madhu/Desktop/WFP/wfp_reports/wfp_reports/Smallholder_agricultural_market_support/Evaluation_of_Democratic_Republic_of_the_Congo_WFP.pdf,104,317414
Developmental_Evaluation_of_Catalyzing_Good_Food_T,Developmental_Evaluation_of_Catalyzing_Good_Food_T.pdf,Smallholder_agricultural_market_support,/Users/madhu/Desktop/WFP/wfp-taxonomy-analysis/py files/extracted/Developmental_Evaluation_of_Catalyzing_Good_Food_T.json,/Users/madhu/Desktop/WFP/wfp_reports/wfp_reports/Smallholder_agricultural_market_support/Developmental_Evaluation_of_Catalyzing_Good_Food_T.pdf,90,331479
Integrated_resilience_approach_in_Madagascar,Integrated_resilience_approach_in_Madagascar.pdf,Smallholder_agricultural_market_support,/Users/madhu/Desktop/WFP/wfp-taxonomy-analysis/py files/extracted/Integrated_resilience_approach_in_Madagascar.json,/Users/madhu/Desktop/WFP/wfp_reports/wfp_reports/Smallholder_agricultural_market_support/Integrated_resilience_approach_in_Madagascar.pdf,2,5187
Sudan_Emergency_Wheat_Production_Project_Final_eva,Sudan_Emergency_Wheat_Production_Project_Final_eva.pdf,Smallholder_agricultural_market_support,/Users/madhu/Desktop/WFP/wfp-taxonomy-analysis/py files/extracted/Sudan_Emergency_Wheat_Production_Project_Final_eva.json,/Users/madhu/Desktop/WFP/wfp_reports/wfp_reports/Smallholder_agricultural_market_support/Sudan_Emergency_Wheat_Production_Project_Final_eva.pdf,38,93760
Evaluation_of_Uganda_WFP_Country_Strategic_Plan_20,Evaluation_of_Uganda_WFP_Country_Strategic_Plan_20.pdf,Smallholder_agricultural_market_support,/Users/madhu/Desktop/WFP/wfp-taxonomy-analysis/py files/extracted/Evaluation_of_Uganda_WFP_Country_Strategic_Plan_20.json,/Users/madhu/Desktop/WFP/wfp_reports/wfp_reports/Smallholder_agricultural_market_support/Evaluation_of_Uganda_WFP_Country_Strategic_Plan_20.pdf,96,297321
Scaling_Up_of_the_Rapid_Rural_Transformation_RRT_I,Scaling_Up_of_the_Rapid_Rural_Transformation_RRT_I.pdf,Smallholder_agricultural_market_support,/Users/madhu/Desktop/WFP/wfp-taxonomy-analysis/py files/extracted/Scaling_Up_of_the_Rapid_Rural_Transformation_RRT_I.json,/Users/madhu/Desktop/WFP/wfp_reports/wfp_reports/Smallholder_agricultural_market_support/Scaling_Up_of_the_Rapid_Rural_Transformation_RRT_I.pdf,2,4289
A_quick_glance_at_the_costed_implementation_plan_f,A_quick_glance_at_the_costed_implementation_plan_f.pdf,Corporate_strategy,/Users/madhu/Desktop/WFP/wfp-taxonomy-analysis/py files/extracted/A_quick_glance_at_the_costed_implementation_plan_f.json,/Users/madhu/Desktop/WFP/wfp_reports/wfp_reports/Corporate_strategy/A_quick_glance_at_the_costed_implementation_plan_f.pdf,2,2676
2023_South_South_and_Triangular_Cooperation_policy,2023_South_South_and_Triangular_Cooperation_policy.pdf,Corporate_strategy,/Users/madhu/Desktop/WFP/wfp-taxonomy-analysis/py files/extracted/2023_South_South_and_Triangular_Cooperation_policy.json,/Users/madhu/Desktop/WFP/wfp_reports/wfp_reports/Corporate_strategy/2023_South_South_and_Triangular_Cooperation_policy.pdf,20,31499
WFP_s_Updated_Climate_Change_Policy_2024,WFP_s_Updated_Climate_Change_Policy_2024.pdf,Corporate_strategy,/Users/madhu/Desktop/WFP/wfp-taxonomy-analysis/py files/extracted/WFP_s_Updated_Climate_Change_Policy_2024.json,/Users/madhu/Desktop/WFP/wfp_reports/wfp_reports/Corporate_strategy/WFP_s_Updated_Climate_Change_Policy_2024.pdf,26,62105
WFP_People_Policy_June_2021,WFP_People_Policy_June_2021.pdf,Corporate_strategy,/Users/madhu/Desktop/WFP/wfp-taxonomy-analysis/py files/extracted/WFP_People_Policy_June_2021.json,/Users/madhu/Desktop/WFP/wfp_reports/wfp_reports/Corporate_strategy/WFP_People_Policy_June_2021.pdf,48,95037
WFP_s_Updated_Resilience_Policy_2024,WFP_s_Updated_Resilience_Policy_2024.pdf,Corporate_strategy,/Users/madhu/Desktop/WFP/wfp-taxonomy-analysis/py files/extracted/WFP_s_Updated_Resilience_Policy_2024.json,/Users/madhu/Desktop/WFP/wfp_reports/wfp_reports/Corporate_strategy/WFP_s_Updated_Resilience_Policy_2024.pdf,26,60901
Environmental_and_Social_Management_Plan_Annex_to_,Environmental_and_Social_Management_Plan_Annex_to_.pdf,Corporate_strategy,/Users/madhu/Desktop/WFP/wfp-taxonomy-analysis/py files/extracted/Environmental_and_Social_Management_Plan_Annex_to_.json,/Users/madhu/Desktop/WFP/wfp_reports/wfp_reports/Corporate_strategy/Environmental_and_Social_Management_Plan_Annex_to_.pdf,4,7811
WFP_s_Updated_School_Meals_Policy_November_2024,WFP_s_Updated_School_Meals_Policy_November_2024.pdf,Corporate_strategy,/Users/madhu/Desktop/WFP/wfp-taxonomy-analysis/py files/extracted/WFP_s_Updated_School_Meals_Policy_November_2024.json,/Users/madhu/Desktop/WFP/wfp_reports/wfp_reports/Corporate_strategy/WFP_s_Updated_School_Meals_Policy_November_2024.pdf,32,60162
Knowledge_Management_Strategy_Regional_Bureau_Nair,Knowledge_Management_Strategy_Regional_Bureau_Nair.pdf,Corporate_strategy,/Users/madhu/Desktop/WFP/wfp-taxonomy-analysis/py files/extracted/Knowledge_Management_Strategy_Regional_Bureau_Nair.json,/Users/madhu/Desktop/WFP/wfp_reports/wfp_reports/Corporate_strategy/Knowledge_Management_Strategy_Regional_Bureau_Nair.pdf,23,100483
2023_WFP_Urban_Strategy_Achieving_zero_hunger_in_a,2023_WFP_Urban_Strategy_Achieving_zero_hunger_in_a.pdf,Corporate_strategy,/Users/madhu/Desktop/WFP/wfp-taxonomy-analysis/py files/extracted/2023_WFP_Urban_Strategy_Achieving_zero_hunger_in_a.json,/Users/madhu/Desktop/WFP/wfp_reports/wfp_reports/Corporate_strategy/2023_WFP_Urban_Strategy_Achieving_zero_hunger_in_a.pdf,50,157361
Update_to_the_WFP_Management_Plan_2025_2027_,Update_to_the_WFP_Management_Plan_2025_2027_.pdf,Corporate_strategy,/Users/madhu/Desktop/WFP/wfp-taxonomy-analysis/py files/extracted/Update_to_the_WFP_Management_Plan_2025_2027_.json,/Users/madhu/Desktop/WFP/wfp_reports/wfp_reports/Corporate_strategy/Update_to_the_WFP_Management_Plan_2025_2027_.pdf,19,45360
School_Meals_Programme_in_Madagascar,School_Meals_Programme_in_Madagascar.pdf,School_meals,/Users/madhu/Desktop/WFP/wfp-taxonomy-analysis/py files/extracted/School_Meals_Programme_in_Madagascar.json,/Users/madhu/Desktop/WFP/wfp_reports/wfp_reports/School_meals/School_Meals_Programme_in_Madagascar.pdf,2,6370
The_importance_of_school_meals_programmes_in_fragi,The_importance_of_school_meals_programmes_in_fragi.pdf,School_meals,/Users/madhu/Desktop/WFP/wfp-taxonomy-analysis/py files/extracted/The_importance_of_school_meals_programmes_in_fragi.json,/Users/madhu/Desktop/WFP/wfp_reports/wfp_reports/School_meals/The_importance_of_school_meals_programmes_in_fragi.pdf,29,151711
Malawi_Evaluation_of_Tsogolo_la_Thanzi_Healthy_Fut,Malawi_Evaluation_of_Tsogolo_la_Thanzi_Healthy_Fut.pdf,School_meals,/Users/madhu/Desktop/WFP/wfp-taxonomy-analysis/py files/extracted/Malawi_Evaluation_of_Tsogolo_la_Thanzi_Healthy_Fut.json,/Users/madhu/Desktop/WFP/wfp_reports/wfp_reports/School_meals/Malawi_Evaluation_of_Tsogolo_la_Thanzi_Healthy_Fut.pdf,66,149857
Developmental_Evaluation_of_Catalyzing_Good_Food_T,Developmental_Evaluation_of_Catalyzing_Good_Food_T.pdf,School_meals,/Users/madhu/Desktop/WFP/wfp-taxonomy-analysis/py files/extracted/Developmental_Evaluation_of_Catalyzing_Good_Food_T.json,/Users/madhu/Desktop/WFP/wfp_reports/wfp_reports/School_meals/Developmental_Evaluation_of_Catalyzing_Good_Food_T.pdf,90,331479
Summary_of_evaluation_evidence_USDA_McGovern_Dole_,Summary_of_evaluation_evidence_USDA_McGovern_Dole_.pdf,School_meals,/Users/madhu/Desktop/WFP/wfp-taxonomy-analysis/py files/extracted/Summary_of_evaluation_evidence_USDA_McGovern_Dole_.json,/Users/madhu/Desktop/WFP/wfp_reports/wfp_reports/School_meals/Summary_of_evaluation_evidence_USDA_McGovern_Dole_.pdf,4,12755
Ethiopia_Food_for_Education_and_Child_Nutrition_20,Ethiopia_Food_for_Education_and_Child_Nutrition_20.pdf,School_meals,/Users/madhu/Desktop/WFP/wfp-taxonomy-analysis/py files/extracted/Ethiopia_Food_for_Education_and_Child_Nutrition_20.json,/Users/madhu/Desktop/WFP/wfp_reports/wfp_reports/School_meals/Ethiopia_Food_for_Education_and_Child_Nutrition_20.pdf,462,1061728
Nutrition_at_the_Heart_of_WFP_s_Work_in_Madagascar,Nutrition_at_the_Heart_of_WFP_s_Work_in_Madagascar.pdf,School_meals,/Users/madhu/Desktop/WFP/wfp-taxonomy-analysis/py files/extracted/Nutrition_at_the_Heart_of_WFP_s_Work_in_Madagascar.json,/Users/madhu/Desktop/WFP/wfp_reports/wfp_reports/School_meals/Nutrition_at_the_Heart_of_WFP_s_Work_in_Madagascar.pdf,3,7904
Shifting_schools_to_eCooking_in_Burkina_Faso_an_in,Shifting_schools_to_eCooking_in_Burkina_Faso_an_in.pdf,School_meals,/Users/madhu/Desktop/WFP/wfp-taxonomy-analysis/py files/extracted/Shifting_schools_to_eCooking_in_Burkina_Faso_an_in.json,/Users/madhu/Desktop/WFP/wfp_reports/wfp_reports/School_meals/Shifting_schools_to_eCooking_in_Burkina_Faso_an_in.pdf,5,10057
WFP_Lebanon_Programme_Factsheets_September_2025,WFP_Lebanon_Programme_Factsheets_September_2025.pdf,School_meals,/Users/madhu/Desktop/WFP/wfp-taxonomy-analysis/py files/extracted/WFP_Lebanon_Programme_Factsheets_September_2025.json,/Users/madhu/Desktop/WFP/wfp_reports/wfp_reports/School_meals/WFP_Lebanon_Programme_Factsheets_September_2025.pdf,10,47952
Rwanda_Evaluation_of_Home_Grown_School_Feeding_202,Rwanda_Evaluation_of_Home_Grown_School_Feeding_202.pdf,School_meals,/Users/madhu/Desktop/WFP/wfp-taxonomy-analysis/py files/extracted/Rwanda_Evaluation_of_Home_Grown_School_Feeding_202.json,/Users/madhu/Desktop/WFP/wfp_reports/wfp_reports/School_meals/Rwanda_Evaluation_of_Home_Grown_School_Feeding_202.pdf,121,364567
Diagnostic_report_on_Gender_Social_Cohesion_Socio_,Diagnostic_report_on_Gender_Social_Cohesion_Socio_.pdf,Resilience_programming,/Users/madhu/Desktop/WFP/wfp-taxonomy-analysis/py files/extracted/Diagnostic_report_on_Gender_Social_Cohesion_Socio_.json,/Users/madhu/Desktop/WFP/wfp_reports/wfp_reports/Resilience_programming/Diagnostic_report_on_Gender_Social_Cohesion_Socio_.pdf,60,123438
Evaluation_of_Guatemala_WFP_Country_Strategic_Plan,Evaluation_of_Guatemala_WFP_Country_Strategic_Plan.pdf,Resilience_programming,/Users/madhu/Desktop/WFP/wfp-taxonomy-analysis/py files/extracted/Evaluation_of_Guatemala_WFP_Country_Strategic_Plan.json,/Users/madhu/Desktop/WFP/wfp_reports/wfp_reports/Resilience_programming/Evaluation_of_Guatemala_WFP_Country_Strategic_Plan.pdf,2,8813
2024_Maximizing_impact_the_intersection_of_social_,2024_Maximizing_impact_the_intersection_of_social_.pdf,Resilience_programming,/Users/madhu/Desktop/WFP/wfp-taxonomy-analysis/py files/extracted/2024_Maximizing_impact_the_intersection_of_social_.json,/Users/madhu/Desktop/WFP/wfp_reports/wfp_reports/Resilience_programming/2024_Maximizing_impact_the_intersection_of_social_.pdf,24,53626
Guinea_Zero_Hunger_Villages_pilot_project_2022_202,Guinea_Zero_Hunger_Villages_pilot_project_2022_202.pdf,Resilience_programming,/Users/madhu/Desktop/WFP/wfp-taxonomy-analysis/py files/extracted/Guinea_Zero_Hunger_Villages_pilot_project_2022_202.json,/Users/madhu/Desktop/WFP/wfp_reports/wfp_reports/Resilience_programming/Guinea_Zero_Hunger_Villages_pilot_project_2022_202.pdf,2,8269
Integrated_resilience_approach_in_Madagascar,Integrated_resilience_approach_in_Madagascar.pdf,Resilience_programming,/Users/madhu/Desktop/WFP/wfp-taxonomy-analysis/py files/extracted/Integrated_resilience_approach_in_Madagascar.json,/Users/madhu/Desktop/WFP/wfp_reports/wfp_reports/Resilience_programming/Integrated_resilience_approach_in_Madagascar.pdf,2,5187
WFP_South_Sudan_Resilience_Strategy_2024_2030,WFP_South_Sudan_Resilience_Strategy_2024_2030.pdf,Resilience_programming,/Users/madhu/Desktop/WFP/wfp-taxonomy-analysis/py files/extracted/WFP_South_Sudan_Resilience_Strategy_2024_2030.json,/Users/madhu/Desktop/WFP/wfp_reports/wfp_reports/Resilience_programming/WFP_South_Sudan_Resilience_Strategy_2024_2030.pdf,20,43380
Sudan_SOMOUD_Enhancing_Community_Resilience_Projec,Sudan_SOMOUD_Enhancing_Community_Resilience_Projec.pdf,Resilience_programming,/Users/madhu/Desktop/WFP/wfp-taxonomy-analysis/py files/extracted/Sudan_SOMOUD_Enhancing_Community_Resilience_Projec.json,/Users/madhu/Desktop/WFP/wfp_reports/wfp_reports/Resilience_programming/Sudan_SOMOUD_Enhancing_Community_Resilience_Projec.pdf,60,115874
Strengthening_human_capital_for_resilience_and_foo,Strengthening_human_capital_for_resilience_and_foo.pdf,Resilience_programming,/Users/madhu/Desktop/WFP/wfp-taxonomy-analysis/py files/extracted/Strengthening_human_capital_for_resilience_and_foo.json,/Users/madhu/Desktop/WFP/wfp_reports/wfp_reports/Resilience_programming/Strengthening_human_capital_for_resilience_and_foo.pdf,4,9863
Resilient_Food_Systems_for_Climate_Action,Resilient_Food_Systems_for_Climate_Action.pdf,Resilience_programming,/Users/madhu/Desktop/WFP/wfp-taxonomy-analysis/py files/extracted/Resilient_Food_Systems_for_Climate_Action.json,/Users/madhu/Desktop/WFP/wfp_reports/wfp_reports/Resilience_programming/Resilient_Food_Systems_for_Climate_Action.pdf,4,7250
Scaling_Up_of_the_Rapid_Rural_Transformation_RRT_I,Scaling_Up_of_the_Rapid_Rural_Transformation_RRT_I.pdf,Resilience_programming,/Users/madhu/Desktop/WFP/wfp-taxonomy-analysis/py files/extracted/Scaling_Up_of_the_Rapid_Rural_Transformation_RRT_I.json,/Users/madhu/Desktop/WFP/wfp_reports/wfp_reports/Resilience_programming/Scaling_Up_of_the_Rapid_Rural_Transformation_RRT_I.pdf,2,4289
Madagascar_Country_Strategic_Plan_2024_2028_Factsh,Madagascar_Country_Strategic_Plan_2024_2028_Factsh.pdf,Food_security_analysis,/Users/madhu/Desktop/WFP/wfp-taxonomy-analysis/py files/extracted/Madagascar_Country_Strategic_Plan_2024_2028_Factsh.json,/Users/madhu/Desktop/WFP/wfp_reports/wfp_reports/Food_security_analysis/Madagascar_Country_Strategic_Plan_2024_2028_Factsh.pdf,2,6401
Ghana_Farmer_support_activity_Impact_Evaluation,Ghana_Farmer_support_activity_Impact_Evaluation.pdf,Food_security_analysis,/Users/madhu/Desktop/WFP/wfp-taxonomy-analysis/py files/extracted/Ghana_Farmer_support_activity_Impact_Evaluation.json,/Users/madhu/Desktop/WFP/wfp_reports/wfp_reports/Food_security_analysis/Ghana_Farmer_support_activity_Impact_Evaluation.pdf,90,165838
Hunger_Hotspots_FAO_WFP_early_warnings_on_acute_fo,Hunger_Hotspots_FAO_WFP_early_warnings_on_acute_fo.pdf,Food_security_analysis,/Users/madhu/Desktop/WFP/wfp-taxonomy-analysis/py files/extracted/Hunger_Hotspots_FAO_WFP_early_warnings_on_acute_fo.json,/Users/madhu/Desktop/WFP/wfp_reports/wfp_reports/Food_security_analysis/Hunger_Hotspots_FAO_WFP_early_warnings_on_acute_fo.pdf,70,220737
Evaluation_synthesis_on_WFP_s_engagement_in_UN_hum,Evaluation_synthesis_on_WFP_s_engagement_in_UN_hum.pdf,Food_security_analysis,/Users/madhu/Desktop/WFP/wfp-taxonomy-analysis/py files/extracted/Evaluation_synthesis_on_WFP_s_engagement_in_UN_hum.json,/Users/madhu/Desktop/WFP/wfp_reports/wfp_reports/Food_security_analysis/Evaluation_synthesis_on_WFP_s_engagement_in_UN_hum.pdf,18,37719
Global_Report_on_Food_Crises_GRFC_2025,Global_Report_on_Food_Crises_GRFC_2025.pdf,Food_security_analysis,/Users/madhu/Desktop/WFP/wfp-taxonomy-analysis/py files/extracted/Global_Report_on_Food_Crises_GRFC_2025.json,/Users/madhu/Desktop/WFP/wfp_reports/wfp_reports/Food_security_analysis/Global_Report_on_Food_Crises_GRFC_2025.pdf,75,40426
Seasonal_Monitoring_in_Cambodia,Seasonal_Monitoring_in_Cambodia.pdf,Food_security_analysis,/Users/madhu/Desktop/WFP/wfp-taxonomy-analysis/py files/extracted/Seasonal_Monitoring_in_Cambodia.json,/Users/madhu/Desktop/WFP/wfp_reports/wfp_reports/Food_security_analysis/Seasonal_Monitoring_in_Cambodia.pdf,8,6360
Sudan_Emergency_Wheat_Production_Project_Final_eva,Sudan_Emergency_Wheat_Production_Project_Final_eva.pdf,Food_security_analysis,/Users/madhu/Desktop/WFP/wfp-taxonomy-analysis/py files/extracted/Sudan_Emergency_Wheat_Production_Project_Final_eva.json,/Users/madhu/Desktop/WFP/wfp_reports/wfp_reports/Food_security_analysis/Sudan_Emergency_Wheat_Production_Project_Final_eva.pdf,38,93760
Nutrition_at_the_Heart_of_WFP_s_Work_in_Madagascar,Nutrition_at_the_Heart_of_WFP_s_Work_in_Madagascar.pdf,Food_security_analysis,/Users/madhu/Desktop/WFP/wfp-taxonomy-analysis/py files/extracted/Nutrition_at_the_Heart_of_WFP_s_Work_in_Madagascar.json,/Users/madhu/Desktop/WFP/wfp_reports/wfp_reports/Food_security_analysis/Nutrition_at_the_Heart_of_WFP_s_Work_in_Madagascar.pdf,3,7904
Food_Security_Impact_of_Reduction_in_WFP_Funding,Food_Security_Impact_of_Reduction_in_WFP_Funding.pdf,Food_security_analysis,/Users/madhu/Desktop/WFP/wfp-taxonomy-analysis/py files/extracted/Food_Security_Impact_of_Reduction_in_WFP_Funding.json,/Users/madhu/Desktop/WFP/wfp_reports/wfp_reports/Food_security_analysis/Food_Security_Impact_of_Reduction_in_WFP_Funding.pdf,3,6873
Nutrition_Barrier_Analysis_Qualitative_Study_Repor,Nutrition_Barrier_Analysis_Qualitative_Study_Repor.pdf,Food_security_analysis,/Users/madhu/Desktop/WFP/wfp-taxonomy-analysis/py files/extracted/Nutrition_Barrier_Analysis_Qualitative_Study_Repor.json,/Users/madhu/Desktop/WFP/wfp_reports/wfp_reports/Food_security_analysis/Nutrition_Barrier_Analysis_Qualitative_Study_Repor.pdf,38,89600
Food_Security_Monitoring_System_Report_WFP_Sierra_,Food_Security_Monitoring_System_Report_WFP_Sierra_.pdf,Monitoring,/Users/madhu/Desktop/WFP/wfp-taxonomy-analysis/py files/extracted/Food_Security_Monitoring_System_Report_WFP_Sierra_.json,/Users/madhu/Desktop/WFP/wfp_reports/wfp_reports/Monitoring/Food_Security_Monitoring_System_Report_WFP_Sierra_.pdf,22,30186
WFP_UNHCR_Joint_Cash_Assistance_Operation_for_Basi,WFP_UNHCR_Joint_Cash_Assistance_Operation_for_Basi.pdf,Monitoring,/Users/madhu/Desktop/WFP/wfp-taxonomy-analysis/py files/extracted/WFP_UNHCR_Joint_Cash_Assistance_Operation_for_Basi.json,/Users/madhu/Desktop/WFP/wfp_reports/wfp_reports/Monitoring/WFP_UNHCR_Joint_Cash_Assistance_Operation_for_Basi.pdf,7,28966
WFP_Lebanon_Disability_Inclusion_Factsheet_2024,WFP_Lebanon_Disability_Inclusion_Factsheet_2024.pdf,Monitoring,/Users/madhu/Desktop/WFP/wfp-taxonomy-analysis/py files/extracted/WFP_Lebanon_Disability_Inclusion_Factsheet_2024.json,/Users/madhu/Desktop/WFP/wfp_reports/wfp_reports/Monitoring/WFP_Lebanon_Disability_Inclusion_Factsheet_2024.pdf,2,5959
Joint_Report_on_Dual_Currency_Disbursement_UNHCR_W,Joint_Report_on_Dual_Currency_Disbursement_UNHCR_W.pdf,Monitoring,/Users/madhu/Desktop/WFP/wfp-taxonomy-analysis/py files/extracted/Joint_Report_on_Dual_Currency_Disbursement_UNHCR_W.json,/Users/madhu/Desktop/WFP/wfp_reports/wfp_reports/Monitoring/Joint_Report_on_Dual_Currency_Disbursement_UNHCR_W.pdf,4,21113
Severe_Tropical_Storm_Kristine_Trami_Rapid_Damage_,Severe_Tropical_Storm_Kristine_Trami_Rapid_Damage_.pdf,Monitoring,/Users/madhu/Desktop/WFP/wfp-taxonomy-analysis/py files/extracted/Severe_Tropical_Storm_Kristine_Trami_Rapid_Damage_.json,/Users/madhu/Desktop/WFP/wfp_reports/wfp_reports/Monitoring/Severe_Tropical_Storm_Kristine_Trami_Rapid_Damage_.pdf,22,24538
Turkiye_In_Camp_E_Voucher_Programme_Factsheets_202,Turkiye_In_Camp_E_Voucher_Programme_Factsheets_202.pdf,Monitoring,/Users/madhu/Desktop/WFP/wfp-taxonomy-analysis/py files/extracted/Turkiye_In_Camp_E_Voucher_Programme_Factsheets_202.json,/Users/madhu/Desktop/WFP/wfp_reports/wfp_reports/Monitoring/Turkiye_In_Camp_E_Voucher_Programme_Factsheets_202.pdf,1,1735
T_rkiye_In_Camp_Programmes_Factsheet,T_rkiye_In_Camp_Programmes_Factsheet.pdf,Monitoring,/Users/madhu/Desktop/WFP/wfp-taxonomy-analysis/py files/extracted/T_rkiye_In_Camp_Programmes_Factsheet.json,/Users/madhu/Desktop/WFP/wfp_reports/wfp_reports/Monitoring/T_rkiye_In_Camp_Programmes_Factsheet.pdf,1,0
Turkiye_In_Camp_E_Voucher_Programme_Factsheet_2023,Turkiye_In_Camp_E_Voucher_Programme_Factsheet_2023.pdf,Monitoring,/Users/madhu/Desktop/WFP/wfp-taxonomy-analysis/py files/extracted/Turkiye_In_Camp_E_Voucher_Programme_Factsheet_2023.json,/Users/madhu/Desktop/WFP/wfp_reports/wfp_reports/Monitoring/Turkiye_In_Camp_E_Voucher_Programme_Factsheet_2023.pdf,1,2674
WFP_Lebanon_Operational_Assistance_Update_January_,WFP_Lebanon_Operational_Assistance_Update_January_.pdf,Monitoring,/Users/madhu/Desktop/WFP/wfp-taxonomy-analysis/py files/extracted/WFP_Lebanon_Operational_Assistance_Update_January_.json,/Users/madhu/Desktop/WFP/wfp_reports/wfp_reports/Monitoring/WFP_Lebanon_Operational_Assistance_Update_January_.pdf,18,46026
Cost_of_the_Diet_Analysis_in_Samoa_August_2025,Cost_of_the_Diet_Analysis_in_Samoa_August_2025.pdf,Nutrition,/Users/madhu/Desktop/WFP/wfp-taxonomy-analysis/py files/extracted/Cost_of_the_Diet_Analysis_in_Samoa_August_2025.json,/Users/madhu/Desktop/WFP/wfp_reports/wfp_reports/Nutrition/Cost_of_the_Diet_Analysis_in_Samoa_August_2025.pdf,34,69288
WFP_Nutrition_and_HIV_in_Numbers_2024_An_overview_,WFP_Nutrition_and_HIV_in_Numbers_2024_An_overview_.pdf,Nutrition,/Users/madhu/Desktop/WFP/wfp-taxonomy-analysis/py files/extracted/WFP_Nutrition_and_HIV_in_Numbers_2024_An_overview_.json,/Users/madhu/Desktop/WFP/wfp_reports/wfp_reports/Nutrition/WFP_Nutrition_and_HIV_in_Numbers_2024_An_overview_.pdf,31,61544
A_lifeline_at_risk_food_assistance_at_a_breaking_p,A_lifeline_at_risk_food_assistance_at_a_breaking_p.pdf,Nutrition,/Users/madhu/Desktop/WFP/wfp-taxonomy-analysis/py files/extracted/A_lifeline_at_risk_food_assistance_at_a_breaking_p.json,/Users/madhu/Desktop/WFP/wfp_reports/wfp_reports/Nutrition/A_lifeline_at_risk_food_assistance_at_a_breaking_p.pdf,14,20749
Evaluation_of_C_te_d_Ivoire_WFP_Country_Strategic_,Evaluation_of_C_te_d_Ivoire_WFP_Country_Strategic_.pdf,Nutrition,/Users/madhu/Desktop/WFP/wfp-taxonomy-analysis/py files/extracted/Evaluation_of_C_te_d_Ivoire_WFP_Country_Strategic_.json,/Users/madhu/Desktop/WFP/wfp_reports/wfp_reports/Nutrition/Evaluation_of_C_te_d_Ivoire_WFP_Country_Strategic_.pdf,98,306346
Developmental_Evaluation_of_Catalyzing_Good_Food_T,Developmental_Evaluation_of_Catalyzing_Good_Food_T.pdf,Nutrition,/Users/madhu/Desktop/WFP/wfp-taxonomy-analysis/py files/extracted/Developmental_Evaluation_of_Catalyzing_Good_Food_T.json,/Users/madhu/Desktop/WFP/wfp_reports/wfp_reports/Nutrition/Developmental_Evaluation_of_Catalyzing_Good_Food_T.pdf,90,331479
Evaluation_of_Sierra_Leone_WFP_Country_Strategic_P,Evaluation_of_Sierra_Leone_WFP_Country_Strategic_P.pdf,Nutrition,/Users/madhu/Desktop/WFP/wfp-taxonomy-analysis/py files/extracted/Evaluation_of_Sierra_Leone_WFP_Country_Strategic_P.json,/Users/madhu/Desktop/WFP/wfp_reports/wfp_reports/Nutrition/Evaluation_of_Sierra_Leone_WFP_Country_Strategic_P.pdf,111,316941
Seasonal_Monitoring_in_Cambodia,Seasonal_Monitoring_in_Cambodia.pdf,Nutrition,/Users/madhu/Desktop/WFP/wfp-taxonomy-analysis/py files/extracted/Seasonal_Monitoring_in_Cambodia.json,/Users/madhu/Desktop/WFP/wfp_reports/wfp_reports/Nutrition/Seasonal_Monitoring_in_Cambodia.pdf,8,6360
Nutrition_at_the_Heart_of_WFP_s_Work_in_Madagascar,Nutrition_at_the_Heart_of_WFP_s_Work_in_Madagascar.pdf,Nutrition,/Users/madhu/Desktop/WFP/wfp-taxonomy-analysis/py files/extracted/Nutrition_at_the_Heart_of_WFP_s_Work_in_Madagascar.json,/Users/madhu/Desktop/WFP/wfp_reports/wfp_reports/Nutrition/Nutrition_at_the_Heart_of_WFP_s_Work_in_Madagascar.pdf,3,7904
Evaluation_of_Uganda_WFP_Country_Strategic_Plan_20,Evaluation_of_Uganda_WFP_Country_Strategic_Plan_20.pdf,Nutrition,/Users/madhu/Desktop/WFP/wfp-taxonomy-analysis/py files/extracted/Evaluation_of_Uganda_WFP_Country_Strategic_Plan_20.json,/Users/madhu/Desktop/WFP/wfp_reports/wfp_reports/Nutrition/Evaluation_of_Uganda_WFP_Country_Strategic_Plan_20.pdf,96,297321
Nutrition_Barrier_Analysis_Qualitative_Study_Repor,Nutrition_Barrier_Analysis_Qualitative_Study_Repor.pdf,Nutrition,/Users/madhu/Desktop/WFP/wfp-taxonomy-analysis/py files/extracted/Nutrition_Barrier_Analysis_Qualitative_Study_Repor.json,/Users/madhu/Desktop/WFP/wfp_reports/wfp_reports/Nutrition/Nutrition_Barrier_Analysis_Qualitative_Study_Repor.pdf,38,89600
Evaluation_of_Indonesia_WFP_Country_Strategic_Plan,Evaluation_of_Indonesia_WFP_Country_Strategic_Plan.pdf,Country_strategic_planning,/Users/madhu/Desktop/WFP/wfp-taxonomy-analysis/py files/extracted/Evaluation_of_Indonesia_WFP_Country_Strategic_Plan.json,/Users/madhu/Desktop/WFP/wfp_reports/wfp_reports/Country_strategic_planning/Evaluation_of_Indonesia_WFP_Country_Strategic_Plan.pdf,76,258138
Corporate_Emergency_Evaluation_of_WFP_s_Response_i,Corporate_Emergency_Evaluation_of_WFP_s_Response_i.pdf,Country_strategic_planning,/Users/madhu/Desktop/WFP/wfp-taxonomy-analysis/py files/extracted/Corporate_Emergency_Evaluation_of_WFP_s_Response_i.json,/Users/madhu/Desktop/WFP/wfp_reports/wfp_reports/Country_strategic_planning/Corporate_Emergency_Evaluation_of_WFP_s_Response_i.pdf,114,316512
Evaluation_of_Democratic_Republic_of_the_Congo_WFP,Evaluation_of_Democratic_Republic_of_the_Congo_WFP.pdf,Country_strategic_planning,/Users/madhu/Desktop/WFP/wfp-taxonomy-analysis/py files/extracted/Evaluation_of_Democratic_Republic_of_the_Congo_WFP.json,/Users/madhu/Desktop/WFP/wfp_reports/wfp_reports/Country_strategic_planning/Evaluation_of_Democratic_Republic_of_the_Congo_WFP.pdf,104,317414
South_South_Quarterly_February_2025_Edition,South_South_Quarterly_February_2025_Edition.pdf,Country_strategic_planning,/Users/madhu/Desktop/WFP/wfp-taxonomy-analysis/py files/extracted/South_South_Quarterly_February_2025_Edition.json,/Users/madhu/Desktop/WFP/wfp_reports/wfp_reports/Country_strategic_planning/South_South_Quarterly_February_2025_Edition.pdf,18,52696
Evaluation_of_Sierra_Leone_WFP_Country_Strategic_P,Evaluation_of_Sierra_Leone_WFP_Country_Strategic_P.pdf,Country_strategic_planning,/Users/madhu/Desktop/WFP/wfp-taxonomy-analysis/py files/extracted/Evaluation_of_Sierra_Leone_WFP_Country_Strategic_P.json,/Users/madhu/Desktop/WFP/wfp_reports/wfp_reports/Country_strategic_planning/Evaluation_of_Sierra_Leone_WFP_Country_Strategic_P.pdf,111,316941
Evaluation_of_Eswatini_WFP_Country_Strategic_Plan_,Evaluation_of_Eswatini_WFP_Country_Strategic_Plan_.pdf,Country_strategic_planning,/Users/madhu/Desktop/WFP/wfp-taxonomy-analysis/py files/extracted/Evaluation_of_Eswatini_WFP_Country_Strategic_Plan_.json,/Users/madhu/Desktop/WFP/wfp_reports/wfp_reports/Country_strategic_planning/Evaluation_of_Eswatini_WFP_Country_Strategic_Plan_.pdf,185,469916
Summary_of_evaluation_evidence_Prioritization,Summary_of_evaluation_evidence_Prioritization.pdf,Country_strategic_planning,/Users/madhu/Desktop/WFP/wfp-taxonomy-analysis/py files/extracted/Summary_of_evaluation_evidence_Prioritization.json,/Users/madhu/Desktop/WFP/wfp_reports/wfp_reports/Country_strategic_planning/Summary_of_evaluation_evidence_Prioritization.pdf,4,11300
Evaluation_of_China_WFP_Country_Strategic_Plan_202,Evaluation_of_China_WFP_Country_Strategic_Plan_202.pdf,Country_strategic_planning,/Users/madhu/Desktop/WFP/wfp-taxonomy-analysis/py files/extracted/Evaluation_of_China_WFP_Country_Strategic_Plan_202.json,/Users/madhu/Desktop/WFP/wfp_reports/wfp_reports/Country_strategic_planning/Evaluation_of_China_WFP_Country_Strategic_Plan_202.pdf,86,269023
Evaluation_of_Togo_WFP_Country_Strategic_Plan_2022,Evaluation_of_Togo_WFP_Country_Strategic_Plan_2022.pdf,Country_strategic_planning,/Users/madhu/Desktop/WFP/wfp-taxonomy-analysis/py files/extracted/Evaluation_of_Togo_WFP_Country_Strategic_Plan_2022.json,/Users/madhu/Desktop/WFP/wfp_reports/wfp_reports/Country_strategic_planning/Evaluation_of_Togo_WFP_Country_Strategic_Plan_2022.pdf,2,8016
Evaluation_of_Niger_WFP_Country_Strategic_Plan_202,Evaluation_of_Niger_WFP_Country_Strategic_Plan_202.pdf,Country_strategic_planning,/Users/madhu/Desktop/WFP/wfp-taxonomy-analysis/py files/extracted/Evaluation_of_Niger_WFP_Country_Strategic_Plan_202.json,/Users/madhu/Desktop/WFP/wfp_reports/wfp_reports/Country_strategic_planning/Evaluation_of_Niger_WFP_Country_Strategic_Plan_202.pdf,96,312765
WFP_in_Asia_and_the_Pacific_2024_Year_in_Review,WFP_in_Asia_and_the_Pacific_2024_Year_in_Review.pdf,Achievements_and_history,/Users/madhu/Desktop/WFP/wfp-taxonomy-analysis/py files/extracted/WFP_in_Asia_and_the_Pacific_2024_Year_in_Review.json,/Users/madhu/Desktop/WFP/wfp_reports/wfp_reports/Achievements_and_history/WFP_in_Asia_and_the_Pacific_2024_Year_in_Review.pdf,7,15124
WFP_Annual_Review,WFP_Annual_Review.pdf,Achievements_and_history,/Users/madhu/Desktop/WFP/wfp-taxonomy-analysis/py files/extracted/WFP_Annual_Review.json,/Users/madhu/Desktop/WFP/wfp_reports/wfp_reports/Achievements_and_history/WFP_Annual_Review.pdf,27,24215
2024_Mid_Year_Overview_Egypt_Country_Office,2024_Mid_Year_Overview_Egypt_Country_Office.pdf,Achievements_and_history,/Users/madhu/Desktop/WFP/wfp-taxonomy-analysis/py files/extracted/2024_Mid_Year_Overview_Egypt_Country_Office.json,/Users/madhu/Desktop/WFP/wfp_reports/wfp_reports/Achievements_and_history/2024_Mid_Year_Overview_Egypt_Country_Office.pdf,1,703
Annual_Performance_Report,Annual_Performance_Report.pdf,Achievements_and_history,/Users/madhu/Desktop/WFP/wfp-taxonomy-analysis/py files/extracted/Annual_Performance_Report.json,/Users/madhu/Desktop/WFP/wfp_reports/wfp_reports/Achievements_and_history/Annual_Performance_Report.pdf,78,230218
Hurricane_Beryl_Jamaica_Cash_Assistance_Report_Aug,Hurricane_Beryl_Jamaica_Cash_Assistance_Report_Aug.pdf,Achievements_and_history,/Users/madhu/Desktop/WFP/wfp-taxonomy-analysis/py files/extracted/Hurricane_Beryl_Jamaica_Cash_Assistance_Report_Aug.json,/Users/madhu/Desktop/WFP/wfp_reports/wfp_reports/Achievements_and_history/Hurricane_Beryl_Jamaica_Cash_Assistance_Report_Aug.pdf,34,62616
WFP_Ethics_Office_Annual_Reports,WFP_Ethics_Office_Annual_Reports.pdf,Achievements_and_history,/Users/madhu/Desktop/WFP/wfp-taxonomy-analysis/py files/extracted/WFP_Ethics_Office_Annual_Reports.json,/Users/madhu/Desktop/WFP/wfp_reports/wfp_reports/Achievements_and_history/WFP_Ethics_Office_Annual_Reports.pdf,16,48769
2023_A_Year_in_Review_For_WFP_Operations_across_th,2023_A_Year_in_Review_For_WFP_Operations_across_th.pdf,Achievements_and_history,/Users/madhu/Desktop/WFP/wfp-taxonomy-analysis/py files/extracted/2023_A_Year_in_Review_For_WFP_Operations_across_th.json,/Users/madhu/Desktop/WFP/wfp_reports/wfp_reports/Achievements_and_history/2023_A_Year_in_Review_For_WFP_Operations_across_th.pdf,28,37727
End_of_Project_Report_HS3_Strengthening_public_hea,End_of_Project_Report_HS3_Strengthening_public_hea.pdf,Achievements_and_history,/Users/madhu/Desktop/WFP/wfp-taxonomy-analysis/py files/extracted/End_of_Project_Report_HS3_Strengthening_public_hea.json,/Users/madhu/Desktop/WFP/wfp_reports/wfp_reports/Achievements_and_history/End_of_Project_Report_HS3_Strengthening_public_hea.pdf,8,14550
2024_Procurement_Infographics,2024_Procurement_Infographics.pdf,Achievements_and_history,/Users/madhu/Desktop/WFP/wfp-taxonomy-analysis/py files/extracted/2024_Procurement_Infographics.json,/Users/madhu/Desktop/WFP/wfp_reports/wfp_reports/Achievements_and_history/2024_Procurement_Infographics.pdf,1,1317
UNHAS_Annual_Review_2024_Facilitating_global_human,UNHAS_Annual_Review_2024_Facilitating_global_human.pdf,Achievements_and_history,/Users/madhu/Desktop/WFP/wfp-taxonomy-analysis/py files/extracted/UNHAS_Annual_Review_2024_Facilitating_global_human.json,/Users/madhu/Desktop/WFP/wfp_reports/wfp_reports/Achievements_and_history/UNHAS_Annual_Review_2024_Facilitating_global_human.pdf,110,128001
End_of_Project_Report_HS3_Strengthening_public_hea-checkpoint,End_of_Project_Report_HS3_Strengthening_public_hea-checkpoint.pdf,Achievements_and_history,/Users/madhu/Desktop/WFP/wfp-taxonomy-analysis/py files/extracted/End_of_Project_Report_HS3_Strengthening_public_hea-checkpoint.json,/Users/madhu/Desktop/WFP/wfp_reports/wfp_reports/Achievements_and_history/.ipynb_checkpoints/End_of_Project_Report_HS3_Strengthening_public_hea-checkpoint.pdf,8,14550
Skills_for_Livelihood_Opportunities_SLO_Global_Pro,Skills_for_Livelihood_Opportunities_SLO_Global_Pro.pdf,Resilience_building,/Users/madhu/Desktop/WFP/wfp-taxonomy-analysis/py files/extracted/Skills_for_Livelihood_Opportunities_SLO_Global_Pro.json,/Users/madhu/Desktop/WFP/wfp_reports/wfp_reports/Resilience_building/Skills_for_Livelihood_Opportunities_SLO_Global_Pro.pdf,4,9481
Evaluation_of_C_te_d_Ivoire_WFP_Country_Strategic_,Evaluation_of_C_te_d_Ivoire_WFP_Country_Strategic_.pdf,Resilience_building,/Users/madhu/Desktop/WFP/wfp-taxonomy-analysis/py files/extracted/Evaluation_of_C_te_d_Ivoire_WFP_Country_Strategic_.json,/Users/madhu/Desktop/WFP/wfp_reports/wfp_reports/Resilience_building/Evaluation_of_C_te_d_Ivoire_WFP_Country_Strategic_.pdf,98,306346
Evaluation_of_Democratic_Republic_of_the_Congo_WFP,Evaluation_of_Democratic_Republic_of_the_Congo_WFP.pdf,Resilience_building,/Users/madhu/Desktop/WFP/wfp-taxonomy-analysis/py files/extracted/Evaluation_of_Democratic_Republic_of_the_Congo_WFP.json,/Users/madhu/Desktop/WFP/wfp_reports/wfp_reports/Resilience_building/Evaluation_of_Democratic_Republic_of_the_Congo_WFP.pdf,104,317414
WFP_at_a_Glance,WFP_at_a_Glance.pdf,Resilience_building,/Users/madhu/Desktop/WFP/wfp-taxonomy-analysis/py files/extracted/WFP_at_a_Glance.json,/Users/madhu/Desktop/WFP/wfp_reports/wfp_reports/Resilience_building/WFP_at_a_Glance.pdf,5,7059
Libya_Evaluation_of_livelihoods_and_school_feeding,Libya_Evaluation_of_livelihoods_and_school_feeding.pdf,Resilience_building,/Users/madhu/Desktop/WFP/wfp-taxonomy-analysis/py files/extracted/Libya_Evaluation_of_livelihoods_and_school_feeding.json,/Users/madhu/Desktop/WFP/wfp_reports/wfp_reports/Resilience_building/Libya_Evaluation_of_livelihoods_and_school_feeding.pdf,144,397054
Evaluation_of_Uganda_WFP_Country_Strategic_Plan_20,Evaluation_of_Uganda_WFP_Country_Strategic_Plan_20.pdf,Resilience_building,/Users/madhu/Desktop/WFP/wfp-taxonomy-analysis/py files/extracted/Evaluation_of_Uganda_WFP_Country_Strategic_Plan_20.json,/Users/madhu/Desktop/WFP/wfp_reports/wfp_reports/Resilience_building/Evaluation_of_Uganda_WFP_Country_Strategic_Plan_20.pdf,96,297321
Evaluation_of_the_project_SAIO_Fostering_Community,Evaluation_of_the_project_SAIO_Fostering_Community.pdf,Resilience_building,/Users/madhu/Desktop/WFP/wfp-taxonomy-analysis/py files/extracted/Evaluation_of_the_project_SAIO_Fostering_Community.json,/Users/madhu/Desktop/WFP/wfp_reports/wfp_reports/Resilience_building/Evaluation_of_the_project_SAIO_Fostering_Community.pdf,78,223926
2024_A_Year_in_Review_Pathways_to_Change,2024_A_Year_in_Review_Pathways_to_Change.pdf,Resilience_building,/Users/madhu/Desktop/WFP/wfp-taxonomy-analysis/py files/extracted/2024_A_Year_in_Review_Pathways_to_Change.json,/Users/madhu/Desktop/WFP/wfp_reports/wfp_reports/Resilience_building/2024_A_Year_in_Review_Pathways_to_Change.pdf,13,18219
Strengthening_Government_Institutions_for_Inclusiv,Strengthening_Government_Institutions_for_Inclusiv.pdf,Resilience_building,/Users/madhu/Desktop/WFP/wfp-taxonomy-analysis/py files/extracted/Strengthening_Government_Institutions_for_Inclusiv.json,/Users/madhu/Desktop/WFP/wfp_reports/wfp_reports/Resilience_building/Strengthening_Government_Institutions_for_Inclusiv.pdf,2,4680
Scaling_Up_of_the_Rapid_Rural_Transformation_RRT_I,Scaling_Up_of_the_Rapid_Rural_Transformation_RRT_I.pdf,Resilience_building,/Users/madhu/Desktop/WFP/wfp-taxonomy-analysis/py files/extracted/Scaling_Up_of_the_Rapid_Rural_Transformation_RRT_I.json,/Users/madhu/Desktop/WFP/wfp_reports/wfp_reports/Resilience_building/Scaling_Up_of_the_Rapid_Rural_Transformation_RRT_I.pdf,2,4289
WFP_Pacific_Fiji_2023_Market_Price_Monitoring_Bull,WFP_Pacific_Fiji_2023_Market_Price_Monitoring_Bull.pdf,Market_analysis,/Users/madhu/Desktop/WFP/wfp-taxonomy-analysis/py files/extracted/WFP_Pacific_Fiji_2023_Market_Price_Monitoring_Bull.json,/Users/madhu/Desktop/WFP/wfp_reports/wfp_reports/Market_analysis/WFP_Pacific_Fiji_2023_Market_Price_Monitoring_Bull.pdf,12,17528
Market_Price_Monitoring_Bulletin_WFP_Armenia_2024_,Market_Price_Monitoring_Bulletin_WFP_Armenia_2024_.pdf,Market_analysis,/Users/madhu/Desktop/WFP/wfp-taxonomy-analysis/py files/extracted/Market_Price_Monitoring_Bulletin_WFP_Armenia_2024_.json,/Users/madhu/Desktop/WFP/wfp_reports/wfp_reports/Market_analysis/Market_Price_Monitoring_Bulletin_WFP_Armenia_2024_.pdf,11,19559
WFP_Cambodia_Market_Seasonal_Monitoring_Update_202,WFP_Cambodia_Market_Seasonal_Monitoring_Update_202.pdf,Market_analysis,/Users/madhu/Desktop/WFP/wfp-taxonomy-analysis/py files/extracted/WFP_Cambodia_Market_Seasonal_Monitoring_Update_202.json,/Users/madhu/Desktop/WFP/wfp_reports/wfp_reports/Market_analysis/WFP_Cambodia_Market_Seasonal_Monitoring_Update_202.pdf,18,33880
Timor_Leste_Cost_of_Diet_Analysis_2023_Update,Timor_Leste_Cost_of_Diet_Analysis_2023_Update.pdf,Market_analysis,/Users/madhu/Desktop/WFP/wfp-taxonomy-analysis/py files/extracted/Timor_Leste_Cost_of_Diet_Analysis_2023_Update.json,/Users/madhu/Desktop/WFP/wfp_reports/wfp_reports/Market_analysis/Timor_Leste_Cost_of_Diet_Analysis_2023_Update.pdf,12,10323
Food_Security_and_Vulnerability_Assessment_in_Arme,Food_Security_and_Vulnerability_Assessment_in_Arme.pdf,Market_analysis,/Users/madhu/Desktop/WFP/wfp-taxonomy-analysis/py files/extracted/Food_Security_and_Vulnerability_Assessment_in_Arme.json,/Users/madhu/Desktop/WFP/wfp_reports/wfp_reports/Market_analysis/Food_Security_and_Vulnerability_Assessment_in_Arme.pdf,64,133231
WFP_Bangladesh_Market_Monitor,WFP_Bangladesh_Market_Monitor.pdf,Market_analysis,/Users/madhu/Desktop/WFP/wfp-taxonomy-analysis/py files/extracted/WFP_Bangladesh_Market_Monitor.json,/Users/madhu/Desktop/WFP/wfp_reports/wfp_reports/Market_analysis/WFP_Bangladesh_Market_Monitor.pdf,12,30945
Barrier_analysis_for_the_social_economic_integrati,Barrier_analysis_for_the_social_economic_integrati.pdf,Market_analysis,/Users/madhu/Desktop/WFP/wfp-taxonomy-analysis/py files/extracted/Barrier_analysis_for_the_social_economic_integrati.json,/Users/madhu/Desktop/WFP/wfp_reports/wfp_reports/Market_analysis/Barrier_analysis_for_the_social_economic_integrati.pdf,29,75961
WFP_Bangladesh_Rohingya_Refugee_Response_Market_As,WFP_Bangladesh_Rohingya_Refugee_Response_Market_As.pdf,Market_analysis,/Users/madhu/Desktop/WFP/wfp-taxonomy-analysis/py files/extracted/WFP_Bangladesh_Rohingya_Refugee_Response_Market_As.json,/Users/madhu/Desktop/WFP/wfp_reports/wfp_reports/Market_analysis/WFP_Bangladesh_Rohingya_Refugee_Response_Market_As.pdf,44,104103
Price_monitoring_for_food_security_in_the_Kyrgyz_R,Price_monitoring_for_food_security_in_the_Kyrgyz_R.pdf,Market_analysis,/Users/madhu/Desktop/WFP/wfp-taxonomy-analysis/py files/extracted/Price_monitoring_for_food_security_in_the_Kyrgyz_R.json,/Users/madhu/Desktop/WFP/wfp_reports/wfp_reports/Market_analysis/Price_monitoring_for_food_security_in_the_Kyrgyz_R.pdf,5,10942
WFP_Bangladesh_Mobile_Vulnerability_Analysis_and_M,WFP_Bangladesh_Mobile_Vulnerability_Analysis_and_M.pdf,Market_analysis,/Users/madhu/Desktop/WFP/wfp-taxonomy-analysis/py files/extracted/WFP_Bangladesh_Mobile_Vulnerability_Analysis_and_M.json,/Users/madhu/Desktop/WFP/wfp_reports/wfp_reports/Market_analysis/WFP_Bangladesh_Mobile_Vulnerability_Analysis_and_M.pdf,15,20201
Ready_to_learn_and_thrive_School_health_and_nutrit,Ready_to_learn_and_thrive_School_health_and_nutrit.pdf,Zero_Hunger,/Users/madhu/Desktop/WFP/wfp-taxonomy-analysis/py files/extracted/Ready_to_learn_and_thrive_School_health_and_nutrit.json,/Users/madhu/Desktop/WFP/wfp_reports/wfp_reports/Zero_Hunger/Ready_to_learn_and_thrive_School_health_and_nutrit.pdf,164,550622
School_Meals_Programme_in_Madagascar,School_Meals_Programme_in_Madagascar.pdf,Zero_Hunger,/Users/madhu/Desktop/WFP/wfp-taxonomy-analysis/py files/extracted/School_Meals_Programme_in_Madagascar.json,/Users/madhu/Desktop/WFP/wfp_reports/wfp_reports/Zero_Hunger/School_Meals_Programme_in_Madagascar.pdf,2,6370
2024_The_global_food_and_economic_crisis_impact_on,2024_The_global_food_and_economic_crisis_impact_on.pdf,Zero_Hunger,/Users/madhu/Desktop/WFP/wfp-taxonomy-analysis/py files/extracted/2024_The_global_food_and_economic_crisis_impact_on.json,/Users/madhu/Desktop/WFP/wfp_reports/wfp_reports/Zero_Hunger/2024_The_global_food_and_economic_crisis_impact_on.pdf,20,62470
2022_Linking_Nutrition_and_Social_Protection_in_We,2022_Linking_Nutrition_and_Social_Protection_in_We.pdf,Zero_Hunger,/Users/madhu/Desktop/WFP/wfp-taxonomy-analysis/py files/extracted/2022_Linking_Nutrition_and_Social_Protection_in_We.json,/Users/madhu/Desktop/WFP/wfp_reports/wfp_reports/Zero_Hunger/2022_Linking_Nutrition_and_Social_Protection_in_We.pdf,11,31969
WFP_2025_Global_Outlook,WFP_2025_Global_Outlook.pdf,Zero_Hunger,/Users/madhu/Desktop/WFP/wfp-taxonomy-analysis/py files/extracted/WFP_2025_Global_Outlook.json,/Users/madhu/Desktop/WFP/wfp_reports/wfp_reports/Zero_Hunger/WFP_2025_Global_Outlook.pdf,2,3590
2023_Kyrgyz_Republic_Strategic_Outcome_3_Strengthe,2023_Kyrgyz_Republic_Strategic_Outcome_3_Strengthe.pdf,Zero_Hunger,/Users/madhu/Desktop/WFP/wfp-taxonomy-analysis/py files/extracted/2023_Kyrgyz_Republic_Strategic_Outcome_3_Strengthe.json,/Users/madhu/Desktop/WFP/wfp_reports/wfp_reports/Zero_Hunger/2023_Kyrgyz_Republic_Strategic_Outcome_3_Strengthe.pdf,2,3469
Pacific_Multi_Country_Strategic_Plan_2023_2027_Sum,Pacific_Multi_Country_Strategic_Plan_2023_2027_Sum.pdf,Zero_Hunger,/Users/madhu/Desktop/WFP/wfp-taxonomy-analysis/py files/extracted/Pacific_Multi_Country_Strategic_Plan_2023_2027_Sum.json,/Users/madhu/Desktop/WFP/wfp_reports/wfp_reports/Zero_Hunger/Pacific_Multi_Country_Strategic_Plan_2023_2027_Sum.pdf,4,0
Essential_Needs_Assessment_for_Productive_Social_S,Essential_Needs_Assessment_for_Productive_Social_S.pdf,Zero_Hunger,/Users/madhu/Desktop/WFP/wfp-taxonomy-analysis/py files/extracted/Essential_Needs_Assessment_for_Productive_Social_S.json,/Users/madhu/Desktop/WFP/wfp_reports/wfp_reports/Zero_Hunger/Essential_Needs_Assessment_for_Productive_Social_S.pdf,43,81784
Hope_on_the_Horizon_Cash_Transfers_Fueling_the_Fig,Hope_on_the_Horizon_Cash_Transfers_Fueling_the_Fig.pdf,Zero_Hunger,/Users/madhu/Desktop/WFP/wfp-taxonomy-analysis/py files/extracted/Hope_on_the_Horizon_Cash_Transfers_Fueling_the_Fig.json,/Users/madhu/Desktop/WFP/wfp_reports/wfp_reports/Zero_Hunger/Hope_on_the_Horizon_Cash_Transfers_Fueling_the_Fig.pdf,54,38772
The_Climate_Crisis_and_Hunger,The_Climate_Crisis_and_Hunger.pdf,Zero_Hunger,/Users/madhu/Desktop/WFP/wfp-taxonomy-analysis/py files/extracted/The_Climate_Crisis_and_Hunger.json,/Users/madhu/Desktop/WFP/wfp_reports/wfp_reports/Zero_Hunger/The_Climate_Crisis_and_Hunger.pdf,4,6208
Evaluation_of_Mali_Country_Strategic_Plan_2020_202,Evaluation_of_Mali_Country_Strategic_Plan_2020_202.pdf,Migration,/Users/madhu/Desktop/WFP/wfp-taxonomy-analysis/py files/extracted/Evaluation_of_Mali_Country_Strategic_Plan_2020_202.json,/Users/madhu/Desktop/WFP/wfp_reports/wfp_reports/Migration/Evaluation_of_Mali_Country_Strategic_Plan_2020_202.pdf,112,333683
Strategic_evaluation_on_WFP_s_support_to_refugees_,Strategic_evaluation_on_WFP_s_support_to_refugees_.pdf,Migration,/Users/madhu/Desktop/WFP/wfp-taxonomy-analysis/py files/extracted/Strategic_evaluation_on_WFP_s_support_to_refugees_.json,/Users/madhu/Desktop/WFP/wfp_reports/wfp_reports/Migration/Strategic_evaluation_on_WFP_s_support_to_refugees_.pdf,107,359008
Special_Report_FAO_WFP_Crop_and_Food_Security_Asse,Special_Report_FAO_WFP_Crop_and_Food_Security_Asse.pdf,Migration,/Users/madhu/Desktop/WFP/wfp-taxonomy-analysis/py files/extracted/Special_Report_FAO_WFP_Crop_and_Food_Security_Asse.json,/Users/madhu/Desktop/WFP/wfp_reports/wfp_reports/Migration/Special_Report_FAO_WFP_Crop_and_Food_Security_Asse.pdf,90,201396
Strategic_Evaluation_of_WFP_s_Protection_from_Sexu,Strategic_Evaluation_of_WFP_s_Protection_from_Sexu.pdf,Migration,/Users/madhu/Desktop/WFP/wfp-taxonomy-analysis/py files/extracted/Strategic_Evaluation_of_WFP_s_Protection_from_Sexu.json,/Users/madhu/Desktop/WFP/wfp_reports/wfp_reports/Migration/Strategic_Evaluation_of_WFP_s_Protection_from_Sexu.pdf,104,359291
Niger_valuation_d_impact_du_projet_Partenariat_UNI,Niger_valuation_d_impact_du_projet_Partenariat_UNI.pdf,Migration,/Users/madhu/Desktop/WFP/wfp-taxonomy-analysis/py files/extracted/Niger_valuation_d_impact_du_projet_Partenariat_UNI.json,/Users/madhu/Desktop/WFP/wfp_reports/wfp_reports/Migration/Niger_valuation_d_impact_du_projet_Partenariat_UNI.pdf,101,310178
2023_Addressing_Irregular_Migration_through_Princi,2023_Addressing_Irregular_Migration_through_Princi.pdf,Migration,/Users/madhu/Desktop/WFP/wfp-taxonomy-analysis/py files/extracted/2023_Addressing_Irregular_Migration_through_Princi.json,/Users/madhu/Desktop/WFP/wfp_reports/wfp_reports/Migration/2023_Addressing_Irregular_Migration_through_Princi.pdf,24,76860
Evaluation_of_Burkina_Faso_WFP_Country_Strategic_P,Evaluation_of_Burkina_Faso_WFP_Country_Strategic_P.pdf,Migration,/Users/madhu/Desktop/WFP/wfp-taxonomy-analysis/py files/extracted/Evaluation_of_Burkina_Faso_WFP_Country_Strategic_P.json,/Users/madhu/Desktop/WFP/wfp_reports/wfp_reports/Migration/Evaluation_of_Burkina_Faso_WFP_Country_Strategic_P.pdf,118,327004
Evaluation_of_Kenya_WFP_Country_Strategic_Plan_201,Evaluation_of_Kenya_WFP_Country_Strategic_Plan_201.pdf,Migration,/Users/madhu/Desktop/WFP/wfp-taxonomy-analysis/py files/extracted/Evaluation_of_Kenya_WFP_Country_Strategic_Plan_201.json,/Users/madhu/Desktop/WFP/wfp_reports/wfp_reports/Migration/Evaluation_of_Kenya_WFP_Country_Strategic_Plan_201.pdf,93,288993
Evaluation_of_Malawi_WFP_Country_Strategic_Plan_20,Evaluation_of_Malawi_WFP_Country_Strategic_Plan_20.pdf,Migration,/Users/madhu/Desktop/WFP/wfp-taxonomy-analysis/py files/extracted/Evaluation_of_Malawi_WFP_Country_Strategic_Plan_20.json,/Users/madhu/Desktop/WFP/wfp_reports/wfp_reports/Migration/Evaluation_of_Malawi_WFP_Country_Strategic_Plan_20.pdf,88,273174
Evaluation_of_Egypt_WFP_Country_Strategic_Plan_201,Evaluation_of_Egypt_WFP_Country_Strategic_Plan_201.pdf,Migration,/Users/madhu/Desktop/WFP/wfp-taxonomy-analysis/py files/extracted/Evaluation_of_Egypt_WFP_Country_Strategic_Plan_201.json,/Users/madhu/Desktop/WFP/wfp_reports/wfp_reports/Migration/Evaluation_of_Egypt_WFP_Country_Strategic_Plan_201.pdf,102,272961
2019_Humanitarian_Response_Facilities_in_Pakistan,2019_Humanitarian_Response_Facilities_in_Pakistan.pdf,Humanitarian_Support_and_Services,/Users/madhu/Desktop/WFP/wfp-taxonomy-analysis/py files/extracted/2019_Humanitarian_Response_Facilities_in_Pakistan.json,/Users/madhu/Desktop/WFP/wfp_reports/wfp_reports/Humanitarian_Support_and_Services/2019_Humanitarian_Response_Facilities_in_Pakistan.pdf,0,0
WFP_Cameroon_Crises_Factsheets,WFP_Cameroon_Crises_Factsheets.pdf,Humanitarian_Support_and_Services,/Users/madhu/Desktop/WFP/wfp-taxonomy-analysis/py files/extracted/WFP_Cameroon_Crises_Factsheets.json,/Users/madhu/Desktop/WFP/wfp_reports/wfp_reports/Humanitarian_Support_and_Services/WFP_Cameroon_Crises_Factsheets.pdf,4,7746
2024_Humanitarian_Simulation_Exercise_SimEx_Techni,2024_Humanitarian_Simulation_Exercise_SimEx_Techni.pdf,Humanitarian_Support_and_Services,/Users/madhu/Desktop/WFP/wfp-taxonomy-analysis/py files/extracted/2024_Humanitarian_Simulation_Exercise_SimEx_Techni.json,/Users/madhu/Desktop/WFP/wfp_reports/wfp_reports/Humanitarian_Support_and_Services/2024_Humanitarian_Simulation_Exercise_SimEx_Techni.pdf,32,58196
Impact_Evaluations_to_Optimize_Humanitarian_Interv,Impact_Evaluations_to_Optimize_Humanitarian_Interv.pdf,Humanitarian_Support_and_Services,/Users/madhu/Desktop/WFP/wfp-taxonomy-analysis/py files/extracted/Impact_Evaluations_to_Optimize_Humanitarian_Interv.json,/Users/madhu/Desktop/WFP/wfp_reports/wfp_reports/Humanitarian_Support_and_Services/Impact_Evaluations_to_Optimize_Humanitarian_Interv.pdf,2,4935
Evaluation_of_WFP_s_Corporate_Emergency_Response_t,Evaluation_of_WFP_s_Corporate_Emergency_Response_t.pdf,Humanitarian_Support_and_Services,/Users/madhu/Desktop/WFP/wfp-taxonomy-analysis/py files/extracted/Evaluation_of_WFP_s_Corporate_Emergency_Response_t.json,/Users/madhu/Desktop/WFP/wfp_reports/wfp_reports/Humanitarian_Support_and_Services/Evaluation_of_WFP_s_Corporate_Emergency_Response_t.pdf,43,98478
WFP_Cameroon_Operational_Updates,WFP_Cameroon_Operational_Updates.pdf,Humanitarian_Support_and_Services,/Users/madhu/Desktop/WFP/wfp-taxonomy-analysis/py files/extracted/WFP_Cameroon_Operational_Updates.json,/Users/madhu/Desktop/WFP/wfp_reports/wfp_reports/Humanitarian_Support_and_Services/WFP_Cameroon_Operational_Updates.pdf,4,14322
Evaluation_synthesis_on_WFP_s_engagement_in_UN_hum,Evaluation_synthesis_on_WFP_s_engagement_in_UN_hum.pdf,Humanitarian_Support_and_Services,/Users/madhu/Desktop/WFP/wfp-taxonomy-analysis/py files/extracted/Evaluation_synthesis_on_WFP_s_engagement_in_UN_hum.json,/Users/madhu/Desktop/WFP/wfp_reports/wfp_reports/Humanitarian_Support_and_Services/Evaluation_synthesis_on_WFP_s_engagement_in_UN_hum.pdf,18,37719
Sustaining_Relief_and_Development_Responses_in_Nig,Sustaining_Relief_and_Development_Responses_in_Nig.pdf,Humanitarian_Support_and_Services,/Users/madhu/Desktop/WFP/wfp-taxonomy-analysis/py files/extracted/Sustaining_Relief_and_Development_Responses_in_Nig.json,/Users/madhu/Desktop/WFP/wfp_reports/wfp_reports/Humanitarian_Support_and_Services/Sustaining_Relief_and_Development_Responses_in_Nig.pdf,7,16915
Strengthening_the_Humanitarian_System_in_India,Strengthening_the_Humanitarian_System_in_India.pdf,Humanitarian_Support_and_Services,/Users/madhu/Desktop/WFP/wfp-taxonomy-analysis/py files/extracted/Strengthening_the_Humanitarian_System_in_India.json,/Users/madhu/Desktop/WFP/wfp_reports/wfp_reports/Humanitarian_Support_and_Services/Strengthening_the_Humanitarian_System_in_India.pdf,59,171425
After_Action_Review_Leveraging_4Ps_Programme_for_E,After_Action_Review_Leveraging_4Ps_Programme_for_E.pdf,Emergency_Preparedness_and_Response,/Users/madhu/Desktop/WFP/wfp-taxonomy-analysis/py files/extracted/After_Action_Review_Leveraging_4Ps_Programme_for_E.json,/Users/madhu/Desktop/WFP/wfp_reports/wfp_reports/Emergency_Preparedness_and_Response/After_Action_Review_Leveraging_4Ps_Programme_for_E.pdf,21,48710
Corporate_Emergency_Evaluation_of_WFP_s_Response_i,Corporate_Emergency_Evaluation_of_WFP_s_Response_i.pdf,Emergency_Preparedness_and_Response,/Users/madhu/Desktop/WFP/wfp-taxonomy-analysis/py files/extracted/Corporate_Emergency_Evaluation_of_WFP_s_Response_i.json,/Users/madhu/Desktop/WFP/wfp_reports/wfp_reports/Emergency_Preparedness_and_Response/Corporate_Emergency_Evaluation_of_WFP_s_Response_i.pdf,114,316512
Evaluation_of_Democratic_Republic_of_the_Congo_WFP,Evaluation_of_Democratic_Republic_of_the_Congo_WFP.pdf,Emergency_Preparedness_and_Response,/Users/madhu/Desktop/WFP/wfp-taxonomy-analysis/py files/extracted/Evaluation_of_Democratic_Republic_of_the_Congo_WFP.json,/Users/madhu/Desktop/WFP/wfp_reports/wfp_reports/Emergency_Preparedness_and_Response/Evaluation_of_Democratic_Republic_of_the_Congo_WFP.pdf,104,317414
Inter_Agency_Humanitarian_Evaluation_of_the_Respon,Inter_Agency_Humanitarian_Evaluation_of_the_Respon.pdf,Emergency_Preparedness_and_Response,/Users/madhu/Desktop/WFP/wfp-taxonomy-analysis/py files/extracted/Inter_Agency_Humanitarian_Evaluation_of_the_Respon.json,/Users/madhu/Desktop/WFP/wfp_reports/wfp_reports/Emergency_Preparedness_and_Response/Inter_Agency_Humanitarian_Evaluation_of_the_Respon.pdf,107,397193
Seasonal_Monitoring_in_Cambodia,Seasonal_Monitoring_in_Cambodia.pdf,Emergency_Preparedness_and_Response,/Users/madhu/Desktop/WFP/wfp-taxonomy-analysis/py files/extracted/Seasonal_Monitoring_in_Cambodia.json,/Users/madhu/Desktop/WFP/wfp_reports/wfp_reports/Emergency_Preparedness_and_Response/Seasonal_Monitoring_in_Cambodia.pdf,8,6360
WFP_Lebanon_Programme_Factsheets_September_2025,WFP_Lebanon_Programme_Factsheets_September_2025.pdf,Emergency_Preparedness_and_Response,/Users/madhu/Desktop/WFP/wfp-taxonomy-analysis/py files/extracted/WFP_Lebanon_Programme_Factsheets_September_2025.json,/Users/madhu/Desktop/WFP/wfp_reports/wfp_reports/Emergency_Preparedness_and_Response/WFP_Lebanon_Programme_Factsheets_September_2025.pdf,10,47952
Evaluation_of_the_project_SAIO_Fostering_Community,Evaluation_of_the_project_SAIO_Fostering_Community.pdf,Emergency_Preparedness_and_Response,/Users/madhu/Desktop/WFP/wfp-taxonomy-analysis/py files/extracted/Evaluation_of_the_project_SAIO_Fostering_Community.json,/Users/madhu/Desktop/WFP/wfp_reports/wfp_reports/Emergency_Preparedness_and_Response/Evaluation_of_the_project_SAIO_Fostering_Community.pdf,78,223926
Synthesis_of_evaluative_evidence_on_the_humanitari,Synthesis_of_evaluative_evidence_on_the_humanitari.pdf,Emergency_Preparedness_and_Response,/Users/madhu/Desktop/WFP/wfp-taxonomy-analysis/py files/extracted/Synthesis_of_evaluative_evidence_on_the_humanitari.json,/Users/madhu/Desktop/WFP/wfp_reports/wfp_reports/Emergency_Preparedness_and_Response/Synthesis_of_evaluative_evidence_on_the_humanitari.pdf,65,177183
Disability_Inclusive_Early_Warning_Messages_in_Lao,Disability_Inclusive_Early_Warning_Messages_in_Lao.pdf,Emergency_Preparedness_and_Response,/Users/madhu/Desktop/WFP/wfp-taxonomy-analysis/py files/extracted/Disability_Inclusive_Early_Warning_Messages_in_Lao.json,/Users/madhu/Desktop/WFP/wfp_reports/wfp_reports/Emergency_Preparedness_and_Response/Disability_Inclusive_Early_Warning_Messages_in_Lao.pdf,31,30491
Gender_Equality_and_Social_Inclusion_Factsheet_Jun,Gender_Equality_and_Social_Inclusion_Factsheet_Jun.pdf,Food_Assistance,/Users/madhu/Desktop/WFP/wfp-taxonomy-analysis/py files/extracted/Gender_Equality_and_Social_Inclusion_Factsheet_Jun.json,/Users/madhu/Desktop/WFP/wfp_reports/wfp_reports/Food_Assistance/Gender_Equality_and_Social_Inclusion_Factsheet_Jun.pdf,2,8009
Strategic_evaluation_of_WFP_s_approaches_to_target,Strategic_evaluation_of_WFP_s_approaches_to_target.pdf,Food_Assistance,/Users/madhu/Desktop/WFP/wfp-taxonomy-analysis/py files/extracted/Strategic_evaluation_of_WFP_s_approaches_to_target.json,/Users/madhu/Desktop/WFP/wfp_reports/wfp_reports/Food_Assistance/Strategic_evaluation_of_WFP_s_approaches_to_target.pdf,2,8910
A_lifeline_at_risk_food_assistance_at_a_breaking_p,A_lifeline_at_risk_food_assistance_at_a_breaking_p.pdf,Food_Assistance,/Users/madhu/Desktop/WFP/wfp-taxonomy-analysis/py files/extracted/A_lifeline_at_risk_food_assistance_at_a_breaking_p.json,/Users/madhu/Desktop/WFP/wfp_reports/wfp_reports/Food_Assistance/A_lifeline_at_risk_food_assistance_at_a_breaking_p.pdf,14,20749
WFP_Lebanon_Disability_Inclusion_Factsheet_2024,WFP_Lebanon_Disability_Inclusion_Factsheet_2024.pdf,Food_Assistance,/Users/madhu/Desktop/WFP/wfp-taxonomy-analysis/py files/extracted/WFP_Lebanon_Disability_Inclusion_Factsheet_2024.json,/Users/madhu/Desktop/WFP/wfp_reports/wfp_reports/Food_Assistance/WFP_Lebanon_Disability_Inclusion_Factsheet_2024.pdf,2,5959
Niger_valuation_d_impact_du_projet_Partenariat_UNI,Niger_valuation_d_impact_du_projet_Partenariat_UNI.pdf,Food_Assistance,/Users/madhu/Desktop/WFP/wfp-taxonomy-analysis/py files/extracted/Niger_valuation_d_impact_du_projet_Partenariat_UNI.json,/Users/madhu/Desktop/WFP/wfp_reports/wfp_reports/Food_Assistance/Niger_valuation_d_impact_du_projet_Partenariat_UNI.pdf,101,310178
Nutrition_at_the_Heart_of_WFP_s_Work_in_Madagascar,Nutrition_at_the_Heart_of_WFP_s_Work_in_Madagascar.pdf,Food_Assistance,/Users/madhu/Desktop/WFP/wfp-taxonomy-analysis/py files/extracted/Nutrition_at_the_Heart_of_WFP_s_Work_in_Madagascar.json,/Users/madhu/Desktop/WFP/wfp_reports/wfp_reports/Food_Assistance/Nutrition_at_the_Heart_of_WFP_s_Work_in_Madagascar.pdf,3,7904
WFP_Lebanon_2025_Mid_Year_Highlights,WFP_Lebanon_2025_Mid_Year_Highlights.pdf,Food_Assistance,/Users/madhu/Desktop/WFP/wfp-taxonomy-analysis/py files/extracted/WFP_Lebanon_2025_Mid_Year_Highlights.json,/Users/madhu/Desktop/WFP/wfp_reports/wfp_reports/Food_Assistance/WFP_Lebanon_2025_Mid_Year_Highlights.pdf,2,7918
Emergency_Preparedness_and_Response_in_Madagascar,Emergency_Preparedness_and_Response_in_Madagascar.pdf,Food_Assistance,/Users/madhu/Desktop/WFP/wfp-taxonomy-analysis/py files/extracted/Emergency_Preparedness_and_Response_in_Madagascar.json,/Users/madhu/Desktop/WFP/wfp_reports/wfp_reports/Food_Assistance/Emergency_Preparedness_and_Response_in_Madagascar.pdf,3,7955
WFP_Lebanon_Operational_Assistance_Update_January_,WFP_Lebanon_Operational_Assistance_Update_January_.pdf,Food_Assistance,/Users/madhu/Desktop/WFP/wfp-taxonomy-analysis/py files/extracted/WFP_Lebanon_Operational_Assistance_Update_January_.json,/Users/madhu/Desktop/WFP/wfp_reports/wfp_reports/Food_Assistance/WFP_Lebanon_Operational_Assistance_Update_January_.pdf,18,46026
Investing_in_Ukraine_s_economy_and_food_systems_fa,Investing_in_Ukraine_s_economy_and_food_systems_fa.pdf,Food_Assistance,/Users/madhu/Desktop/WFP/wfp-taxonomy-analysis/py files/extracted/Investing_in_Ukraine_s_economy_and_food_systems_fa.json,/Users/madhu/Desktop/WFP/wfp_reports/wfp_reports/Food_Assistance/Investing_in_Ukraine_s_economy_and_food_systems_fa.pdf,2,4564
Environmental_and_social_impact_assessment_report_,Environmental_and_social_impact_assessment_report_.pdf,Climate_risk_management_insurance_and_financing,/Users/madhu/Desktop/WFP/wfp-taxonomy-analysis/py files/extracted/Environmental_and_social_impact_assessment_report_.json,/Users/madhu/Desktop/WFP/wfp_reports/wfp_reports/Climate_risk_management_insurance_and_financing/Environmental_and_social_impact_assessment_report_.pdf,111,257532
Enhancing_financial_protection_The_five_impact_pat,Enhancing_financial_protection_The_five_impact_pat.pdf,Climate_risk_management_insurance_and_financing,/Users/madhu/Desktop/WFP/wfp-taxonomy-analysis/py files/extracted/Enhancing_financial_protection_The_five_impact_pat.json,/Users/madhu/Desktop/WFP/wfp_reports/wfp_reports/Climate_risk_management_insurance_and_financing/Enhancing_financial_protection_The_five_impact_pat.pdf,12,27418
Pre_arranged_Finance_for_Food_Security,Pre_arranged_Finance_for_Food_Security.pdf,Climate_risk_management_insurance_and_financing,/Users/madhu/Desktop/WFP/wfp-taxonomy-analysis/py files/extracted/Pre_arranged_Finance_for_Food_Security.json,/Users/madhu/Desktop/WFP/wfp_reports/wfp_reports/Climate_risk_management_insurance_and_financing/Pre_arranged_Finance_for_Food_Security.pdf,4,8643
Partnering_with_WFP_to_protect_vulnerable_communit,Partnering_with_WFP_to_protect_vulnerable_communit.pdf,Climate_risk_management_insurance_and_financing,/Users/madhu/Desktop/WFP/wfp-taxonomy-analysis/py files/extracted/Partnering_with_WFP_to_protect_vulnerable_communit.json,/Users/madhu/Desktop/WFP/wfp_reports/wfp_reports/Climate_risk_management_insurance_and_financing/Partnering_with_WFP_to_protect_vulnerable_communit.pdf,3,5182
Integrated_resilience_approach_in_Madagascar,Integrated_resilience_approach_in_Madagascar.pdf,Climate_risk_management_insurance_and_financing,/Users/madhu/Desktop/WFP/wfp-taxonomy-analysis/py files/extracted/Integrated_resilience_approach_in_Madagascar.json,/Users/madhu/Desktop/WFP/wfp_reports/wfp_reports/Climate_risk_management_insurance_and_financing/Integrated_resilience_approach_in_Madagascar.pdf,2,5187
Macro_level_Disaster_Risk_Financing_for_vulnerable,Macro_level_Disaster_Risk_Financing_for_vulnerable.pdf,Climate_risk_management_insurance_and_financing,/Users/madhu/Desktop/WFP/wfp-taxonomy-analysis/py files/extracted/Macro_level_Disaster_Risk_Financing_for_vulnerable.json,/Users/madhu/Desktop/WFP/wfp_reports/wfp_reports/Climate_risk_management_insurance_and_financing/Macro_level_Disaster_Risk_Financing_for_vulnerable.pdf,3,12877
Payouts_from_WFP_supported_Disaster_Risk_Financing,Payouts_from_WFP_supported_Disaster_Risk_Financing.pdf,Climate_risk_management_insurance_and_financing,/Users/madhu/Desktop/WFP/wfp-taxonomy-analysis/py files/extracted/Payouts_from_WFP_supported_Disaster_Risk_Financing.json,/Users/madhu/Desktop/WFP/wfp_reports/wfp_reports/Climate_risk_management_insurance_and_financing/Payouts_from_WFP_supported_Disaster_Risk_Financing.pdf,4,10685
Malawi_Integrated_risk_management_and_climate_serv,Malawi_Integrated_risk_management_and_climate_serv.pdf,Climate_risk_management_insurance_and_financing,/Users/madhu/Desktop/WFP/wfp-taxonomy-analysis/py files/extracted/Malawi_Integrated_risk_management_and_climate_serv.json,/Users/madhu/Desktop/WFP/wfp_reports/wfp_reports/Climate_risk_management_insurance_and_financing/Malawi_Integrated_risk_management_and_climate_serv.pdf,71,144025
Nepal_Anticipatory_Action_Impact_evaluation,Nepal_Anticipatory_Action_Impact_evaluation.pdf,Climate_risk_management_insurance_and_financing,/Users/madhu/Desktop/WFP/wfp-taxonomy-analysis/py files/extracted/Nepal_Anticipatory_Action_Impact_evaluation.json,/Users/madhu/Desktop/WFP/wfp_reports/wfp_reports/Climate_risk_management_insurance_and_financing/Nepal_Anticipatory_Action_Impact_evaluation.pdf,67,144769
Disaster_risk_financing_Annual_Report,Disaster_risk_financing_Annual_Report.pdf,Climate_risk_management_insurance_and_financing,/Users/madhu/Desktop/WFP/wfp-taxonomy-analysis/py files/extracted/Disaster_risk_financing_Annual_Report.json,/Users/madhu/Desktop/WFP/wfp_reports/wfp_reports/Climate_risk_management_insurance_and_financing/Disaster_risk_financing_Annual_Report.pdf,123,299099
