id,abstract
2019_WFPFITTEST_Cash_based_transfers_and_SCOPE,"This evaluation aimed to assess the effectiveness of cash transfers in conjunction with food deliveries in achieving Zero Hunger, as implemented by the World Food Programme (WFP) over the past decade. Utilizing the SCOPE digital platform for beneficiary registration and management, the WFP has successfully leveraged cash-based transfers in areas with functioning markets and favorable local conditions, thereby accelerating progress towards Zero Hunger and maximizing the reach of food assistance. The WFP's Fast IT & Telecommunications Emergency Support Team (FITTEST) has played a crucial role in supporting emergency operations by establishing IT networks and deploying qualified staff, including operational project managers and ICT specialists, to facilitate the scale-up of cash-based transfer IT solutions. Key findings suggest that cash-based transfers are an effective tool in reducing the cost of providing food assistance, thereby increasing the number of people reached. The implications of this evaluation highlight the importance of integrating cash-based transfers into humanitarian responses, particularly in areas with functioning markets, to enhance the efficiency and effectiveness of food assistance programs."
2019_WFPFITTEST_Security_Telecommunications_Servic,"This evaluation aimed to assess the effectiveness of FITTEST in supporting the implementation of the Telecommunications and Emergency Services Standard (TESS) in humanitarian settings. The study employed a qualitative methodology, examining the role of FITTEST in providing tailored training sessions for humanitarian ICT staff, including the deployment of digital radio infrastructure and the use of portable satellite devices. Key findings indicate that FITTEST has successfully supported the provision of reliable and innovative technology services in challenging environments, enabling humanitarian staff to carry out life-saving activities and ensure their safety. The evaluation also highlights the importance of security radio technology and location services, such as FITTEST Location Services, in enhancing situational awareness and facilitating decision-making in emergency situations. The implications of this study suggest that humanitarian organizations should prioritize the adoption of TESS and the use of FITTEST services to ensure effective and secure communication in emergency response operations."
2021_Agricultural_Insurance_Digital_Payments_Chall,"This evaluation aimed to assess the feasibility and potential impact of the National Agricultural Insurance Company of Senegal's (CNAAS) digital transformation program, which seeks to dematerialize its index-based insurance program for rural populations. The methodology involved a collaborative effort between CNAAS, the World Food Programme (WFP), and Sofrecom, a consulting and engineering firm, to study the challenges and opportunities of digitalizing the program. Key findings indicate that the current payment procedures are plagued by security risks, additional costs, delays, and difficulties in data reliability, which can be addressed through digitalization. The project team identified a ""phygital"" approach as a key principle, combining physical and digital interfaces to cater to producers' limited access to digital tools. The analysis suggests that digitalizing procedures can potentially neutralize stakeholders' difficulties, with about 75% of ""pain points"" being addressed and almost all payment-related difficulties being solved. The evaluation recommends exploring alternative approaches to acquiring a solution, such as procuring payment services through a ""SaaS"" (software as a service) model, which offers financial and operational flexibility. The implications of this evaluation are that the CNAAS's digital transformation program has the potential to provide significant benefits to stakeholders, including security, facilitation of payment procedures, operational savings, and time savings."
2021_Protection_and_Accountability_Handbook,"This evaluation aimed to assess the effectiveness of the World Food Programme's (WFP) protection and accountability framework in ensuring the safety, dignity, and integrity of affected populations. The evaluation methodology involved analyzing WFP's policies, guidelines, and programming practices, as well as conducting a review of existing literature and best practices in protection and accountability. Key findings included the importance of integrating protection into nutrition surveys and assessments, ensuring that affected populations have access to information and are involved in decision-making processes, and prioritizing the needs of vulnerable groups, including women, children, and people with disabilities. The evaluation also highlighted the need for WFP to continuously assess the context and identify protection risks, as well as to advocate for the rights of affected populations beyond food security. Implications of the evaluation include the need for WFP to strengthen its protection and accountability framework, improve data collection and analysis, and enhance community feedback mechanisms to ensure that assistance is delivered in a safe and dignified manner."
2021_Technical_Report_on_Zambia_s_Farmer_Input_Sup,"This evaluation aimed to assess the effectiveness of the WFP-supported index insurance product in Zambia, with a focus on its design, implementation, and impact on smallholder farmers. The evaluation methodology involved a mixed-methods approach, including the collection of focus group data from over 1,000 agricultural camps across the country, as well as the review of data gathered through a crowdsourcing exercise involving approximately 300 Ministry of Agriculture extension officers. The inter-ministerial technical working group used interactive tools developed by IRI to tune the index, incorporating the perspectives of farmers to ensure that the product accurately reflected local patterns of vulnerability and risk. Key findings include the successful implementation of the index insurance product, which has reached over 18,000 farmers with an integrated risk management approach, and the development of a new index design that takes into consideration the needs of smallholder farmers. The evaluation also highlights the importance of partnerships between WFP, the Government of Zambia, and private sector companies to improve the design and management of insurance schemes. Implications of the evaluation include the potential for the WFP-supported index insurance product to contribute to food security in Zambia, and the need for continued technical assistance to the Government to improve the design and management of insurance schemes."
2021_WFP_Community_Engagement_Strategy_for_Account,"This evaluation aims to assess the effectiveness of the World Food Programme's (WFP) strategies and policies related to accountability to affected people (AAP) in promoting community engagement and strengthening partnerships. The evaluation objective is to evaluate the implementation of the 2019-2021 Strategy for Protection and AAP and the 2017-2021 Strategy for AAP, and to identify key areas for improvement in promoting AAP practices in the programme cycle.

The methodology employed involves a review of existing policies, strategies, and frameworks, as well as a analysis of country-level community engagement action plans and feedback mechanisms. The evaluation also draws on existing literature and resources, including the IASC Accountability and Inclusion Service Directory and the IASC Framework on Collective Accountability.

Key findings of the evaluation include the importance of community engagement in facilitating good programming, strengthening partnerships, and promoting community trust in WFP and acceptance of its interventions. The evaluation also highlights the need for WFP to leverage its participation and leadership in inter-agency and collective fora to set a good example on accountability practices and promote the establishment of harmonised processes and standards for timely and actionable feedback and response.

The implications of the evaluation are that WFP should prioritize the development of country-level community engagement action plans, which should be jointly developed with cooperating partners and in consultation with affected communities and their representative organisations. The evaluation also recommends that WFP should strengthen its feedback mechanisms, including the use of minimum three different feedback channels, and that it should engage with collective approaches to the collection, analysis, and reporting of community feedback and responses to strengthen collective accountability efforts in the response."
2022_Economic_Impact_Assessment_of_World_Food_Prog,"This evaluation aimed to estimate the broader economic impacts of World Food Programme (WFP) food and non-food expenditures in the East Africa region, beyond the impacts on food security and nutrition. The study employed a general equilibrium model, specifically the GTAP model, to capture both direct and indirect impacts of WFP spending within each country and the region as a whole. The model was fed with WFP expenditure data, and a comparative static analysis was conducted to assess the impacts of WFP spending in each RBN country, the rest of East Africa, and the RBN region as a whole. The key findings indicate that WFP spending can have a large impact on production and GDP in most cases, provided labor and capital are available. The results suggest that WFP spending can create positive and large production, real income, and employment multipliers, particularly in countries with available labor and capital. However, in economies without excess capacity and unemployed workers, WFP spending can crowd out production in other sectors, rather than contributing to real income and production growth. The study's findings have implications for understanding how WFP expenditures can affect income, production, and employment, and how the effects depend on the availability of labor and capital in beneficiary countries."
2022_Linking_Nutrition_and_Social_Protection_in_We,"This evaluation aims to assess the effectiveness of social protection in addressing food insecurity and malnutrition in Western Africa, with a focus on nutrition-sensitive approaches. The evaluation methodology involves a review of existing evidence, including studies on the impact of social protection on food security and nutrition, as well as analysis of data from Fill the Nutrient Gap (FNG) studies conducted in six countries in the region. Key findings indicate that social protection can support food security and dietary diversity, increase access to food, and stabilize access to food. Social transfers have been shown to have a tracked impact on several dimensions of food security, including dietary diversity and the quantity and quality of diets. The evaluation also highlights the importance of integrating nutrition-sensitive goals and approaches into social protection policies and programs, particularly in the context of Western Africa where shocks are recurrent. Implications of the findings suggest that rolling out nutrition-sensitive social protection approaches must go hand-in-hand with the realization of the Universal Social Protection by 2030 agenda, and that systems must be responsive to meet additional needs in a disruptive context. The evaluation concludes that data and analysis, as well as evidence, are vital to inform nutrition-sensitive social protection policies and programs design, and that governments in the region have an opportune moment to influence national social protection policies, programming, and coordination for enhanced nutrition-sensitiveness."
2022_Procurement_Infographic,"This evaluation aimed to assess the commodity and service expenditures of a humanitarian program. The methodology involved analyzing procurement data to identify the top categories of expenditures. Key findings indicate that the program's expenditures were primarily allocated to office/admin equipment and services (US$ 163 million), consultancy services (US$ 153 million), and fuel, oil, and lubricant (US$ 143 million). Notably, fuel, oil, and lubricant emerged as the most purchased commodity by volume (71%) and value (44%), suggesting a significant reliance on this commodity for program operations. The implications of these findings warrant further examination of the program's commodity and service expenditures to ensure optimal allocation of resources and effective management of humanitarian interventions."
2022_Western_Africa_Annual_Achievements,"This evaluation aimed to assess the effectiveness of the World Food Programme's (WFP) interventions in West Africa during the 2022 lean season response. The evaluation employed a mixed-methods approach, utilizing data from the Corporate 2 Joint Assessment Monitoring, Essential Needs Guidelines, Minimum Expenditure Basket, and Integrated Context Analysis. The findings indicate that WFP's interventions reached up to 7.1 million people in Burkina Faso, Chad, Mali, Mauritania, and Niger, out of the 12.7 million projected to be food insecure between June and August 2022. The nexus approach, which aimed to maximize food security and nutrition gains, demonstrated complementarity and convergence of WFP and non-WFP packages and interventions. The evaluation also highlights the importance of social protection in addressing food insecurity, with WFP supporting governments in scaling up and enhancing social protection systems. Furthermore, WFP's integrated resilience program in Niger supported over 1.8 million people in 2,000 villages. However, challenges remain, including programmatic integration, capacity and funding for value chain analysis, and influencing food systems with governments through policy and regulatory frameworks. The evaluation suggests that WFP should prioritize these areas to improve its effectiveness in addressing food insecurity in West Africa."
2023_A_Year_in_Review_For_WFP_Operations_across_th,"This evaluation aimed to assess the effectiveness of the World Food Programme's (WFP) operations in the Middle East, North Africa, and Eastern Europe (MENAEE) region in 2023, amidst a volatile regional security situation, dwindling funding, and persistent humanitarian crises. The evaluation employed a mixed-methods approach, combining quantitative data with qualitative insights from country offices and headquarters. Key findings indicate that an estimated 43 million people were food insecure in 2023, with a 40 percent drop in funding levels contributing to a reduction in the size and scope of WFP's assistance. As a result, WFP was forced to either reduce the size of assistance, the number of people reached, or both, in most operations. The evaluation also highlights the importance of strengthened government social safety nets and large-scale, high-impact climate-smart livelihood programs in addressing food insecurity. Furthermore, the study notes that private sector funding declined by 64 percent in 2023, but remained a vital contributor to emergency responses in the region. The evaluation recommends that country offices focus on strengthening five key areas: management of cooperating partners, monitoring and community feedback mechanisms, targeting approaches, identity management practices, and supply chain processes, to improve the effectiveness of WFP's operations in the region. The findings of this evaluation have significant implications for WFP's future operations in the MENAEE region, emphasizing the need for innovative approaches, strengthened partnerships, and risk assurance to address the complex and evolving humanitarian needs in the region."
2023_Addressing_Irregular_Migration_through_Princi,"This evaluation aimed to assess the characteristics and key drivers of irregular migration from West Africa, with a focus on understanding the motivations and vulnerabilities of irregular migrants. The study employed a mixed-methods approach, combining a literature review of existing research, global-level key informant interviews, and secondary data analysis of the Enquête Agricole de Conjoncture Intégrée aux Conditions de Vie des Ménages (EAC-I) survey in Mali. The findings indicate that economic considerations, including improved livelihood opportunities, higher wages, and better standards of living, are the primary drivers of irregular migration in West Africa. Poverty, unemployment, and limited job prospects in countries of origin were also identified as key push factors. The study highlights the vulnerability of irregular migrants in transit, who face substantial physical risks, including detection and death, and are often exposed to food insecurity and other forms of hardship. The evaluation emphasizes the need for the international community to work alongside national governments in developing policies to address the root causes of irregular migration, and to provide needs-based assistance to migrants in transit, particularly in areas related to protection and food insecurity."
2023_Climate_Risk_Insurance_A_key_tool_for_buildin,"This evaluation aimed to assess the effectiveness of the World Food Programme's (WFP) climate and disaster risk financing instruments (CDRFI) in Haiti, with a focus on promoting resilience and reducing vulnerability among smallholder farmers. The evaluation employed a mixed-methods approach, combining quantitative data from a pilot microinsurance programme with qualitative insights from community members, farmers' associations, and local stakeholders. Key findings indicate that the introduction of CDRFI tools, including microinsurance, has been successful in enabling smallholder farmers to cope with climate-related shocks and build resilience. The pilot programme, which targeted 4,990 farmers in the Grand Anse and Sud departments, demonstrated a high level of engagement, with 51% of beneficiaries being women. The evaluation also highlights the importance of integrating CDRFI tools with other resilience-building strategies, such as income generation, asset creation, and social protection initiatives. Implications of the evaluation suggest that WFP Haiti should continue to scale up its CDRFI initiatives, leveraging strategic partnerships and innovative distribution channels to reach a critical mass of beneficiaries. Furthermore, the evaluation recommends that WFP Haiti prioritize education and awareness-raising activities to promote a culture of risk management and insurance among rural communities."
2023_Conflict_Sensitivity_Mainstreaming_Strategy,"The evaluation objective of the WFP Conflict Sensitivity Mainstreaming Strategy is to assess the effectiveness of conflict sensitivity (CS) approaches in WFP's programming and operations, particularly in complex operational environments. To achieve this objective, the strategy employs a methodology that involves conducting context-specific conflict analyses and CS risk assessments, as well as mainstreaming CS approaches into existing policies, processes, and systems across programmes and operations. Key findings indicate a growing appetite within WFP for conflict analysis and CS risk assessments, with 28 analyses conducted or underway in 22 country offices since 2019. However, capacity building at the country office level remains small-scale and ad hoc, and CS is not yet sufficiently integrated into existing policies and processes. Implications of the strategy include the need to scale up conflict analysis and CS risk assessments, build dedicated institutional capacities, and mainstream CS approaches into existing policies, processes, and systems. This will require significant institutional commitment and the establishment of adequate capacities at country office, regional bureau, and headquarters levels."
2023_HIV_year_in_review,"This evaluation aimed to assess the effectiveness of the World Food Programme's (WFP) HIV programming in addressing the nutritional needs of people living with HIV (PLHIV) in crisis contexts. The evaluation methodology involved direct implementation of HIV programming across 22 country offices, including 11 corporate emergency contexts, and the transfer of food, cash, and individual capacity strengthening transfers to meet the essential nutrition needs of PLHIV and their families. Key findings indicate that food insecurity and malnutrition are critical risk factors for HIV transmission and treatment interruption, and that PLHIV are more likely to suffer loss of income and catastrophic health expenditures, exacerbating food insecurity. The evaluation also highlights the importance of addressing the nutritional needs of PLHIV, particularly in crisis contexts, where humanitarian crises have increased food insecurity, gender-based violence, and health service disruptions. The WFP's direct assistance to 346,162 people living with HIV and tuberculosis and their families in 2023, through various activities such as general food distribution, treatment of malnutrition, and social and behavior change, demonstrates the organization's commitment to addressing the nutritional needs of PLHIV. The evaluation's implications suggest that scaling-up nutrition support and advocating for inclusive social protection within national systems and agendas can have a positive impact on the lives of PLHIV, particularly in crisis contexts."
2023_Kyrgyz_Republic_Strategic_Outcome_1_Enhanced_,"This evaluation aims to assess the effectiveness of the World Food Programme's (WFP) interventions in the Kyrgyz Republic, focusing on increasing access to national social protection systems and improving food security and nutrition. The evaluation methodology involved a comprehensive assessment of the national social protection system, analysis of poverty, food security, and nutrition, as well as the implementation of various projects and initiatives. Key findings include the significant increase in poverty rates due to the COVID-19 pandemic and the global cost of living crisis, with over 500,000 food-insecure households in need of support. The evaluation also highlights the importance of social protection systems in addressing poverty and inequality, with WFP's interventions aiming to reach the most vulnerable populations, including women and people with disabilities. The implications of these findings suggest that WFP's interventions have the potential to contribute to sustainable food systems and social cohesion, while also generating evidence on the impact of activities on food security and nutrition."
2023_Kyrgyz_Republic_Strategic_Outcome_3_Strengthe,"This evaluation aimed to assess the effectiveness of a World Food Programme (WFP) project in enhancing community resilience to climate-related risks and promoting sustainable food systems. The evaluation methodology involved an examination of project activities, including community engagement, insurance scheme facilitation, information dissemination on healthy diets, supply chain expansion, and technical assistance for improved food systems and disaster risk management (DRM) frameworks. Key findings indicate that the project has successfully designed activities in collaboration with communities to address their needs and promote accessibility across all gender and age groups. Additionally, the project has facilitated the launch of insurance schemes, provided information on healthy diets, and expanded supply chain capacity to improve food systems. The project has also supported the Government in strengthening DRM and climate change adaptation (CCA) systems, legislative frameworks, and community risk profiling. Implications of these findings suggest that the project has made significant progress in enhancing community resilience and promoting sustainable food systems, which can inform future programming and policy decisions."
2023_Operationalising_the_HDP_Nexus_in_WFP_Western,"This evaluation aimed to assess the effectiveness of the World Food Programme's (WFP) operations in Nigeria, specifically in implementing the Humanitarian-Development-Peace (HDP) Nexus approach. The evaluation methodology involved an analysis of WFP's commitments, operational strategies, and partnerships with national and international stakeholders. Key findings indicate that WFP has successfully integrated its dual mandate in Nigeria through the HDP Nexus approach, applying targeted emergency responses while forging shock-responsive pathways to early recovery and sustainable food security. The programme has also strengthened government systems, the private sector, and social protection systems to support humanitarian response and development outcomes. Furthermore, WFP has piloted complementary livelihood interventions, launched multi-year resilience-building initiatives, and operationalized its ""Out of Conflict Into Solutions"" Strategy in Nigeria. The evaluation highlights the critical role of localization in building resilience in conflict scenarios and the potential of social protection as an enabling tool to operationalize the HDP Nexus. Implications of the findings suggest that WFP can continue to emphasize its food systems approach, encapsulating the means of production and rebuilding communities' ability to produce and access markets, as well as building shock-responsive social protection systems to support emergency responses on a sustainable basis."
2023_Procurement_Infographic,"This evaluation aimed to assess the allocation of resources within the organization, with a focus on identifying key expenditure categories. The methodology involved analyzing financial data to categorize and prioritize expenditures. Key findings indicate that the top three expenditure categories are Facility Management (18%), IT & Communications Technology (13%), and Fuel, Oil & Lubricants (13%). These results provide insight into the organization's resource allocation priorities, highlighting areas that require attention and potentially informing future budgeting decisions."
2023_R4_Rural_Resilience_Initiative_Factsheet,"This evaluation aimed to assess the effectiveness of the R4 Rural Resilience Initiative (R4) in reducing vulnerability to climate-related shocks and achieving sustainable food security and nutrition. The evaluation methodology involved an examination of R4's integrated climate risk management approach, which includes microinsurance schemes, risk reduction activities, and access to climate services, adapted seeds and inputs, financial services, and markets. Key findings indicate that R4 has successfully enabled vulnerable households to access index insurance products, build resilience, and increase their incomes and wellbeing in the face of increasing climate variability and shocks. The initiative has also demonstrated its impact in reducing the reliance on negative coping strategies and enabling participants to invest in riskier but more remunerative enterprises. Furthermore, the evaluation highlights the importance of integrating insurance solutions with other risk management strategies, such as nature-based solutions, risk reduction activities, and savings, to offer important protection against potentially catastrophic events. The evaluation also underscores the positive impact of R4 on gender equality and women empowerment, with women participants doubling their saving capacity and becoming key decision-makers on the allocation of insurance payouts. Overall, the evaluation suggests that R4's comprehensive approach to integrated risk management has been effective in achieving its objectives and improving the resilience and food security of vulnerable households."
2023_South_South_and_Triangular_Cooperation_Innova,"This evaluation aimed to assess the impact of the United Nations World Food Programme's (WFP) School Meals Solar 4 Resilience (S4R) initiative in empowering women and building resilient communities through school meals in Nepal and the Democratic Republic of Congo (DRC). The evaluation employed a mixed-methods approach, combining data from the Monitoring Platform for Midday Meals in Nepal and the pilot initiative in DRC. Key findings include the successful implementation of the Monitoring Platform in Nepal, which enabled remote monitoring of the school feeding programme and reduced operational costs for municipalities. In DRC, the pilot initiative empowered women and built resilient communities by providing technical assistance to smallholder farmers growing cassava and training them on processing nutritious products for school meals. The evaluation also highlighted the importance of government leadership, collaboration, and coordination among stakeholders in ensuring the success of these initiatives. The implications of this evaluation are that WFP and its partners can leverage innovative solutions and partnerships to address common development challenges, strengthen national systems and programmes, and ultimately achieve food security and nutrition for all, aligned with WFP's mandate."
2023_South_South_and_Triangular_Cooperation_policy,"This evaluation aimed to assess the effectiveness of the World Food Programme's (WFP) South-South and Triangular Cooperation (SSTC) policy in achieving strategic outcomes under WFP's 2022-2025 Strategic Plan. The evaluation methodology involved a review of existing evidence, analyses, and policy updates, as well as consultations with stakeholders. Key findings indicate that SSTC has played a pivotal role in empowering national stakeholders to strengthen their food security and nutrition capacity, programmes, and systems. The policy update reflects WFP's strategic development, changes in the international context, and the growth and achievements of WFP's work in SSTC over the past seven years. The evaluation also highlights the importance of SSTC in catalysing country-led solutions for zero hunger by promoting partnerships and knowledge. The policy update contributes to the aims of the WFP strategic plan for 2022-2025 and is aligned with the wider United Nations system approach to SSTC. The evaluation recommends that WFP increase its focus on quality and results through dedicated SSTC-related tools, while ensuring that SSTC initiatives are undertaken on a scale sufficient to achieve meaningful impact. The evaluation also identifies seven enablers essential in increasing the effectiveness of WFP as a broker and facilitator of SSTC, including quality financing, institutional capability, and diverse partnerships. The policy update is expected to lead to a thriving SSTC portfolio that minimizes risk for WFP and its partners from the Global South."
2023_Testing_the_Acceptability_and_Organoleptic_Qu,"This evaluation aimed to assess the acceptability and organoleptic qualities of fortified rice among the beneficiaries of the Lao school meal programme. The primary objective was to determine whether caregivers, teachers, and school children could differentiate between fortified and unfortified/conventional rice. The study employed a mixed-methods approach, combining quantitative taste tests and qualitative focus group discussions (FGDs) to assess the knowledge, perceptions, and behaviors of the target population towards fortified rice. Key findings included significant differences in organoleptic qualities between fortified and unfortified rice, with 68% of participants correctly identifying fortified rice. However, the sensory differences did not seem to have a major impact on consumption preference. The study also found that the target population had positive thoughts about fortified rice, with 98% of interviewees supporting its introduction in the school meal programme due to the health benefits for their children. The evaluation suggests that continuing the implementation of the school lunch programme with fortified rice is warranted to allow students to have a longer experience in consuming fortified rice/fortified foods, which will help create a better understanding among the target community and a more positive attitude towards their acceptability."
2023_WFP_Engineering_two_pager,"This evaluation aimed to assess the effectiveness of the World Food Programme's (WFP) Engineering expertise in supporting humanitarian operations globally. The evaluation methodology involved an examination of WFP's Engineering team, comprising over 200 engineers and technicians operating in more than 45 countries, guided by a Rome-based headquarters team. Key findings indicate that the team successfully delivers cost-effective, high-quality, timely, and sustainable infrastructure solutions to WFP and the broader humanitarian community, enabling the safe storage of food supplies and facilitating access to those in need. The evaluation highlights the team's readiness to deploy in emergency situations, underscoring their critical role in supporting humanitarian responses worldwide."
2023_WFP_Urban_Strategy_Achieving_zero_hunger_in_a,"The evaluation objective of the World Food Programme (WFP) Urban Strategy is to enhance its programmes, systems, and partnerships to foster an enabling environment for achieving zero hunger in urban contexts. To achieve this objective, the WFP will employ a methodology that involves taking stock of the root causes and drivers of food insecurity and malnutrition in urban areas, applying this knowledge to enhance its programmes, and building stronger linkages between its areas of work and wider urban development efforts. Key findings of the strategy include the need to address the increasing urbanisation trend and its impact on food security and nutrition, the inadequacy of metrics and tools to measure urban food security and nutrition, and the importance of building partnerships with local actors and UN agencies to ensure that preventive programmes on behavioural change, caring, and hygiene practices are integrated into sectoral urban interventions. The implications of the strategy are that the WFP will need to take a leading influencing role to advocate for more attention, a better understanding, and an adequate and coordinated response to urban food security and nutrition, and that it will require building capacity and advocating with relevant local actors and UN agencies to ensure that social protection programmes, food systems, and rural-urban linkages are strengthened. The strategy also aims to support governments in strengthening and expanding social protection programmes in urban areas, enhancing the efficiency of food systems and rural-urban linkages, and embedding food security and nutrition outcomes in local development plans, programmes, and interventions."
2024_A_Year_in_Review_Pathways_to_Change,"This evaluation aimed to assess the effectiveness of the MENAEE (Middle East, North Africa, and Eastern Europe) region's humanitarian response in 2024, focusing on the impact of funding constraints on WFP's operations. The evaluation employed a descriptive methodology, analyzing data on contributions, funding allocations, and beneficiary reach. Key findings indicate that the region experienced a 30% decrease in cash distributions and a 50% drop in food deliveries compared to 2023, with over 70% of funds allocated to emergency response operations. The majority of contributions (61%) were earmarked for specific activities, limiting WFP's flexibility in responding to emerging needs. Notably, Syria had the lowest resourcing level in recent years, with a 35% decline in contributions compared to 2023, covering only 37% of its needs-based plan. The evaluation highlights the critical role of WFP in improving social protection systems throughout the region and the importance of sustained long-term contributions to maintain critical gains. The findings suggest that the MENAEE region continues to face significant humanitarian challenges, including persistent conflicts, climatic disruptions, and economic instability. The evaluation's implications emphasize the need for improved coordination among UN agencies, enhanced humanitarian response, and sustained funding to address the region's complex humanitarian needs."
2024_Anticipatory_Cash_Technical_Guidance,"This evaluation aimed to assess the effectiveness of anticipatory cash transfers in mitigating the effects of disasters and safeguarding lives and livelihoods. The study employed a mixed-methods approach, combining qualitative and quantitative data to evaluate the impact of anticipatory cash on vulnerable populations. Key findings indicate that anticipatory cash transfers, combined with additional anticipatory measures, can significantly reduce the effects of disasters and promote resilience among at-risk populations. The study also highlights the importance of targeting the most vulnerable groups, using a combination of geographical and socio-economic criteria, to ensure that those most in need have access to anticipatory cash. The evaluation suggests that unconditional transfers are recommended for anticipatory action, as they meet the objectives of preventing and reducing the impact of extreme weather events on food security and livelihoods. The study further emphasizes the need for advocacy on unconditional anticipatory cash transfers to meet the objectives of the program. The findings have implications for humanitarian action, response, and recovery, and underscore the importance of integrating anticipatory action and social protection to support vulnerable populations."
2024_Climatic_Disaster_Risk_Assessment_in_Cambodia,"This study aimed to assess the risks of floods and droughts in Cambodia, with a focus on understanding the socioeconomic vulnerability of households to these climatic disasters. The evaluation objective was to quantify the risks of floods and droughts, and to identify the demographic and socioeconomic characteristics of households that are more likely to be socioeconomically vulnerable. The study employed a binary logistic regression analysis, utilizing a rich dataset that included household socioeconomic data and geospatial information. Key findings indicate that households with larger family sizes, female-headed households, lower educational levels, and limited access to essential services are more likely to be socioeconomically vulnerable. Conversely, households living in areas with increasing rainfall and those with access to irrigation are less likely to be vulnerable. The study also found that flood risk is primarily driven by the high probability of recurrent floods in areas where populations, infrastructure, and agricultural land are exposed, while drought risk is driven by rainfall deficits and hotter temperatures. The implications of this study are that a thorough understanding of flood and drought risks is essential for informed decision-making in disaster planning, financing, and targeting interventions within disaster risk management and social protection systems. Strengthening the capacity of the Ministry of Water Resources and Meteorology to integrate socioeconomic vulnerability data into the national multi-hazard early warning systems is crucial for improving forecasting and communicating impacts of extreme weather events. The application of flood and drought risk data for ex-ante planning, financing, and targeting of social assistance interventions is also essential for ensuring needs-based and well-resourced preparedness, facilitating predictable and timely disaster responses."
2024_Humanitarian_Simulation_Exercise_SimEx_Techni,"This evaluation aimed to assess the effectiveness of the first Humanitarian Simulation Exercise (SimEx) in enhancing the preparedness and response capacities of stakeholders in Timor-Leste. The exercise, co-hosted by the Civil Protection Authority (CPA) and the World Food Programme (WFP), brought together 49 participants and 32 facilitators from five municipalities and national entities. The evaluation methodology involved observing the exercise, collecting data through an observation grid, and administering a survey to participants and facilitators to assess their satisfaction with the exercise and its impact on their technical skills. The key findings indicate that while the exercise was effective in enhancing participants' understanding of national emergency preparedness protocols, improving coordination mechanisms, and providing a practical platform to apply supply chain and logistics management skills, there are areas for improvement, including communication prior to the exercise, facilitation, and the administrative process. The implications of these findings suggest that future Humanitarian Simulation Exercises can further enhance the preparedness and response capacities of stakeholders at both national and municipal levels in Timor-Leste by implementing recommendations to strengthen communication, facilitation, and the administrative process."
2024_Innovative_Solutions_to_Climate_Change_Adapta,"This evaluation aimed to assess the effectiveness of the Risk Resiliency Program for Climate Change Adaptation and Mitigation and Disaster Risk Reduction (RRP-CCAM-DRR) in addressing the root causes of poverty and enhancing community resilience to climate-related hazards. The evaluation methodology involved monitoring and assessment of the program's implementation, including the Project LAWA, which aimed to alleviate drought conditions and mitigate water scarcity. Key findings indicate that the program has been successful in providing social protection services to vulnerable communities, including Indigenous Peoples, farmers, and fishermen. The project's Sustainable Family Reservoirs (SFRs) have been used not only as water sources but also for agricultural and fish production, demonstrating community-led innovation and adaptation. The convergence strategy has ensured that poor families receive support to sustain their basic needs, improve their living conditions, and increase their resilience to climate-related hazards. The evaluation also highlights the importance of local support, community engagement, and technical assistance in the program's success. Implications for future implementation include the need to improve timing and coordination with climatic cyclicality and livelihood activities, ensure proper technical assistance, and link complementary activities such as vegetable gardening and aquaculture to the SFRs."
2024_Maximizing_impact_the_intersection_of_social_,"This evaluation aims to clarify the conceptual linkages between social protection and resilience, and to demonstrate how the World Food Programme (WFP) can position itself to effectively address the humanitarian–development–peace nexus. The methodology employed involves a review of existing literature and WFP's policy and planning work, as well as learning from WFP's integrated resilience programming in various contexts. Key findings indicate that social protection has the potential to contribute to resilience through its two main branches, social assistance and social insurance, as well as through the existence of effective social protection systems. Social protection interventions can build the resilience of people by supporting livelihoods, reducing vulnerability, and enhancing long-term resilience. Furthermore, resilience-building approaches can inform social protection by creating assets and social safety nets, improving access to markets and basic services, and transforming structural conditions of poverty and food insecurity. The evaluation highlights the importance of synergies between social protection and resilience-building, suggesting that designing interventions at national or sub-national levels can deliver both sets of desired outcomes. The implications of this evaluation are that WFP can position itself better in the space of social protection and resilience, and that governments and agencies can explore innovative ideas and partnerships to address the humanitarian–development–peace nexus."
2024_Mid_Year_Overview_Egypt_Country_Office,"This evaluation aimed to assess the effectiveness of a World Food Programme (WFP) assistance intervention in reaching a targeted population. The methodology involved analyzing the distribution of 800 metric tons of food and US$15 million in cash assistance to 540,000 individuals, with a focus on the demographic breakdown of beneficiaries. Key findings indicate that the assistance was distributed to a significant proportion of the target population, with 40% of beneficiaries being men and 60% being women. The evaluation's findings suggest that the WFP's intervention was successful in reaching a substantial number of individuals in need, with implications for the programme's overall impact and effectiveness in addressing food insecurity."
2024_Procurement_Infographics,"This evaluation aimed to assess the effectiveness of WFP's assistance portfolio, with a focus on Emergency Country Offices. The methodology involved analyzing the composition of the portfolio, which comprised 36% of CBT (Cash-Based Transfer) assistance and 67% of in-kind assistance. The evaluation further examined the procurement categories, identifying the top three categories as facility management (16%), IT and communications technology (13%), and fuel, oil, and lubricants (13%). The key findings suggest that the majority of WFP's assistance in Emergency Country Offices is in the form of in-kind assistance, with a notable reliance on facility management, IT and communications technology, and fuel, oil, and lubricants. These findings have implications for WFP's procurement strategies and emergency response planning, highlighting the need for more efficient and effective use of resources in emergency contexts."
2024_The_Impacts_of_WFP_s_Integrated_Climate_Risk_,"This evaluation aimed to assess the effectiveness of the R4 Rural Resilience Initiative in enhancing food security and resilience among vulnerable farming households in the face of climate extremes. The evaluation employed a mixed-methods approach, utilizing data from a Tetra Tech assessment on the R4 Initiative, as well as field observations and surveys in Kenya, Zimbabwe, and Senegal. Key findings indicate that the Integrated Climate Risk Management (ICRM) approach implemented by the R4 Initiative significantly improves household diets, reduces negative coping responses, and enhances food security among participants. Specifically, R4 participants were more likely to maintain household assets, keep children in school, and consume healthier foods on a regular basis. Furthermore, female-headed households participating in R4 consistently demonstrated better food security and recovery capacities compared to their non-participant counterparts. The evaluation also highlights the initiative's positive impact on farming households' food consumption, dietary diversity, and agricultural investments, particularly among those from more affluent socio-economic profiles. The findings validate the World Food Programme's (WFP) new strategic approach, which targets farmers from diverse socio-economic backgrounds and integrates with WFP's activities to promote productivity and market access. The evaluation's implications suggest that the R4 Initiative can serve as a model for addressing climate-related vulnerabilities and promoting food security among vulnerable populations, particularly women and children."
2024_The_global_food_and_economic_crisis_impact_on,"This evaluation aimed to assess the relationship between food imports and household food security in a given year. The methodology involved categorizing commodity groups into standard Diet Quality Questionnaire (DQQ) food groups, re-classifying them as NCD-risk and NCD-protect food groups based on the Global Dietary Recommendations (GRD) guideline, and analyzing market research data on food sales. Key findings include the identification of the top 3 food groups with the highest volumes imported for a given year, as well as the trends in NCD-risk and NCD-protect food imports and sales. The results also indicate that households with a higher share of consumption expenditures on food are more vulnerable to food insecurity. Implications of these findings suggest that addressing food imports and promoting healthy diets can contribute to improving household food security and reducing the risk of non-communicable diseases."
2024_Typhoon_Season_WFP_Philippines_Response_Repor,"This evaluation aimed to assess the effectiveness of the World Food Programme's (WFP) response to the 2024 Typhoon Season in the Philippines. The evaluation methodology involved analyzing data from the WFP Philippines Response Report, which documented the organization's activities and outcomes during the response period. Key findings included the successful deployment of cash assistance to over 85,000 people, leveraging the existing 4Ps system, and the use of digital payment solutions to rapidly disburse aid. The evaluation also highlighted the importance of strong partnerships with the Government, particularly in the areas of logistics readiness and data sharing. The results showed a decrease in the average reduced consumption-based strategy index, indicating that households adopted less frequent or less extreme coping mechanisms to meet their basic food needs. Furthermore, the evaluation found that women played a significant role in decision-making regarding the use of cash assistance, with 66 percent of households reporting that women made these decisions. The evaluation's implications suggest that the 4Ps system has considerable potential to support the poorest households during emergencies and that a national data sharing agreement between DSWD and WFP is necessary to improve coordination on adaptive and shock-responsive social protection initiatives."
2024_Women_s_Empowerment_In_Agriculture_Index_WEAI,"This evaluation aimed to assess the severity of Somalia's food crisis and its underlying factors. To achieve this objective, a mixed-methods approach was employed, comprising 12 focus group discussions with women and men farmers and agricultural workers across different regions and livelihood zones, and a desk review of 27 documents, including reports from international organisations and project-related documents. The evaluation findings indicate that the severity of Somalia's food crisis is a complex issue, influenced by various factors, including decision-making in agricultural activities, ownership of assets, and time management. Key findings suggest that individual and joint decision-making, asset ownership, and time allocation for leisure activities are critical indicators of household empowerment and well-being. The implications of these findings highlight the need for targeted interventions that address the root causes of the food crisis, including improving access to assets, enhancing decision-making capacity, and promoting time management for leisure activities."
2025_Anticipatory_Action_Learning_and_validation_R,"This evaluation aimed to examine the role of Anticipatory Action (AA) in enhancing disaster preparedness in Somalia, highlighting lessons learned, best practices, and challenges in implementation, and exploring how AA can be effectively integrated into broader programming, including social protection systems. The evaluation was based on insights gathered during the AA learning and validation workshop held on an unspecified date. The methodology involved community engagement, where communities were actively involved in both the planning and implementation of AA initiatives, ensuring that anticipatory actions were contextually appropriate and contributing to more efficient and impactful flood preparedness and response efforts. Key findings include the successful piloting of AA in addressing short-term needs, but a gap remains in linking AA to longer-term development programmes. Challenges identified include duplication of efforts, lack of ground-truthing data, and unclear protocols among humanitarian actors. Implications suggest that investing in institutional capacity, particularly within government entities, is critical for long-term integration of AA into broader systems, and that sustained investment in forecasting accuracy, cross-border coordination, and systemic linkages between AA and broader resilience-building efforts is essential to mitigate the escalating risks posed by recurrent flooding."
2025_Climate_Services_Accelerator_Programme,"This evaluation aimed to assess the impact of the Climate Services Accelerator Programme, a partnership between the World Food Programme (WFP) and NORCAP, in enhancing climate services expertise and reach in humanitarian contexts. The programme's methodology involved pairing accelerator experts with seasoned climate experts for a one-year mentorship at WFP's global headquarters, followed by a second year in the field. Since 2022, three accelerator experts have been welcomed, with the third joining in January 2025, contributing to the growth of climate services programming. Key findings indicate that WFP has implemented climate services in 37 countries, reaching 13.9 million people worldwide with last-mile early warning and climate services by 2024. The programme's vision is to ensure that everyone on Earth is covered by early warnings by 2027, with a focus on inclusivity and resilience. The evaluation's implications highlight the need for highly skilled professionals to support and strengthen government capacities in ensuring access to early warnings and sustainable climate services for the most vulnerable people and countries."
2025_Gender_Protection_and_Inclusion_in_Anticipato,"This evaluation aimed to assess the gendered dynamics of climate-related hazards and risks in target locations, with a focus on understanding the varied needs and impacts of different population groups. A mixed-methods approach was employed, guided by 10 key questions, including the implications of different hazards for various socio-demographic groups and the need for gender-sensitive communication strategies. Descriptive statistical analysis was applied to understand how men, women, and children are differentially impacted by climate-related hazards, and what the coping mechanisms and emerging unique needs are of different groups. Key findings indicate that climate-related hazards create varying gender and age-specific intersecting vulnerabilities, with women, children, and people with disabilities experiencing exacerbated barriers to accessing information, resources, and support during emergencies. The research highlights the importance of addressing structural factors that make individuals vulnerable to climate change impacts, requiring holistic interventions that tackle social and economic vulnerabilities and strengthen family and community support systems in ways that are gender-responsive and inclusive. The findings suggest that national policies and interventions at the community level are crucial to addressing broader structural and socio-cultural vulnerabilities that adversely affect women, children, individuals with disabilities, and other marginalized groups."
2025_Midyear_Update_Say_No_to_5S_Project_School_Fe,"This evaluation aimed to assess the effectiveness of the World Food Programme's (WFP) support to the National School Feeding Programme in Timor-Leste, focusing on fortified rice production and distribution, school kitchen certification, construction and utensil provision, and social behavioural change communication (SBCC). The evaluation methodology involved monitoring and data collection activities, including school visits and municipal school feeding monitoring team coordination, from May to August 2025. Key findings include the successful production and distribution of 45,050 metric tons of fortified rice, the certification of school kitchens in Baucau and Bobonaro Municipalities, and the provision of kitchen utensils and equipment to 73 schools. Additionally, the development of a school-based nutrition SBCC strategy is underway, with plans for dissemination at the municipal level. The evaluation's implications suggest that WFP's support has contributed to strengthening programme sustainability, enhancing monitoring, and aligning programme delivery with strategic objectives. The implementation of a monitoring and evaluation (M&E) system, connecting with the government's Education Management Information System (EMIS), is expected to support national ownership and institutional sustainability."
2025_People_s_experience_of_Anticipatory_Action,"This evaluation aimed to assess the effectiveness of an anticipatory action programme in response to drought in Mozambique, with a focus on the user experiences of recipients. The methodology involved capturing user journeys through in-depth interviews with five profiles of recipients, as well as a quantitative endline assessment conducted by the Mozambique Country Office in May and June 2024. Key findings indicate that recipients generally understood the anticipatory nature of the assistance, but faced challenges in preparing for the drought due to inadequate information, training, and advice. Despite these challenges, the programme delivered positive outcomes, with recipient households demonstrating improved results on the Food Consumption Score, Economic Capacity to Meet Essential Needs, Consumption-based Coping Strategies Index, and Livelihood-based Coping Strategies for Essential Needs. However, delays in assistance distribution and the lack of support for irrigation and agricultural inputs exacerbated the drought's impacts and made recovery more challenging. The evaluation highlights the need to improve the dissemination, actionability, and consistency of early warning messaging to enable recipients to mitigate the effects of drought beyond addressing immediate consumption needs."
2025_Saving_lives_time_and_money_Evidence_from_ant,"This evaluation aimed to assess the effectiveness of anticipatory action in preventing humanitarian disasters. The study employed a comparative analysis of the costs associated with responding to crises versus investing in preventative interventions. Key findings indicate that early intervention can significantly reduce the financial burden of responding to disasters, with examples including a 10-fold cost savings in preventing cholera outbreaks and a 50-fold reduction in treating malnutrition in children. Furthermore, anticipatory action has been shown to improve people's food security and prevent humanitarian disasters. The implications of these findings suggest that anticipatory action is a crucial component in complex crises, and that investing in preventative measures can save lives, time, and money."
A_lifeline_at_risk_food_assistance_at_a_breaking_p,"This evaluation aimed to assess the impact of funding shortfalls on the World Food Programme's (WFP) ability to provide assistance to people in need, particularly in countries with protracted food crises or persistently high levels of acute food insecurity. The study employed a five-country analysis in Afghanistan, Haiti, Niger, South Sudan, and Uganda, and utilized data from the Global Report on Food Crises 2025 (GRFC 2025) and WFP's own reports. Key findings indicate that funding cuts have severely compromised the operational capacity of humanitarian actors in affected countries, leading to reduced rations, prioritization of coverage, and increased reliance on local NGOs. The study estimates that funding shortfalls could push an additional 10.5-13.7 million people into IPC Phase 4, resulting in large food consumption gaps, acute malnutrition, and even death. Furthermore, the findings highlight the cascading impact of funding cuts across sectors, underlining the interdependence of operations and the need for a coordinated multi-sectoral response. The study's implications suggest that funding cuts have eroded trust in the humanitarian system, weakened the humanitarian system, and may intensify global migration pressures and further destabilize vulnerable regions."
A_quick_glance_at_the_costed_implementation_plan_f,"This evaluation aimed to assess the implementation of the South-South and Triangular Cooperation (SSTC) policy within the World Food Programme (WFP). The evaluation methodology involved an analysis of regional and country-level plans, as well as the allocation of resources to support SSTC activities. Key findings indicate that the SSTC Unit is responsible for policy implementation, with support provided by other corporate stakeholders. The evaluation also found that 23% of the allocated budget is dedicated to partnerships and financing, which is critical for growing the SSTC portfolio. The remaining 40% is distributed among other work streams, including programme support and mainstreaming. The evaluation suggests that with continued donor support, the SSTC agenda is expected to grow, with an estimated 10-20% annual increase in funding."
A_world_of_WFP_FITTEST_2019,"This evaluation aimed to assess the status of unresolved territorial disputes in two regions: Jammu and Kashmir and the border between the Republic of Sudan and the Republic of South Sudan. Utilizing a descriptive analysis methodology, the evaluation examined the current state of negotiations and agreements between the parties involved. Key findings indicate that a definitive resolution has not been reached in either case, with the final status of Jammu and Kashmir remaining undetermined and the boundary between Sudan and South Sudan still to be determined. These outcomes underscore the ongoing need for sustained diplomatic efforts to resolve these long-standing disputes, which have significant implications for regional stability and the well-being of affected populations."
After_Action_Review_Leveraging_4Ps_Programme_for_E,"This evaluation aimed to assess the effectiveness of leveraging the Pantawid Pamilyang Pilipino Program (4Ps) database to provide immediate assistance to disaster-affected households in the Philippines. The evaluation methodology involved an in-depth assessment of the achievements, challenges, and best practices of the disaster response mechanism implemented by the Department of Social Welfare and Development (DSWD) and the United Nations World Food Programme (WFP). Key findings indicate that by tapping the 4Ps database to top up cash assistance for its household beneficiaries, a faster, more efficient, and more scalable response was achieved, allowing for seamless aid distribution with reduced logistical demands. The evaluation also highlights the importance of leveraging national social protection programmes for emergency response, which has become a globally recognized good practice in what is commonly known as ASRSP. The findings suggest that the 4Ps system can be utilized to support the poorest households by allocating budget within DSWD for emergency cash assistance to 4Ps beneficiaries affected by disasters. The evaluation implies that flexible digital payment solutions are instrumental in enhancing financial inclusion, particularly for marginalized sectors such as the beneficiaries of the 4Ps programme. The evaluation's implications are that DSWD and WFP should further explore the horizontal expansion of the programme to reduce the exclusion of equally vulnerable populations, and that the criteria for beneficiary selection should be reviewed to consider other vulnerable sectors within the 4Ps programme for cash assistance."
Annual_Country_Reports_Cameroon,"This evaluation aimed to assess the effectiveness of humanitarian interventions in ensuring food security and nutrition for crisis-affected populations in Cameroon. The evaluation employed a mixed-methods approach, incorporating quantitative data on programme outputs and qualitative insights from beneficiary communities. Key findings indicate that the interventions successfully provided safe access to adequate and nutritious food for crisis-affected populations, including refugees, IDPs, returnees, and host communities. Additionally, targeted groups such as children, adolescent girls, pregnant and lactating women, and smallholder farmers demonstrated improved nutrition status and resilience. Furthermore, the evaluation revealed enhanced livelihoods and resilience to shocks among food-insecure and climate-affected populations. The evaluation also highlighted the strengthening of national institutions and partners' capacities to manage food and nutrition programmes and social protection systems. The findings suggest that the government and partners have improved their ability to reach vulnerable populations and respond to emergencies throughout the year, while promoting the safety, dignity, and integrity of affected individuals."
Annual_Evaluation_Report_2024,"The evaluation objective of this report is to assess the progress of the World Food Programme (WFP) in implementing its 2022 evaluation policy and strategic plan for 2022-2025. The methodology employed involved reviewing 15 centralized evaluations, including two policy evaluations, two strategic evaluations, one corporate emergency evaluation, one evaluation synthesis, and seven country strategic plan (CSP) evaluations, completed in 2024. Key findings indicate that WFP has made significant progress in enhancing its capacity to commission, manage, and use evaluations, with 88% of decentralized evaluations completed in 2024 being commissioned by country offices and regional bureaux. The evaluation quality assurance system (EQAS) was also updated to ensure that country offices are well-guided in making decisions on how to meet their evidence needs. Furthermore, partnerships contributed to a strengthened environment for evaluation at the global, regional, and national levels, and to United Nations coherence. The implications of these findings suggest that WFP's evaluation system is becoming more robust, with a greater emphasis on using evidence to inform decision-making and improve programme effectiveness."
Annual_Performance_Report,"This evaluation aimed to assess the performance of the World Food Programme (WFP) in achieving its strategic outcomes and contributing to global humanitarian and development outcomes in 2024. The evaluation methodology involved analyzing WFP's programme support and administrative budget, as well as its private sector partnerships, country-level budgetary planning, and operational efficiency. Key findings include a 15 percent reduction in WFP's programme support and administrative budget, with further significant annual reductions planned until 2026. WFP delivered 2.5 million metric tons of food and USD 2.2 billion in cash-based transfers and commodity vouchers to the most vulnerable people, providing emergency response within an average of one day of sudden-onset crises. The organization also significantly outperformed its system strengthening target, with 76 countries supported, and improved emergency preparedness in 70 countries, social protection in 63, and food system improvements in 65. However, WFP faced challenges in scaling up its cash assistance programmes in some of its largest operations, and was only able to meet the needs of 25 percent of acutely food-insecure people in targeted countries due to funding shortfalls and humanitarian access limitations. Despite these challenges, WFP mobilized its second-highest recorded revenue, totalling USD 10.4 billion, and private sector partnerships were further enhanced with USD 336 million in contributions. The evaluation highlights the importance of WFP's ability to adapt and deliver in crisis settings, and the need for continued innovation and efficiency to meet the growing needs of vulnerable populations."
Annual_Report_2021_WFP_Centre_of_Excellence_agains,"This evaluation aimed to assess the effectiveness of the World Food Programme (WFP) Centre of Excellence against Hunger Brazil in promoting food and nutrition security in 2021. The Centre of Excellence employed a mixed-methods approach, combining virtual dialogues, knowledge production, and stakeholder mobilization to achieve its objectives. Key findings indicate that the Centre of Excellence successfully expanded its role in supporting actions to promote food and nutrition security, strengthened sustainable school feeding programmes, and promoted adequate, healthy, and diverse diets. The Centre also facilitated partnerships, including the launch of the Global School Feeding Coalition, and supported the development of food systems in Brazil and other countries. Furthermore, the Centre of Excellence contributed to the prevention of childhood obesity through national campaigns and regulations. The evaluation highlights the Centre's efforts in promoting South-South Cooperation, conducting study visits and knowledge exchange, and supporting advocacy activities. The implications of these findings suggest that the Centre of Excellence has been effective in promoting food and nutrition security, and its continued support is crucial for achieving the Sustainable Development Goal 2."
Annual_Report_2022_WFP_Centre_of_Excellence_agains,"The evaluation objective of the World Food Programme (WFP) Centre of Excellence Against Hunger in Brazil was to strengthen national capacities, local governments, and communities in addressing hunger and malnutrition through the implementation of home-grown school feeding programmes linked to smallholder farming. To achieve this objective, the Centre of Excellence employed a methodology that involved technical assistance, capacity development, and the dissemination of good practices through study visits, technical missions, and virtual training sessions. Key findings of the evaluation include the successful implementation of projects such as Nurture the Future, which brought together efforts from Brazil, Colombia, and Peru to combat childhood obesity and malnutrition, and the establishment of partnerships with NGOs, governments, and the private sector to promote sustainable solutions against hunger and waste. The implications of the Centre of Excellence's work are significant, as it has contributed to the development of agriculture in countries, promoted the importance of public policies, and highlighted the potential of home-grown school feeding programmes in addressing hunger and malnutrition."
Annual_Report_2023_Centre_of_Excellence_Against_Hu,"The evaluation objective of the WFP Centre of Excellence Against Hunger in Brazil was to assess its effectiveness in supporting Global South countries in developing strategies to reduce inequalities, particularly through school meals, nutrition, and smallholder farming initiatives. The Centre's methodology involved expanding its work, creating partnerships, and supporting projects in various countries, including Latin America and the Caribbean, Africa, and East Timor. Key findings include the Centre's successful partnerships with the Fome de Tudo Institute, the National Fund for Education Development (FNDE), and the Brazilian Cooperation Agency, which led to the development of a book on school feeding in Brazil and the launch of a School Meals Coalition initiative. The Centre also supported the implementation of the Brazilian law requiring the purchase of local smallholder farmers' produce for the National School Feeding Programme (PNAE). Implications of the Centre's work include improved food security and nutritional status of smallholder farmers, especially women and schoolchildren, as well as the promotion of sustainable food systems and the achievement of the Sustainable Development Goals."
Annual_Report_2024_WFP_Centre_of_Excellence_agains,"The Centre of Excellence Against Hunger in Brazil, in collaboration with the United Nations World Food Programme (WFP), aimed to evaluate the effectiveness of international cooperation in addressing global hunger challenges through policy promotion, technical assistance, and advocacy. The evaluation methodology involved assessing the Centre's engagement in various initiatives, including the Global Alliance Against Hunger and Poverty, the School Meals Coalition, and the South-South Cooperation Project to Address the Multiple Burden of Malnutrition in Schoolchildren. Key findings indicate that the Centre's efforts contributed to the implementation of national school feeding programmes in Brazil and other countries, improved food and nutrition security, and supported the development of sustainable food systems. The implications of these findings suggest that international cooperation remains critical in addressing global hunger challenges, and that the Centre's work has fostered better coordination, political will, and engagement needed to create change through advocacy for school meals and sustainable food systems."
Annual_Report_Strategic_Advisory_Panel_on_Impact_E,"This evaluation aimed to assess the progress made by the World Food Programme (WFP) in 2024 towards achieving its objectives and vision under its Impact Evaluation Strategy. The evaluation methodology involved the production of seven impact evaluation reports, including three final reports, and the engagement of various stakeholders, including government representatives, donors, impact evaluation practitioners, and academia, in discussions on promoting impact evaluation as a tool for informed decision-making. Key findings include the publication of baseline reports and the conduct of data analysis for several impact evaluations, including the Rwanda impact evaluation of the Sustainable Market Alliance and Asset Creation for Resilient Communities and Gender Transformation project. The evaluation also highlighted the importance of conducting ""Lean impact evaluations"" and the need for a highly responsive impact evaluation unit that can quickly be deployed to engage with programmes on the ground. Implications of the evaluation include the potential for impact evaluations to guide country offices in making evidence-informed decisions and maximizing cost-effectiveness and efficiencies, as well as the need for additional staff and resources to institutionalize impact evaluation."
Annual_country_reports_-_Algeria_-_2020_DZ02,"This evaluation aimed to assess the effectiveness of the World Food Programme's (WFP) interventions in improving the food security and nutrition status of Sahrawi refugees in camps near Tindouf, Algeria. The evaluation employed a mixed-methods approach, combining quantitative data from programme indicators with qualitative insights from beneficiary feedback and programme documentation. Key findings indicate that the WFP's interventions have contributed to improved food security and nutrition outcomes, with significant increases in the number of people reached through social and behavior change communications (SBCC) and the provision of food transfers to schoolchildren. Specifically, the evaluation found that:

* 80% of the target population had access to food, meeting the strategic outcome of ensuring everyone has access to food (SDG Target 2.1).
* The proportion of targeted people with improved nutrition status increased by 2022, achieving the strategic outcome of targeted Sahrawi refugees having improved nutrition status.
* The WFP's school feeding programme reached 20,903 children, with 40 units of school feeding provided.
* Beneficiary feedback highlighted the importance of dignified and accessible programme services, with 56% of beneficiaries reporting that WFP programmes were dignified.
* The WFP's capacity strengthening and technical support activities contributed to the development of agro-processing units and food-processing cooperatives.

The implications of these findings suggest that the WFP's interventions have been effective in improving the food security and nutrition status of Sahrawi refugees in camps near Tindouf. However, the evaluation also highlights the need for continued support to ensure that programme services are dignified, accessible, and responsive to the needs of beneficiaries."
Annual_country_reports_-_Algeria_-_2023_DZ02,"This evaluation aimed to assess the effectiveness of the World Food Programme's (WFP) interventions in addressing food insecurity and malnutrition among Sahrawi refugees in Tindouf, Algeria. The evaluation methodology involved a review of secondary data, including reports and documents from the WFP and its partners, as well as an analysis of the programme's outputs and outcomes. The key findings of the evaluation include:

The WFP's School Feeding Programme reached 40,000 schoolchildren (51% increase from 2022) across 90 schools and kindergartens in the camps, providing them with nutritious meals and snacks. Additionally, 800 children aged 6-59 months received supplementary food to treat acute malnutrition, and 10,000 people were reached through social behavior change messages to prevent acute malnutrition.

The programme also provided general food assistance to 133,672 food-insecure people, including 90,000 most vulnerable refugees, and 80% of the surveyed population relied on humanitarian assistance for their minimum daily food intake. However, the evaluation noted that pregnant and breastfeeding women beneficiaries were not implemented in 2023.

The evaluation also highlighted the importance of nutrition-sensitive programming, with 31% of the target population meeting their nutritional needs through an effective combination of fortified food, specialized nutritious products, and actions to support diet diversification. Furthermore, the programme's social behavior change communication (SBCC) approaches reached 31,432 people, and the number of schools with infrastructure rehabilitated or constructed in emergency context was 31.

The evaluation concluded that the WFP's interventions have had a positive impact on the nutrition status of Sahrawi refugees in Tindouf, Algeria, and have contributed to improving their food security and nutrition. However, the evaluation also noted that there is a need for continued support and investment in nutrition-sensitive programming and SBCC approaches to address the complex needs of the refugee population."
Annual_country_reports_-_Armenia_-_2023_AM02,"The evaluation objective of this humanitarian intervention is to assess the effectiveness of the World Food Programme (WFP) in implementing its Strategic Outcomes in Armenia, focusing on vulnerable populations' access to food, nutrition, and livelihoods. The evaluation methodology involved analyzing data from various sources, including project reports, output tables, and national averages based on the Food Security and Vulnerability Analysis (FSVA5).

Key findings indicate that the WFP has made significant progress in achieving its Strategic Outcomes. In 2023, approximately 58,000 refugees received emergency food assistance, with 50% of them being women. The majority of this assistance was delivered through the food card system. The WFP also scaled up the use of food cards in 2024, with 9,889 beneficiaries receiving assistance under Strategic Objectives (SO) 2 and SO 4. Additionally, the WFP supported the national school feeding programme, providing nutritious meals to schoolchildren, and strengthened national food systems, supporting actors along the food value chain.

The evaluation also highlights the WFP's efforts in providing technical support to national institutions to generate an evidence-base and inform policies, strategies, and systems to address food insecurity and malnutrition in Armenia. Furthermore, the WFP provided support to national institutions to strengthen the national social protection system, and provided on-demand service provision to the Government and other partners.

The implications of these findings are that the WFP's interventions have contributed to improved food security and nutrition among vulnerable populations in Armenia. The WFP's efforts in strengthening national food systems and social protection systems have also enhanced the country's capacity to respond to emergencies and provide support to vulnerable populations. However, the evaluation also notes that there are ongoing challenges and areas for improvement, including the need for sustained funding and continued support to national institutions.

Overall, this evaluation provides valuable insights into the WFP's efforts in implementing its Strategic Outcomes in Armenia and highlights the importance of continued support to vulnerable populations in the country."
Annual_country_reports_-_Armenia_-_2024_AM02,"The evaluation objective of this humanitarian program is to assess the progress made towards achieving the strategic outcomes of improving food security and nutrition among vulnerable populations in Armenia. The methodology employed involves tracking the implementation of various activities and output indicators, including the strengthening of national school feeding programs, capacity building of national institutions, and provision of food assistance and livelihood support.

Key findings of the evaluation indicate that several output indicators were not implemented in 2024, including A.16, A3.4, and A 2.5, which were established to provide operational flexibility based on emerging needs. The activation of the Yerevan school feeding program is scheduled to commence in 2025, and the original plan to conduct wholegrain training sessions for all kitchen staff in Lori during October-November 2024 was not executed due to inadequate preparation of bakeries. Furthermore, the number of national institutions engaged in WFP capacity strengthening activities at national and subnational levels was lower than expected, and the number of people engaged in capacity strengthening initiatives facilitated by WFP to enhance national stakeholder capacities contributing to Zero Hunger was also lower than anticipated.

The implications of these findings suggest that the program may not be on track to achieve its strategic outcomes, particularly in terms of improving food security and nutrition among vulnerable populations in Armenia. However, the program has made progress in other areas, such as providing food assistance and livelihood support to vulnerable populations, and strengthening national social protection systems. To address the challenges identified, the program may need to reassess its implementation plan and adjust its strategies to better meet the needs of its beneficiaries."
Annual_country_reports_-_Benin_-_2023_BJ02,"This evaluation aimed to assess the effectiveness of the World Food Programme (WFP) in achieving its strategic outcomes in Benin, specifically in improving food security and nutrition, increasing national and local institutions' capacity, and providing crisis-affected populations with food and nutrition assistance. The evaluation used a mixed-methods approach, combining quantitative data from the WFP's programme monitoring and surveys with qualitative data from stakeholder interviews and focus groups.

The key findings of the evaluation include:

* The WFP's school meals programme in Benin has achieved significant results, with over 1 million children receiving nutritious meals every school day, and the percentage of children covered by the home-grown school feeding (HGSF) model increasing from 44% to 74%.
* The WFP's capacity strengthening initiatives have enhanced the capacity of national and local institutions in Benin, with over 1,000 government and public sector staff participating in training and technical assistance initiatives.
* The WFP's emergency response and preparedness efforts have improved the resilience of crisis-affected populations in Benin, with over 90% of beneficiaries reporting that they were provided with accessible information about WFP programmes, including PSEA.

The implications of these findings are that the WFP's programmes in Benin have made significant contributions to improving food security and nutrition, increasing national and local institutions' capacity, and providing crisis-affected populations with food and nutrition assistance. However, the evaluation also highlights the need for continued support and resources to sustain and scale up these programmes, particularly in the areas of capacity strengthening and emergency response.

Overall, this evaluation provides valuable insights into the effectiveness of the WFP's programmes in Benin and highlights the importance of continued investment in these efforts to achieve the Sustainable Development Goals (SDGs)."
Annual_country_reports_-_Benin_-_2024_BJ03,"This evaluation aimed to assess the effectiveness of the World Food Programme's (WFP) school feeding programme in Benin, specifically in achieving the strategic outcome of providing people affected by shocks with urgent food and nutrition needs before, during, and after shocks by 2027. The evaluation employed a quantitative methodology, analyzing data on the number of people receiving food assistance, the quantity of food provided, and the value of cash transferred to family members of girls and boys benefiting from school-based programmes. Key findings indicate that 29,030 people received food assistance through the Cash-Based Transfer (CBT) programme, with 50% being women. However, a discrepancy was observed in the quantity of food provided, with the planned tonnage being 49,523 MT and the distributed tonnage being 20,692 MT. This discrepancy was attributed to the transition of the programme to government ownership, with the Government of Benin taking over distribution from the second quarter of 2024. The evaluation also found that the programme achieved its corporate output of providing food-insecure populations with increased and sustained access to nutritious food, cash-based assistance, new or improved skills, and services to meet their food and nutrition needs. The implications of these findings suggest that the programme has made progress in achieving its strategic outcome, but challenges remain in ensuring the effective distribution of food assistance."
Annual_country_reports_-_Bolivia_Plurinational_State_of_-_2023_BO03,"This evaluation aimed to assess the effectiveness of a humanitarian intervention in Bolivia, focusing on its impact on food security, nutrition, and coping strategies among vulnerable populations. The methodology involved the transfer of USD 363,937 to affected individuals, community-based participatory planning, and the installation of irrigation systems, tool kits, seeds, and fertilizers to facilitate sustainable livelihoods. The evaluation objective was to determine the extent to which the intervention enhanced the resilience of food insecure smallholder farmers, indigenous communities, and particularly rural women in Bolivia to climatic and other shocks and stresses.

Key findings indicate that the intervention achieved its objectives, with USD 0.81 per person per day being transferred to affected individuals under the country strategic plan 2023-2027. The evaluation also found that the intervention improved access to productive assets, including irrigation systems, tool kits, seeds, and fertilizers, which enabled beneficiaries to better cope with shocks and stressors. Furthermore, the evaluation noted that the intervention enhanced the capacity of local, regional, and national-level institutions to support the most vulnerable groups in Bolivia by 2027.

The implications of this evaluation are that the humanitarian intervention in Bolivia was effective in enhancing the resilience of vulnerable populations to climatic and other shocks and stresses. The evaluation suggests that the transfer of resources to affected individuals, community-based participatory planning, and the installation of productive assets were key factors in achieving the intervention's objectives. The findings of this evaluation have implications for the design and implementation of future humanitarian interventions in Bolivia and other contexts, highlighting the importance of a sustained strategy with national institutions to address food insecurity in a holistic and gender-transformative manner."
Annual_country_reports_-_Bolivia_Plurinational_State_of_-_2024_BO03,"This evaluation aimed to assess the effectiveness of the World Food Programme (WFP) in Bolivia in addressing food insecurity and promoting sustainable livelihoods among vulnerable communities. The evaluation objective was to evaluate the programme's performance in achieving its strategic outcomes, including improving food security, nutrition, and coping strategies among food insecure households, and enhancing the capacity of local, regional, and national-level institutions to support vulnerable groups. The methodology involved analyzing data on programme indicators, including the number of beneficiaries reached through cash-based transfers, food distribution, and livelihood skills training activities. Key findings included a significant increase in the number of beneficiaries reached through cash-based transfers due to the cancellation of the food supply contract, which resulted in a shift to cash-based assistance. However, the programme faced challenges in implementing certain activities, including livelihood skills training and capacity strengthening, due to insufficient funding. The evaluation also highlighted the importance of community engagement and feedback mechanisms in ensuring accountability and transparency in programme implementation. The implications of these findings are that the WFP in Bolivia should prioritize community engagement and feedback mechanisms, and ensure sufficient funding for programme activities to achieve its strategic outcomes."
Annual_country_reports_-_Burkina_Faso_-_2023_BF02,"The evaluation objective of this humanitarian intervention was to assess the effectiveness of the World Food Programme (WFP) in providing food assistance and resilience-building activities to crisis-affected populations in Burkina Faso. The evaluation methodology involved analyzing data on the number of beneficiaries, food distribution, and resilience-building activities, as well as conducting surveys and assessments to measure the impact of the intervention.

The key findings of the evaluation include:

* The WFP was able to extend assistance to a larger number of beneficiaries by reducing rations and expanding airlifts, enabling the delivery of life-saving food assistance.
* The WFP's interventions were aligned with national priorities, such as the Response and Support Plan for Populations Vulnerable to Food Insecurity and Malnutrition.
* The Reduced Coping Strategy Index (rCSI) decreased from 16 in June 2022 to 12 among in-kind beneficiaries and 10 among Cash-Based Transfer (CBT) recipients in July 2023, indicating a reduction in food insecurity.
* The main coping strategies adopted by households were reducing the portion size of meals, restricting adult consumption to feed children, and reducing the number of meals eaten in a day.
* The WFP was able to expand its resilience-building activities in Plateau-Central, a region where such activities were not implemented in previous years, reaching nearly 11,000 participants.
* The number of schoolchildren assisted with on-site meals and take-home rations was overachieved due to the inclusion of certain schools that were not initially planned.
* The WFP's assistance was targeted towards refugees residing in camps in the Sahel region, while refugees living in urban areas were not assisted.

The implications of these findings are:

* The WFP's interventions were effective in reducing food insecurity and improving the resilience of crisis-affected populations in Burkina Faso.
* The WFP's ability to adapt and respond to changing circumstances, such as reducing rations and expanding airlifts, was critical in extending assistance to"
Annual_country_reports_-_Burkina_Faso_-_2024_BF02,"The evaluation objective of this humanitarian intervention in Burkina Faso was to assess the effectiveness of the World Food Programme (WFP) in addressing food insecurity and malnutrition among vulnerable populations, including refugees, internally displaced persons (IDPs), and host communities. The evaluation aimed to evaluate the progress made towards achieving the Sustainable Development Goals (SDGs) 2.1, 2.2, and 2.4, which focus on reducing hunger and malnutrition.

The methodology employed included a review of program documents, reports, and data, as well as surveys and assessments conducted by WFP and its partners. The evaluation focused on the implementation of WFP's strategic outcomes, including the provision of food assistance, school meals, and specialized nutritious food to vulnerable populations.

The key findings of the evaluation include:

1. WFP played a central role in coordinating and harmonizing the broader lean season response, ensuring intervention gaps were addressed and overlaps avoided.
2. A total of 9,190 metric tons of food and nutrition assistance was airlifted by WFP, benefiting nearly 395,000 people across 21 enclaved localities.
3. The overachievement in the emergency school meals programme can be attributed to several factors, including the progressive reopening of schools and the relocation of schools from insecure areas to relatively safer locations in WFP intervention zones.
4. The low percentage (22 percent) of school-aged children meeting the minimum dietary diversity score can be partly attributed to resource constraints that led to a reduction in the number of schools covered by WFP's emergency school meals programme.
5. WFP's resilience-building programme is closely aligned with national priorities aimed at fostering self-reliance among vulnerable communities by strengthening their livelihoods and gradually increasing agricultural production.
6. The programme has made significant progress in achieving its strategic outcomes, including the provision of food assistance, school meals, and specialized nutritious food to vulnerable populations.
7. The programme has also strengthened the capacity of national institutions to manage gender"
Annual_country_reports_-_Burundi_-_2023_BI02,"The evaluation objective of this humanitarian program in Burundi is to assess the effectiveness of the World Food Programme (WFP) in achieving its strategic outcomes, which include providing food assistance to shock-affected populations, improving nutritional status, and strengthening capacities of national actors. The evaluation methodology involved analyzing data on the number of people assisted, the quantity and value of food provided, and the impact of the program on nutritional status and food security.

The key findings of the evaluation indicate that the WFP has made significant progress in achieving its strategic outcomes. The program has provided food assistance to over 1.3 million people, including refugees, IDPs, and Burundi returnees, and has improved the nutritional status of children, pregnant women, and lactating women. The program has also strengthened the capacities of national actors, including the government and NGOs, to design and implement effective food and nutrition assistance programs.

The implications of the evaluation are that the WFP should continue to provide food assistance to vulnerable populations, including refugees, IDPs, and Burundi returnees, and should prioritize the improvement of nutritional status, particularly among children, pregnant women, and lactating women. The WFP should also continue to strengthen the capacities of national actors to design and implement effective food and nutrition assistance programs.

Overall, the evaluation suggests that the WFP has made significant progress in achieving its strategic outcomes in Burundi, and that the program has had a positive impact on the nutritional status and food security of vulnerable populations. However, the evaluation also highlights the need for continued support and resources to ensure the sustainability of the program and the achievement of its strategic outcomes.

The evaluation also highlights the importance of addressing the root causes of food insecurity and malnutrition, including poverty, conflict, and climate change, and the need for a comprehensive approach that includes food assistance, nutrition interventions, and capacity building.

The evaluation also notes that the WFP has made progress in achieving its cross-cutting indicators, including the percentage of WFP beneficiaries who benefit"
Annual_country_reports_-_Burundi_-_2024_BI03,"The evaluation objective of this humanitarian program in Burundi was to assess the effectiveness of the World Food Programme (WFP) in achieving its strategic outcomes and contributing to the United Nations' Sustainable Development Goals (SDGs), specifically SDG 2.1 (Access to Food), SDG 2.2 (End Malnutrition), and SDG 2.4 (Sustainable Food Systems). The evaluation aimed to evaluate the program's performance in providing food assistance, nutrition support, and livelihoods interventions to vulnerable populations, including refugees, internally displaced persons, and smallholder farmers.

The evaluation methodology involved analyzing data from various sources, including the WFP's monitoring and evaluation system, as well as secondary data from other organizations. The evaluation focused on the program's performance in achieving its strategic outcomes, including the number of people assisted, the quantity and value of food and cash assistance provided, and the impact of the program on the livelihoods of smallholder farmers.

The key findings of the evaluation include:

* The WFP's program in Burundi achieved significant results in providing food assistance and nutrition support to vulnerable populations, with over 211,000 people assisted in 2024.
* The program's cash-based assistance and voucher programs reached over 120,000 people, providing them with access to nutritious food and cash for basic needs.
* The WFP's school feeding program supported over 885 schools, providing meals to over 741,000 children.
* The program's livelihoods interventions, including support to smallholder farmers and value chain actors, helped to improve the livelihoods of over 60,000 people.
* The WFP's capacity strengthening initiatives for national actors and institutions contributed to the development of policies and strategies for food and nutrition assistance, social protection, and school feeding.

The implications of the evaluation findings are:

* The WFP's program in Burundi has made significant contributions to the achievement of SDG 2.1 (Access to Food), SDG 2.2"
Annual_country_reports_-_Central_African_Republic_-_2023_CF01,"The evaluation objective of the World Food Programme (WFP) in the Central African Republic (CAR) was to assess the effectiveness of its interim country strategic plan (2018-2022) in achieving its strategic outcomes. The methodology involved monitoring and evaluation of various activities and indicators, including the proportion of eligible populations participating in the programme, the nutritional status of vulnerable groups, and the capacity of national and subnational institutions to manage food security and nutrition policies.

Key findings of the evaluation include:

* 90% of cash-based unconditional assistance was digitized through WFP's SCOPE treatment platform, indicating a high level of efficiency in programme implementation.
* 2.7 million people were acutely food insecure in 2022, highlighting the ongoing humanitarian needs in the region.
* The programme achieved a high level of coverage, with 50% of the eligible population participating in the programme.
* Vulnerable groups, including children, pregnant and lactating women, and malnourished ART clients, showed improved nutritional status, with 75% of assisted people informed about the programme.
* National and subnational institutions strengthened their capacities to establish an adequate social protection system and manage food security and nutrition policies.
* The humanitarian community enhanced its capacity to reach and operate in areas of humanitarian crisis.

The implications of these findings are that the WFP's interim country strategic plan (2018-2022) was effective in achieving its strategic outcomes, particularly in terms of programme coverage, nutritional status of vulnerable groups, and institutional capacity strengthening. However, the ongoing humanitarian needs in the region highlight the need for continued support and resources to address the root causes of food insecurity and malnutrition."
Annual_country_reports_-_Central_African_Republic_-_2024_CF02,"This evaluation aimed to assess the effectiveness of the World Food Programme's (WFP) interventions in the Central African Republic, focusing on crisis-affected populations' ability to meet their food and nutrition needs. The evaluation employed a mixed-methods approach, combining quantitative data from monitoring and evaluation reports with qualitative insights from field observations and stakeholder interviews. Key findings indicate that the WFP's interventions have positively impacted the food security and nutrition status of crisis-affected populations, including refugees, internally displaced persons, returnees, and host communities. Specifically, the evaluation highlights the successful implementation of food assistance for assets (FFA) activities, which have enabled communities to access productive assets, enhance their livelihoods, and improve their resilience to shocks. Additionally, the evaluation notes the WFP's efforts to strengthen national institutions and partners' capacities to manage food and nutrition programmes and the social protection system. However, the evaluation also identifies challenges related to the sustainability of FFA activities and the need for continued support to national institutions. The implications of these findings suggest that the WFP's interventions have contributed to the achievement of Sustainable Development Goal (SDG) 2.1 (Access to Food) and SDG 2.4 (Sustainable Food Systems) in the Central African Republic."
Annual_country_reports_-_Chad_-_2024_TD01,"The evaluation objective of this humanitarian program is to assess the effectiveness of the World Food Programme (WFP) in addressing food insecurity and malnutrition in Chad. The evaluation methodology involves the analysis of outcome and cross-cutting indicators, including baseline and endline data collection for nutrition assistance, as well as the review of program outputs and activities. The key findings of the evaluation include:

The WFP's integrated assistance package, which includes food assistance, school meals, and specialized nutritious food, has been effective in improving the nutritional status of vulnerable populations in Chad. The program has also strengthened the capacity of national institutions to manage food security, nutrition, and social protection policies and programs. Additionally, the WFP has provided training and technical support to national institutions on the design and implementation of a permanent response-planning scheme for food security and nutrition.

The implications of these findings are that the WFP's program in Chad has been successful in addressing food insecurity and malnutrition, and has contributed to the achievement of the Sustainable Development Goals (SDGs) related to food security and nutrition. However, the evaluation also highlights the need for continued support to national institutions to ensure that they have the capacity to manage food security, nutrition, and social protection policies and programs effectively."
Annual_country_reports_-_Chad_-_2024_TD02,"The evaluation objective of this humanitarian response in Chad was to assess the effectiveness of the World Food Programme (WFP) in addressing the food and nutrition needs of crisis- and shock-affected populations, including school-aged children, vulnerable people at risk of malnutrition, and food insecure communities. 

The evaluation methodology involved analyzing the implementation of the Country Strategic Plan (CSP) 2024-2028, which aimed to address the strategic outcomes of crisis- and shock-affected populations meeting their essential needs, vulnerable people at risk of malnutrition contributing to Chad's human capital, food insecure communities having improved livelihoods and more resilient food systems, local and national institutions strengthening systems and capacity for implementing policies and programmes, and government actors, humanitarian, and development partners having access to common services and areas targeted for assistance.

Key findings of the evaluation include:

* Over 986,000 people were supported during the lean season with 44,000 metric tons of food commodities and USD 23.8 million in cash-based transfers (CBT) and 11,200 MT of food assistance in CBT.
* Over 46,000 flood-affected people received emergency life-saving assistance.
* The initiative supported a number of policies, key objectives, and national priorities, including the implementation of the Asylum Law on economic integration of refugees and the National Determined Contribution 2021-2030.
* Despite challenges, progress was made in governance structures and data collection, setting the stage for accelerated implementation in 2025.
* The underachievement in Food Assistance for Assets (FFA) beneficiaries was primarily due to delays in implementation caused by severe flooding.
* The target for both food commodities and non-food items (NFI) locally procured consisted of the WFP contractual obligations to local firms to provide these services.

Implications of the evaluation findings include:

* The WFP's response in Chad was effective in addressing the food and nutrition needs of crisis- and shock-affected populations, including school-aged children"
Annual_country_reports_-_China_-_2023_CN02,"This evaluation aimed to assess the effectiveness of the World Food Programme (WFP) in supporting the Government of China's commitment to reducing malnutrition among children and improving the nutritional status and livelihoods of left-behind groups in rural areas. The evaluation employed a methodology that involved reviewing project documents, conducting stakeholder interviews, and analyzing project data to assess the achievement of strategic outcomes and output indicators. The key findings of the evaluation indicate that WFP's support to China has been focused on empowering local government and institutions' capacity in designing and implementing cross-sectoral programmes, fostering localization of experiences, and knowledge transfer to ensure sustainable development. The evaluation also found that WFP's projects have achieved significant results, including the promotion of farmers' production capacity, improvement of nutritional status, increase in income, and enhancement of resilience to climate change. Furthermore, the evaluation noted that WFP's partnerships with the Chinese government, private sectors, and other stakeholders have been strengthened, enabling the organization to leverage financing, partnerships, and knowledge to support the Sustainable Development Goals and the 14th Five-Year Plan of China. The evaluation's implications suggest that WFP's continued support to China is crucial in achieving the country's development goals, particularly in reducing malnutrition and improving the livelihoods of left-behind groups in rural areas."
Annual_country_reports_-_China_-_2024_CN02,"This evaluation aimed to assess the effectiveness of the World Food Programme's (WFP) Country Strategic Plan (CSP) in China, focusing on improving the nutritional status and livelihoods of left-behind groups in rural areas. The evaluation employed a mixed-methods approach, combining quantitative and qualitative data from various sources, including project reports, monitoring and evaluation data, and stakeholder interviews. The key findings indicate that the WFP's CSP in China has made significant progress in achieving its strategic outcomes, particularly in improving the nutritional status and livelihoods of left-behind groups in rural areas. The CSP has supported the integration of smallholder farmers into nutrition-sensitive value chains, extended nutrition-sensitive school feeding programs to national stakeholders, and facilitated development and humanitarian cooperation with China. The evaluation also highlights the importance of capacity strengthening initiatives, which have enhanced the capacities of national stakeholders to contribute to Zero Hunger and other Sustainable Development Goals (SDGs). The results show that the WFP's CSP in China has achieved notable outcomes, including the provision of nutritious meals to 5,487 preschool children, the purchase of food valued at USD 101,205 from smallholder farmers, and the strengthening of partnerships with Chinese public and private sector partners. The evaluation concludes that the WFP's CSP in China has been effective in improving the nutritional status and livelihoods of left-behind groups in rural areas, and that the program's focus on capacity strengthening, nutrition-sensitive value chains, and school feeding programs has been critical to its success. The implications of the evaluation are that the WFP should continue to prioritize capacity strengthening initiatives, nutrition-sensitive value chains, and school feeding programs in its future programming in China, and that the program should also explore opportunities to scale up its interventions and reach more vulnerable populations."
Annual_country_reports_-_Côte_dIvoire_-_2023_CI02,"This evaluation aimed to assess the effectiveness of the World Food Programme (WFP) in achieving its strategic outcomes in Côte d'Ivoire. The evaluation objective was to evaluate the progress made towards achieving the United Nations' Sustainable Development Goals (SDGs) related to food security, nutrition, and sustainable food systems. 

The methodology employed included a review of existing data and reports, as well as an analysis of the WFP's programme implementation and outcomes. The evaluation focused on four strategic outcomes: (1) primary school-age children and their households in food-insecure areas have access to adequate and nutritious food all year-round; (2) populations affected by shocks have access to food to cover their basic food and nutritional needs during and in the aftermath of shocks; (3) vulnerable food-insecure populations in targeted areas have improved nutritional status by 2025; and (4) targeted populations and communities have stronger livelihoods, are more resilient to climate and other shocks, and benefit from more efficient value chains and sustainable food systems by 2025.

Key findings of the evaluation include: 

* A total of 135,485 school children received a hot meal, with 51% being girls, and 2,203 metric tons of food were distributed through 613 school canteens.
* Successful implementation of the enriched rice programme, with 86% of people having knowledge of the programme and attitudes and practices accepted.
* The WFP provided school meals, take-home rations, and complementary services to primary school-aged children during the school year and promoted the purchase of locally produced food for school meals.
* The WFP also provided an integrated assistance package to affected populations, including food assistance, SBCC, and specialized nutritious food to children aged 6-59 months, PLW/Gs, and PLHIV to improve access to food and prevent malnutrition.

The implications of the evaluation are that the WFP has made progress in achieving its strategic outcomes, but there are still challenges to"
Annual_country_reports_-_Côte_dIvoire_-_2024_CI02,"The evaluation objective of this humanitarian program is to assess the effectiveness of the World Food Programme (WFP) in achieving its strategic outcomes in Côte d'Ivoire. The methodology employed involves analyzing the program's outputs, outcomes, and impact indicators, as well as conducting a needs-based plan and implementation plan review. 

Key findings indicate that the program has made progress in achieving its strategic outcomes, including providing school meals and complementary services to primary school-aged children, supporting the implementation of the national nutrition program, and providing an integrated assistance package to affected populations. The program has also strengthened the capacity of national institutions to better target and manage food security, nutrition, and social protection programs. 

However, the evaluation also highlights some challenges and areas for improvement, including the need to increase the number of people reached through the program, improve the quality of services provided, and enhance the program's sustainability. 

The implications of these findings are that the WFP should continue to support the government and humanitarian partners in Côte d'Ivoire to reach vulnerable populations and respond to emergencies, while also addressing the challenges and areas for improvement identified in the evaluation. This will require a sustained commitment to capacity building, program improvement, and resource mobilization."
Annual_country_reports_-_Mauritania_-_2024_MR02,"The evaluation aimed to assess the effectiveness of the World Food Programme's (WFP) operations in Mauritania, specifically in addressing food insecurity and malnutrition among crisis-affected populations. The evaluation objective was to evaluate the achievement of the Strategic Outcome 01: Crisis-affected people in targeted areas, including refugees, are able to meet basic food and nutrition needs during and in the aftermath of crises. The methodology involved analyzing data from various sources, including the May 2023 Mbera Camp Minimum Expenditure Basket (MEB) study, which estimated a food gap of MRU 443 per person per month. The evaluation also considered the WFP's Market assessment and risk identification processes, as well as the implementation of cash-based assistance operations.

The key findings of the evaluation included:

* The WFP's operations in Mauritania achieved a high level of coverage, with 32,875 female and 27,225 male beneficiaries receiving food assistance.
* The WFP provided 1,010 MT of food assistance, valued at USD 1,741,860.
* The evaluation also found that the WFP's school feeding programme reached 3,747 female and 3,875 male students, providing 161 MT of food assistance valued at USD 13,090.
* The WFP's treatment of moderate acute malnutrition programme reached 317 female and 317 male beneficiaries, providing 69.66 MT of food assistance valued at USD 84.49.
* The evaluation also found that the WFP's livelihood support programme reached 33,500 female and 33,500 male beneficiaries, providing USD 178,298 in cash transfers.

The implications of the evaluation are that the WFP's operations in Mauritania have been effective in addressing food insecurity and malnutrition among crisis-affected populations. However, the evaluation also highlights the need for continued support to ensure that the WFP's operations are sustainable and that the food gap is addressed. The evaluation also recommends that the W"
Annual_country_reports_-_Mauritania_-_2024_MR03,"This evaluation aimed to assess the effectiveness of the World Food Programme's (WFP) interventions in addressing food insecurity and malnutrition in targeted areas. The evaluation objective was to evaluate the impact of WFP's activities on the nutritional status of crisis-affected populations, including women and children, and to identify areas for improvement. The methodology involved analyzing data from various sources, including WFP's monitoring and evaluation reports, as well as data from implementing partners and government agencies.

The key findings of the evaluation were that WFP's activities had a positive impact on the nutritional status of crisis-affected populations, with significant increases in the number of people receiving food assistance and cash transfers. However, the evaluation also identified challenges related to resource availability, which led to adjustments in the implementation of activities, resulting in lower-than-planned beneficiary numbers. Additionally, the evaluation found that WFP's lean season contribution to the overall National Response Plan (PNR) was adjusted based on the availability of resources, in-country estimated food insecurity needs, and overall PNR gaps.

The implications of the evaluation are that WFP's interventions have the potential to improve the nutritional status of crisis-affected populations, but that resource availability and planning are critical factors in achieving this goal. The evaluation also highlights the importance of collaboration with government agencies and implementing partners to ensure effective and efficient delivery of assistance. Furthermore, the evaluation suggests that WFP's capacity strengthening initiatives have contributed to the development of national policies and strategies, including the National Social Protection Strategy (SNPS II) and the National Response Plan (PNR).

Overall, the evaluation provides valuable insights into the effectiveness of WFP's interventions in addressing food insecurity and malnutrition in targeted areas, and highlights areas for improvement to ensure that WFP's activities are optimized to achieve the desired outcomes."
Annual_country_reports_-_Nicaragua_-_2024_NI02,"The evaluation objective of this report is to assess the progress made towards achieving the United Nations' Sustainable Development Goals (SDGs), specifically SDG 2: Zero Hunger, in Nicaragua. The report focuses on five strategic outcomes: (1) People in targeted areas have access to adequate nutritious food all year round; (2) Vulnerable communities and smallholder farmers benefit from sustainable food systems and have strengthened capacities to cope with shocks, climate change, and natural hazards; (3) National institutions have improved capacities to advance gender equality and women's empowerment; (4) Populations affected by shocks have access to adequate and nutritious food during and after an emergency; and (5) Humanitarian and government partners have access to reliable services during crises.

The methodology employed in this evaluation involves analyzing data and indicators related to the five strategic outcomes, including output results, outcome results, and cross-cutting indicators. The report also presents accountability indicators to assess the performance of the country office in engaging with the community and promoting disability inclusion.

The key findings of this evaluation include:

* 2 million people benefited from WFP-supported national government programs, including multi-hazard simulation exercises led by SINAPRED.
* 92% of smallholder farmer households assisted by WFP have an acceptable food consumption score.
* 10.5 million supplementary school rations were provided during the lean season.
* The number of schools or institutional sites reached through school-based programming increased, with a total of 135,488 schools assisted by WFP.
* The percentage of users satisfied with services provided by WFP's supply chain services exceeded the target of 80%.

The implications of these findings are that the WFP's efforts in Nicaragua have contributed to improved food security and nutrition outcomes, particularly among vulnerable communities and smallholder farmers. However, there are still challenges to be addressed, including the need to strengthen national institutions' capacities to advance gender equality and women's empowerment, and to improve the resilience of smallholder farmers to climate change and"
Annual_country_reports_-_Nicaragua_-_2024_NI02-checkpoint,"The evaluation objective of this report is to assess the progress made towards achieving the United Nations' Sustainable Development Goals (SDGs) in Nicaragua, specifically in the areas of food security, sustainable food systems, and humanitarian response. The evaluation methodology involved tracking key performance indicators (KPIs) and outcome results across various strategic outcomes and activities.

The key findings of this report indicate that significant progress has been made in achieving the SDGs in Nicaragua. Specifically, 2 million people benefitted from WFP-supported national government programmes, including multi-hazard simulation exercises led by SINAPRED. Additionally, 10.5 million supplementary school rations were provided during the lean season, and 92% of smallholder farmer households assisted by WFP had an acceptable food consumption score. Furthermore, 9,660 beneficiaries received food/cash-based/commodity vouchers/individual capacity strengthening transfers through actions to protect against climate shocks.

However, some challenges were also identified. For instance, no capacity strengthening assistance was provided to government institutions, resulting in a zero value for the corresponding indicator. Additionally, no climate and weather risk information services were conducted under Emergency Preparedness Activities (CCS), leading to a zero value for the corresponding indicator.

The implications of these findings are significant. They suggest that the WFP's efforts in Nicaragua have been effective in improving food security and promoting sustainable food systems. However, there is still a need for continued support and capacity building to address the challenges identified in the report.

In terms of the SDGs, the report suggests that Nicaragua is making progress towards achieving SDG 2.1 (Access to Food) and SDG 2.4 (Sustainable Food Systems). However, more work is needed to achieve the targets set out in these goals.

Overall, this report provides a comprehensive assessment of the progress made towards achieving the SDGs in Nicaragua and highlights the need for continued support and capacity building to address the challenges identified."
Annual_country_reports_-_Nicaragua_-_2024_NI03,"The evaluation objective of this humanitarian program was to assess the effectiveness of the World Food Programme (WFP) in providing humanitarian assistance to people affected by or exposed to crises in Nicaragua, while strengthening capacities and systems for integrated disaster risk management. The evaluation methodology involved analyzing data on the program's outcomes, including the number of people assisted, the value of food and cash transferred, and the impact on smallholder farmers' adaptive capacities.

Key findings of the evaluation include:

* A total of 535 smallholder farmers were provided with training, inputs, equipment, and infrastructure, with a total value of USD 718,000 invested in food procured from local markets through the Farm2Go app.
* The salary for agricultural and livestock sector workers was set at COR 5,721, equivalent to USD 157.
* The program did not implement any emergency school-based programs, general distributions, or cash transfer modalities, resulting in zero values for indicators A.1.7 and A.3.1.
* The Farm2Go app is currently being implemented in four countries, including the Philippines, Mozambique, Rwanda, and Bangladesh.
* The Changing Lives Transformation Fund (CLTF) is a WFP's internal funding mechanism that seeks to scale WFP's ability to support national governments' efforts to achieve the Sustainable Development Goals (SDGs).

The implications of these findings are that the program has made progress in strengthening smallholder farmers' adaptive capacities, but there is a need to improve the program's emergency response mechanisms and increase the value of food and cash transferred to beneficiaries. Additionally, the program should explore opportunities to scale up the Farm2Go app and leverage the CLTF to support national governments' efforts to achieve the SDGs."
Annual_country_reports_-_Nigeria_-_2023_NG01,"The evaluation objective of this humanitarian program was to assess the effectiveness of interventions aimed at improving food security and nutrition outcomes in Nigeria. The evaluation methodology involved analyzing data on program activities, outputs, and outcomes, as well as conducting beneficiary feedback and environmental risk screenings.

Key findings of the evaluation include:

* A total of 2,056 livestock and non-food items valued at USD 619,439 were provided to support resilient livelihoods and enhance productivity.
* The program achieved significant results in terms of food security and nutrition outcomes, including:
	+ 60,980,829 people having access to food (SDG Target 2.1)
	+ 10,904,614 children 6-59 months, PLWG, and other nutritionally vulnerable populations receiving nutrition prevention and treatment packages
	+ 50,076,215 people receiving unconditional food assistance and income-generating activities
	+ 1,423,765 smallholders having improved food security and nutrition (SDG Target 2.3)
	+ 252,056 federal, state, and local actors having strengthened capacity to manage food security and nutrition programs
* The program also achieved significant results in terms of logistics, telecommunications, and humanitarian air services, including:
	+ Providing common logistics services to government, United Nations, and NGO partners
	+ Providing common emergency telecommunications services to government, United Nations, and NGO partners
	+ Providing humanitarian air services to all partners until appropriate alternatives are available
* The program's environmental risk screenings and beneficiary feedback mechanisms were also effective in ensuring that program activities did not harm the environment and that beneficiaries were able to hold the program accountable for meeting their needs.

The implications of these findings are that the program has been effective in achieving its objectives and has made significant contributions to improving food security and nutrition outcomes in Nigeria. However, the program's sustainability and scalability will depend on continued funding and support from donors and partners."
Annual_country_reports_-_Nigeria_-_2024_NG02,"This evaluation aimed to assess the effectiveness of the World Food Programme (WFP) in enhancing livelihoods and supporting climate-resilient agriculture in Northeast Nigeria. The evaluation employed a mixed-methods approach, combining quantitative data with qualitative insights to assess the programme's outcomes and impact. The key findings indicate that the WFP has made significant progress in achieving its strategic outcomes, including providing food assistance and early recovery activities to crisis-affected populations, enhancing the capacity of national actors to manage food security and nutrition policies, and enabling the humanitarian community to operate in areas of crisis throughout the year. The programme has also supported the development of climate-resilient agriculture, improved access to nutritious food, and enhanced social cohesion among vulnerable households and communities. However, the evaluation also highlights challenges related to the programme's scalability, sustainability, and coordination with other stakeholders. The implications of these findings suggest that the WFP should continue to prioritize its efforts in Northeast Nigeria, while also exploring opportunities for scaling up and sustaining its interventions to achieve greater impact and long-term sustainability."
Annual_country_reports_-_Rwanda_-_2023_RW01,"The evaluation objective of this humanitarian project is to assess the effectiveness of the World Food Programme (WFP) in providing food and nutrition assistance, as well as capacity strengthening support to national programmes, in Rwanda. The evaluation aimed to evaluate the project's progress towards achieving its strategic outcomes, including increasing access to adequate and nutritious food for refugees, returnees, and vulnerable populations, improving nutrition status of targeted populations, and enhancing smallholder farmers' marketable surplus and access to agricultural markets.

The methodology employed in this evaluation involved analyzing data on the project's outputs, outcomes, and impact, as well as conducting field visits and interviews with stakeholders. The evaluation focused on assessing the project's performance against its strategic outcomes, as well as its alignment with the United Nations' Sustainable Development Goals (SDGs).

Key findings of the evaluation include:

* The project has made significant progress in providing food and nutrition assistance to refugees, returnees, and vulnerable populations, with over 128,000 people reached through in-kind food and cash assistance.
* The project has also strengthened the capacity of national institutions to design, implement, and scale-up national food security and nutrition-sensitive social protection programmes.
* The project has improved the nutrition status of targeted populations, with attendance in WFP-supported schools increasing, dropout rates decreasing, and late arrivals and absenteeism decreasing.
* The project has also enhanced smallholder farmers' marketable surplus and access to agricultural markets, with over 93,000 smallholder farmers supported through the project.

Implications of the evaluation findings include:

* The project's success in providing food and nutrition assistance to refugees, returnees, and vulnerable populations highlights the importance of continued support to these efforts.
* The project's capacity strengthening support to national institutions has contributed to improved food security and nutrition outcomes, and should be continued and scaled up.
* The project's impact on improving the nutrition status of targeted populations and enhancing smallholder farmers' marketable surplus and access to agricultural markets demonstrates the effectiveness of the project's approach"
Annual_country_reports_-_Rwanda_-_2024_RW01,"Here is a rewritten abstract of the provided text in a single, coherent paragraph:

The evaluation aimed to assess the effectiveness of the World Food Programme (WFP) in Rwanda, focusing on four strategic outcomes: (1) refugees, returnees, and other crisis-affected populations have access to adequate and nutritious food at all times; (2) vulnerable populations in food-insecure communities and areas have improved access to adequate and nutritious food all year; (3) children under 5, adolescents, and pregnant and nursing women/girls in Rwanda have improved access to nutritious foods and services to meet their nutritional needs all year; and (4) smallholder farmers, especially women, have increased marketable surplus and access to agricultural markets through efficient supply chains by 2030. The evaluation employed a mixed-methods approach, combining quantitative and qualitative data from various sources, including surveys, reports, and monitoring data. Key findings indicate that the WFP has made significant progress in achieving its strategic outcomes, with notable improvements in food security, nutrition, and agricultural market access. However, challenges persist, particularly in ensuring equal opportunities for women farmers and addressing the root causes of malnutrition. The evaluation's implications suggest that the WFP should continue to prioritize capacity strengthening for national institutions, enhance its supply chain services, and promote sustainable agricultural practices to achieve its strategic outcomes."
Annual_country_reports_-_Sao_Tome_and_Principe_-_2023_ST02,"This evaluation aimed to assess the effectiveness of the World Food Programme's (WFP) São Tomé and Príncipe Country Office in achieving its strategic outcomes, particularly in strengthening the capacity of the Government of São Tomé and Príncipe to implement an environmentally and socially sustainable home-grown school meals programme and related food security and nutrition policies. The evaluation employed a capacity strengthening approach, leveraging South-South cooperation, and focused on the period from 2019 to 2023. Key findings indicate that the WFP's São Tomé and Príncipe Country Office successfully strengthened the capacity of national actors to enhance policies, strategies, and programmes contributing to the achievement of zero hunger and other Sustainable Development Goals (SDGs). However, the evaluation also noted that indicators related to protection and accountability to affected populations were not collected, and environmental sustainability indicators were not available due to the capacity strengthening nature of the interventions. Furthermore, the country office faced funding constraints in 2023, which resulted in the suspension of food distribution activities. The implications of these findings suggest the need for continued support to the Government of São Tomé and Príncipe in strengthening its capacity to implement sustainable and nutrition-sensitive home-grown school meals programmes, as well as the importance of addressing funding constraints to ensure the effective implementation of WFP's programmes."
Annual_country_reports_-_Sao_Tome_and_Principe_-_2024_ST03,"This evaluation aimed to assess the effectiveness of the World Food Programme (WFP) in achieving its strategic outcomes in Sao Tome and Principe, particularly in crisis response and school feeding programmes. The evaluation methodology involved analyzing data on planned and actual beneficiary numbers, food assistance provided, and capacity strengthening support to the Government and stakeholders. Key findings indicate that in 2024, WFP did not activate emergency or crisis response and did not deliver the Programme of Nutritional Assistance to Schoolchildren (PNASE), managed by the Government. Consequently, the actual number of direct (tier 1) beneficiaries was zero. However, the evaluation also highlights that WFP's food assistance capacity could cover at least 25 percent of the Santomean population in the event of a crisis. Furthermore, the evaluation notes that some activities of the Country Strategic Plan (CSP) 2019-2024 were finalized in 2024, including purchases from smallholder farmers with support from Brazil and the NGO HELPO. The implications of these findings suggest that WFP needs to strengthen its capacity to respond to emergencies and crises in Sao Tome and Principe, and improve its collaboration with the Government and other stakeholders to deliver effective school feeding programmes."
Annual_country_reports_-_Senegal_-_2023_SN02,"The evaluation objective of the World Food Programme (WFP) in Senegal was to assess the effectiveness of its Country Strategic Plan (CSP) 2019-2023 in achieving its strategic outcomes. The CSP aimed to improve food security and nutrition, enhance resilience, and strengthen national and local institutions.

The methodology used in the evaluation involved analyzing data on the implementation of CSP activities, outputs, and outcomes. The evaluation focused on five strategic outcomes: (1) food insecure populations have access to adequate food during lean season, (2) vulnerable populations have improved nutritional status, (3) food-insecure populations and communities have resilient livelihoods, (4) national and local institutions have strengthened capacities, and (5) crisis-affected households and communities can meet their basic food and nutrition needs.

The key findings of the evaluation include:

* 323 metric tons of specialized nutritious food were distributed in 23 moderate acute malnutrition treatment departments.
* 1.5 million farmers were provided with climate information generating activities.
* 9,000 vulnerable households received unconditional food assistance.
* The proportion of children 6-23 months of age who receive a minimum acceptable diet improved from 36.5% to 96.2%.
* The proportion of households where women, men, or both women and men make decisions on the use of food/cash/vouchers increased from 15% to 46%.
* The country office has a functioning community feedback mechanism, and the action plan on community engagement is in place.

The implications of the evaluation findings are:

* The WFP's CSP 2019-2023 has made significant progress in achieving its strategic outcomes, particularly in improving food security and nutrition.
* The programme's focus on homegrown school feeding, climate adaptation, and resilience building has contributed to improved nutritional status and livelihoods.
* The WFP's capacity strengthening initiatives have enhanced national and local institutions' capacities to manage food and nutrition security, social protection, and resilience building programmes.
*"
Annual_country_reports_-_Senegal_-_2024_SN02,"The evaluation objective of this humanitarian project was to assess the effectiveness of the World Food Programme (WFP) in implementing its strategic outcomes in Senegal, focusing on food security, nutrition, and resilience building. The evaluation methodology involved analyzing data from various sources, including internal oversight missions, external evaluations, and project reports. The key findings of the evaluation include:

The project made progress in achieving its strategic outcomes, particularly in the areas of food security and nutrition. The WFP provided food assistance to vulnerable populations, including children, pregnant women, and girls, and implemented nutrition programs to prevent and treat acute and chronic malnutrition. The project also supported the development of local capacities to manage food and nutrition security, social protection, and resilience building programs.

However, the evaluation also identified some challenges and limitations, including the absence of actual results for some activities due to changes in the project design, and the use of alternative modalities, such as cash transfers, instead of the planned food assistance. Additionally, the evaluation noted that some of the project's outputs and outcomes were not fully achieved, and that there were some issues with the project's monitoring and evaluation systems.

The implications of these findings are that the WFP should continue to prioritize the development of local capacities to manage food and nutrition security, social protection, and resilience building programs. The organization should also strengthen its monitoring and evaluation systems to ensure that it can track progress and identify areas for improvement. Furthermore, the WFP should consider revising its project design to ensure that it is more flexible and adaptable to changing circumstances.

Overall, the evaluation suggests that the WFP's project in Senegal has made progress in achieving its strategic outcomes, but that there are still challenges and limitations that need to be addressed. By building on the successes of the project and addressing its challenges, the WFP can continue to make a positive impact in the lives of vulnerable populations in Senegal."
Annual_country_reports_-_Sierra_Leone_-_2023_SL02,"This evaluation aimed to assess the effectiveness of World Food Programme (WFP) interventions in Sierra Leone, focusing on five strategic outcomes: (1) crisis-affected populations meeting their basic food and nutrition requirements, (2) primary school children accessing adequate and nutritious food, (3) nutritionally vulnerable populations improving their nutritional status, (4) smallholder farmers and communities having resilient livelihoods, and (5) national and subnational institutions strengthening their capacities to manage food security and nutrition programmes. 

The evaluation methodology involved analyzing data from various sources, including surveys, reports, and financial records. The key findings indicate that the WFP interventions achieved significant results, including: 

- Empowering 64 members of mother support groups to use good manufacturing practices and safe food production techniques.
- Informing 4,015 women, 10,406 pregnant women, and 2,738 men about feeding and nutrition for maternal, infant, and young children.
- Supporting 8,427 smallholder farmers, with 37% being women, across 8 districts.
- Establishing a fully operational Food Security Monitoring System, conducting 2 national food security assessments, and disseminating 4 quarterly market bulletins.
- Providing food and nutrition assistance to 5,200 individuals, with 4,800 being women, and 10,000 individuals overall.
- Distributing 28,582 metric tons of food, valued at $3,480,000, and providing $1,763,651 in cash transfers.
- Improving the dietary diversity score of households, with 29.7% of households having an acceptable food consumption score, and 76% of households not using livelihood-based coping strategies for food security.

The implications of these findings suggest that the WFP interventions have contributed to improved food security and nutrition outcomes in Sierra Leone, particularly for crisis-affected populations, primary school children, and nutritionally vulnerable populations. However, the evaluation also highlights the need for continued support to smallholder farmers"
Annual_country_reports_-_Sierra_Leone_-_2024_SL02,"This evaluation aimed to assess the effectiveness of the World Food Programme's (WFP) interventions in Sierra Leone, focusing on five strategic outcomes: (1) crisis-affected populations meeting their basic food and nutrition requirements, (2) primary school children accessing adequate and nutritious food, (3) nutritionally vulnerable populations improving their nutritional status, (4) smallholder farmers and communities having resilient livelihoods, and (5) national and subnational institutions strengthening their capacities to manage food security and nutrition programmes.

The evaluation employed a mixed-methods approach, combining quantitative data from programme indicators with qualitative insights from beneficiary feedback mechanisms. Key findings included:

* A total of 52,000 individuals received food assistance, with 24,960 being females and 27,040 being males.
* The quantity of food provided through conditional or unconditional assistance was 29,000 metric tons.
* The total value of cash transferred to people was $1,792,200.
* Primary school children in targeted areas had access to adequate and nutritious food throughout the year, with 167,961 females and 155,040 males receiving school feeding assistance.
* Nutritionally vulnerable populations, including children, pregnant and lactating women, and girls and adolescents, showed improved nutritional status, with 4,244 individuals receiving nutrition assistance.
* Smallholder farmers and communities in targeted areas had resilient livelihoods, with 3,393 individuals receiving food assistance for assets.
* National and subnational institutions strengthened their capacities to manage food security and nutrition programmes, with 98,382 individuals receiving capacity-strengthening support.

The evaluation's implications highlight the importance of continued support for WFP's interventions in Sierra Leone, particularly in addressing the needs of crisis-affected populations, nutritionally vulnerable populations, and smallholder farmers and communities. The findings also underscore the need for sustained investment in capacity-building initiatives for national and subnational institutions to enhance their ability to manage food security and nutrition programmes effectively."
Anticipatory_Cash_Transfers_and_Early_Warning_Info,"This evaluation aimed to assess the effectiveness of anticipatory actions in mitigating the impacts of drought on vulnerable communities in Ethiopia. The methodology involved the implementation of anticipatory cash transfers and early warning information in two woredas, Dollo Ado and Bokolomayo, identified as the most vulnerable to droughts. The key findings indicate that the combination of cash and early warning information was more impactful than cash only, with 91% of households receiving both anticipatory cash and early warning information maintaining an acceptable level of food consumption. The results also show that the utility of anticipatory cash increased with the provision of early warning information, enabling households to take proactive measures such as growing more fodder, selling livestock, and moving to better grazing areas. The evaluation concludes that anticipatory cash transfers and early warning information contributed to the protection of communities' food security and livelihoods, preventing the worst impacts of forecasted poor rains during the 2021 rainy season. The implications of this evaluation are that anticipatory actions can be an effective tool in mitigating the impacts of drought, and that the combination of cash and early warning information is a successful strategy for protecting vulnerable communities."
April_2022_Ukraine_Conflict_Addressing_Acute_Needs,"This evaluation aimed to assess the effectiveness of the World Food Programme's (WFP) response to the humanitarian crisis in Ukraine, with a focus on addressing acute food insecurity, protecting displaced populations, and maintaining food systems. The evaluation methodology involved a comprehensive review of WFP's operations, including its scaling-up of assistance to meet the needs of 6 million displaced and conflict-affected people, as well as its strategic interventions to support supply chains and preserve market functionality. Key findings included the need to deploy solutions that build on existing social protection systems, institutional capacities, and market infrastructure in a highly digitized middle-income country. The evaluation also highlighted the importance of targeting the most vulnerable populations, including women, children, older, and disabled people, in line with humanitarian principles. The WFP's response strategy was found to be effective in addressing urgent food security and nutrition needs in Ukraine, with a focus on three pillars: providing life-saving food assistance, supporting the national social protection system, and maintaining food systems. The evaluation recommended that WFP continue to invest in its Humanitarian Military Interaction presence, work with partners to obtain access and deliver food assistance through humanitarian convoys, and prioritize internally displaced people, vulnerable host communities, and people living in conflict-affected urban areas for assistance."
Armenia_Evaluation_of_School_Feeding_Modalities_Ap,"This evaluation aimed to assess the relevance, coherence, and sustainability of the World Food Programme's (WFP) School Feeding Programme (SFP) in Armenia, implemented under the Country Strategic Plan (CSP) 2019-2025. The evaluation employed a comprehensive methodology, including document review and interviews, to examine the programme's alignment with WFP's global approach on school feeding, its contribution to addressing issues of overweight, obese, and malnourished primary schoolchildren, and its transition to government ownership. Key findings indicate that the SFP has been fully integrated into the CSP and is aligned with WFP's global approach on school feeding. The programme has contributed to addressing issues of overweight, obese, and malnourished primary schoolchildren and has been transferred to the Government of Armenia (GoA) through the provision of school meals, infrastructure rehabilitation, capacity strengthening, and piloting of innovative models for school production capacities. The evaluation also found that government stakeholders are prioritizing school feeding as an essential part of the education system, and the collaboration between WFP, the GoA, and external donors has facilitated a smooth transition of the SFP to government ownership, even during the disruptions of the COVID-19 pandemic. The evaluation's findings are expected to inform WFP's internal stakeholders, including the WFP Armenia country office, the WFP regional bureau in Cairo, and the WFP HQ, as well as contribute to the development of the National School Feeding strategy in Armenia."
Assessment_of_Rice_Fortification_Scheme_in_Malkang,"This evaluation aimed to assess the effectiveness of the rice fortification project in reducing anaemia prevalence in Malkangiri district, Odisha, and to identify areas for improvement. The study employed a cross-sectional household survey, interviews with community stakeholders, and analysis of NFHS-5 data to capture individual-level information on access, acceptability, and consumption of fortified rice. The evaluation objective was to understand the benefits received and challenges faced in distributing iron-fortified rice through the public distribution system. The study found that the fortified rice project requires more comprehensive interventions to improve its effectiveness in reducing anaemia prevalence. Key findings included low awareness about the benefits of fortified rice, poor dietary diversity, and inadequate consumption of iron-rich foods. The study recommended enhancing awareness campaigns, increasing state engagement and oversight, and implementing continuous education and communication to address these gaps and improve the effectiveness of the fortified rice project. The evaluation's implications suggest that a more comprehensive approach is needed to combat iron deficiency anaemia in the district, including improving access to complementary strategies such as iron and folic acid supplements and enhancing dietary diversity."
Assistance_to_Refugees_and_Crisis_Affected_Populat,"This evaluation aimed to assess the effectiveness of the United Nations World Food Programme (WFP) in supporting refugees and crisis-affected populations in Egypt. The evaluation methodology involved monitoring and analysis of WFP's activities, including General Food Assistance, Nutrition Support for Pregnant and Breastfeeding Women, Self-Reliance Activities, and the Sudan Emergency Response. Key findings indicate that WFP's assistance has positively impacted the food security of Sudanese households, with a 13 percent increase in adequate food consumption levels to 86.6 percent as of April 2024. However, female-headed households were found to be less privileged compared to male-headed households. The evaluation also highlighted the challenges faced by WFP, including funding shortages and the need to improve targeting approaches. Implications of the findings suggest that WFP should continue to adapt its programmes to address the evolving needs of refugees and crisis-affected populations, while also diversifying its funding portfolio to ensure sustained assistance."
Audited_Annual_Accounts,"This evaluation assesses the World Food Programme's (WFP) financial management practices, focusing on the implementation of the Global Assurance Project, cash-based transfers, and the reliability of funding forecasts. The evaluation objective is to evaluate the effectiveness of WFP's financial management practices and identify areas for improvement. The methodology involved reviewing financial statements, reports, and guidance documents, as well as conducting interviews with WFP staff and stakeholders. Key findings include the need for improved documentation of transfer values, enhanced reporting and disclosures, and the implementation of a comprehensive cost-benefit analysis for the Global Assurance Project. Additionally, the evaluation highlights the importance of updating and consolidating budget-related manuals and guidance documents, improving the accuracy and completeness of accrual submission forms, and developing a costed plan and time schedule for WFP's participation in the UN Fleet operation. The implications of these findings are that WFP needs to strengthen its financial management practices to ensure transparency, accountability, and effective use of resources."
Barrier_analysis_for_the_social_economic_integrati,"This evaluation aimed to explore the potential barriers hindering the socio-economic integration of the refugee population in hosting communities in Armenia, as well as identify existing opportunities for organizing and establishing sustainable livelihoods. The assessment was conducted in five regions, including Kotayk, Ararat, Gegharkunik, Lori, and Syunik, through semi-structured interviews with local government representatives and designated specialists for refugee affairs, as well as focus group discussions with local populations. Key findings indicate that refugees possess valuable skills and labour that can contribute to the economy through entrepreneurship, innovation, and employment, potentially leading to economic growth and prosperity for both refugees and host communities. However, several barriers were identified, including lack of knowledge and skills on doing business, limited access to agricultural equipment and irrigation, and inaccessibility of financial services. Additionally, refugees face challenges in accessing job opportunities due to lower wages in Armenia compared to their place of origin, lack of public transport, and uncertainty and previous experiences of displacement. The study also highlights the importance of addressing the needs of local vulnerable populations, who may be perceived as being overlooked in favour of refugees. Implications of these findings suggest the need for targeted support and capacity-building initiatives to enhance the socio-economic integration of refugees, as well as the development of sustainable livelihood opportunities that cater to the needs of both refugees and host communities."
Biography_Assistant_Executive_Director_for_Workpla,"This evaluation aimed to assess the effectiveness of leadership in promoting a safe, inclusive, and healthy work environment within the World Food Programme (WFP) and its partnerships. The evaluation methodology involved a review of Stephen Omollo's professional background and experience, with a focus on his leadership roles within the WFP and the International Federation of Red Cross and Red Crescent Societies (IFRC). Key findings indicate that Stephen Omollo has demonstrated a strong commitment to ensuring the duty of care for personnel, as evidenced by his leadership roles in fostering a safe and inclusive work environment. The implications of these findings suggest that effective leadership in promoting a healthy work environment is critical for organizational success and can have a positive impact on personnel well-being and productivity."
Biography_Chief_Financial_Officer_Robert_van_der_Z,"This evaluation aimed to assess the effectiveness of the World Food Programme's (WFP) financial management practices under the leadership of Robert van der Zee, WFP's Chief Financial Officer. The evaluation employed a qualitative methodology, examining existing documentation and conducting key informant interviews with relevant stakeholders. Key findings indicate that Robert van der Zee's tenure as Chief Financial Officer has been characterized by a focus on strengthening WFP's financial management systems, improving transparency and accountability, and enhancing the organization's financial resilience. The implications of these findings suggest that WFP's financial management practices have been enhanced under Robert van der Zee's leadership, contributing to the organization's ability to effectively deliver food assistance to vulnerable populations worldwide."
Brazil_Centre_of_Excellence_and_the_African_Union_,"The evaluation objective of this initiative was to foster countries' discussions and interest in school feeding, particularly its linkages to rural development, and to conceptualise and develop policy-relevant knowledge for advancing the African Union's (AU) strategic objectives in education, nutrition, health, agriculture, and local development. The methodology involved the establishment of the Pan-African School Feeding Network (REPANS) in 2016, the development of an online knowledge platform, and the launch of a continental study on school feeding's impacts in AU countries. Key findings include the development of a research report on the impacts of school feeding on inclusive, quality education, as well as a report with 20 case studies on selected AU member states. The School Feeding Cluster, launched in 2017, serves as an AU forum for stakeholders to access technical information on the design and implementation of school feeding programmes. The implications of this initiative are that it has facilitated progress across various sectors, including education, nutrition, health, agriculture, and local development, and has promoted further reflection on the diversity of and innovations within school feeding programmes across the continent."
Brazil_CoE_Good_Practices_no_2_Financing_School_Fe,"This evaluation aimed to assess the effectiveness of national school feeding programmes in promoting human capital development and local economies. The study employed a qualitative methodology, examining case studies from various countries, including Cambodia, Nigeria, Tunisia, Mozambique, and others. Key findings indicate that school feeding programmes have been successful in improving health and nutrition outcomes, particularly in countries where the programmes have been fully funded and implemented at the national level. The adoption of school feeding laws, policy frameworks, and high-level mobilization have been critical in ensuring the sustainability and expansion of these programmes. Furthermore, the programmes have been leveraged to address broader national challenges, such as poverty, hunger, and child obesity. The study highlights the importance of government ownership, technical assistance, and international partnerships in promoting the development and implementation of national school feeding programmes. The findings suggest that school feeding programmes can be a high-return investment for fostering human capital development and local economies, and that they offer a range of entry-points for mobilizing financial support."
Building_and_maintaining_social_protection_systems,"This evaluation aimed to assess the effectiveness of the twin-track approach in delivering social protection in fragile contexts, as implemented under the UNICEF-WFP 'Social Protection in the Sahel Joint Project' in Burkina Faso, Chad, Mali, Mauritania, and Niger. The twin-track approach involves working with governments to leverage existing social protection systems while also providing a parallel track to ensure continuity of support in situations where national systems are disrupted. The evaluation found that this approach can be an effective way to maintain social protection coverage in fluid operational contexts, as demonstrated by the experience in Niger following the 2023 coup d'etat. Key drivers of success include political will, national leadership, and the use of pre-established tools to guide decisions on delivery. The evaluation also highlights the importance of reinforcing national system capacities through continuous assessments and adjustments, with the ultimate goal of progressively increasing Track 1 delivery at scale. The findings of this evaluation have implications for humanitarian response in fragile contexts, emphasizing the need to prioritize working with governments to improve existing social protection systems and avoid uncoordinated, fragmented interventions."
CERFAM_Strategic_Partnership_Framework_2020_2022,"This evaluation aims to assess the effectiveness of CERFAM's mandate to document and disseminate high-impact, evidence-based good practices, solutions, and innovations in the African context. To achieve this objective, the evaluation employed a methodology that capitalized on CERFAM's field presence and proximity to governments, institutions, and partners across Africa. Key findings indicate that CERFAM has successfully engaged with the African Union and other regional and inter-regional organizations to support the development of regional initiatives on food security and nutrition. The evaluation also highlights CERFAM's strategic partnerships, policy dialogue, research, technical assistance, and advocacy efforts to accelerate progress towards the Sustainable Development Goals (SDGs) and the Africa Agenda 2063. The implications of these findings suggest that CERFAM's interventions have the potential to support national and regional food security and nutrition priorities, promote South-South and triangular cooperation, and facilitate the mobilization and deployment of technical assistance and policy advice. Overall, the evaluation demonstrates the effectiveness of CERFAM's approach in achieving its mandate and contributing to the achievement of multiple interlinked SDGs and the Africa Agenda 2063."
Cambodia_KOICA_supported_Home_Grown_School_Feeding,"This evaluation aimed to provide policy guidance to government ministries involved in the National Home-Grown School Feeding Programme (NHGSFP) to inform future programme improvements. The evaluation employed a mixed-methods approach, combining interviews with local stakeholders, document reviews, and analysis of programme data. Key findings indicate that the NHGSFP has delivered notable impacts, including improved school attendance and enrolment, stabilised incomes for suppliers and farmers, and fostered gender equity. The programme's coherence is attributed to the long-standing partnership between WFP and the Ministry of Education, Youth and Sports (MoEYS) in school feeding, along with WFP's expertise in establishing clear guidelines and regulations. The evaluation also highlights the importance of awareness-raising activities for farmer and supplier participation in the programme. Recommendations include supporting the national government in exploring different school feeding models that give a more prominent role to cooks, and continuing to build on the programme's success by ensuring a smooth transition to government ownership. The evaluation's findings and recommendations aim to inform policy decisions and improve the efficiency and effectiveness of the NHGSFP."
Caribbean_Food_Security_and_Livelihoods_Survey_Reg,"This evaluation aimed to assess the regional understanding of food insecurity trends and drivers in the English and Dutch-speaking Caribbean. The study employed a survey methodology, collecting data from over 40,000 respondents across the region since 2020. The findings indicate that the improvements in food security since the height of the food price crisis in 2022 have stagnated, with all key metrics on food security, coping, and access to markets remaining worse compared to before the pandemic. The results show that households are compromising their diets, depleting their savings, and reducing expenditure on health or education to afford groceries. Key drivers of livelihood disruptions include the high cost of livelihood inputs, increased demand for goods and services, and reduced demand for goods and services. The study also found that households with below-average income are more likely to experience food insecurity, with 53% and 78% of households in this group classified as food insecure. The severity of these impacts was closely tied to household income levels, with 74% of respondents expressing negative sentiments related to food prices increases, health care, housing, transportation costs, and challenges paying bills and adequately providing for their basic needs. The findings suggest that the report's results are consistent with previous rounds of the survey, indicating a continuing challenge faced by households in the region regarding the cost of food and essential items."
Cash_assistance_and_social_benefits_in_Ukraine_Jul,"This evaluation aimed to assess the effectiveness of the World Food Programme's (WFP) cash transfer program in Ukraine, implemented since April 2022, to support vulnerable populations affected by the war. The methodology involved the distribution of a monthly cash transfer of UAH 1,200 (US$28) to targeted families in areas where markets are recovering, with an average payment of UAH 685 (US$16) from WFP. The program's key findings indicate that WFP's cash assistance has been successfully delivered to over 55 million US dollars worth of targeted beneficiaries, with nearly 55 million US dollars specifically sent to women's accounts. The evaluation highlights WFP's robust systems for verifying beneficiary eligibility and ensuring secure, accountable, and data-protected transactions. The implications of this evaluation suggest that, when the situation stabilizes in Ukraine and the national social protection system is strengthened, recipients of WFP's complementary cash assistance will be fully integrated into the national system, thereby ensuring the long-term sustainability of their support."
Clean_and_Modern_Energy_for_Cooking_A_Path_to_Food,"This evaluation aimed to assess the opportunities and challenges for the World Food Programme (WFP) to promote clean and modern energy for cooking in humanitarian and fragile settings, with a focus on achieving food security and addressing energy poverty. The evaluation employed a mixed-methods approach, combining desk reviews, literature analysis, and stakeholder engagement to identify key findings and implications. The results highlighted the importance of access to safe, sustainable, and accessible cooking fuels and technologies for households, institutions, and businesses, as well as the need to address the environmental, health, and socio-economic impacts of inefficient cooking practices. The evaluation also emphasized the significance of commercial cooking activities in achieving food security and the need to include them in clean cooking interventions. Key findings included the increasing viability of modern cooking solutions, such as gas and electric cooking, and the emergence of electric cooking as a viable option, particularly in areas with reliable electricity infrastructure. The evaluation also identified the need to address the challenges of institutional cooking, including the lack of flexibility and higher risk aversion to technical breakdown issues. The results suggested that WFP is well-placed to promote clean and modern energy for cooking, and that raising awareness, ensuring proximity and connection with fuel and appliance distributors, and access to after-sales services or financing schemes are necessary to ensure continued uptake of available solutions. The evaluation concluded that there is an increasing need to widen the scope and scale of efforts to achieve food security through energy transitions, by harmonizing interventions across geographies, diffusing best practices, promoting modern technologies, and focusing on sustainable impacts for the medium to long term."
Clean_cooking_solutions_in_Malawi,"This evaluation aimed to assess the viability, acceptability, scalability, and cost-benefits of renewable energy-powered cooking solutions in public primary schools in Malawi. To achieve this objective, a proof-of-concept project was implemented in Chikwawa and Kasungu, where biogas and solar-powered cooking systems were introduced in ten and three schools, respectively. The project, implemented in collaboration with private service providers, aimed to demonstrate the effectiveness of these technologies in reducing the environmental footprint of cooking school meals and increasing energy access for the wider community. Key findings included the high dependence of schools on biomass fuels, with one kilogram of firewood consumed per student amounting to a total of 400 tons of firewood per year. The assessment also highlighted the potential of biofertilizer to increase land productivity in school gardens, orchards, and woodlots. Furthermore, the study investigated the socio-economic sustainability of biogas-centered models, including the biofertilizer market competitiveness and the viability of the cow dung supply chain. The evaluation also assessed the emission reduction potential of shifting from traditional biomass cooking to biogas in schools and conducted a feasibility analysis for the setup of a carbon scheme to generate revenues for the sustainability and scaling of clean cooking in SMP projects. The findings of this evaluation will provide guidance, recommendations, and a roadmap for the Government and other stakeholders to derive economic benefits from the transition of schools to clean cooking."
Climate_Risk_Insurance_A_key_tool_to_achieve_resil,"This evaluation aimed to assess the effectiveness of the World Food Programme's (WFP) climate risk insurance solutions in Nicaragua, a lower-middle income and food-deficit country prone to natural hazards and climate change impacts. To achieve this objective, the WFP implemented a risk-layering approach, combining microinsurance for smallholder farmers with a sovereign insurance product for macro-level financial protection. The evaluation found that the microinsurance solution was effective in enabling farmers to better manage climate-related risks, overcome vulnerability, and achieve resilient livelihoods. Key findings included the successful implementation of the pilot project, which insured 439 farmers in 2021, providing protective coverage for nearly 2,200 people, and triggered over US$ 19,000 in insurance payouts following climate-related events. The evaluation also highlighted the importance of promoting women's economic empowerment and the potential for the sovereign insurance product to support the government and WFP in assisting vulnerable people and communities with pre-arranged funding in case of extreme climate shocks. The implications of this evaluation are that the WFP's climate risk insurance solutions have the potential to contribute to achieving zero hunger and saving lives in Nicaragua, and that scaling up these solutions is essential for sustainable expansion and impact."
Corporate_Emergency_Evaluation_of_WFP_s_Response_i,"This evaluation aimed to assess the effectiveness of the World Food Programme's (WFP) assistance in Yemen from 2019 to 2024, focusing on the coverage and targeting of assistance, as well as the organization's strategy in responding to humanitarian needs. The evaluation employed a mixed-methods approach, combining document reviews and key informant interviews with WFP stakeholders. Key findings indicate that WFP's assistance coverage was extensive, with the organization striving to support a significant proportion of those affected by food and nutrition insecurity in Yemen. However, the evaluation also highlighted significant gaps in institutional development, financial support mechanisms, and long-term planning among WFP's cooperating partners, which limited the effectiveness and sustainability of actions taken by local responders. Furthermore, the evaluation found that funding constraints significantly hindered progress in scaling up support for sustainable livelihoods, with only 11 percent of the annual funding requirement secured in 2024. The evaluation's findings have implications for WFP's future programming in Yemen, emphasizing the need for improved targeting strategies, enhanced accountability, and increased donor support to address the deepening humanitarian needs in the country."
Corporate_Results_Framework_2022_2025,"The evaluation objective of this humanitarian program is to assess the effectiveness of the World Food Programme (WFP) in achieving its strategic outcomes and contributing to the Sustainable Development Goals (SDGs). The evaluation methodology involves analyzing the program's results chain, which links WFP activity categories to specific indicators and targets. The key findings of the evaluation include:

The WFP has made significant progress in achieving its strategic outcomes, particularly in the areas of food security, nutrition, and resilience. The program has reached a large number of beneficiaries, including smallholder farmers, school-age children, and vulnerable populations. The WFP has also strengthened national systems and programs, particularly in the areas of emergency preparedness and response, social protection, and food systems.

The evaluation highlights several key achievements, including:

* The WFP has increased access to nutritious food and cash-based assistance for food-insecure populations, with a target of 50% of the population receiving assistance.
* The program has improved nutrition outcomes, with a target of 70% of children under 5 years old receiving a minimum acceptable diet.
* The WFP has strengthened national emergency preparedness and response systems, with a target of 80% of countries having a transition strategy for school health and nutrition and school feeding.
* The program has increased access to climate-resilient livelihoods, with a target of 75% of smallholder farmers receiving support to improve their resilience.

The evaluation also highlights several challenges and areas for improvement, including:

* The WFP needs to improve its monitoring and evaluation systems to ensure that it is accurately tracking progress towards its targets.
* The program needs to increase its focus on climate change adaptation and resilience, particularly in the areas of agriculture and food systems.
* The WFP needs to improve its capacity strengthening support to national governments and institutions, particularly in the areas of emergency preparedness and response.

The implications of the evaluation are that the WFP should:

* Continue to prioritize its strategic outcomes and targets, particularly in the areas"
Cost_of_the_Diet_Analysis_in_Samoa_August_2025,"This evaluation aimed to inform national policy and programming in Samoa by identifying entry points to enable households to meet their essential nutrient needs, thereby supporting the country's commitment to achieving food and nutrition security. Conducted between October 2024 and June 2025, the analysis leveraged existing data from the Samoa Bureau of Statistics and other sources, supplemented by stakeholders' inputs to ensure comprehensive findings and actionable recommendations. Key findings reveal that while almost all households in Samoa can afford an energy-only diet, over 40 percent of households are not likely to be able to afford a nutritious diet given current food expenditure. The analysis also highlights a stark affordability gap, with 40% of households unable to afford even the minimum nutritious diet, while 3% are unable to meet the cost of a basic energy-only diet. The findings suggest that meeting the nutritional diet of adolescent girls and breastfeeding women is more expensive than for other household members. To address these challenges, the evaluation recommends aligning agriculture, health, education, and trade policies to build a resilient food system that ensures all citizens have sustainable access to affordable, nutritious diets. The analysis also underscores the need to increase the supply of nutritious foods such as fruit, vegetables, and animal source foods through local production and to ensure households have adequate resources to afford foods that meet their nutritional needs."
DRC_WFP_UNHAS_Flash_Appeal_May_2024,"This evaluation aimed to assess the effectiveness of the United Nations Humanitarian Air Service (UNHAS) in delivering safe and efficient air transport services to humanitarian and development organisations in the Democratic Republic of Congo (DRC). The evaluation employed a descriptive methodology, examining UNHAS's operational capacity, cost recovery, and impact on humanitarian operations in the region. Key findings indicate that UNHAS has consistently provided critical air transport services to remote and hard-to-reach areas, enabling the delivery of essential supplies, equipment, and personnel despite immense challenges. However, the service faces a significant funding shortfall, with estimated annual costs exceeding available resources by US$ 21.4 million. The evaluation highlights the critical role of UNHAS in maintaining operational capacity, with a fleet of ten aircraft, and underscores the importance of sustained funding to ensure continued access to areas with the greatest humanitarian needs. The withdrawal of MONUSCO from South Kivu will further exacerbate funding pressures, underscoring the need for increased support to UNHAS to maintain essential air services in the region."
Delivering_shock_responsive_social_protection_in_t,"This evaluation aimed to assess the effectiveness of the twin-track approach in delivering social protection in the Sahel region, particularly in Niger, where governments face significant challenges in responding to dynamic and protracted crises. The evaluation methodology involved analyzing the implementation of the twin-track approach, which combines national systems (Track 1) with partnerships with NGOs and UN agencies (Track 2), to ensure consistency and flexibility in delivery. Key findings indicate that the twin-track approach has enabled the expansion of social protection coverage, particularly in hard-to-reach areas, and has facilitated the continuity of assistance during system disruptions, such as the July 2023 coup d'état in Niger. The approach has also demonstrated its potential to support national systems in scaling up or down, as needed, to address current needs. The implications of this evaluation are that the twin-track approach is a valuable tool for building resilience and reducing poverty in fragile contexts, and can be leveraged by governments and partners to support the expansion of social protection programmes."
Developmental_Evaluation_of_Catalyzing_Good_Food_T,"This developmental evaluation aimed to support learning and adaptation within the ""Catalyzing Good Food through School Feeding Programmes"" project portfolio, funded by the Rockefeller Foundation and implemented by the UN World Food Programme (WFP) between 2021 and 2025. The evaluation employed a strategic learning approach to guide programmatic adjustments in real-time and subsequent iterations of the project. The methodology involved a combination of approaches and innovations addressing food systems from different angles (supply and demand) to generate lessons about the project's abilities and limitations. Key findings included the importance of longer timelines for realizing results in complex ecosystems, emphasizing gender equality, vulnerability, diversity, and inclusion aspects earlier in follow-up work, and pursuing partnerships with diverse organizations to expand impact beyond WFP. The evaluation also highlighted the value of flexibility in adapting commodities to promote nutrition and boost the local economy, as well as the critical role of WFP's relationships with governments in countries where the projects were being implemented. Furthermore, the evaluation noted the need for further market development beyond school meals and the importance of working towards sustainable change in nutritious food systems, which takes time. The implications of these findings are that WFP should consider adapting the developmental evaluation approach in other initiatives to create opportunities for reflection and cross-country learning, and that there is room to expand multi-stakeholder engagement at the global level to share project learning and scale-up approaches to food system transformation beyond project countries."
Diagnostic_report_on_Gender_Social_Cohesion_Socio_,"This evaluation aimed to assess the social cohesion and household resilience of communities in the Democratic Republic of Congo (DRC), with a focus on gender disparities. The study employed a multimodule household survey, administered to 1,611 households with both male and female household heads, to collect data on various indicators, including gender and women's empowerment outcomes, social cohesion outcomes, and socio-economic/household resilience. Key findings indicate that women in the DRC have limited agency over consumption decisions, with both men and women perceiving that men in their community usually make decisions about household consumption. Women also reported lower levels of trust in their community members and were less likely to seek financial support from others. In contrast, women's social networks were more likely to provide food support in times of need, reflecting their gendered roles in the domestic domain. The study's findings have implications for addressing persistent sociocultural disparities in the DRC, including low representation of women in politics and managerial positions, and high levels of gender-based violence."
Disability_Inclusive_Early_Warning_Messages_in_Lao,"This evaluation aimed to assess the effectiveness of Early Warning Systems (EWS) in Lao PDR, with a focus on ensuring the inclusion of Persons with Disabilities (PWDs) in disaster risk reduction (DRR) efforts. The methodology involved a comprehensive review of existing EWS frameworks, stakeholder engagement with PWDs, Organizations of Persons with Disabilities (OPDs), and Civil Society Organizations (CSOs), as well as analysis of national policies and guidelines. Key findings highlight the need for a paradigm shift in EWS design, moving from a fragmented approach to a holistic, human-centered system that incorporates the unique needs and capacities of all individuals, particularly PWDs. The evaluation emphasizes the importance of disaggregated data and participatory risk analysis to inform accurate risk assessments and mapping, as well as inclusive planning and accessible infrastructure in preparedness and response capabilities. The implications of this evaluation are that national development and climate change adaptation plans must prioritize disability-inclusive DRR, allocate dedicated budgets, and formulate clear guidelines for inclusive EWS design, dissemination, and response. Immediate actions recommended include piloting inclusive early warning messages, leveraging digital transformation for accessibility, and balancing top-down warning systems with decentralized, low-technology support at the local level."
Disaster_risk_financing_Annual_Report,"This evaluation aimed to assess the effectiveness of the World Food Programme's (WFP) disaster risk financing initiatives in supporting vulnerable communities and governments in managing disaster impacts. The evaluation methodology involved analyzing WFP's 15-year experience in providing governments and communities with access to disaster risk financing solutions, as well as its efforts to generate evidence on optimizing disaster risk financing in a financially constrained humanitarian sector. Key findings indicate that WFP's disaster risk financing programmes have contributed to reaching the goals of the international community in scaling up protection of the most vulnerable against increasing weather-related shocks. By 2025, WFP aims to support 25 countries to access disaster risk financing solutions, ensuring that when disasters strike, rapid finance is available to support affected communities. The evaluation highlights WFP's strategic integration of insurance, contingency funding, and adaptive social protection programmes to expand financial protection for vulnerable communities and ensure humanitarian assistance reaches those in need. The implications of this evaluation are that WFP's disaster risk financing initiatives have the potential to close the crisis protection gap, ensuring that vulnerable families receive vital support when disaster strikes, and fostering a culture of preparedness and entrepreneurship."
Does_Climate_Insurance_Work_Evidence_from_WFP_Supp,"This evaluation aimed to assess the effectiveness of climate risk insurance in reducing vulnerabilities and promoting sustainable food and nutrition security among smallholder farmers. The World Food Programme (WFP) employed a methodology that integrated microinsurance solutions into broader strategies to manage climate risks in food insecure areas. Key findings indicate that index-based insurance, which compensates farmers based on changes in a pre-agreed statistical index associated with crop performance, has been effective in providing a protective safety net to cope with climatic shocks. Insurance payouts were primarily spent on food consumption and livelihood protection, with some households investing in their cropping systems. When combined with other risk management approaches, such as access to natural capital, information, and finance, the synergies created led to increased resilience capacity of participants. The evaluation highlights significant improvements in food consumption, reduced reliance on negative coping strategies, increased savings, and improved access to credit among participants. These findings suggest that climate risk insurance, when integrated with other components, can contribute to long-term resilience building and sustainable food and nutrition security among smallholder farmers."
Economic_Impact_of_Using_Fortified_Rice_in_Cambodi,"This evaluation aimed to assess the cost-effectiveness of providing fortified rice in Cambodian schools to improve nutritional outcomes among schoolchildren. The study employed a cost-benefit analysis (CBA) methodology, utilizing data from the Fortified Rice for School Children in Cambodia (FORISCA) study, to estimate the economic benefits and return on investment of serving fortified rice in Cambodian schools. Key findings indicate that providing fortified rice in school meals is highly cost-effective in reducing zinc, folic acid, and vitamin A deficiencies, and moderately cost-effective in reducing iron-deficiency anaemia. The analysis suggests that serving fortified rice in school meals can avert approximately 0.40 years of Disability-Adjusted Life Years (DALYs) per student, equivalent to gaining USD 700 in total discounted benefits per student. The annual economic benefit of serving fortified rice in the hybrid Home-Grown School Feeding (HGSF) programme is estimated to be approximately USD 4 million. The study's findings support the introduction of fortified rice in Cambodian schools as a cost-effective strategy to improve nutritional outcomes among schoolchildren and reduce the burden of diseases caused by micronutrient deficiencies."
Egypt_Smallholders_climate_portfolio_2021_2025_Eva,"This evaluation aims to assess the implementation of the World Food Programme's (WFP) resilience portfolio in Egypt, with the objective of informing the country office's strategic and operational direction, ensuring transparency and accountability, and contributing to organizational learning. The evaluation will employ a mixed-methods approach, utilizing a range of data sources, including project reports, annual country reports, and stakeholder feedback. Key findings will be used to identify areas of improvement, inform adjustments to programme design, and provide evidence for future programme development. The evaluation will also contribute to the wider organizational learning by other country offices where WFP is supporting. The evaluation team will ensure the quality of data, cultural sensitivity, and respect for stakeholders' autonomy, and will involve a diverse and balanced team to effectively cover the areas of evaluation. The evaluation will be conducted in accordance with WFP and Adaptation Fund's Evaluation Principles and will be presented to relevant stakeholders, including donors, government, and UN agencies, to ensure transparency and accountability."
Emergency_Preparedness_and_Response_in_Madagascar,"This evaluation aimed to assess the effectiveness of the World Food Programme's (WFP) response to climate-related shocks in Madagascar, with a focus on food security and nutrition. The evaluation methodology involved analyzing data on the distribution of unconditional food and cash assistance, as well as the implementation of anticipatory actions, emergency preparedness, and rapid response activities. Key findings indicate that the El Niño phenomenon has exacerbated food insecurity, with 1.2 million people facing high levels of acute food insecurity and 29,000 people experiencing emergency levels of food insecurity. The evaluation also highlights the importance of anticipatory actions, which have been delivered to 20,003 households, providing cash transfers and early warning messages. Furthermore, the WFP's Supply Chain unit has played a crucial role in enabling the delivery of humanitarian assistance across Madagascar. Implications of these findings suggest that the WFP's proactive approach to climate-related shocks is critical in mitigating the impact on food security, lives, and livelihoods, and reducing acute humanitarian impacts."
Empowering_Countries_to_achieve_Zero_Hunger,"This evaluation aimed to assess the effectiveness of the WFP Centre of Excellence Against Hunger (CoE) in supporting countries to achieve zero hunger. The evaluation methodology involved a comprehensive review of the CoE's activities, including capacity development, technical assistance, and policy dialogue, in 30 partner countries. Key findings indicate that the CoE's approach, which emphasizes country ownership, horizontal dialogue, and demand-driven support, has been effective in strengthening national social programmes and promoting exchanges with other countries. The evaluation also highlights the CoE's contributions to increasing the engagement and commitment of stakeholders with national school feeding initiatives, expanding technical and political support, and promoting South-South cooperation. The CoE's technical and remote assistance and capacity strengthening activities have benefited over 4 million school-going children and thousands of smallholder farmers. The evaluation's implications suggest that the CoE's approach can be replicated in other contexts to support countries in achieving the Sustainable Development Goals (SDGs) related to food security and nutrition."
End_of_Project_Report_HS3_Strengthening_public_hea,"This evaluation aimed to assess the effectiveness of the World Food Programme's (WFP) Health Systems Supply Chain Strengthening (HS3) Project in strengthening public health supply chains in partner countries. The evaluation methodology involved a comprehensive review of project documents, as well as field observations and interviews with project stakeholders. Key findings indicate that the HS3 Project has successfully strengthened public health supply chains in four countries, resulting in improved supply chain performance, reduced stockouts and expiries, and enhanced inventory accuracy. The project's innovative approaches, including the development and piloting of a decision-making tool and the implementation of a Control Tower system, have enabled governments and donors to make informed strategic investment decisions. Furthermore, the project's collaboration with national governments and other stakeholders has promoted more resilient and equitable access to health supplies. The implications of this evaluation are that WFP's HS3 Project has demonstrated the potential for partnership-based approaches to strengthen national systems and improve public health supply chains, aligning with Sustainable Development Goal 17."
End_of_Project_Report_HS3_Strengthening_public_hea-checkpoint,"This evaluation aimed to assess the effectiveness of the World Food Programme's (WFP) Health Systems Supply Chain Strengthening (HS3) Project in enhancing the resilience and equity of national health systems in four countries. The project, implemented in partnership with Takeda, employed a robust methodology that included the deployment of 197 solutions, such as tools, processes, and standard operating procedures, in collaboration with 10 government agencies. A total of 1,821 supply chain professionals benefited from the project's activities, which were implemented in two phases. The evaluation found that the project had a significant impact on supply chain performance, with key findings including a 30% reduction in stockouts of malaria products in Côte d'Ivoire, a 25% reduction in projected stockouts and 90% reduction in expiries for the malaria programme in Guinea, and a 30% improvement in inventory accuracy in Malawi. The project also demonstrated the effectiveness of partnership-based approaches in strengthening national systems and promoting more resilient and equitable access to health supplies, aligning with Sustainable Development Goal 17. The evaluation's findings have implications for governments and donors, highlighting the importance of investing in system-level interventions that can have a lasting impact on health systems."
Enhancing_financial_protection_The_five_impact_pat,"This evaluation aimed to assess the effectiveness of WFP's Inclusive Risk Financing (IRF) approach in strengthening the resilience of vulnerable communities. The evaluation employed a comprehensive methodology, leveraging years of experience and evidence from WFP's global programmes, to identify the key strategies and impact pathways of IRF. Key findings indicate that financial services, including insurance, savings accounts, access to credit, remittances, and digital payment systems, can mobilize funds for adaptive practices, risk reduction, preparedness, and rapid financial protection from weather-related shocks. The evaluation highlights the pivotal role of IRF in safeguarding households' food security, livelihoods, and productive activities, promoting greater preparedness for weather-related shocks, and contributing to women's empowerment. The findings also demonstrate that financial services integration is critical for ensuring the sustainability of these solutions and fostering financial resilience. The evaluation identifies six lessons critical to maximize the positive impact of financial services in strengthening resilience, including the importance of feasibility assessments, tailored approaches, and integration with other financial services and macro and meso-level disaster risk financing instruments. The implications of these findings suggest that WFP should continue to promote the development of scalable financial schemes that are integrated into broader risk management approaches, supporting adaptive practices and encouraging the adoption of sustainable agricultural approaches."
Environmental_and_Social_Management_Plan_Annex_to_,"The evaluation objective of the Sudan Emergency Wheat Production Project Phase II is to ensure the implementation of the project in accordance with the terms of the Financing Agreement (FA) and the Environmental and Social Management Plan (ESMP). The methodology involves the World Food Programme (WFP) implementing measures and actions outlined in the ESMP, which includes compliance with the Bank's Environmental and Social Operational Safeguards (OS) and relevant national policy and legal requirements. Key findings indicate that WFP is responsible for implementing the project activities in accordance with the FA and the ESMP, and that the Bank will monitor and assess progress and completion of the measures and actions throughout the project implementation. The implications of this evaluation are that WFP must demonstrate its capacity to carry out environmental and social assessments of subprojects, prepare and implement them in accordance with national laws and OS, and submit reports and documents as required by the ESMP and the conditions of the FA."
Environmental_and_social_impact_assessment_report_,"This evaluation aims to assess the environmental and social impacts of a climate-resilient water infrastructure project in Somalia, targeting smallholder farmers and communities. The project's objectives are to improve food, income, and nutritional security, increase resilience to climate risks, and enhance adaptive capacity of vulnerable communities. 

The evaluation methodology involves extensive stakeholder consultations, site-specific Environmental and Social Impact Assessments (ESIAs), and monitoring of key performance indicators. The project's implementation will be guided by the National Climate Change Policy, 2020, and the AfDB Climate Action Window (CAW) financing will enable the project to strengthen climate adaptation impact and tackle Somalia's pressing climate challenges.

Key findings indicate that the project will not result in involuntary resettlement, as the planned rehabilitation and construction of climate-resilient water infrastructure will primarily be located on community-owned land. However, the project may pose risks to water resources and soils, and the ESIA will be required to ensure that these interventions do not present risks and negative impacts are adequately managed.

The project's implications include the potential to enhance resilience and adaptive capacity of vulnerable subsistence farming and nomadic pastoral communities, reduce climate change risks to rural livelihoods, increase food and water security, and promote women's empowerment through awareness-raising of disaster preparedness and climate risk reduction measures. The project will also contribute to water resource and rangeland management, promotion of climate-smart agricultural practices, and increased disaster risk management capacity at the community level.

Overall, the evaluation concludes that the project has the potential to achieve its objectives and contribute to the sustainable development of Somalia, while minimizing environmental and social impacts."
Essential_Needs_Assessment_for_Productive_Social_S,"This evaluation aimed to assess the effectiveness of poverty reduction efforts in Tanzania, focusing on the impact of economic growth and social programs on household well-being. The study employed a mixed-methods approach, combining quantitative data from national surveys with qualitative insights from focus group discussions (FGDs) with beneficiaries of the Tanzania Social Action Fund (TASAF). Key findings indicate that while economic growth has been steady, with GDP growth increasing from 2.0 percent in 2020 to 4.3 percent in 2021, poverty reduction has been slower, with the national poverty rate declining marginally to 27.0 percent in 2021. FGD participants reported improvements in food consumption, access to essential needs, and investment in petty trade and livestock. However, challenges persist, including difficulties in accessing bank accounts and receiving cash transfers, as well as concerns about reduced purchasing power due to increasing prices. The evaluation highlights the need for more effective and efficient social programs to address the root causes of poverty and ensure sustainable improvements in household well-being."
Ethiopia_Endline_Evaluation_of_Satellite_Index_Ins,"This evaluation aimed to assess the performance and results of the SIIPE programme, a livestock insurance initiative implemented by WFP Ethiopia, against evaluation criteria of relevance, effectiveness, efficiency, impact, and sustainability. To achieve this objective, the evaluation employed a mixed-methods approach, combining quantitative data from household surveys and descriptive statistics with qualitative insights from key informant interviews, focus group discussions, and in-depth interviews. The evaluation focused on three key areas: i) the programme's ability to provide greater protection for pastoralists against drought-induced risks; ii) the extent of behavioural change among programme participants; and iii) the change in wellbeing of households attributed to the programme. Key findings include: the programme's success in increasing livestock insurance coverage, enhancing productive assets, and improving financial services among beneficiary households; the positive impact of the programme on overall insurance awareness and knowledge of specific aspects of SIIPE; and the programme's ability to maintain an advantage over comparison households nearly two years after its conclusion. However, the evaluation also identified shortcomings, including delayed and insufficient payouts, which may have limited the programme's impact. The evaluation suggests that SIIPE or similar programmes need to be integrated with other livelihood-improving activities and that more awareness-raising is necessary for beneficiaries, public, and private stakeholders. The findings of this evaluation have implications for the design and implementation of future livestock insurance initiatives and highlight the importance of strong collaboration among stakeholders and full insurance premium coverage in achieving programme effectiveness."
Ethiopia_Final_Evaluation_of_the_Rural_Resilience_,"This evaluation aims to inform WFP internal and external stakeholders on the effectiveness and impact of the R4 final evaluation intervention by assessing its relevance, effectiveness, efficiency, impact, and sustainability. To achieve this objective, the evaluation will employ a mixed-methods approach, combining both quantitative and qualitative data collection and analysis methods. The evaluation team will have access to various data sources, including quantitative data, monitoring data, intervention reports, the Country Office Monitoring and Evaluation Tool (COMET), and beneficiary information and transfer management platform (SCOPE). The evaluation will be conducted by a diverse and balanced team, with good knowledge of gender, equity, wider inclusion issues, and power dynamics. The evaluation findings will be used to inform program design, implementation, and partnerships, as well as to provide strategic guidance, program support, and oversight to the regional bureau and country office. The evaluation will also contribute to the credibility, utility, and use of the evaluation results by engaging with relevant stakeholders through the evaluation reference group and ensuring transparency, ownership, and accuracy throughout the evaluation process. The evaluation is expected to provide clear methodology, analytical framework, findings, conclusions, and recommendations for the design and implementation of similar future interventions."
Ethiopia_Food_for_Education_and_Child_Nutrition_20,"This evaluation aimed to assess the effectiveness of the school feeding program in Ethiopia, focusing on its coverage, quality, and capacity strengthening dimensions. The evaluation employed a mixed-methods approach, combining quantitative and qualitative data from surveys, interviews, and observations. Key findings indicate that the program has shown some improvement in coverage and quality, but considerable shortcomings persist, particularly in school-level management of meals and planning of the Home-Grown School Feeding (HGSF) program. The evaluation also highlighted the importance of interdependent educational and health/hygiene objectives, which require complementary inputs alongside school feeding. The findings have implications for the development of the national school feeding program and the scaling-up of the Home-Grown School Feeding program. The evaluation's methodology included surveys, interviews, and observations, and its results will inform an evidence-based policy dialogue and engagement with the Government of Ethiopia on the development of the national school feeding program."
Evaluation_Synthesis_of_WFP_s_Performance_Measurem,"This evaluation aimed to assess the effectiveness of the World Food Programme's (WFP) performance measurement and monitoring systems. The evaluation synthesis aggregated and analyzed evidence from 53 centralized and decentralized evaluations conducted between 2018 and 2021. The evaluation objective was to examine the extent to which WFP's monitoring systems generated credible information, aligned with national monitoring systems, and informed corporate performance reporting. The methodology involved a combination of quantitative and qualitative analysis of evaluation reports, evaluability assessments, interviews with stakeholders, and WFP supporting documents. Key findings included: (1) concerns with aspects of the monitoring framework that influenced the credibility of the data generated; (2) insufficient indicators to track WFP's contributions, particularly in capacity strengthening and resilience; (3) poor target setting, weak assumptions, and/or missing indicator definitions; and (4) challenges in measuring change over time due to changes in monitoring frameworks. The evaluation also highlighted the need for WFP to strengthen mandatory outcome indicator reporting and to review monitoring and reporting practices to ensure ownership and sustainability. The findings have implications for WFP's performance measurement and monitoring systems, highlighting the need for improved alignment with national monitoring systems, enhanced indicator development, and more effective use of monitoring information to inform decision-making."
Evaluation_of_Burkina_Faso_WFP_Country_Strategic_P,"This evaluation aimed to assess the trends and projections of a specific timeframe from January 2021 to July 2022. The evaluation methodology involved analyzing data from January 2021 and projecting trends for the subsequent periods of February-April 2021, May-July 2021, January 2022, and February-April 2022, as well as May-July 2022. Key findings revealed a consistent pattern of trends across the evaluated periods. The implications of these findings suggest a need for ongoing monitoring and analysis to inform decision-making and strategic planning."
Evaluation_of_China_WFP_Country_Strategic_Plan_202,"This evaluation aimed to assess the effectiveness of the World Food Programme's (WFP) Country Strategic Plan (CSP) for China, implemented from 2022 to 2025. The evaluation objective was to evaluate the relevance, alignment, and effectiveness of the CSP in addressing food insecurity and poverty in China, as well as its contribution to strengthening the WFP-China partnership.

The evaluation methodology involved a review of CSP documents, data analysis, and stakeholder consultations. The key findings of the evaluation are as follows: The CSP has provided a strategic framework for collaboration between WFP and China, focusing on both domestic initiatives and contributions to reduce hunger around the world. The CSP has appropriately focused on strategically addressing the root causes of food insecurity in China, and has generated lessons for global efforts to reduce hunger. However, the evaluation also identified some challenges, including the lack of a clear understanding of the information needs and gaps of national decision makers, and gaps in technical capacity, which are undermining WFP China's ability to generate convincing evidence to support engagement with national actors who have the capacity to scale up programmes.

The evaluation also found that WFP has leveraged strong and mutually beneficial relationships with private sector partners and academia to promote innovative approaches to address poor nutrition and food insecurity, both in China and globally. However, the evaluation also noted that private partnerships were the main funding source for WFP domestic programmes in 2021, but dropped off sharply from 2022 due to economic slowdown and geostrategic shifts.

The implications of the evaluation are that WFP should continue to support China in its development journey, and that there is a strong potential to grow the partnership, enlisting China as an increasingly important ally in the global fight to end hunger. The evaluation also recommends that WFP should strengthen its partnerships with the Government of China and other entities, and that it should continue to leverage its logistics capacity, emergency food assistance, and financing expertise to support the Government of China's efforts to address food insecurity and poverty"
Evaluation_of_Democratic_Republic_of_the_Congo_WFP,"This evaluation aimed to assess the relationship between gender justice and climate resilience in achieving zero hunger, as reflected in the 2024 Global Hunger Index. Utilizing a mixed-methods approach, combining quantitative data analysis of the Global Hunger Index with qualitative insights from case studies and expert interviews, the evaluation sought to identify key factors influencing the intersection of gender justice and climate resilience in hunger reduction efforts. Key findings indicate that countries prioritizing gender justice in their climate resilience strategies tend to exhibit improved outcomes in hunger reduction, with a significant correlation observed between gender equality and reduced hunger prevalence. The evaluation further highlights the importance of addressing the disproportionate impacts of climate change on women and girls, who are often disproportionately affected by hunger and malnutrition. The findings suggest that advancing gender justice can be a critical component in achieving climate resilience and zero hunger, underscoring the need for policymakers and practitioners to prioritize gender-sensitive approaches in their hunger reduction initiatives."
Evaluation_of_Egypt_WFP_Country_Strategic_Plan_201,"This evaluation aimed to assess the effectiveness and efficiency of the World Food Programme's (WFP) Country Strategic Plan (CSP) in Egypt, specifically the Transition Initiative for Country Strategic Plans (T-ICSP), in achieving its objectives and contributing to the country's development goals. The evaluation employed a mixed-methods approach, combining document review and interviews with WFP staff, government officials, and beneficiaries. Key findings indicate that the T-ICSP and CSP are well-aligned with existing national policy and strategy frameworks, reflecting WFP's effort to ensure its support is aligned with Egyptian priorities. However, the CSP was only 56.28 percent funded at the time of the evaluation, with more than 62 percent of available resources earmarked for crisis response, constraining WFP operations. The evaluation also highlights the importance of WFP identifying its unique capacity and comparative advantage in the Egypt context, as well as fostering engagement with the private sector for technical partnerships. Furthermore, the evaluation notes that WFP's activities have been cost-efficient in delivery, and the organization has demonstrated its ability to adapt to changing contexts, such as the COVID-19 pandemic. However, the evaluation also identifies areas for improvement, including the need for better information provision and consultation with beneficiaries, as well as the sustainability of knowledge and skills gained by government agencies and beneficiaries. Overall, the evaluation suggests that WFP's CSP in Egypt has been effective in achieving its objectives, but there are opportunities for improvement in terms of funding, engagement with the private sector, and beneficiary participation."
Evaluation_of_Eswatini_WFP_Country_Strategic_Plan_,"This evaluation aimed to assess the effectiveness of the World Food Programme's (WFP) Country Strategic Plan (CSP) in Eswatini, focusing on its contribution to food security and nutrition, capacity strengthening, and cross-cutting aims. The evaluation employed a contribution analysis framework to identify the extent to which WFP's actions contributed to observed outcomes. The key findings include:

The unconditional food assistance provided by WFP credibly improved the food security of crisis-affected populations at scale, although this was compromised by resource limitations later in the CSP period. The evaluation also found that WFP's capacity strengthening activities contributed to enhanced government capacities, including interministerial coordination and enhanced government financing. However, the evaluation noted that better evidence of the effectiveness of WFP interventions would have been helpful in supporting resource mobilization.

The evaluation's implications suggest that WFP should prioritize the collection and analysis of data to demonstrate the effectiveness of its interventions, particularly in supporting resource mobilization. Additionally, the evaluation recommends that WFP should continue to strengthen its capacity strengthening activities to enhance government capacities and improve the resilience of crisis-affected populations."
Evaluation_of_Indonesia_WFP_Country_Strategic_Plan,"This evaluation aimed to assess the Country Strategic Plan (CSP) of the World Food Programme (WFP) in Indonesia, focusing on its alignment with government priorities, capacity strengthening outcomes, and operational flexibility. The evaluation employed a mixed-methods approach, combining document analysis and interviews with government counterparts and WFP staff. Key findings indicate that the CSP has demonstrated strong alignment with government priorities, particularly in institutionalization and programme design pathways. However, the evaluation also highlights the need for a more integrated approach, with a clear line of sight across programme areas, and the importance of tracking cascading effects of capacity strengthening work. The evaluation further suggests that the CSP structure has allowed for operational flexibility and responsiveness to emerging opportunities, but has also been limited by the absence of a framework for assessing emergent opportunities. The evaluation's implications suggest that the design of the CSP for 2026-2030 should prioritize integration, conceptual links between outcomes, and knowledge management to strengthen relationships with government counterparts."
Evaluation_of_Kenya_WFP_Country_Strategic_Plan_201,"This evaluation aimed to assess the effectiveness of the World Food Programme's (WFP) Country Strategic Plan (CSP) in Kenya, with a focus on its strategic shift from delivering food assistance to enabling national systems and capacity to implement food security and nutrition solutions. The evaluation methodology involved extracting data from the WFP country office tool for managing effectively (COMET) and conducting stakeholder interviews. Key findings include the CSP's strong internal links, particularly in supporting the national school meals programme, and the need for improvements in reporting on the impact of WFP programmes, particularly for new priorities such as food systems and capacity strengthening. The evaluation also highlighted the WFP's effectiveness in strengthening national and local systems, particularly through its capacity strengthening efforts, primarily through Strategic Outcome 3 (SO3). However, challenges remain, including the need to address the deficiency in reporting and documenting the impact of WFP programming, and the need to clarify the division of labour on country capacity strengthening. The implications of these findings are that the WFP should prioritize improving its reporting and documentation of impact, and clarify the division of labour on country capacity strengthening to increase organizational cohesion."
Evaluation_of_Malawi_WFP_Country_Strategic_Plan_20,"This evaluation aimed to assess the relevance, effectiveness, efficiency, impact, and sustainability of the World Food Programme's (WFP) Country Strategic Plan (CSP) 2019-2023 in Malawi. The evaluation was conducted from April 2022 to February 2023 by The Universalia Management Group. The methodology involved a review of documents, interviews with key informants, and analysis of data from the WFP's monitoring and evaluation system. 

Key findings indicate that WFP remained relevant and adaptable during the CSP period, responding to emerging needs and opportunities, such as strengthening health supply chain systems to enhance pandemic preparedness. The concentration of WFP's programming in the Central and Southern regions of Malawi, where levels of chronic food insecurity and risk of external shocks are highest, was appropriate. WFP's targeting approach ensured that the most vulnerable populations were prioritized, although funding shortfalls forced the organization to reduce the depth of its coverage. 

The evaluation also found that WFP's work in food systems lacked indicators to measure outcome-level results, and its approach to capacity strengthening was largely ad hoc and opportunistic. However, WFP contributed to positive results in each strategic outcome, although progress made towards expected outcomes was uneven across and within outcomes. The effects of diminished funding, alongside increasing needs in Malawi, included reduced food and nutrition security among refugees and a constrained response to the 2022 flood. 

The implications of these findings suggest that WFP should develop a strategic approach to capacity strengthening, align its organizational structure with CSP implementation needs, and improve its monitoring and evaluation systems to better track progress towards expected outcomes. Additionally, WFP should prioritize the development of indicators to measure outcome-level results in its work in food systems."
Evaluation_of_Niger_WFP_Country_Strategic_Plan_202,"This evaluation aimed to assess the relationship between gender justice and climate resilience in achieving zero hunger, as reflected in the 2024 Global Hunger Index. Utilizing a mixed-methods approach, combining quantitative data analysis with qualitative case studies, the evaluation sought to identify the key factors that contribute to the advancement of climate resilience and zero hunger through the lens of gender justice. Key findings indicate that countries with higher levels of gender justice tend to exhibit improved climate resilience and reduced hunger rates, as women's empowerment and participation in decision-making processes are critical in addressing the root causes of hunger and climate change. The evaluation also highlights the importance of addressing the intersectional needs of marginalized groups, including women, children, and indigenous communities, in achieving sustainable development goals. The implications of this evaluation suggest that policymakers and practitioners should prioritize gender justice and climate resilience in their efforts to achieve zero hunger, recognizing the critical role that women's empowerment and participation play in advancing sustainable development outcomes."
Evaluation_of_Sierra_Leone_WFP_Country_Strategic_P,"This evaluation aimed to assess the effectiveness of the World Food Programme's (WFP) Country Strategic Plan (CSP) in Sierra Leone, covering the period from January 2020 to June 2024. The CSP was designed to integrate humanitarian and development actions, focusing on enhancing crisis response capacity, supporting government-led school meal programmes, assisting smallholder farmers, and facilitating a transition to a home-grown school feeding (HGSF) model. The evaluation methodology involved an analysis of strategic outcomes, cross-cutting outcomes, outputs, activities, and inputs outlined in the CSP document. Key findings indicate that the CSP was informed by multiple relevant data sources, including the Comprehensive Food Security and Vulnerability Analysis (CFSVA) and the national nutrition surveys. The evaluation team found that WFP's CSP contributed to the Government of Sierra Leone's efforts towards home-grown school feeding (HGSF) and aligned with the United Nations Sustainable Development Cooperation Framework (UNSDCF) in Sierra Leone. However, the evaluation also noted that the CSP faced challenges, including uneven progress towards outcomes and limited funding for nutrition and development activities. The implications of these findings suggest that WFP should continue to leverage its strategic partnerships to provide systemic and holistic solutions in its areas of operation, and prioritize early investments in nutritional programmes focused on pregnant and breastfeeding women (PBW) and children under two years of age."
Evaluation_of_T_rkiye_WFP_Country_Strategic_Plans_,"This evaluation aimed to assess the strategic relevance and coherence of the World Food Programme's (WFP) work in Türkiye, focusing on its humanitarian and emergency responses, as well as its development-oriented interventions. The evaluation employed a mixed-methods approach, combining desk reviews, field observations, and stakeholder interviews to gather evidence on WFP's performance in Türkiye. Key findings indicate that WFP's refugee assistance and emergency responses were effective in addressing immediate needs and stabilizing beneficiaries' living conditions. However, its livelihoods and recovery programmes struggled to achieve sustainable results at scale, largely due to internal operational challenges, limited direct engagement with food-insecure populations, and uneven access to assistance. Furthermore, the evaluation revealed that WFP's transition to development-oriented interventions was hindered by inconsistent strategic and workforce planning, resulting in high per beneficiary costs and limited scalability. The evaluation's implications suggest that WFP should prioritize strategic planning, workforce development, and evidence-based programming to enhance its effectiveness in the development domain and ensure that its interventions are responsive to evolving needs and priorities in Türkiye."
Evaluation_of_Uganda_WFP_Country_Strategic_Plan_20,"This evaluation aimed to assess the effectiveness of the World Food Programme's (WFP) operations in Uganda from 2017 to mid-2024, with a focus on the Country Strategic Plan (CSP) 2018-2025. The evaluation objective was to provide evidence for institutional accountability for CSP results, learning that would inform the development of a new CSP, and to enhance understanding of WFP's contributions to strategic outcomes. The methodology involved a comprehensive review of CSP activities, stakeholder consultations, and analysis of data on food and nutrition security outcomes. Key findings included: (1) WFP's ability to achieve and sustain improved food security and nutrition outcomes was hampered by funding modalities and shortfalls, as well as dramatic increases in the needs of refugees and other vulnerable populations; (2) while WFP made progress in promoting national ownership and self-reliance, there were gaps in the sustainability of some initiatives, including agricultural market support activities and school meal programmes; and (3) WFP's ability to fully adhere to the principle of humanity was limited by circumstances, including a protracted crisis characterized by growing needs and limited resources. The evaluation's implications suggest that WFP should prioritize more effective resource mobilization, strengthen its enabling environment, and enhance its capacity to support national and local ownership of food security and nutrition initiatives."
Evaluation_of_WFP_s_Corporate_Emergency_Response_t,"This evaluation aims to assess the effectiveness, efficiency, and preparedness of the World Food Programme's (WFP) response to the humanitarian crisis in Sudan and the sub-region since 2023. The evaluation will be conducted by a team of experts with diverse backgrounds and expertise, and will involve a comprehensive review of WFP's strategies, plans, monitoring data, and other relevant documents. The evaluation will also include direct field observations, stakeholder consultations, and a review of government policies and strategies. The primary stakeholders of this evaluation are the Sudan Country Office, regional bureaux, country offices, and other WFP divisions, as well as target populations, donors, the UN Country Team, and other international organizations. The evaluation will focus on five key areas: humanitarian access, international and national partnerships, unintended effects of the WFP response, localisation, and institutional arrangements and internal coordination. The evaluation will provide evidence and a basis for accountability to WFP stakeholders on the extent to which WFP provided appropriate, coherent, effective, inclusive, timely, and cost-efficient food and nutrition assistance to those populations most in need in the region. The evaluation report will be presented to the WFP Executive Board in June 2026, together with the Management Response."
Evaluation_of_WFP_s_Emergency_Preparedness_Policy_,"This evaluation aimed to assess the effectiveness of the World Food Programme's (WFP) emergency preparedness efforts, as outlined in its 2017 Emergency Preparedness Policy. The evaluation employed a mixed-methods approach, combining data from interviews, documents, and country-level assessments to examine WFP's capacity strengthening, partnerships, and investments in emergency preparedness. Key findings indicate that WFP has made substantial efforts to strengthen governments' and communities' capacity for emergency preparedness, particularly in areas such as early warning, pre-positioning, and anticipatory action. However, the success of these efforts is often hindered by a lack of conceptual clarity, internal communication, and coordinated approaches to operationalization and resource commitments. Furthermore, WFP's partnerships with other organizations on emergency preparedness are disparate and country-driven, limiting their potential contribution to preparedness. The evaluation suggests that WFP needs to expand its capacity strengthening efforts, enhance its internal prioritization of emergency preparedness, and secure more dedicated flexible funding to scale up its emergency preparedness work. Ultimately, the evaluation highlights the importance of long-term commitments and partnerships in building effective emergency preparedness systems, and recommends that WFP focus on areas where it has demonstrated success, such as shock-responsive social protection and anticipatory action."
Evaluation_of_WFP_s_Enterprise_Risk_Management_Pol,"This evaluation aimed to assess the extent to which the World Food Programme (WFP) has embedded a culture of risk management, as envisioned in the Enterprise Risk Management (ERM) Policy. The evaluation employed a mixed-methods approach, combining data collection activities with analysis of relevant policies and documents. Key findings indicate that WFP has made significant progress in embedding a culture of risk management, with risk mitigation becoming more systematic and embedded across programme functions and business processes. However, challenges persist in managing risk escalation and out-of-appetite risks due to varying risk appetites among external stakeholders and tolerance for residual risk. The evaluation also highlights the need for clearer allocation and sharing of accountabilities for risk management, as well as the development of mechanisms for country office coordination and dialogue with donors and government partners on context-specific risk appetite and residual risk tolerance. The implications of these findings suggest that WFP should prioritize the development of an updated oversight and accountability framework and guidance to better align responsibilities for risk management with emerging ways of doing business in a changing context."
Evaluation_of_WFP_s_Environmental_Policy,"This evaluation aimed to assess the effectiveness of the World Food Programme's (WFP) Environmental Policy and its implementation framework, the Environmental Sustainability Framework (ESF), in enhancing environmental and social sustainability across WFP operations. The evaluation employed a mixed-methods approach, analyzing data from 11 country offices and conducting a review of relevant policies and documents. Key findings indicate that while the ESF's focus on safeguards and Environmental Management System (EMS) has improved risk management, it has detracted from the policy's broader vision and objectives, undermining systematic environmental and social sustainability across WFP. The evaluation also found that only 3 of the 11 country offices analyzed were making substantive progress towards a systematic approach to applying safeguards, and that the limited convening power of the Environmental and Social Safeguards Unit and its position within WFP's organizational structure have sometimes been interpreted as a signal that safeguards are not a programmatic priority. The evaluation recommends a strategic assessment of environmental and social risks in countries where Country Strategic Plans (CSPs) are being developed and a component that looks at wider approaches to environmental and social sustainability. The findings have implications for WFP's operational units, highlighting the need for greater attention to incorporating systematic review procedures into activity identification and programme design, and promoting environmental stewardship within operations."
Evaluation_of_Zimbabwe_WFP_Country_Strategic_Plan_,"This evaluation aimed to assess the effectiveness of the World Food Programme's (WFP) Country Strategic Plan (CSP) for Zimbabwe, implemented from 2017 to 2021. The evaluation objective was to determine the extent to which WFP used its resources efficiently in contributing to CSP outputs and strategic outcomes. The methodology involved a comprehensive review of documents, semi-structured interviews with WFP staff, government officials, and other stakeholders, as well as an analysis of data from various sources.

The key findings of the evaluation include:

* WFP's CSP for Zimbabwe was aligned with national policies and priorities, but lacked a comprehensive strategy for capacity strengthening.
* The CSP did not articulate a clear plan for transitioning responsibility for activities from WFP to the Government.
* The targeting of urban food assistance beneficiaries was highly challenging and remained a process under development.
* The assets created under Food for Assets (FFA) activities contributed positively to longer-term food security.
* The piloting of index insurance under R4 resulted in valuable learning on required refinements.
* WFP's resources were heavily earmarked towards crisis response, limiting the scope for more strategic and long-term investments.
* The CSP encouraged stronger partnership with the Government in the implementation of activities.

The implications of these findings are that WFP needs to:

* Develop a more comprehensive strategy for capacity strengthening that addresses the enabling environment, institutional, and individual capacities.
* Articulate a clear plan for transitioning responsibility for activities from WFP to the Government.
* Improve the targeting of urban food assistance beneficiaries.
* Continue to support the development of assets under FFA activities.
* Build on the learning from the piloting of index insurance under R4.
* Balance crisis response with more strategic and long-term investments.
* Strengthen partnerships with the Government and other stakeholders to achieve more effective and sustainable outcomes."
Evaluation_of_the_EU_MADAD_Project_Strengthening_s,"This evaluation aimed to assess the implementation of the EU-funded MADAD project, which provided multipurpose cash assistance to vulnerable Syrian refugees and Lebanese households through the National Poverty Targeting Programme (NPTP). The evaluation objective was to determine whether the project unfolded as planned, exploring reasons for intended and unintended results. 

The methodology involved a mixed-methods approach, including desk reviews, key informant interviews (KIIs), focus group discussions (FGDs), and document analysis. The evaluation collected data on the project's relevance, appropriateness, effectiveness, efficiency, impact, and coherence. 

Key findings indicated that the cash provision and technical assistance provided through the MADAD project were highly relevant to the needs of vulnerable Syrian refugees and Lebanese households. The project's unconditional cash assistance was responsive to urgent basic needs, but its overall design reflected limitations beyond the World Food Programme's (WFP) control, affecting inclusivity. The technical assistance component achieved its intended objectives, but there were challenges in the delivery of technical assistance outputs within the intended timeframe. 

The evaluation also found that the project had positive impacts on the social and economic well-being of beneficiaries, including improved access to basic needs and increased economic stability. However, there were also negative impacts, such as increased competition for resources and potential negative effects on the broader community. The project was well-coordinated with other programmes targeted at refugees and vulnerable Lebanese, but there were challenges in aligning with the broader humanitarian response framework in Lebanon. 

The implications of this evaluation are that the MADAD project was effective in meeting its objectives, but there were limitations and challenges that need to be addressed in future projects. The evaluation highlights the importance of ensuring that cash assistance programs are designed and implemented in a way that is responsive to the evolving needs of beneficiaries and that technical assistance is provided in a timely and effective manner."
Evaluation_of_the_project_SAIO_Fostering_Community,"This evaluation aims to assess the effectiveness of the World Food Programme's (WFP) Regional Urban Preparedness (RUP) project in fostering community resilience in Southern Africa by strengthening urban preparedness systems. Implemented from 2021 to 2026 in collaboration with the Governments of Lesotho, Madagascar, Mozambique, and Zimbabwe, and funded by the Directorate-General for European Civil Protection and Humanitarian Aid Operations (DG-ECHO), the project aimed to enhance government and local authority capacities for urban preparedness and response. The evaluation will cover regional and national activities in the four target countries, examining how the project's implementation modalities have influenced government and partner systems, supported policy integration, and built institutional and operational capacities for urban preparedness. Key findings will inform the design, planning, and implementation of future urban preparedness and urban food security initiatives, providing stakeholders with evidence-based findings to inform operational and strategic decision-making. The evaluation will also assess the extent to which marginalized groups have been able to meaningfully participate in shaping urban preparedness policies, strategies, and tools, and will highlight common strengths, weaknesses, and context-specific barriers in urban preparedness across the region. The evaluation's results will support the institutionalization of urban preparedness by aligning project learnings with existing government systems, regional coordination structures, and future programming across the Southern Africa region."
Evaluation_synthesis_on_WFP_s_engagement_in_UN_hum,"The objective of this evaluation synthesis is to provide a succinct analysis of completed independent evaluations conducted by the World Food Programme (WFP) between 2018 and mid-2025. The synthesis aims to address two key questions: (1) What are the key successes of WFP engagement in humanitarian coordination? and (2) What are the key challenges and lessons learned from WFP's engagement in humanitarian coordination? To achieve this objective, the synthesis will employ a rigorous methodological approach, combining qualitative content analysis, primary data gathering, and analysis of secondary sources. The synthesis team will consist of OEV staff, who will be responsible for safeguarding ethics and ensuring the quality of data throughout the analytical and reporting phases. The synthesis will consider evaluations from various sources, including corporate emergency evaluations, inter-agency humanitarian evaluations, country strategic plan evaluations, and decentralized evaluations. The findings of the synthesis will be presented at the June 2026 Executive Board session and posted on the public WFP website, with lessons disseminated through the annual evaluation report. The synthesis is expected to inform WFP's future humanitarian coordination efforts and contribute to the global humanitarian community's understanding of effective humanitarian coordination."
FEEDING_RESILIENCE_Unraveling_the_Asia_Pacific_Foo,"This evaluation aimed to assess the impacts of the ongoing Asia-Pacific food crisis on household-level diet and food security outcomes, as well as the challenges faced by urban food vendors. To achieve this objective, a scoping review was conducted to examine the existing evidence on how disruptions in the food environment due to crisis influenced diets and nutrition in six selected countries. A survey of 677 food vendors across 11 cities in the six focus countries was also conducted to better understand the challenges faced by urban food vendors during the crisis period. The evaluation used a model to assess how food security and nutrition outcomes have been affected during the crisis, and constructed individual snapshots for each country to examine the shocks faced, specific vulnerabilities, and unique strategies to enhance food system resilience. Key findings include significant supply chain disruptions, decreased income for urban food vendors, and worsening food price volatility and national food prices in several countries. The evaluation also highlighted the disproportionate impacts of the crisis on vulnerable populations, including women and children, as well as low-income households. The results suggest that interventions aimed at improving nutritional status and the quality and diversity of consumed foods may not be effective due to a lack of focus on nutrition outcomes or limited access or awareness in the target population. The evaluation's findings have significant implications for policymakers and practitioners seeking to enhance food system resilience and improve household-level diet and food security outcomes in the Asia-Pacific region."
FITTEST_Digital_Assistance_Surge_in_Ethiopia_2021,"This evaluation aimed to assess the effectiveness of FITTEST in supporting the Country Office of the World Food Programme (WFP) in Ethiopia. Utilizing a robust technology solution, FITTEST enabled the expansion of digital cash delivery options during a critical period, resulting in the registration of 21,569 beneficiaries and a significant improvement in data quality to 98%. The evaluation highlights FITTEST's ability to integrate with and enhance existing programmes, leveraging its context-driven and results-oriented approach to deliver effective solutions in challenging environments."
FITTEST_Digital_Assistance_Surge_in_Niger_2021,"This evaluation aimed to assess the effectiveness of the WFP's FITTEST Digital Assistance Surge (DAS) in implementing a flexible and context-driven approach to biometric registration and cash disbursements in Diffa, Niger. The evaluation employed a qualitative methodology, examining the collaboration between WFP, UNHCR, Action Pour le Bien-Être (APBE), and FITTEST in implementing the DAS. Key findings indicate that the DAS successfully expanded existing programmes, providing robust technology solutions that were tailored to the context of Diffa and its refugee settlements. The evaluation suggests that the DAS's context-driven approach and result-oriented design facilitated more efficient and effective biometric registration and cash disbursements, ultimately enhancing the humanitarian response in the region."
Feeding_Health_the_last_mile_on_HIV_WFP_s_global_s,"The evaluation objective of the World Food Programme's (WFP) HIV response is to ensure that people living with HIV (PLHIV) and HIV-affected households have access to food security, nutrition, and socio-economic empowerment, thereby reducing their vulnerability to HIV. To achieve this objective, WFP will integrate its HIV portfolio with other programme areas, including emergency preparedness and response, social protection, and resilience building. The methodology involves supporting the inclusion of PLHIV in key programmes and government systems, harnessing WFP's expertise in food security and nutrition, and advocating for the integration of HIV considerations into programming. Key findings include the need to adapt WFP's HIV interventions to local realities, particularly in contexts impacted by humanitarian crises, conflict, and climate change. The implications of this evaluation are that WFP will prioritize focus and use of resources to optimize impact and contribution to addressing the needs of PLHIV and HIV-affected households, and will invest in integrating HIV into corporate processes and enhancing the capacity of its workforce."
Food_Fortification,"This evaluation aimed to assess the effectiveness and feasibility of large-scale food fortification as a strategy to address micronutrient deficiencies. The methodology involved a comprehensive review of existing evidence, including data from national dietary surveys, micronutrient intake studies, and evaluations of fortified food programs. Key findings indicate that large-scale food fortification is a highly successful nutritional intervention strategy, with tremendous benefits compared to costs. Fortified foods, such as cereals and biscuits, can improve micronutrient status and support households in meeting nutrition needs, particularly in low- and middle-income countries. The approach is generally safe and effective, with minimal risk of exceeding tolerable upper intake levels and causing harm to populations. The evaluation also highlights the importance of tailoring fortification programs to the target population, considering dietary habits, micronutrient availability, and co-occurring deficiencies. The findings suggest that food fortification can play a valuable role in achieving nutrition goals, improving health status, and supporting economic prosperity, particularly in countries with high levels of micronutrient deficiencies."
Food_Security_Monitoring_System_Report_WFP_Sierra_,"This evaluation aimed to assess the levels of household food security and vulnerability in Sierra Leone, with a focus on understanding the economic and livelihood impacts of food insecurity. The Food Security and Market Surveillance (FSMS) methodology was employed to collect and analyze data from a representative sample of households, utilizing the Consolidated Approach and Reporting Indicators to Food Security (CARI) framework. Key findings indicate that approximately 80% of Sierra Leone's population is food insecure, with 28% of households classified as severely food insecure and 52% as moderately food insecure. The proportion of households adopting emergency coping strategies increased to 26%, while the poor food consumption score category rose to 24%, a 12-percentage point increase from August 2022. The analysis also revealed that smallholder agriculture in Sierra Leone is an economically unviable livelihood, exacerbating household food insecurity and vulnerability. The evaluation's findings have significant implications for policy and programming, highlighting the need for targeted interventions to address the root causes of food insecurity and support vulnerable households in accessing nutritious food and improving their overall well-being."
Food_Security_and_Vulnerability_Assessment_in_Arme,"This evaluation aimed to assess the food security and vulnerability levels of households in Armenia, with a focus on identifying key factors contributing to food insecurity and exploring the impact of government assistance on food security outcomes. The assessment employed a composite index indicator that combined households' food consumption patterns, coping capacity, and economic capacity to determine the number of food-insecure people. The evaluation found that 20 percent of households in Armenia experience food insecurity, with the highest levels of food insecurity observed in northern regions, particularly in Shirak, Lori, Gegharkunik, and Tavush. Refugee households were more likely to be food insecure, with 42 percent of households without assistance experiencing food insecurity. The assessment also revealed that households with debts, those with three or more children, and those receiving social support programs were more likely to experience food insecurity. The evaluation highlighted the importance of comprehensive strategies that address both immediate food needs and underlying factors contributing to food security, ensuring that households can maintain stable and sufficient access to food over time. The findings suggest that government assistance, such as the State Family Benefit System, can play a crucial role in mitigating food insecurity, particularly among vulnerable households."
Gaza_Food_Security_Assessment_December_2023,"This evaluation aimed to assess the impact of the conflict on food consumption levels among internally displaced persons (IDPs) in southern governorates of Gaza. The study employed a rapid assessment methodology, conducting 311 phone interviews with IDPs in the southern governorates between November and December, with an additional 151 interviews conducted between December 3rd and 12th to capture the post-pause period dynamics. Key findings indicate a significant deterioration in food consumption levels among IDPs, with a 27 percentage-point surge in poor food consumption levels, rising from 39 to 66 percent in just 12 days. The consumption of protein-rich foods approached zero, and nearly half of the IDPs reported resorting to consuming wild or raw inedible food to cope with hunger. The proportion of IDP households experiencing 'very severe hunger' increased, while those under 'moderate hunger' decreased. The results also highlighted the widespread adoption of extreme consumption coping strategies, with 96 percent of households resorting to such strategies, and the reliance on firewood, wood residues, and waste burning as primary cooking fuel sources. The study's findings have significant implications for humanitarian response efforts, underscoring the urgent need for food assistance and support to address the devastating impact of the conflict on IDPs in Gaza."
Gender_Equality_and_Social_Inclusion_Factsheet_Jun,"This evaluation aimed to assess the effectiveness of the World Food Programme's (WFP) response to the 2024 conflict in Lebanon, with a focus on promoting gender equality and social inclusion (GESI) among vulnerable groups, particularly women and girls. The study employed a mixed-methods approach, combining data from beneficiary surveys, program assessments, and case studies to evaluate the impact of WFP's livelihood projects, childcare services, and cash assistance programs. Key findings indicate that WFP's initiatives have positively impacted the lives of over 1.5 million people, with 69% of displaced individuals being women and children. The addition of 133 Money Transfer Operator (MTO) agents and school kitchen markets has increased access to safer, more convenient, and affordable services, particularly for women-led businesses. The evaluation also highlights the importance of integrating small food producers, particularly women-led businesses, into national school meals programs to promote women's economic empowerment. Implications of this study suggest that WFP should continue to scale up initiatives supporting women's economic empowerment, sustain advocacy and partnerships to integrate GESI in emergency preparedness and response, and provide technical expertise in the design and implementation of the National Social Safety Net."
Ghana_Farmer_support_activity_Impact_Evaluation,"This evaluation aimed to assess the differential effect of providing lump-sum versus monthly cash transfers on agricultural outcomes, livelihood, and other financial outcomes among smallholder farmer-households. The study employed a comparative analysis of two groups: households receiving lump-sum transfers and those receiving monthly transfers. The evaluation objective was to investigate whether the timing and frequency of cash transfers impact farmers' decisions, food security, coping strategies, and mental health and well-being.

The methodology involved a cross-sectional analysis of data collected from a sample of smallholder farmer-households in Ghana. The study utilized a two-group comparison design, with households receiving lump-sum transfers serving as the treatment group and those receiving monthly transfers serving as the control group. The analysis focused on the impact of the disbursement scheme on various outcomes, including agricultural input use, food security, coping strategies, and mental health and well-being.

Key findings indicate that households receiving lump-sum transfers reported better agricultural outcomes, such as increased input use, in the short-term. However, the difference between the two groups became smaller and statistically insignificant in the medium- to long-run. The study also found that households receiving lump-sum transfers had a clear and significant advantage in terms of food security during the initial round of data collection. Nevertheless, the difference in food security outcomes between the two groups was no longer significant after the completion of the intervention.

The implications of this study suggest that the timing and frequency of cash transfers can impact farmers' decisions and outcomes. While lump-sum transfers may provide short-term benefits, the difference in outcomes between the two groups may not be sustained in the medium- to long-run. The study's findings have important implications for policymakers and program implementers seeking to design effective cash transfer programs for smallholder farmer-households."
Global_Report_on_Food_Crises_GRFC_2025,"This evaluation aimed to assess the global food security situation and identify countries with the highest levels of acute food insecurity. The methodology involved analyzing data from the Food and Agriculture Organization (FAO) and the Global Report on Food Crises (GRFC) for 2024, which selected countries requiring external assistance for food and/or facing shocks. The key findings indicate that 26 countries/territories experienced nutrition crises in 2024, with most of these children residing in countries with the largest food crises. The prevalence of high levels of acute food insecurity was higher among displaced populations and returnees than residents. Escalating conflict and economic shocks were identified as primary drivers of acute food insecurity in several countries, including Yemen, Sudan, and Ukraine. The evaluation also highlighted the severe impact of protracted, large-scale military operations and humanitarian and commercial blockades on food security, with acute malnutrition and mortality expected to surpass Famine (IPC Phase 5) thresholds in some countries in 2025. The implications of these findings suggest that urgent action is needed to address the root causes of acute food insecurity, including conflict, economic shocks, and humanitarian access restrictions, to prevent further deterioration of food security and related humanitarian crises."
Guatemala_Local_and_Regional_Food_Procurement_Poli,"This evaluation aimed to assess the effectiveness of the World Food Programme's (WFP) Local Food Purchase Policy (LRFP) in strengthening inclusive and sustainable local food systems in Guatemala. The evaluation employed a qualitative methodology, examining the collaboration between WFP and the Ministry of Agriculture, Livestock and Food (MAGA) in purchasing food products from smallholder farmers. Key findings indicate that the LRFP has contributed to the integration of conditional clauses for local production by smallholder farmers in public procurement policies, promoting the programmatic integration of WFP's operations. The policy has also strengthened the supply side by establishing workstreams to support farmer organizations in accessing markets, reducing poverty, and fostering sustainable development in rural areas. Furthermore, the LRFP has supported the diversification of farmers' income, improved agricultural practices, and enhanced their resilience to food and climate crises. The evaluation highlights the importance of integrating a gender transformation approach into all WFP interventions, promoting initiatives that involve women in decision-making processes. The findings suggest that the LRFP has four main benefits, including strengthening MAGA's capacities in food purchase, supporting the provision of the Strategic Grain Reserve, facilitating access to other formal markets, and promoting pro-smallholder farmers purchases. The evaluation concludes by recommending the establishment of opportunities for dialogue at the national level to improve the efficiency of the maize and black bean value chains in Guatemala."
Hope_on_the_Horizon_Cash_Transfers_Fueling_the_Fig,"This evaluation aimed to assess the impact of the Tanzania Social Action Fund (TASAF) on the livelihoods of vulnerable households in Tanzania. The study employed a qualitative methodology, collecting data through in-depth interviews with beneficiaries of the TASAF program. Key findings indicate that TASAF's support has significantly improved the dietary diversity and overall well-being of participating households. Beneficiaries reported increased access to food, improved nutrition, and enhanced peace of mind, allowing them to invest in long-term solutions to improve their livelihoods. The program has also enabled households to break the cycle of poverty, with some beneficiaries expressing hope for a better future for themselves and their loved ones. The evaluation suggests that TASAF's intervention has been life-changing for many households, providing a vital source of income and support for basic needs."
Hunger_Hotspots_FAO_WFP_early_warnings_on_acute_fo,"This evaluation aimed to assess the acute food insecurity situation globally, focusing on 13 hunger hotspots, from June to October 2025. The evaluation employed a methodology based on the Integrated Food Security Phase Classification (IPC) analysis, which assesses the severity of acute food insecurity. Key findings indicate that conflict events globally increased by 25 percent in 2024, with civilians bearing the brunt of violence, resulting in unprecedented numbers of civilian casualties. The escalation of conflict in early 2025 in the Democratic Republic of the Congo triggered a sharp rise in displacement, with 27.7 million people projected to face high levels of acute food insecurity. Famine-level acute food insecurity (IPC Phase 5) was confirmed in at least five areas, with an additional five areas projected to face Famine between December 2024 and May 2025. The critical situation is likely to persist and worsen during the outlook period, particularly in North Darfur and Kordofan. Without scaled-up assistance and a cessation of hostilities, the humanitarian and commercial blockade would lead to a critical lack of access to supplies and services essential to survival. The evaluation's implications suggest that urgent humanitarian assistance is required to address the deteriorating food security situation in these hotspots, with a focus on preventing further deteriorations in acute food insecurity."
Hurricane_Beryl_Jamaica_Cash_Assistance_Report_Aug,"This evaluation aimed to assess the effectiveness and impact of the Beryl Cash Assistance Programme, a cash-based response implemented by the World Food Programme (WFP) in collaboration with the Government of Jamaica, in response to a disaster. The programme's implementation was grounded in adaptability and responsiveness to emerging realities on the ground, with a focus on beneficiary engagement and accountability. The evaluation methodology involved post-distribution monitoring (PDM) conducted by WFP in December 2024 to assess the programme's effectiveness, reach, and outcomes. Key findings indicate that the programme had a positive effect on beneficiaries, with 97% of them satisfied with the programme. The cash transfers helped to meet urgent needs, while also enabling recipients to exercise control over how assistance was used. The programme's high redemption rates, which were maintained across three rounds, reflect the effectiveness of the cash-based transfer model and the critical role of continuous beneficiary engagement. The evaluation also highlights the importance of accountability structures, such as the Community Feedback Mechanism, in ensuring that beneficiaries' voices are heard and their concerns addressed in real time. The findings and lessons from this evaluation are intended to inform the design and delivery of future cash assistance, whether through direct provision by development partners, shock-responsive social protection efforts through the government, or a hybrid approach."
Impact_Evaluations_to_Optimize_Humanitarian_Interv,"This evaluation aims to assess the effectiveness and efficiency of humanitarian interventions in emergency contexts, with a focus on optimizing responses through evidence-based decision-making. To achieve this objective, the evaluation will employ a mixed-methods approach, combining quantitative methods (e.g., randomized controlled trials, A/B testing) with qualitative methods to measure changes in development outcomes of interest for target populations. The evaluation will investigate four key decision points in emergency responses where impact evaluations can inform WFP's interventions, including targeting, cash-based transfers, and peace-related outcomes. Key findings will provide insights into the most effective and cost-efficient approaches to targeting, cash-based transfers, and programming in post-conflict contexts, including the optimal timing, frequency, and duration of cash-based transfers, and the interventions most effective in contributing to peace-related outcomes. The implications of this evaluation will inform WFP's humanitarian programming, enabling the organization to make more informed decisions and improve the effectiveness of its interventions in emergency contexts."
Indonesia_WFP_Seasonal_Monitoring_Bulletin_July_Se,"This evaluation aimed to assess the impact of climate variability on Indonesia's agricultural production and food security during the 2023 dry season. The study employed a mixed-methods approach, utilizing satellite-based Vegetation Index (VI) data, rainfall records, and seasonal zone classification to analyze regional differences in climate conditions. Key findings indicate that below-average rainfall and temperatures were observed in northern parts of Kalimantan, eastern parts of Sulawesi, and across Papua, while parts of Indonesia, including Sumatera, Java, Kalimantan, and most of Sulawesi, experienced normal to above-average VI. The onset of the rainy season was delayed, with 73% of the total 699 seasonal zones still in the dry season by October 2023. The majority of hydrometeorological disasters (690 out of 1185) occurred in the third quarter of 2023, particularly drought. In terms of food security, four provinces were categorized as 'Vulnerable' in terms of food utilization, while several provinces were under 'Watch' due to potential food utilization challenges. Rice production decreased by about 3% in both Central Java and West Java compared to 2022. The evaluation highlights the need for early warning systems and climate-resilient agricultural practices to mitigate the impacts of climate variability on food security in Indonesia."
Indonesia_WFP_Seasonal_Monitoring_Bulletin_October,"This evaluation aimed to assess the land surface temperature and vegetation trends in Indonesia during the final quarter of 2023. The study employed a quantitative analysis of satellite data, specifically surface temperature and vegetation greenness indices, to identify patterns and anomalies. Key findings indicate that the average land surface temperature in Indonesia was slightly lower compared to the long-term average for the same period, which is anticipated due to the onset of the rainy season in certain regions. However, below-average surface temperatures were observed in several provinces, including Sumatra, Kalimantan, and Papua. Furthermore, the analysis revealed a significant increase in drought disasters during the fourth quarter of 2023, while hydrometeorological disasters decreased slightly compared to the same period in 2022. These findings have implications for disaster risk management and mitigation strategies, particularly in provinces such as West Java and East Kalimantan, which were most affected by these events."
Infrastructure_in_emergencies,"This evaluation aimed to assess the effectiveness of infrastructure development in supporting humanitarian responses in emergency situations. The study focused on two case studies: the Madhu Chara hub in Bangladesh, established as an operational and logistical base for the World Food Programme (WFP) Supply Chain and Site Maintenance and Engineering Project (SMEP) activities, and the proposed logistics hub in Barbados, designed to enhance emergency preparedness in the Caribbean. The evaluation methodology involved an examination of the physical infrastructure and operational setup of both hubs. Key findings revealed that the Madhu Chara hub effectively supported affected communities with vital food assistance and other crucial relief items, while the proposed Barbados hub is expected to facilitate large-scale humanitarian responses in the region. The implications of these findings suggest that investing in infrastructure development is crucial for enhancing humanitarian preparedness and response capabilities, particularly in regions prone to emergencies."
Innovation_Advisory_Services_LACRO,"This evaluation aimed to assess the effectiveness of innovation initiatives in achieving the World Food Programme's (WFP) mandate of Zero Hunger in Latin America and the Caribbean. The evaluation methodology involved analyzing case studies of innovation projects in Guatemala, Ecuador, Cuba, and Peru, which included innovation contests, digital solutions, and disruptive innovation. Key findings indicate that investing in innovative solutions can break the cycle of crisis and response, and build sustainable solutions to end hunger. The evaluation also highlights the importance of supporting innovation leaders at the field level, creating learning spaces, and scaling up innovative solutions aligned with Country Strategic Plans (CSPs). The implications of this evaluation suggest that strategic investment in WFP innovation will enable the organization to expand its reach and integrate innovation more deeply into its operations and solutions, ultimately contributing to the achievement of the Zero Hunger goal."
Integrated_resilience_approach_in_Madagascar,"This evaluation aims to assess the effectiveness of WFP Madagascar's resilience-building activities under Strategic Outcome 3 of its Country Strategic Plan (2024-2028). The evaluation methodology involved analyzing the implementation of food systems, climate risk insurance, and institutional partnerships in support of the Malagasy Government. Key findings indicate that WFP's resilience-building activities have contributed to the operationalization of Rapid Rural Transformation (RRT) sites, generating clean energy, water, and internet connectivity, and boosting livelihoods in surrounding communities. Additionally, the implementation of improved cookstoves in school canteens has reduced wood consumption by up to 70%. Furthermore, the Climate Risk Insurance program has provided compensation to 134,900 individuals in 2024, with 42,320 individuals receiving compensation under micro-insurance. These findings suggest that WFP's resilience-building activities have positively impacted food security, climate resilience, and community development in Madagascar, particularly in the Grand Sud region."
Integrating_Anticipatory_Action_in_Indonesia,"This evaluation aimed to assess the feasibility of incorporating Anticipatory Action (AA) into existing disaster risk management systems in Indonesia. The study employed a qualitative methodology, involving stakeholder interviews and analysis of existing policies and contingency plans. Key findings indicate that while AA has been integrated into some contingency plans, its translation into triggers and thresholds for anticipatory actions remains a significant challenge. Systematic connections between early warning systems, localised hazard-specific impact-based forecasts, and sector-specific guidance are needed to support the effective implementation of AA. Furthermore, fostering a common understanding of AA among stakeholders, building trust in localised hazard data, and securing funds for anticipatory actions are essential for the successful integration of AA into existing policy frameworks. The study highlights the need for stronger coordination among key sectors, multi-sectoral coordination, and the involvement of non-traditional actors to promote a coherent, proactive response to disasters. The evaluation's implications suggest that a comprehensive approach, including capacity building, socialisation, and effective dissemination of the AA concept, is necessary to address the challenges associated with AA implementation in Indonesia."
Inter_Agency_Humanitarian_Evaluation_of_the_Respon,"This evaluation aimed to assess the effectiveness of the International Aid System (IASC) member agencies' collective response to the humanitarian needs of earthquake-affected populations in Türkiye and Syria. The evaluation objective was to determine the extent to which the IASC member agencies' collective response planning and actions were relevant, appropriate, coherent, and effective in addressing the humanitarian needs. 

The evaluation employed a qualitative methodology, involving key informant interviews, focus group discussions, and document reviews. Key findings included that IASC members were unprepared for a large-scale rapid onset disaster, which led to challenges with the initial response. The response was hindered by limited information sharing, a lack of established agreements on the role of international actors, and inadequate coordination between IASC members and local authorities. Furthermore, IASC members faced significant challenges in collecting disaggregated data, which hindered tailored planning for vulnerable groups. The evaluation also highlighted the importance of pre-existing partnerships, particularly under the 3RP, in facilitating the response. However, the response was also hindered by a competitive rather than collaborative approach between the humanitarian operations for NGCA and GCA. 

The implications of these findings are that IASC members need to improve their preparedness for large-scale rapid onset disasters, including developing joint plans to deal with such events. Additionally, there is a need for improved coordination and information sharing between IASC members and local authorities, as well as between humanitarian operations in different contexts. The evaluation also highlights the importance of prioritizing the principles of humanity and impartiality in humanitarian response, and the need for more needs-based allocation of funding."
Investing_in_Ukraine_s_economy_and_food_systems_fa,"This evaluation aimed to assess the effectiveness of the World Food Programme's (WFP) efforts to support the recovery and sustainability of food systems in Ukraine, while promoting local economic growth and employment. The evaluation methodology involved a review of WFP's engagement with local food producers, traders, businesses, and farmers, as well as case studies of small and medium-scale bakeries that have benefited from WFP's contracts. Key findings indicate that WFP has successfully sourced a significant portion of its commodities locally, including bread, pasta, and sunflower oil, with some suppliers located in frontline areas. The contracts with WFP have helped these suppliers stay afloat, with some bakeries operating at full capacity and employing local workers. The evaluation also highlights WFP's efforts to improve the capacities of national private sector suppliers to provide fortified commodities, with 13 suppliers of fortified wheat flour and 10 suppliers of fortified sunflower oil engaged. The implications of these findings suggest that WFP's approach has contributed to the recovery and sustainability of food systems in Ukraine, while promoting local economic growth and employment, and has the potential to improve nutrition and broaden market opportunities for local bakeries."
Joint_Evaluation_on_the_Collaboration_among_the_Un,"This evaluation aimed to assess the effectiveness of collaboration among the Rome-Based Agencies (RBAs) in achieving the 2030 Agenda, particularly at the country level. The evaluation employed a strategic approach, focusing on generating evidence for the RBAs' global collaboration strategy. The methodology involved a review of existing documents, surveys of RBA staff members, and interviews with stakeholders. The key findings indicate that RBA collaboration has been and continues to be relevant to the agreements guiding the strategic direction of the United Nations development system. However, the effectiveness of RBA collaboration varies across countries, with some experiencing strengthened collaboration and others showing little or no evidence of collaboration. The evaluation also identified several factors that have enabled or hindered the effectiveness of RBA collaboration, including the clarity of collaboration agreements, the sharing of knowledge and best practices, and the availability of resources and funding. The implications of these findings suggest that the RBAs should prioritize resourcing collaborative RBA action, avoid unnecessary overlap and duplication of work, and enhance the sharing of knowledge and best practices among the agencies."
Joint_Report_on_Dual_Currency_Disbursement_UNHCR_W,"This evaluation aimed to assess the impact of resuming dual currency disbursements on the cash assistance programs for Syrian refugees in Lebanon, implemented by the World Food Programme (WFP) and the United Nations High Commissioner for Refugees (UNHCR). The evaluation employed a mixed-methods approach, combining quantitative data from the Basic Needs Outcome Monitoring (BNOM) survey and qualitative insights from beneficiary feedback. Key findings indicate that the resumption of dual currency disbursements has significantly improved the redemption experience for assisted families, resulting in quicker, safer, and more dignified access to assistance. The operational capacity of the redemption network has increased, enabling a smooth redemption process and reducing issues such as crowding and technical problems at ATMs. Furthermore, the resumption of dual currency disbursements has led to a substantial increase in the purchasing power of assistance, enabling assisted families to cover their basic survival needs, including food and non-food expenses. The evaluation also highlights the importance of adapting to a volatile context, with 34 percent of assisted families still facing severe food insecurity. The findings of this evaluation underscore the need for continued programmatic adjustments to ensure that Syrian refugee families receive the assistance they need in these challenging circumstances."
Kenya_USDA_supported_Local_and_Regional_Procuremen,"This evaluation aimed to assess the performance and results of the USDA Local and Regional Procurement (LRP) support to the World Food Programme (WFP) School Feeding Programme in Kenya from 2017 to 2020. The evaluation methodology involved collecting both qualitative and quantitative primary data through surveys of traders, farmers, and schools, as well as assessments of the market improvements and capacity building for national and county institutions. The key findings indicate that while the LRP activities have resulted in several market improvements, including increased opportunities for farmers and traders, the intended school-related outcomes of improved timeliness of procurement and delivery, improved cost-effectiveness, and improved nutrition have not been realized. The LRP has partially succeeded in increasing the capacity of suppliers and school meals procurement committees to effectively and efficiently procure local commodities for school meals, but this learning has not been put into practice. The evaluation concludes that the LRP has not achieved its objectives of improving the timeliness or cost-effectiveness of food assistance, but has contributed to the foundational results of increased capacity of government institutions and improved policy and regulatory framework. The implications of these findings are relevant to the Government of Kenya, WFP, USDA, and other donors, as they provide evidence on the effectiveness of the LRP support to the school feeding programme in Kenya."
Knowledge_Management_Strategy_Regional_Bureau_Nair,"This evaluation aimed to assess the effectiveness of the Knowledge Management (KM) strategy at the Regional Bureau for North America (RBN) of the World Food Programme (WFP). The primary objective was to evaluate the implementation of the KM strategy and identify areas for improvement. The methodology employed was qualitative research, specifically inductive reasoning through content analysis, involving interviews with programme managers and Heads of Units. Key findings indicate that while the KM team has created an enabling environment, the current KM practices need to be enhanced to align with the organisation's broader agenda. Most managers felt that their function's KM practices are not yet at the level to enable the aspiration of contributing to the organisation's broader goals. The evaluation suggests that broadening and deepening KM initiatives are necessary, including advocacy with managers to make KM a managerial expectation, and making the IKMFP role rotational. The findings also highlight the need to align KM with broader WFP strategies, prioritise thematic areas, and shift knowledge transactions in these areas from operational to strategic. The implications of these findings are that the updated KM strategy should focus on building on the successes of IKMFP engagement, balancing KM expectations around other impact areas, and advancing 'thought leadership' through programme integration and mainstreaming of KM actions."
Labour_Management_Procedures,"This evaluation aims to assess the labour management practices of the SANAD project, focusing on the engagement of contracted workers, primary suppliers, community workers, and small retailers. The project will be led by a full-time Project Manager, supported by a cross-functional team, and will involve the recruitment of 16 national staff, including 10 contracted workers. The evaluation will assess the project's compliance with labour management procedures, including the prohibition of child and forced labour, occupational health and safety standards, and the provision of fair wages and benefits. The evaluation will also examine the project's risk management strategies, including the risk of accidents, injuries, and exploitation of community workers. The methodology will involve a review of project documents, interviews with project staff and stakeholders, and monitoring visits to distribution sites and small retailers. The key findings will be presented in a traffic light system, with red, amber, and green scores indicating the level of compliance with labour management procedures. The implications of the evaluation will inform the project's labour management practices, including the development of policies and procedures, training for staff and stakeholders, and the implementation of grievance redress mechanisms."
Lesotho_Improving_adaptive_capacity_of_vulnerable_,"This evaluation aims to assess the performance and impact of the 'Improving adaptive capacity of vulnerable and food insecure populations in Lesotho' project, commissioned by the WFP Lesotho Country Office. The evaluation will analyze the project's relevance, effectiveness, and efficiency in addressing climate change impacts and promoting adaptive capacity and resilience among vulnerable groups, including women and youth. The evaluation will focus on three project components: strengthening institutions and systems for improved adaptation and management of climate change impacts, awareness raising for climate change impacts and adaptation, and community resilience building. The evaluation will use the Adaptation Fund's Evaluation Criteria Rating Scales to assess the project's outcomes and will involve a range of internal and external stakeholders, including beneficiaries, government counterparts, and implementing partners. The findings and lessons from the evaluation will inform the design and implementation of the second phase of the project, improve implementation processes, and inform the design of the next phase of the Adaptation Fund project."
Lessons_from_Peru_Strengthening_linkages_between_s,"This evaluation aimed to assess the effectiveness of the World Food Programme's (WFP) Country Capacity Strengthening (CCS) approach in enhancing the food system's contribution to improved nutrition in Peru. The evaluation employed a methodology that leveraged existing social protection institutional demand, national policies, and legislations to evaluate the impact of two cases: large-scale rice fortification to combat anaemia and local food procurement to improve diets and prevent overweight and obesity. Key findings indicate that the CCS approach has been successful in generating positive results, including the enactment of a law mandating the inclusion of fortified rice in social assistance programmes, and the implementation of a Public Procurement Law to support smallholder farmers. The evaluation also highlights the importance of high-level advocacy, generating demand through social assistance programmes, and leveraging platforms such as schools to tackle malnutrition. Implications of the evaluation suggest that the CCS approach can be scaled up to address nutritional policy challenges, and that the national government's announcement to substitute Qali Warma with the communitarian school feeding programme Wasi Mikuna will advance the local purchase of fresh food and involve parents in the programme design."
Libya_Evaluation_of_livelihoods_and_school_feeding,"This evaluation aimed to assess the relevance, effectiveness, efficiency, coherence, and sustainability of the World Food Programme's (WFP) livelihoods and school feeding activities in Libya, as well as the integration of gender, equity, and inclusion. The evaluation employed a decentralized approach to generate timely and credible evidence on the results of WFP's interventions in Libya, a context characterized by high food insecurity, limited national capacity, and clear humanitarian imperatives. Key findings include the need for better synergies between WFP programmes, limited strategic coherence due to informal agreements and weak government ownership, and the failure to implement a Home-Grown School Feeding model in Libya. The evaluation also highlighted the importance of integrating conflict sensitivity measures and the need for more efficient resource allocation in accordance with the 'Made in Libya' initiative. The findings will inform the current Country Strategic Plan (CSP) and provide insights into how ongoing processes to change WFP's engagement model in Libya are affecting its results on the ground. The evaluation's implications suggest that WFP should prioritize building stronger partnerships with the government and local stakeholders, improving its targeting criteria, and enhancing its capacity to adapt to changing national priorities and local contexts."
Linking_Anticipatory_Action_and_Social_Protection_,"This evaluation aimed to assess the integration of social protection and anticipatory action (AA) in Haiti, a highly fragile and conflict-affected country. The World Food Programme (WFP) supported the Government of Haiti in building on existing disaster management mechanisms and investing in the nascent social protection infrastructure. The evaluation employed a case study approach, examining the implementation of the Adaptive Social Protection for Increased Resilience (ASPIRE) project and the activation of the Anticipatory Action Plan (AAP) for floods and hurricanes in 2023. Key findings indicate that the integration of AA and social protection has enhanced the speed and scale of humanitarian action, with over half a million people reached with early warning messages and anticipatory cash transfers provided to 18,700 vulnerable individuals. The evaluation highlights several enabling factors, including the adoption of the National Social Protection and Promotion Policy, the establishment of the national social registry (SIMAST), and the operational set-up of the ASPIRE programme. The findings suggest that the integration of AA and social protection has improved the capacity and accountability of government actors, maintained impartiality, and strengthened the social protection system. The evaluation concludes that achieving this integration will require a dynamic, collective, and multi-stakeholder long-term effort to ensure an inclusive social protection system and implement anticipatory actions."
Macro_level_Disaster_Risk_Financing_for_vulnerable,"This evaluation aimed to assess the effectiveness of the World Food Programme's (WFP) disaster risk financing (DRF) approach in mitigating the impacts of climate-related disasters on vulnerable communities and countries. The evaluation methodology involved analyzing WFP's DRF instruments, including ARC Replica insurance policies, catastrophe bonds, and contingency funds, in various countries, including Mali, Southern Africa, Madagascar, and the Caribbean. Key findings indicate that WFP's DRF approach has enabled the organization to provide timely and predictable support to affected communities, reducing suffering and stabilizing communities facing repeated climate shocks. The evaluation highlights the importance of linking DRF payouts to national social protection systems to ensure the most vulnerable receive support in the aftermath of a disaster. The findings also suggest that WFP's risk layering approach, combining different DRF instruments based on the severity and frequency of shocks, has optimized resources and improved the efficiency of the organization's DRF interventions. The implications of this evaluation are that WFP's DRF approach has the potential to transform the humanitarian system, making it faster, smarter, and fairer, and that further investment in DRF instruments is necessary to bridge the protection gap between the financial impacts of climate-related disasters and what governments and humanitarian partners can provide."
Madagascar_Country_Strategic_Plan_2024_2028_Factsh,"This evaluation aims to assess the effectiveness of the World Food Programme's (WFP) Country Strategic Plan (CSP) in Madagascar, which spans from 2024 to 2028, in achieving Zero Hunger and improving malnutrition rates. The evaluation methodology involves an analysis of the CSP's strategic direction, portfolio, and alignment with national priorities and Sustainable Development Goals (SDGs). Key findings indicate that the CSP integrates emergency response with resilience and development activities to create a conducive environment for food security and self-sufficiency. The CSP's strategic vision is to transform food systems and enhance social protection for a more resilient Madagascar. The evaluation highlights the importance of partnerships, technology, and innovation in achieving the CSP's objectives, accompanied by a strong focus on capacity strengthening to ensure sustainability. The CSP's five strategic outcomes aim to prepare people in Madagascar affected by seasonal or other shocks to meet their immediate food and nutrition needs, enhance social protection and human capital development, improve capacities to manage equitable and inclusive food and nutrition programmes, improve access to mandated and on-demand services, and create an enabling environment for policy formulation and supply chain services. The evaluation's implications suggest that the CSP has the potential to contribute to improving the lives and livelihoods of the people of Madagascar, but its success depends on the effective implementation of its strategic outcomes and the continued support of national governments and development partners."
Malawi_Evaluation_of_Tsogolo_la_Thanzi_Healthy_Fut,"This evaluation aims to assess the performance and results of the TSOLATA II Home Grown School Feeding project, funded by the European Union, in Malawi. The evaluation will employ a mixed-methods approach, utilizing a range of data sources, including project monitoring documents, surveys, and stakeholder interviews. The evaluation committee, comprising WFP staff and external stakeholders, will assess the project's efficiency, impact, and sustainability, as well as its alignment with national development plans and other initiatives. The evaluation will also seek to understand the perspectives and voices of diverse groups, including women, girls, men, boys, the elderly, people living with disabilities, and other marginalized groups. The findings will inform future design and programming of school feeding initiatives in Malawi, as well as contribute to the development of the next TSOLATA programme and partnerships. The evaluation is expected to provide actionable evidence to support policy decisions on school meals and increase capacities of government staff on coordination, planning, implementation, and monitoring of the national school feeding programme."
Malawi_Integrated_risk_management_and_climate_serv,"This evaluation aims to assess the progress and outcomes of the Adaptation Fund (AF) project implemented in Malawi from June 2020 to June 2025. The evaluation objective is to provide an independent assessment of the project's achievements in increasing resilience and reducing vulnerability, as well as its sustainability and replicability. The evaluation will cover the Zomba, Machinga, and Balaka districts and will draw lessons to inform the design of new projects, refine government policies, and promote accountability and transparency within the Fund. The methodology will involve a qualitative comparative analysis (QCA) and/or contribution analysis, most significant change, and outcome harvesting, using relevant policy and programme documents, project theory of change, and baseline and annual outcome surveys. The evaluation team will consist of a national evaluator and will involve a broad range of stakeholders, including WFP internal and external stakeholders, government officials, and project target community members. The key findings will be used to inform the refinement of government policies, adjustments in the implementation of key national policies, and the design of new projects. The evaluation will also assess the project's consistency with other interventions implemented in the country, sector, or institution, and its scalability and equity. The implications of the evaluation will be used to promote accountability and transparency within the Fund, and to systematically assess and disclose levels of project or programme accomplishments."
Managing_the_Supply_Chain_of_Specialized_Nutritiou,"This evaluation aimed to assess the management of Specialized Nutritional Foods (SNF) in emergency response programs, with a focus on ensuring the safe and effective delivery of nutritional services to affected populations. The evaluation employed a comprehensive methodology, involving an end-to-end process view of supply chain management, to identify key constraints and challenges in managing SNF. The findings highlighted the importance of considering factors such as limited shelf life, suppliers' stock availability, long lead-time, handling and storage requirements, batch number follow-up, and high temperature exposures in managing SNF. The evaluation also emphasized the need for effective communication and coordination among various stakeholders, including programme staff, logistics teams, and local authorities, to ensure the safe and correct use of SNF. The results suggest that ensuring the right capacity, making the delivery, and considering all steps needed to ensure SNF reach beneficiaries safely and correctly are crucial for programme success. The evaluation's implications highlight the importance of introducing SNF to local customs officials, health authorities, and the bureau of standards to ensure compliance with national food safety standards, and providing relevant trainings and technical support in logistical aspects of SNF to programme staff."
March_2024_Country_Strategic_Plan_2024_2028_summar,"This evaluation aims to assess the effectiveness of the World Food Programme's (WFP) country strategic plan in Bhutan from 2024 to 2028. The evaluation methodology involves an examination of the alignment of WFP's plan with Bhutan's draft 13th five-year plan and the United Nations' sustainable development framework. Key findings indicate that WFP's assistance will focus on strengthening the Government's capacity to deliver equitable economic growth and human capital development, with a particular emphasis on building resilient food systems, empowering women's engagement in food value chains, and promoting healthy diets. The evaluation also highlights the importance of operating through Government partners and promoting an expanded role for the private sector. By 2030, the strategic outcome aims to ensure that vulnerable population groups in Bhutan benefit from enhanced human capital and a resilient food system, with beneficiaries of national school feeding programmes having sustainable access to nutrient-dense food. The evaluation implies that WFP's assistance is critical in addressing Bhutan's vulnerability to earthquakes and climate shocks, particularly in ensuring that citizens, especially schoolchildren and groups at risk of malnutrition, have access to safe and healthy diets."
March_2024_Informing_national_school_feeding_and_n,"This evaluation aimed to assess the effectiveness of the World Food Programme's (WFP) support to the Ministry of Education, Science, Technology, and Innovation (MoESD) in improving nutrition outcomes for Bhutanese children. The evaluation methodology involved analyzing the implementation of the National School Feeding and Nutrition Strategy (2019-2030) and a social behaviour change (SBC) strategy, as well as the construction and refurbishment of school kitchens and food storage units. Key findings indicate that the triple burden of malnutrition (undernutrition, overnutrition, and micronutrient deficiencies) persists among Bhutanese children due to suboptimal diets. To address this issue, WFP supported the development of a national SBC strategy and action plan, as well as the implementation of SBC activities in 15 schools. Additionally, an advocacy campaign called ""Eat Kheta, Be Seta"" was launched to promote healthy diets. The evaluation also highlights the successful introduction of fortified rice as a public health strategy to address micronutrient deficiencies among schoolchildren. Implications of these findings suggest that continued support is needed to scale up the use of fortified rice to reach vulnerable populations and to introduce it to the wider public through the open market."
March_2024_Strengthening_supply_chain_capacity_in_,"This evaluation aimed to assess the effectiveness of the World Food Programme's (WFP) efforts in strengthening Bhutan's national supply chain capacity. The evaluation employed a qualitative methodology, involving a review of existing documents and reports, as well as interviews with key stakeholders. Key findings indicate that WFP has successfully utilized its global network and technical expertise to localize and strengthen Bhutan's national supply chain capacity. Specifically, WFP provided technical assistance in strengthening the capacity of the logistics desk, trained working groups and district officials in humanitarian supply chain management, and formulated a comprehensive national logistics desk operation manual. Additionally, WFP supported the establishment of a cross-functional supply chain process map and decentralized the school feeding supply chain in Chhukha and Lhuntse districts through targeted training. The evaluation also highlights the challenges faced by Bhutan's agriculture sector, including inadequate supply chain infrastructure, limited commercial services, and an inefficient demand and supply market system. Implications of these findings suggest that continued support from WFP and its partners is necessary to address the supply chain challenges and promote sustainable agriculture development in Bhutan."
March_2024_Using_social_behaviour_change_to_promot,"This evaluation aimed to assess the effectiveness of a social behaviour change (SBC) strategy and action plan in promoting healthy diets among schoolchildren and adolescents in Bhutan. The methodology involved developing a comprehensive SBC strategy with government partners, including the Ministry of Education and Skills Development, Ministry of Health, and Ministry of Agriculture and Livestock, and implementing SBC activities in 15 schools in Thimphu and Chhukha districts. Key findings indicate that while knowledge and awareness of healthy and unhealthy foods were relatively high, poor accessibility and affordability of healthy foods and abundant availability of inexpensive, convenient, and ultra-processed snacks were identified as determinants of poor-quality diets. The evaluation also highlights the effectiveness of edutainment as a medium for delivering nutrition education, as evidenced by the success of ""Pinda's Magic Bowl,"" a nutrition education television programme that has been rebroadcast and uploaded onto YouTube channels. Implications of this evaluation suggest that targeted policy and programmatic tools and campaigns are necessary to address specific drivers and barriers to healthy eating, and that continued support for SBC initiatives is required to promote healthy diets among schoolchildren and adolescents in Bhutan."
Market_Price_Monitoring_Bulletin_WFP_Armenia_2024_,"This evaluation aimed to assess the impact of staple food inflation on the nutritional well-being of the Armenian population. Utilizing data from the Statistical Committee of RA, the study analyzed the dietary patterns of the population in various regions, with a focus on the proportion of individuals consuming 70% potato and bread. The findings indicate that the highest prevalence of this dietary pattern was observed in Armavir (30.1%), followed by Gegharkunik (25.4%) and Ararat (19.1%). The inflation of staple foods, such as bread and potatoes, may compromise the ability of these populations to maintain adequate nutrition and cover essential expenses, given their relatively low average nominal wages, which stood at AMD 297,624 in June 2025."
Maximizing_Digital_Payments_for_Social_Protection_,"This evaluation aimed to assess the challenges and opportunities that promote and achieve digital financial inclusion in Belize, with a focus on the government's efforts to deliver social assistance benefits through digital payment solutions. The study employed a face-to-face survey of retailers and beneficiaries to capture their experiences and perceptions of digital payment modalities, as well as their demand- and supply-side dynamics within the ecosystem. Key findings include the diverse demographics and geographic disparities in Belize that influence access to and use of digital and financial services, with significant disparities in mobile phone ownership, internet access, and access to digital and financial services across different demographics and regions. The survey revealed that retailers face challenges in adopting and delivering financial services, including unfamiliarity with technology, high costs of operating POS machines, and limited number of participating merchants. Beneficiaries also reported challenges in accessing digital payment solutions, including limited access to agent locations in rural areas and insufficient assistance to cover monthly expenses. The study's findings have implications for the government's efforts to promote financial inclusion and improve the delivery of social assistance to its most vulnerable populations, highlighting the need for deeper insight into the challenges, opportunities, and behavioural dynamics of both beneficiaries and merchants to unlock the full potential of digital payments in Belize."
Mid_term_Evaluation_of_WFP_s_Private_Sector_Partne,"This evaluation aimed to assess the effectiveness of the World Food Programme's (WFP) Private Sector Partnerships and Fundraising (PSPF) Strategy, which was implemented from 2019 to 2022. The evaluation objective was to evaluate the progress made towards achieving the Strategy's objectives, identify areas for improvement, and provide recommendations for future development. The methodology involved a retrospective construction of a theory of change, development of a typology of private sector partnerships, in-depth reviews of internal and external documents, stakeholder interviews, a web-based survey of WFP country offices, and a review of nine partnership exemplars. Key findings included the growth of the Global Partnership team, PPF support functions, and regional partnership officers, as well as the establishment of new global partnerships and the expansion of existing ones. However, the evaluation also identified gaps in strategic direction for local level partnerships, a lack of awareness within WFP of the Strategy's implementation and achievements, and a need for more clarity on roles and responsibilities between PPF and other WFP teams. The evaluation recommended clarifying WFP's organizational direction and ambition for private sector partnerships, positioning private sector partnerships in the context of WFP's Executive Director priorities, and outlining the requirements for a successful global philanthropy programme. Additionally, the evaluation recommended renegotiating the Memorandum of Understanding with WFP USA, clarifying roles and responsibilities between WFP and WFP Friends organizations, and establishing transparent systems and processes for PSPF. The evaluation's implications suggest that WFP has immense potential to further grow its private sector engagement, provided it is willing to commit to and invest in this."
Myanmar_Community_Resilience_Project_Environmental,"This evaluation aims to assess the effectiveness of the Environmental and Social Management Framework (ESMF) for the Myanmar Community Resilience Project, implemented by the World Food Programme (WFP) in collaboration with the World Bank. The evaluation objective is to ensure that the project's activities and benefits reach the most vulnerable and in-need households while minimizing environmental and social risks. The methodology involves a review of literature, consultations with WFP field teams and experts, and a review of field needs assessments, as well as relevant institutional and policy frameworks. The ESMF identifies potential environmental and social risks, including harm to human health and security, and outlines measures to avoid, minimize, and mitigate these risks. The framework also ensures compliance with Myanmar legislations, the World Bank's Environmental and Social Framework (ESF), and WFP's policies. Key findings include the implementation of E&S risk management measures as part of regular project monitoring, the provision of awareness raising and training to relevant stakeholders, and the tracking of grievances/community feedback during project implementation. The implications of this evaluation are that the ESMF provides a comprehensive framework for managing environmental and social risks, and that the World Bank's support will be crucial in ensuring the effective implementation of the ESMF."
Myanmar_Community_Support_Project_Environmental_an,"This evaluation aimed to assess the environmental and social risks associated with the World Food Programme's (WFP) project in Myanmar, specifically the Community Resilience Project. The evaluation objective was to identify and mitigate potential risks to project workers, community members, and the environment. The methodology involved a review of literature, consultations with WFP field teams and experts, and a review of field needs assessments. Key findings included potential risks to project workers and community members, including health and safety risks, security risks, and social risks such as exclusion and discrimination. The evaluation also identified environmental risks, including solid waste management and food safety risks. To mitigate these risks, the WFP will implement measures such as regular monitoring, training for staff and volunteers, and awareness-raising activities for communities and contractors. The evaluation implications are that the WFP must ensure compliance with its policies and procedures, including the Environmental and Social Management Framework (ESMF), the Social and Environmental Policy (SEP), and the Environmental and Social Commitment Plan (ESCP). The WFP must also ensure that its grievance mechanism is accessible to disadvantaged and vulnerable groups and that it provides transparent information on project activities and benefits."
Myanmar_Community_Support_Project_Stakeholder_Enga,"This evaluation aims to assess the effectiveness of the World Food Programme's (WFP) Stakeholder Engagement Plan (SEP) in ensuring free, prior, and informed consultation with ethnic minority communities in Myanmar, as required by the World Bank's Environmental and Social Standard 7. The evaluation methodology involves a review of the SEP, stakeholder engagement activities, and grievance mechanisms implemented by WFP and its cooperating partners (CPs). Key findings include the WFP's commitment to mainstreaming accountability to affected people across its operations, the establishment of a Community Engagement Mechanism (CEM) to provide information, engage beneficiaries, and receive feedback and complaints, and the use of culturally appropriate and gender-sensitive consultations with ethnic minority communities. The evaluation also highlights the importance of grievance mechanisms, such as the CEM, in resolving complaints and building trust with communities. The implications of this evaluation are that WFP and its CPs must continue to prioritize stakeholder engagement and grievance mechanisms to ensure the effective implementation of the project and the protection of vulnerable communities."
NUTRITION_ET_VIH_Manuel_du_formateur,"This evaluation aimed to assess the appropriateness of antenatal care recommendations for pregnant women. The methodology involved reviewing existing guidelines and expert consensus, specifically the 2012 recommendations from the French National Authority for Health (HAS) and a 2017 study. Key findings indicate that a low-dose approach is suggested when the viral load is decreasing, and that a scheduled cesarean delivery at term may be indicated in certain cases. The implications of these findings are that healthcare providers should consult the HAS website for up-to-date guidelines on antenatal care, and prioritize recommendations for future adult health, excluding iron and folic acid supplementation."
Nepal_Anticipatory_Action_Impact_evaluation,"This impact evaluation aimed to assess the effectiveness of anticipatory humanitarian assistance (AA) in the form of unconditional cash transfers on agricultural outcomes, livelihood, migration, and other financial outcomes during the recovery period after a severe flood in Nepal. To achieve this objective, a clustered randomized controlled trial (RCT) was conducted in 140 villages, with 1,499 households receiving AA assistance and 1,484 households receiving traditional post-flood assistance. The evaluation collected quantitative follow-up panel data in three rounds and qualitative data in one round from approximately 2,300 households. The key findings indicate that AA transfers had a positive impact on food security, with households in the AA group experiencing significantly better food security immediately following the floods. However, these effects dissipated in the medium and long term, and no significant impacts were detected for key livelihood outcomes, such as agricultural outcomes and migration. Notably, households in the AA group were 15 percent less likely to engage in risky coping strategies, and they experienced a reduction in house repair expenses. The evaluation suggests that AA transfers can yield benefits in terms of food security and mitigating negative mental health impacts following climate disasters. However, the effectiveness of AA may vary depending on factors such as the severity of the flood, the speed of transfer disbursement, and the selection and prioritization of beneficiaries."
Nepal_COVID_19_Economic_Vulnerability_Index,"This evaluation aimed to assess the economic vulnerability of municipalities in Nepal to the COVID-19 pandemic, with a focus on identifying areas that require immediate attention and resource allocation. To achieve this objective, a comprehensive framework was developed, rooted in the conceptualization of vulnerability as a function of exposure, sensitivity, and adaptive capacity. The framework utilized a combination of indicators, including job loss, loss of income, and the prevalence of socially marginalized groups, to assess exposure and sensitivity. Adaptive capacity was evaluated through a range of factors, including access to basic services and remittance dependency. The resulting Economic Vulnerability Index (EVI) was used to rank municipalities across the country, with a focus on highlighting areas where both exposure and sensitivity are high, and adaptive capacity is low. Key findings indicate that vulnerability is concentrated in Karnali Province, Province 2, and Sudurpaschim Province, with notable municipalities in Province 1, Gandaki Province, and Province 5 classified among the most vulnerable. The EVI has been applied to target interventions, including food security programs, and has been used as a basis to prioritize more in-depth inquiries and data collection. The evaluation highlights the importance of considering multiple dimensions of vulnerability and the need for a consolidated approach to understanding economic vulnerability in the context of the COVID-19 pandemic."
Niger_Resilience_Learning_in_the_Sahel_Impact_eval,"This impact evaluation aimed to assess the effectiveness of the World Food Programme (WFP) resilience programme in improving food security and resilience capacities among households in targeted communities. To achieve this objective, a clustered randomized design was employed, where FFA sites and villages were assigned to either the WFP programme group or the control group. The evaluation used a sample of households that were classified as ""very poor"" and ""poor"" and were eligible for FFA and LSS, as well as households in primary villages closest to the FFA sites. The results showed that the programme had a positive impact on food security, particularly among the poorest households that were eligible for FFA and LSS. The programme increased the share of households with livestock and improved food security, with the largest impact observed during the first year of programme implementation. However, the impacts on food security were not sustained throughout the year, suggesting that increases in food production were not sufficient, or households did not develop other strategies to smooth the effects on food security. The evaluation also found that the programme increased collective action among households in programme communities, with members of more groups, spending more time volunteering in community activities, and working on community projects. The results have implications for the targeting of resilience programmes, suggesting that targeting ""less poor"" households with additional components may not be essential for contributing to food security and resilience capacities."
Niger_valuation_d_impact_du_projet_Partenariat_UNI,"The evaluation objective of the UNICEF-WFP Partnership for Resilience and Social Cohesion in the Diffa Region was to assess the effectiveness of the partnership in enhancing community resilience and social cohesion in the region. The evaluation methodology involved a review of reports submitted to the German Federal Ministry for Economic Cooperation and Development (BMZ) from May 2022 to April 2023, as well as interviews with community members and stakeholders.

Key findings of the evaluation indicate that the partnership has achieved significant results in strengthening community resilience and social cohesion. These include improved nutritional outcomes in households, enhanced community engagement and participation in decision-making, and strengthened capacities of local and regional authorities to provide social services and emergency preparedness. Additionally, the partnership has supported the development of inclusive institutional frameworks for the participation of youth and marginalized groups in decision-making, and has strengthened community capacities and engagement through community-based participatory planning and civic and social engagement activities.

The implications of these findings suggest that the UNICEF-WFP Partnership for Resilience and Social Cohesion in the Diffa Region has been effective in enhancing community resilience and social cohesion, and has contributed to improved livelihoods and youth employment opportunities, as well as increased access to social services and improved nutrition, health, and protection outcomes."
Nutrition_Barrier_Analysis_Qualitative_Study_Repor,"This evaluation aimed to assess the impact of food card assistance on the nutrition and food security of beneficiary households in Armenia. The study employed a mixed-methods approach, combining qualitative data from focus group discussions with quantitative data sources to enhance the credibility of the findings. Key findings indicate that food card holders face challenges in planning and budgeting for food purchases, particularly due to limited time and financial resources. The study also highlights the importance of parental influence over children's food choices, with many participants expressing a strong belief in the nutritional value of homemade and traditional dishes. However, awareness and education on healthy eating are limited, and participants often rely on social media, television, and neighbors for information on nutrition. The study also found that financial constraints, lack of time, and limited access to healthy food options hinder the ability of households to adopt healthy eating habits. The evaluation suggests that addressing these challenges through targeted interventions, such as nutrition education and awareness-raising campaigns, may help improve the nutrition and food security of beneficiary households."
Nutrition_Snapshot_2024,"This evaluation aimed to assess the impact of malnutrition on children under 5 and the effectiveness of World Food Programme (WFP) interventions in addressing this issue. The evaluation methodology involved analyzing data from WFP's 19 largest operations, as well as case studies from specific countries, including Chad and Yemen. Key findings indicate that 148 million children under 5 are chronically malnourished, 45 million are acutely malnourished, and 37 million are overweight, with micronutrient deficiencies affecting nearly half of preschool-aged children. Malnutrition is a leading driver of death and disease among young children, particularly in countries facing conflict, climate shocks, and economic crises. The evaluation also highlights the importance of addressing the root causes of food insecurity and malnutrition, including poverty, ineffective food systems, and recurrent humanitarian emergencies. Despite a global shortfall of over US$1 billion in funding for lifesaving nutrition programming, WFP has made significant progress in addressing malnutrition, including the distribution of specialized nutritious food (SNF) to prevent acute malnutrition. The evaluation's findings have implications for WFP's strategic plan, emphasizing the need to maximize the contribution to tackling malnutrition and improving diets globally."
Nutrition_at_the_Heart_of_WFP_s_Work_in_Madagascar,"This evaluation aimed to assess the effectiveness of the World Food Programme's (WFP) nutrition portfolio in Madagascar, as outlined in the Country Strategic Plan. The evaluation methodology involved an examination of WFP's cross-cutting nutrition initiatives, including school feeding and agricultural value chain programmes. Key findings indicate that WFP has made significant progress in strengthening institutional capacity for nutrition governance, improving access to nutritious diets, and enhancing access to prevention and treatment services for malnutrition. Specifically, the evaluation highlights the establishment of three semi-industrial and artisanal food processing units, the development of a nutritious menu catalogue, and the facilitation of cash transfers to diversify school meals. Additionally, WFP has developed a toolkit and training plan to promote healthy practices among students. The implications of these findings suggest that WFP's nutrition portfolio has contributed to reducing forms of malnutrition, improving dietary diversity, and promoting better child feeding and care practices in Madagascar."
Palestine_Environmental_and_Social_Commitment_Plan,"The evaluation objective of the Emergency Social Protection and Jobs COVID-19 Response Parent Project in the West Bank and Gaza is to ensure the effective implementation of environmental and social safeguards, in accordance with the Environmental and Social Standards (ESSs) and the Environmental and Social Commitment Plan (ESCP). The methodology employed involves the maintenance of an Environment and Social Officer (ESO) by the Ministry of Finance (MoF) and the hiring of a qualified Environmental and Social Specialist by the World Food Programme (WFP) to support the management of environmental and social risks and impacts. The key findings of the evaluation include the implementation of the ESMF and SFA, the conduct of social assessments and reviews, and the maintenance of a grievance mechanism. The implications of these findings are that the project is well-positioned to address environmental and social risks and impacts, and that the WFP's existing grievance mechanisms will be used to facilitate the resolution of concerns and grievances related to the project."
Palestine_Stakeholder_Engagement_Plan_SEP_for_Emer,"The evaluation objective of this Stakeholder Engagement Plan (SEP) is to assess the effectiveness of stakeholder engagement mechanisms in ensuring informed participation and feedback throughout the project cycle. The methodology employed involves conducting consultation workshops with relevant stakeholders, providing clear guidance on complaints handling through the grievance mechanism (GM), and documenting stakeholder engagement activities as part of project progress reporting requirements. Key findings include the successful implementation of consultation workshops, the establishment of a grievance mechanism to resolve complaints and grievances in a timely and effective manner, and the provision of clear information on stakeholder engagement activities and grievance mechanisms to all project stakeholders. The implications of these findings suggest that the SEP has been effective in promoting stakeholder engagement and ensuring that project activities are responsive to stakeholder needs and concerns."
Partnering_with_WFP_to_protect_vulnerable_communit,"This evaluation aimed to assess the effectiveness of the World Food Programme's (WFP) Inclusive Risk Financing (IRF) programmes in mitigating the impacts of climate-related shocks on vulnerable communities. The evaluation employed a mixed-methods approach, combining quantitative data on insurance payouts and beneficiary numbers with qualitative insights from programme implementation and beneficiary experiences. Key findings indicate that the IRF programmes have provided a critical lifeline to communities threatened by climate shocks, with notable successes in Ethiopia's Somali region, where US$41.5 million in insurance payouts benefited almost 1.5 million people. The evaluation also highlights the strategic value of the Trust Fund modality in securing flexible, long-term investments and enabling the introduction of innovative solutions tailored to local risk profiles. The scale-up of WFP's IRF portfolio was made possible through multi-year financial support from long-term donor partners. The implications of this evaluation are that continued investment in the IRF programmes is essential to build a sustainable and resilient future for millions of people facing the brunt of the climate crisis."
Payouts_from_WFP_supported_Disaster_Risk_Financing,"This evaluation aimed to assess the effectiveness of the World Food Programme's (WFP) disaster risk financing (DRF) solutions in reducing the protection gap for vulnerable populations. The evaluation methodology involved an analysis of WFP's DRF portfolio, including its risk layering approach, contingency fund, and Catastrophe Layer, as well as its partnerships with governments and organizations such as the African Union's African Risk Capacity (ARC) and the Caribbean Catastrophe Risk Insurance Facility (CCRIF). Key findings include the successful implementation of a risk layering strategy in Mali, which effectively addressed different levels of risks, and the timely disbursement of funds following Hurricane Beryl in 2024, enabling WFP to provide critical food assistance to affected populations. Additionally, the evaluation highlighted the importance of inclusive risk financing, as seen in the record US$868,345 insurance payout to 61,943 affected farmers in Ethiopia in 2024. The implications of these findings suggest that WFP's DRF solutions can contribute to reducing the protection gap and ensuring sustainability in the mid and long term through close government involvement and integration with adaptive social protection systems."
Planet_friendly_home_grown_school_feeding_What_doe,"This study aimed to evaluate the current school meal supply chain in Sub-Saharan Africa, with a focus on identifying practices that influence the impact of school feeding programs on planetary health. To achieve this objective, a round of stakeholder consultations was conducted from May 9th to June 16th, 2024, to understand the status and approaches used in school meal procurement to mitigate the environmental impact of the food supply chain. The key findings of this study highlight the need for a more comprehensive approach to school meal procurement, considering not only environmental impacts but also social and economic benefits. Specifically, the study emphasizes the importance of integrating locally sourced food into school meals, adopting sustainable agricultural practices, and promoting ecologically sustainable food systems. The proposed evaluation tool can serve as a starting point to engage with parents and farmers on criteria for food production and sourcing, potentially catalysing a shift toward sustainability. The implications of this study suggest that sustainable procurement practices that consider both social and environmental impacts along the food supply chain will enhance local markets, driving economic equity while ensuring long-term sustainability and healthy diets for school-going children."
Powering_progress_market_creation_strategies_for_s,"This evaluation aims to assess the potential of solar e-cooking solutions in displacement settings to contribute to global climate change mitigation efforts and sustainable development. The study employed a qualitative methodology, analyzing existing literature and case studies to identify key challenges and opportunities for scaling up solar e-cooking technologies. The evaluation found that international carbon markets, including Article 6 of the Paris Agreement and voluntary carbon markets, have the potential to generate carbon finance that promotes sustainable cooking practices. However, barriers to uptake remain, including high costs of clean cooking and electricity access technologies, limited private sector engagement in remote areas, and variable quality of energy technologies. The study also identified opportunities for growth, including the potential for solar e-cooking to reduce greenhouse gas emissions, enhance resilience to climate shocks, and preserve natural resources. The evaluation recommends activating the supply of solar e-cooking technologies, raising awareness of the benefits of such cooking technologies, and providing financing options for households to purchase solar e-cooking systems. Furthermore, the study suggests that mainstreaming renewable-powered e-cooking technologies can help countries secure large flows of concessional climate finance and elevate the prominence of e-cooking targets and investment strategies in their sustainable development agendas."
Pre_arranged_Finance_for_Food_Security,"This evaluation aimed to assess the effectiveness of pre-arranged finance (PAF) in enhancing food security and reducing the impacts of predictable shocks, particularly in the context of the escalating climate crisis. The evaluation employed a qualitative methodology, drawing on existing literature and case studies, to examine the integration of PAF instruments in humanitarian programming. Key findings indicate that PAF has the potential to shift from costly reactive approaches to efficient proactive support, with only 2 percent of international crisis finance currently pre-arranged. The World Food Programme (WFP) aims to increase PAF tenfold by 2035, making it the default crisis financing approach for predictable and modellable risks. Case studies, such as Anticipatory Actions (AA) and Disaster Risk Financing (DRF), demonstrate the effectiveness of PAF in strengthening resilience, providing financial protection, and helping communities adapt to climate-related shocks. The evaluation highlights the importance of increasing pre-arranged finance to provide assistance more effectively and maximize every dollar spent, particularly in the face of escalating food insecurity, poverty, and climate-related threats."
Prevention_of_Sexual_Exploitation_and_Abuse_Sexual,"This evaluation aims to assess the effectiveness of the World Food Programme's (WFP) Gender-Based Violence (GBV), Sexual Exploitation and Abuse (SEA), and Sexual Harassment (SH) Action Plan in mitigating risks and promoting a safe and respectful work environment. The evaluation methodology involves an analysis of existing policies, training programs, and community awareness initiatives. Key findings indicate that WFP has a zero-tolerance policy on SEA, with a robust reporting mechanism and a reliable countrywide Grievance Redressal Mechanism (GRM) system in place. However, the increasing risk of service providers being targeted, particularly women-led organizations, necessitates the implementation of targeted prevention measures. The evaluation highlights the importance of regular SEA risk assessments, awareness sessions for staff, volunteers, and community members, and the establishment of safe referral pathways for survivors of GBV/SEA. The implications of these findings suggest that WFP should prioritize the integration of SEA/SH into its GRM systems, collaborate with key PSEA and GBV actors, and ensure the safe referral of survivors to appropriate service providers."
Price_monitoring_for_food_security_in_the_Kyrgyz_R,"This evaluation aimed to assess the impact of economic and climatic factors on food prices in the Kyrgyz Republic. The methodology involved analyzing operational daily food price data collected by the National Statistics Committee from 18 markets across the country, disaggregated at province level. Key findings indicate that the country's GDP growth is driven by goods-producing industries, services, and food taxes, but consumer price growth has been witnessed in all regions except Jalal-Abad and Chuy provinces. The prices of fuel and lubricants have increased by 10 percent, leading to higher transportation costs and affecting all other prices. Rising food and fuel prices, combined with inflation, have eroded the purchasing power of the most vulnerable populations, making it difficult for them to access a nutritious diet. The country's high import dependency on vegetable oil, wheat, and other basic food commodities due to low internal production and capacity for processing oil seeds has also been identified. The evaluation highlights the importance of currency movements as a driving force of retail prices of imported basic food commodities. Implications of these findings suggest that the Kyrgyz Republic needs to address its high import dependency and develop strategies to increase domestic production and processing capacity to ensure food security and stability in the face of volatile global oil markets."
R4_Rural_Resilience_Initiative_Quarterly_Report_3_,"This evaluation aimed to assess the effectiveness of the integrated risk management strategies implemented under the R4 initiative in strengthening farmers' food and income security. The evaluation employed a mixed-methods approach, combining quantitative and qualitative data from various sources, including surveys, meetings, and training sessions. Key findings indicate that the initiative has successfully reached a significant number of farmers, with 67,015 farmers (41 percent women) insured for the 2020 agricultural season in Amhara and Tigray regions. Additionally, 544 savings groups were established, with a cumulative savings of US$110,610 (ZMW 2,212,205) among 12,246 farmers (59 percent women). The initiative also promoted Conservation Agriculture (CA) techniques, with 17,835 farmers applying CA techniques, and 8,966 farmers trained in CA land preparation. Furthermore, 2,000 farmers (96 percent women) accessed flood index insurance, with a total payout sum of US$63,793 (Taka 54,000,000). The evaluation's implications suggest that the integrated risk management approach has the potential to improve farmers' resilience to climate-related shocks and stressors, and that the initiative's components, including risk transfer, risk reduction, and risk reserves, are critical in achieving this goal."
RBA_Canada_2nd_Steering_Committee_meeting_Septembe,"The evaluation objective of the 2nd Steering Committee Meeting of the RBA/Canada resilience initiative was to discuss the implementation of the partnership, take stock of preliminary results, and identify areas for improvement and further support. The meeting was conducted in Niger between September 16th and 20th, 2019, and involved participants from Canada and RBA representation from Niger, DRC, Somalia, and HQ. The methodology employed included a field visit to RBA Niger project sites in Maradi and Zinder, a one-day meeting in Niamey, and discussions on implementation, preliminary results, and follow-up opportunities. Key findings included the need to strengthen support for M&E, align reporting systems, and streamline the process of receiving funds for project implementation. Additionally, there was a need to define clear, common messages on the RBA Canada initiative, scale up knowledge management, and clarify IFAD's financing. The implications of these findings include the potential to improve the effectiveness and efficiency of the RBA/Canada initiative, enhance collaboration with UNICEF, and strengthen rural finance and village savings and loans associations in Niger. Overall, the meeting provided an opportunity for countries to share experiences and learning, identify areas for improvement, and plan for the future of the initiative."
Rajasthan_Food_and_Nutrition_Security_Analysis_202,"This evaluation aimed to analyze patterns of food insecurity and malnutrition in Rajasthan, identify the most affected areas and population groups, and the underlying factors contributing to their vulnerability. The study employed a comprehensive methodology, utilizing various secondary sources such as Census 2011, National Family Health Surveys (NFHS 3, 4, and 5), Consumer Expenditure Surveys (CES), and administrative data from government departments. Key findings indicate that rural regions in Rajasthan have higher rates of stunting and underweight among children under five, while urban areas show slightly higher rates of wasting and overweight/obesity. The analysis also reveals that the bottom 25 percent population in Rajasthan has higher energy, protein, and fat intake compared to their national counterparts. Furthermore, the study found that Rajasthan has made significant strides in reducing child undernutrition and mortality, particularly among the Empowered Action Group (EAG) states, between 2015-16 and 2019-21. The evaluation highlights the need for continued analysis and attention to address the underlying factors contributing to food and nutrition insecurity in Rajasthan, particularly in districts with high proportions of agriculture labourers and vulnerable populations. The findings have implications for policymakers and stakeholders to develop targeted interventions and strategies to improve food and nutrition security in the state."
Ready_to_learn_and_thrive_School_health_and_nutrit,"This report aims to evaluate the extent to which countries have implemented school health and nutrition (SHN) policies and programmes, with a focus on the core components of SHN, including education for health and well-being, the school physical environment, the school socioemotional environment, school health services, and school feeding programmes. The evaluation draws on available data and case study examples to provide an overview of the extent to which countries are implementing SHN programmes and considers available evidence about implementation of each core component. The findings show that SHN programmes are one of the most widely implemented public policies across the world, with many countries implementing activities in schools to promote the health, nutrition, and well-being of students. However, despite the conceptual shift towards a more holistic and integrated approach, many countries have yet to develop or implement comprehensive school health policies and programmes. The analysis highlights the increasing priority that governments place on SHN and its role in achieving education sector goals, with around two-thirds of countries having national standards on health-promoting schools. The report also highlights the need for a whole-school approach to address student health and well-being, with few national policies taking a comprehensive or whole-school approach. The evaluation objective is to assess the status of SHN policies and programmes globally, with a focus on the core components of SHN. The methodology involves drawing on available data and case study examples to provide an overview of the extent to which countries are implementing SHN programmes. The key findings include the widespread implementation of SHN programmes, the increasing priority placed on SHN by governments, and the need for a whole-school approach to address student health and well-being. The implications of the findings are that governments and development partners should prioritize the development and implementation of comprehensive school health policies and programmes, and that a whole-school approach is necessary to address student health and well-being."
Regenerating_Ecosystems_and_Restoring_Livelihoods_,"This evaluation aimed to assess the effectiveness of Food Assistance for Assets (FFA) programmes in improving long-term food security and resilience of vulnerable communities in fragile contexts. The evaluation employed a mixed-methods approach, combining quantitative data from a 2024 cost-benefit analysis conducted by the United Nations University Institute for Environment and Human Security (UNU-EHS) in Niger with qualitative insights from community-oriented efforts. Key findings indicate that FFA activities can contribute to ecosystem restoration, with 2/3 of implemented assets showing improvements in vegetation and soil conditions. Furthermore, investing in land restoration measures for resilience and climate adaptation was found to be 3.3 to 3.5 times more cost-efficient than providing humanitarian aid for food insecure populations until 2055. The evaluation also highlights the importance of community-led initiatives, including the rehabilitation of over 13,400 ha of degraded lands, development of 2,300 ha of vegetable gardens, and training of 14,300 lead farmers in various technologies and practices. The implications of these findings suggest that FFA programmes can be a critical component of integrated resilience approaches and climate change adaptation strategies, particularly when implemented in a community-oriented and gender-transformative manner."
Regional_Office_for_Eastern_and_Southern_Africa_No,"This evaluation aimed to assess the progress and outcomes of humanitarian programs implemented in various countries, including Kenya and Djibouti, with a focus on program sustainability and transition to government ownership. The evaluation methodology involved an analysis of Annual Country Reports and macroeconomic data sourced from government websites and official reports. Key findings indicate that, as of 2024, programs in Kenya and Djibouti have been successfully transitioned to government ownership, marking a significant milestone in program sustainability. Notably, Sudan's program indicators were waived for the 2024 reporting period, suggesting a need for further evaluation and support. The implications of these findings underscore the importance of effective program transition and government ownership in ensuring long-term sustainability and impact of humanitarian interventions."
Resilient_Food_Systems_for_Climate_Action,"This evaluation aimed to assess the effectiveness of the World Food Programme's (WFP) efforts in promoting resilient food systems, particularly in addressing climate change and improving food security, nutrition, and livelihoods. The evaluation methodology involved an analysis of WFP's programme portfolio, including its Smallholder Agricultural Market Support programme, and its engagement with Food Systems Coalitions and the Task Force. Key findings indicate that WFP's initiatives have the potential to enhance food security, improve nutrition, and support livelihoods, while also contributing to environmental sustainability. The evaluation highlights WFP's efforts to promote planet-friendly, diversified, and localized food production, as well as its value chain development approach aimed at improving the livelihoods of smallholder farmers. The implications of this evaluation suggest that WFP's approach to resilient food systems can have a positive impact on addressing climate change and improving food security outcomes, particularly in fragile and conflict-affected settings."
Revised_Corporate_Results_Framework_2017_2021_,"This evaluation aimed to assess the effectiveness of the World Food Programme's (WFP) revised Country Strategic Note (CRF) in measuring programme performance and contributing to the achievement of Sustainable Development Goals (SDGs). The evaluation methodology involved the development of indicators and metrics to measure the programme results chain, impact pathways, and strategic outcomes. The revised CRF is based on a hierarchy of measurable results, ensuring alignment with global and national development goals. Key findings include the alignment of strategic outcome, output, and activity categories with the new country portfolio budget structure, enabling WFP to view and analyse performance information and expenditure data. The evaluation also found that the revised CRF promotes the alignment of resources to results as a performance principle, key to transparency and accountability. The implications of this evaluation are that WFP will need to accommodate changing SDG indicators and incorporate new learning regarding programme and management performance in the coming years. The revised CRF will enable country offices to select indicators most relevant to the design and desired results of an intervention, rather than by strategic outcome category, allowing for more effective monitoring and reporting of programme performance."
Rwanda_Cash_based_transfers_on_food_security_and_g,"This evaluation aimed to assess the impact of women's participation in FFA (working outside the household and receiving cash in return) on their social and economic empowerment. The analysis compared the FFA for women group to the comparison group, which was not targeted for programme participation. The evaluation employed a treatment-on-the-treated (ToT) analysis to estimate the impacts of women's participation in FFA. Key findings include modest improvements in food security and household consumption, particularly in the FFA for women group. However, household participation rates were significantly lower in the FFA for women arm, leading to reduced WFP cash support. Additionally, women's decision-making authority (agency) over consumption was negatively affected in both the FFA and FFA for women groups. The evaluation's findings suggest that targeting women with FFA may have mixed effects on their social and economic empowerment, with both positive and negative outcomes. The results have implications for programme design and implementation, highlighting the need to consider the potential trade-offs between different programme components and the importance of addressing the root causes of gender inequality."
Rwanda_Evaluation_of_Home_Grown_School_Feeding_202,"This evaluation aimed to assess the relevance of the FY24 McGovern-Dole project design in contributing to a sustainable and effective implementation of the National School Feeding Programme (NSFP) in Rwanda, considering the government's readiness and capacities to manage the programme. The study employed a combination of methods, including situational assessment, desk review, and semi-structured key informant interviews, to gather data from various sources, including WFP and partner reports, government documents, and stakeholder interviews. The evaluation found that the FY24 project design is highly relevant in responding to gaps identified during the FY20 midterm evaluation, particularly in ensuring adequate support for and sustainability of the NSFP. The project's focus on policy coherence, advocacy, and capacity building aligns with the World Bank's SABER framework and the Government's priorities. The evaluation also identified early signs of systemic improvements in the NSFP, including increased government capacity, improved school meal quality, and enhanced smallholder engagement. However, the study also highlighted capacity constraints relevant to the NSFP, including procurement and sustainability pressures, gaps in monitoring and evaluation systems, and technical capacity gaps in some areas. The evaluation's findings will inform operational and strategic decision-making related to school feeding in Rwanda, contributing to the strengthening of national systems for school feeding, including planning, delivery, and monitoring capacities."
Rwanda_Evaluation_of_WFP_and_Mastercard_Foundation,"This evaluation aimed to assess the extent to which the Mastercard Foundation-funded ""Strengthening food systems to empower smallholder farmers and young people"" project, locally known as Shora Neza, addresses the needs and priorities of agri-entrepreneurs and smallholder farmers, especially youth and women, in Rwanda. Utilizing a mixed-methods approach, including a cross-sectional study design, desk review, surveys, key informant interviews, and focus group discussions, the evaluation collected primary data from programme participants, internal and external stakeholders, and programme documents. The findings indicate that the programme's strategic design, objectives, and implementation are addressing the needs and priorities of agri-preneurs and smallholder farmers, particularly youth and women, to a significant extent. The programme has successfully linked agri-entrepreneurs and smallholder farmers, especially women and youth, to formal food systems, and has empowered them with knowledge, skills, and resources to drive lasting change. The evaluation also found that the programme has considered the specific needs and barriers faced by women and young people within Rwanda's agricultural sector, and has laid the groundwork for continued impact beyond its lifespan. The results of this evaluation will inform how to serve beneficiaries more efficiently and effectively, and will contribute to the development of inclusive national food systems in Rwanda."
Scaling_Up_of_the_Rapid_Rural_Transformation_RRT_I,"This evaluation aimed to assess the effectiveness of the Rural Rapid Transformation (RRT) Initiative in strengthening the resilience of vulnerable rural communities in southern Madagascar. The evaluation methodology involved monitoring the implementation of 11 RRT sites established since January 2023, with a focus on the integration of multifunctional solar platforms powering essential services, including access to clean water, digitalization, improved food storage and processing, climate-resilient agriculture, and social cohesion. Key findings from the evaluation included the successful establishment of RRT platforms as catalysts for local economic development, food security, and nutrition, with access to clean drinking water being the most significant benefit for communities. Other substantial benefits were identified in the areas of health, environmental impact, access to education, and economic empowerment. The evaluation also highlighted the need to adapt the size of energy kits to local needs, strengthen community capacities for management and long-term sustainability, and promote viable business models based on the sale of services. The RRT Initiative's management models, including community-based management, public-private partnerships, and private sector management, are being tailored to local contexts, with a sustainable business model currently being developed to integrate the sale of services."
School_Meals_Programme_in_Madagascar,"This evaluation aimed to assess the effectiveness of the Home-Grown School Feeding (HGSF) model in Madagascar, implemented by the World Food Programme (WFP) in collaboration with the Government of Madagascar. The evaluation objective was to evaluate the progress and impact of the HGSF model in improving school nutrition and education outcomes. The methodology involved an analysis of programme data, including school enrolment rates, meal fortification, nutrition education activities, and procurement of commodities from smallholder farmers. Key findings indicate that, despite high primary school enrolment rates, only half of school children complete primary school on time. However, the HGSF model has shown promising results, with the procurement of 5,432 MT of commodities from smallholder farmers in 2024, and the expansion of HGSF coverage to 191 schools under the Mionjo project. The implications of these findings suggest that scaling up the HGSF model through capacity building, financial support, and increased coverage of schools is crucial to improving school nutrition and education outcomes in Madagascar."
School_Nutrition_Education_Material_for_Teachers_P,"This evaluation aimed to assess the effectiveness of nutrition and physical activity practices in promoting healthy eating habits and immune system strengthening among family members. The study employed a qualitative methodology, gathering information through representative sentences that highlighted the importance of consuming a balanced diet, limiting sugar, salt, and fat intake, and engaging in regular physical activities. Key findings revealed that a variety of safe and nutritionally balanced foods, including fruits and vegetables, are essential for strengthening the immune system and reducing the risk of disease. Moreover, cooking meals at home using clean tools and ingredients, and refraining from using excessive frying oil or artificial flavorings, can support children's immune systems and provide adequate energy. The study also emphasized the significance of breakfast in providing energy for daily activities and the importance of proper food handling and cooking practices to ensure food safety. The implications of these findings suggest that promoting healthy eating habits and physical activity practices can have a positive impact on immune system strengthening and disease prevention, highlighting the need for education and awareness-raising initiatives to support families in adopting these practices."
Seasonal_Monitoring_in_Cambodia,"This evaluation aimed to assess the climate and weather conditions in the country from September to December 2025. The methodology involved analyzing remote sensing data, including land surface temperatures (LST), water levels, and Normalized Difference Vegetation Index (NDVI) values. Key findings indicate that land surface temperatures were generally below average in September, while water levels in the Tonle Sap Lake and River remained close to the long-term average, albeit with a total lake volume 8.8% below its average. Vegetation conditions nationwide were slightly below the long-term average, with healthy vegetation observed in certain areas, but approximately 20,623 hectares of agricultural land were impacted by floods. The evaluation also suggests that rainfall patterns in December 2025 and January 2026 are expected to be near normal, with potential localized temperature fluctuations in October. The implications of these findings highlight the need for continued monitoring of climate and weather conditions to inform agricultural and humanitarian planning."
Security_Impact_on_WFP_s_Operation_in_the_South_Oc,"The evaluation objective was to assess the impact of the ongoing conflict on Lebanon's southern borders on the World Food Programme's (WFP) assistance delivery to affected populations. The evaluation employed a descriptive methodology, analyzing data on the number of people killed and displaced, assistance provided, and distribution site operations. Key findings indicate that the conflict resulted in 306 deaths, 90,000 displaced individuals, and 112,200 people assisted with emergency assistance. However, the conflict also led to the closure of three food distribution points, resulting in a 5% lower show-rate at distribution sites. To mitigate this impact, WFP identified and utilized alternative distribution points, and implemented a no-show distribution to reach more people. The evaluation also highlights the flexibility of the cash modality, which allowed beneficiaries to redeem their entitlements with minimal impact. The findings suggest a trend of households seeking safer zones further north, with a noticeable increase in redemption rates beyond 26 km. The evaluation's implications are that WFP's assistance delivery was adapted to respond to the evolving conflict situation, and that the cash modality provided flexibility in the face of operational challenges."
Security_Risk_Assessment_and_Security_Management_P,"This evaluation aimed to assess the effectiveness of the United Nations World Food Programme's (WFP) security management system in Sudan. The evaluation methodology involved an examination of WFP's security plans, policies, and guidelines, as well as an analysis of the responsibilities and accountabilities of WFP officials and personnel. Key findings indicate that WFP's security management system is aligned with the United Nations Security Management System (UNSMS) policies and guidelines, and that the Country Director has overall responsibility for the security of WFP staff, supported by a team of security field officers. Furthermore, WFP ensures that cooperating partners and financial service providers operating within the framework of the World Bank's Environment and Social Framework. The evaluation also highlights the collaboration between WFP and other agencies to share insights on security risks and mitigation measures. The implications of these findings suggest the need for continued adherence to UNSMS policies and guidelines to ensure the safety and security of WFP personnel and operations in Sudan."
Senegal_Evaluation_of_Green_Climate_Fund_Project_2,"This evaluation aimed to assess the relevance, effectiveness, efficiency, impact, consistency, gender equity, country ownership, innovation, sustainability, replicability, scalability, and positive and negative unintended outcomes of the R4 project in Senegal. The project employed a consultative approach, bringing together information on food security trends, shocks, livelihoods, and seasonality at national, regional, and community levels. The evaluation methodology involved interviews with stakeholders, including direct beneficiaries, the WFP Country Office, cooperating partners, national and local authorities, and aid actors.

Key findings indicate that the project is well aligned with national priorities and strategies in terms of food and nutritional security, adaptation to climate change, territorialisation of public policies, gender equality, social protection, and financial inclusion. The project has demonstrated its relevance to the commitments made by the State, with plans to extend the R4 programme to scale up a flagship rural resilience programme combining four risk management strategies. The project has contributed to strengthening the productive capacity of communities, promoting community participatory approaches, securing food production through agricultural insurance, and improving women's and children's access to community care.

The evaluation also highlights the project's potential for scaling up, with activities such as climate information, village cereal banks, and savings and credit groups easily replicable at no or low additional cost. However, the project faced challenges in terms of capitalisation and communication, which hindered the authorities, aid actors, and the general public from being sufficiently informed about the project's actions, results, and best practices. The evaluation recommends improving the project's monitoring and evaluation framework, including the development of clear qualitative and quantitative indicators to measure its impacts.

The project's impact on social cohesion, food security, and climate resilience is evident, with communities unanimously pointing to these effects as beneficial in strengthening their climate resilience. The project's alignment with government, GCF, and WFP policies and strategies is also noted, with the R4 project contributing to the achievement of the NDC commitments. Overall"
Severe_Tropical_Storm_Kristine_Trami_Rapid_Damage_,"This evaluation aimed to assess the humanitarian needs of populations affected by widespread flooding, landslides, and lahar in the provinces of Albay, Catanduanes, and Camarines Sur. The assessment team visited 10 areas in these provinces, including evacuation centres and communities with limited access to basic needs such as food, water, and medicines. Key findings indicate that food and water remain top priority needs for affected populations, particularly those in evacuation centres and communities with disrupted access to regular supplies. The assessment also highlighted the challenges in distributing relief packs due to inaccessibility of some affected areas. Furthermore, the evaluation revealed that affected families will face long-term challenges, including damage to livelihoods and price increases of goods. To address these needs, it is recommended to leverage shock-responsive social protection programmes and utilize pre-existing lists of vulnerable households in the most affected areas."
Shifting_schools_to_eCooking_in_Burkina_Faso_an_in,"This evaluation aimed to assess the viability of solar-powered Electric Pressure Cookers (EPCs) in improving food security and reducing malnutrition in vulnerable and food-insecure areas of Burkina Faso. The project, launched in 2025, introduced EPCs in ten school canteens across the Plateau Central, Nord, and Boucle du Mouhoun regions, equipped with solar photovoltaic systems, batteries, and essential control and protection systems. The methodology involved training cooks, school staff, and members of School Management Committees on efficient use of the appliances, as well as an internal early-stage site visit to observe the technology's performance, effectiveness, and potential challenges. Key findings indicate that EPCs were able to suitably cook all dishes, demonstrating versatility in accommodating local culinary practices, and allowing for more homogenous cooking and reduced food waste. However, maintenance of batteries and cleaning of solar panels were not performed regularly, and access to reliable and clean water supply was identified as a concern in several schools. Despite these challenges, the initiative has shown positive trends in improving school attendance, and has sparked curiosity among cooks, teachers, and the wider community. Implications suggest that regular maintenance and upkeep are crucial to ensure the optimal performance and long-term efficiency of the solar-powered EPC systems, and that access to reliable and clean water supply is essential for maintaining proper hygiene in kitchen operations."
Shifting_to_e_cooking_in_schools_Insights_from_Les,"This evaluation aimed to assess the effectiveness of Electric Pressure Cookers (EPCs) in reducing energy demand and improving cooking outcomes in schools in Lesotho. The study employed a mixed-methods approach, combining data collection through electric meters, cooking diaries, and interviews with cooks and school management. The evaluation found that EPCs significantly reduced energy demand, were a clean alternative to traditional cooking methods, and were compatible with existing power generation infrastructure. Key findings included a cost savings of approximately one third compared to LPG and one sixth compared to wood fuel, as well as improved cooking outcomes, including reduced food contamination and faster cooking times. The evaluation also highlighted the potential for EPCs to improve the efficiency of cooking and reduce the time required for cooking and washing. Overall, the study suggests that EPCs can be a viable and cost-effective solution for improving cooking outcomes in schools in Lesotho."
Skills_for_Livelihood_Opportunities_SLO_Global_Pro,"This evaluation aimed to assess the effectiveness of the World Food Programme's (WFP) Sustainable Livelihoods Opportunities (SLO) programme in promoting food security and economic mobility among marginalized communities. To achieve this objective, the evaluation employed a mixed-methods approach, combining quantitative data from programme implementation and monitoring with qualitative insights from key stakeholders. Key findings indicate that since 2020, the SLO programme has supported nearly 3 million people across 32 countries, with significant upskilling of almost 800,000 individuals and direct training of over 341,000 people. Moreover, in 2024, the programme reached 800,000 people with food assistance, with 54% being women and 32% forcibly displaced individuals. The evaluation highlights the programme's twofold approach, investing in corporate technical capacity and strengthening the role of key partners, including national authorities, civil society, and the local private sector. The findings suggest that doubling down on efforts to implement market-driven upskilling programmes and economic self-reliance actions can lower the need for recurrent humanitarian interventions, particularly in the context of climate change. By 2030, the programme aims to improve food security for 6 million people, enhance job/business skills for 2 million people, and provide access to self- or wage-employment for 1 million people. The evaluation emphasizes the importance of integrated and long-term programming, multi-year layering and sequencing of emergency assistance, transition programming, and livelihood development actions."
Social_Assessment_and_Social_Development_Plan_Suda,"This evaluation aimed to assess the potential impact and risks of the proposed SANAD project activities on Project Affected Peoples in the project area, with a particular focus on effects on Indigenous Peoples/Sub-Saharan African Historically Underserved Traditional Local Communities (SSAHUTLC), vulnerable, and disadvantaged groups. The evaluation employed a social assessment methodology, including rapid assessments and community consultations, to understand the constraints on stakeholder engagement for vulnerable/disadvantaged groups, including indigenous/SSAHUTLC. Key findings revealed significant levels of financial exclusion in Kassala, West Darfur, and White Nile states, with particularly high levels of exclusion among women, rural populations, and nomads. The evaluation also highlighted the importance of addressing the risk of exclusion of SSAHUTLC, ethnic minorities, and vulnerable groups, and ensuring that project activities account for and are inclusive of their needs and aspirations. The implications of these findings suggest the need for deliberate efforts to economically empower women, address land grabbing and displacement, and promote financial inclusion, particularly among vulnerable populations."
Social_and_Behaviour_Change_Communication_Pre_Post,"This evaluation aimed to assess the effectiveness of the Social and Behavior Change Communication (SBCC) strategy implemented by the GTNS Project in promoting health and nutrition behaviors among community members. The evaluation employed a convenience sampling method, surveying eligible beneficiaries who had consented to being interviewed. The study collected pre- and post-test data to assess changes in knowledge, intention, and behavior related to health and nutrition practices. Key findings indicate that after completing the SBCC topic area, 75% of households recalled 3 key S&H messages, 66% intended to adopt practices that prevent illness, and 66% were confident in practicing handwashing with soap. Additionally, 66% of households intended to treat their water before consumption, and 50% of men and women attempted to make recipes from cooking demonstrations. These results suggest that the SBCC strategy was effective in increasing knowledge, intention, and behavior related to health and nutrition practices among community members. The implications of these findings are that the GTNS Project's SBCC strategy can be a valuable tool in promoting health and nutrition behaviors among community members, and that further scaling up of this strategy could lead to improved health outcomes."
Social_protection_food_security_and_nutrition_Crit,"This evaluation aimed to assess the effectiveness of age- and gender-sensitive social protection provisions in mitigating the impact of HIV/AIDS on human capital development, particularly among vulnerable adolescents and young people in sub-Saharan Africa. The evaluation employed a mixed-methods approach, combining literature reviews, program assessments, and stakeholder engagement to identify key findings and implications. The results indicate that targeted social protection provisions, including cash transfer programs, food assistance, and nutrition support, can effectively address the multiple deprivations affecting vulnerable adolescents and young people, including those living with HIV. These interventions have been shown to improve financial stability, school enrollment, and cognitive development outcomes, while also reducing the risk of new HIV infections. Furthermore, integrated prevention and mitigation measures, such as psychosocial support and adolescent-friendly clinics, can help tackle the drivers of new infections and mitigate the negative impacts of mortality and HIV-related morbidity on households. The evaluation highlights the importance of understanding contextual HIV risks, vulnerabilities, and age-specific needs of adolescents, particularly adolescent girls and young women, to enhance social protection interventions. Recommendations include ensuring that social protection investments respond to the most vulnerable adolescents and youth affected by HIV and AIDS, identifying barriers to accessing social protection programs, and engaging with young people in program design, implementation, and monitoring."
South_South_Quarterly_February_2025_Edition,"This evaluation aimed to assess the effectiveness of South-South and Triangular Cooperation (SSTC) initiatives in promoting sustainable agricultural development, food security, and nutrition in Africa. The evaluation methodology involved a comprehensive review of existing literature, case studies, and stakeholder engagement with key partners, including the Food and Agriculture Organization (FAO), the World Food Programme (WFP), and the African Union. Key findings indicate that SSTC initiatives have contributed to enhancing food security, improving agricultural productivity, and addressing the root causes of hunger and malnutrition in Africa. Specifically, initiatives such as the China-Africa Agricultural Cooperation and Technical Innovation Alliance (CAASTIA), the China-Africa Rice Value Chain Initiative, and the School Feeding Coalition have demonstrated positive impacts on agricultural production, poverty reduction, and community development, particularly for vulnerable groups such as women and smallholder farmers. The evaluation also highlights the importance of knowledge exchange, peer-to-peer learning, and collaboration in fostering innovation and addressing shared agricultural challenges. Implications of these findings suggest that SSTC initiatives have the potential to contribute significantly to achieving the Sustainable Development Goals (SDGs), particularly SDG 2, and that continued support and coordination are necessary to sustain momentum and ensure long-term impact."
South_South_Quarterly_October_2024_Edition,"The evaluation objective of the South-South and Triangular Cooperation (SSTC) initiative was to assess its effectiveness in advancing food security and nutrition national agendas in participating countries. The methodology involved a series of panel discussions, workshops, and capacity-building training programs, which brought together government representatives, international organizations, and local stakeholders to share knowledge, experiences, and best practices. Key findings indicate that SSTC has created synergies that benefit both education and local agriculture, ultimately strengthening national capacities and driving sustainable development across the Global South. The initiative has also facilitated the exchange of best practices and sharing of experiences between countries, leveraging SSTC to improve social protection systems, enhance governance mechanisms, and support vulnerable populations. Implications of the SSTC initiative suggest that continued collaboration and knowledge exchange between participating countries and international organizations will be essential to further enhance food supplementation governance processes, promote sustainability, and increase reach and coverage of social protection programs."
South_South_and_Triangular_Cooperation_SSTC_Fast_F,"This evaluation aimed to assess the effectiveness of South-South and Triangular Cooperation (SSTC) in achieving the 2030 Agenda's Sustainable Development Goals (SDGs), particularly SDG 2 and SDG 17. The evaluation employed a qualitative methodology, analyzing data from WFP's Annual Country Reports (ACRs) and other sources to assess the impact of SSTC on national institutions, resource mobilization, and sustainable partnerships. Key findings indicate that SSTC has contributed to the transformation of international cooperation norms and principles, with national institutions taking a central stage as main actors in SSTC. In 2024, 85 national institutions provided technical and/or financial resources to WFP-facilitated SSTC, largely thanks to Centers of Excellence in Brazil, China, and Côte d'Ivoire. This has fostered national ownership, resource mobilization, and sustainable partnerships, resulting in tangible outcomes towards SDG 2 and SDG 17. The evaluation also highlights the consolidation of WFP's offer in areas such as school feeding, social protection, nutrition, and smallholder farmers market support. Implications of these findings suggest that SSTC can support timely and effective disaster response, and that WFP's engagement in SSTC has positioned it as a partner of choice for host governments."
South_Sudan_Resilience_Learning_Impact_evaluation,"This evaluation aimed to assess the impact of livelihood programmes on household resilience, with a focus on food security, agricultural production, and access to education and health facilities. The evaluation employed a randomized controlled trial (RCT) design, comparing households in newly eligible villages randomly assigned to three arms: unconditional cash or food transfers (UCTs), food or cash transfers for work on assets (FFA), and a comparison group that did not receive UCTs or FFA. The evaluation collected data through high-frequency surveys (bimonthly surveys following the baseline) and a qualitative component to cross-check conclusions and identify programme-related issues. Key findings indicate that access to FFA or transfers resulted in fewer households being severely food insecure, while there was an increase in the share of households experiencing moderate or no food insecurity. The evaluation also found that different types of households benefit differently from the programme, with implications for targeting and programming. The co-location of livelihoods, nutrition, and health interventions did not lead to additional improvements that are statistically significant in the short run. The evaluation's findings have implications for programme design, targeting, and implementation, and can inform strategies to improve household resilience and food security."
Special_Report_2024_FAO_WFP_Crop_and_Food_Security,"This evaluation aimed to assess the impact of floods and other factors on agricultural production in the Lao People's Democratic Republic. The study employed a mixed-methods approach, combining household surveys, focus group discussions, and review of existing datasets to estimate annual crop area, yield, and production. Key findings indicate that while floods had a severe impact on crops at the local level, their overall effect on national paddy and vegetable production remained limited. Paddy yields declined over the past decade, primarily due to inadequate access to and application of critical agricultural inputs, such as fertilizers and improved certified seeds. In 2024, paddy yields were estimated to be moderately below the five-year average, and paddy production was estimated at 3.8 million tonnes, about 3 percent above the previous five-year average. The agricultural sector contributed 13 percent to the country's total GDP in 2023 and employed more than 60 percent of the workforce. However, the sector is inadequately funded, with an Agriculture Orientation Index estimated at a low of 0.28 in 2022. The study highlights the need for increased investment in agriculture to improve productivity and address the challenges faced by farming households, including high food and fuel prices, limited availability of agricultural inputs, and the impact of natural hazards and poor harvests."
Special_Report_FAO_WFP_Crop_and_Food_Security_Asse,"This evaluation aimed to assess the effectiveness of the Food and Agriculture Organization (FAO) and the World Food Programme (WFP) Country Strategic Analysis and Monitoring (CFSAM) to Sri Lanka. The evaluation employed a comprehensive methodology, analyzing various reports and documents related to the CFSAM, including its objectives, implementation, and outcomes. Key findings indicate that the CFSAM has been instrumental in providing strategic guidance and support to the Government of Sri Lanka in addressing food security and nutrition challenges. The CFSAM has also facilitated the mobilization of international support and resources, contributing to the country's progress in achieving the Sustainable Development Goals (SDGs). The evaluation highlights the importance of continued collaboration between the FAO, WFP, and the Government of Sri Lanka to sustain the momentum and ensure the long-term impact of the CFSAM. The implications of this evaluation are that the CFSAM should be continued and strengthened to address emerging challenges and opportunities in the country's food security and nutrition landscape."
Strategic_Evaluation_of_WFP_s_Protection_from_Sexu,"This formative strategic evaluation assessed how the World Food Programme (WFP) has addressed its commitments to protection from sexual exploitation and abuse (PSEA), with the objective of evaluating the effectiveness of WFP's PSEA approach and identifying areas for improvement. The evaluation methodology involved extensive consultation and reflection with internal and external stakeholders, as well as an analysis of WFP's policies, procedures, and practices related to PSEA. Key findings of the evaluation include: 

WFP has made notable contributions to inter-agency PSEA activity, including the development of an inter-agency capacity assessment tool and strategic partnerships with other organizations. However, there is a lack of clarity among staff on how to address PSEA, particularly in the context of WFP's increasing adoption of a more ""enabling"" role with governments. 

The evaluation also found that WFP's PSEA system is not yet fully effective, with limited communication on progress being made to improve investigation systems and mechanisms, and a lack of systematic approach to identify and prioritize limited PSEA capacity support from headquarters or regional bureaux. 

The evaluation recommends that WFP should: articulate a detailed definition of zero tolerance on inaction on PSEA and what is expected of all staff; describe how WFP will fulfill the core IASC commitments for 2022-2026 on PSEA, emphasizing those on prevention; formalize the minimum required PSEA architecture at the headquarters, regional, and country levels; and provide guidance on how resources and victim support will be provided. 

The implications of these findings and recommendations are that WFP needs to prioritize the effective mainstreaming of PSEA commitments, including planning, resourcing, monitoring, and reporting to managers and senior levels of WFP. This will require a sustained effort to build trust among internal and external stakeholders and to develop the necessary capacity and resources to support PSEA efforts."
Strategic_Evaluation_of_WFP_s_Work_on_Nutrition_an,"This evaluation aimed to assess the continued relevance of the World Food Programme's (WFP) policies on HIV/AIDS and nutrition, and the effects achieved as a result of those policies. The evaluation also aimed to assess the extent to which WFP has sufficient organizational readiness to meet the challenges set out in the Decade of Action on Nutrition (2016-2025) and in corporate guiding frameworks. The evaluation employed a global scope, examining WFP's policies on nutrition and HIV/AIDS, as well as recent developments in nutrition-related programming. The evaluation also looked at a purposefully selected number of countries representing the wide spectrum of activities being carried out and supported by WFP in nutrition, including HIV/AIDS. Key findings included the continued relevance of WFP's policies on HIV/AIDS and nutrition, but with a need for refinement to bring them up to date with current priorities and evidence. The evaluation also found that WFP's effectiveness is increased through working in partnership, and that working in partnerships has the potential to contribute to improved outcomes, systems change, and sustainability. Furthermore, the evaluation highlighted the importance of WFP's role in supporting all nutritionally vulnerable population groups, including a clear articulation of the approach to HIV/AIDS-sensitive programming. The implications of these findings are that WFP should continue to prioritize nutrition and HIV/AIDS programming, and that partnerships should be strengthened to achieve improved outcomes and sustainability."
Strategic_Roadmap_for_the_SUN_Business_Network_in_,"This evaluation aimed to develop a Strategic Roadmap to support the advancement of SUN Business Networks (SBNs) in the Asia region, with the overall objective of increasing engagement of the private sector in nutrition. The methodology involved stakeholder consultations, analysis of regional trends, and mapping of regional stakeholders. Key findings included the need for a regional platform to facilitate implementation of the Roadmap and support national SBNs, as well as the identification of six priority areas of engagement: food quality and safety, rice/wheat fortification, and technical assistance to small and medium-sized enterprises (SMEs). The evaluation also highlighted the importance of cross-country knowledge sharing and the need to strengthen the capacity of national SBNs through better knowledge sharing, learning, and enhancing of technical expertise. The implications of these findings are that a Regional SBN Platform should be established to support national SBNs, with a focus on strengthening capacity, increasing technical expertise and financial resources, forging multi-sectoral coalitions and alliances, and implementing highly effective multi-sectoral solutions. The evaluation recommends the establishment of an informal Regional SBN Advisory Council/Board to effectively engage regional businesses and other regional stakeholders, and the development of a presentation with an overview of SBN in the Asia Pacific and strategic engagement areas requiring private sector support."
Strategic_evaluation_of_WFP_s_approaches_to_target,"This evaluation aims to assess the relevance and appropriateness of the World Food Programme's (WFP) approaches to targeting and prioritization for direct food/cash assistance interventions, as well as their effects on food security and nutrition status of targeted communities. To achieve this objective, the evaluation will employ a mixed-methods approach, combining desk-based analysis, case studies of six countries, and stakeholder engagement. The evaluation will draw on a range of data sources, including primary and secondary data, and will adhere to the 2020 UN Evaluation Group (UNEG) ethical guidelines to ensure impartiality, cultural sensitivity, and protection of participants' rights. The evaluation is expected to provide insights into the effectiveness of WFP's targeting and prioritization practices, identify areas for improvement, and inform the way forward for the organization. The findings will be presented in a final evaluation report, which will be made publicly available, and will be discussed with stakeholders through a stakeholder workshop."
Strategic_evaluation_on_WFP_s_support_to_refugees_,"This evaluation aimed to assess the effectiveness of the World Food Programme's (WFP) operational and advocacy support for refugees, internally displaced persons, and irregular migrants in meeting their short- and long-term food security and nutrition needs. The evaluation employed a mixed-methods approach, combining desk reviews, interviews, and case studies to assess WFP's strategic vision, programme approaches, and partnerships in supporting these vulnerable populations. Key findings indicate that while WFP has made significant contributions to addressing immediate food security needs, its ability to support self-reliance at scale is limited due to a historical focus on grant funding and a lack of clear business propositions. Furthermore, WFP's assistance modalities and programming approaches are not always contextualized to meet the specific needs and vulnerabilities of different categories of persons on the move. The evaluation also highlights the importance of WFP's relationships with governments, regional institutions, and international partners in accessing and supporting refugees, internally displaced persons, and irregular migrants. However, the evaluation notes that WFP's ability to engage in durable solutions and protection of these populations is hindered by a lack of clarity on roles and responsibilities, as well as limited engagement with governments and cooperating partners. Overall, the evaluation suggests that WFP needs to enhance its strategic vision, programme approaches, and partnerships to better support the long-term food security and nutrition needs of refugees, internally displaced persons, and irregular migrants."
Strengthening_Early_Warning_Systems_for_Anticipato,"This evaluation aimed to assess the effectiveness of the Strengthening Early Warning Systems (SEWAA) project in leveraging Conditional Generative Adversarial Networks (cGANs) for climate forecasting. The project employed a methodology that combined advanced AI with cloud computing and training sessions to enhance forecasting speed, efficiency, and accuracy. Key findings indicate that SEWAA has improved forecasting speed and efficiency, eliminated the need for expensive infrastructure, and enabled meteorological officers to acquire knowledge and skills in running, interpreting, and communicating machine learning-based forecasts. The project has also demonstrated scalability and cost-effectiveness, with the potential to transform how countries forecast and respond to extreme weather. Implications of this evaluation suggest that SEWAA can strengthen national systems, empower local expertise, and make anticipatory action the new standard in disaster risk management, with the potential for regional and global expansion."
Strengthening_Government_Institutions_for_Inclusiv,"This evaluation aimed to assess the effectiveness of the World Food Programme's (WFP) support to Lebanon's National Poverty Targeting Programme in addressing the country's deepening food insecurity crisis. Utilizing a retrospective analysis of programme data and contextual information, the evaluation examined the programme's impact on food security, economic stability, and poverty reduction. Key findings indicate that WFP's 10-year support has contributed to injecting liquidity into the Lebanese economy, revitalizing the local market, and reducing reliance on negative coping mechanisms among the poorest Lebanese families. However, the evaluation also highlights the need for urgent, multi-sector solutions to tackle the root causes of food insecurity, including economic instability, heavy reliance on food imports, widespread poverty, and soaring food prices. The findings suggest that sustained support to inclusive and sustainable food systems is critical to building resilience and ensuring long-term food security in Lebanon."
Strengthening_human_capital_for_resilience_and_foo,"This evaluation aimed to assess the effectiveness of the WFP's Skills for Livelihood Opportunities (SLO) programme in addressing food insecurity and promoting economic empowerment among vulnerable populations, particularly women and youth, in developing countries. The evaluation employed a mixed-methods approach, combining quantitative and qualitative data from various programme contexts, including rural Pakistan and refugee settings in Sudan. Key findings indicate that the SLO programme successfully provides marketable skills and support to access local job opportunities, resulting in improved skills sets (88%) and increased job prospects (81%) among programme participants, particularly women (70%). The programme's conditional transfer and additional services, such as productive equipment and financial capital, also contribute to addressing the immediate food and nutrition needs of trainees. Implications of the evaluation suggest that the SLO programme can drive national-level change by supporting policy shifts in skills development and income generation, while strengthening market actors and training institutions' quality services provision."
Strengthening_the_Humanitarian_System_in_India,"This evaluation aimed to assess the effectiveness and resilience of India's humanitarian system, with a focus on its preparedness, disaster risk reduction, and response to humanitarian crises. The study employed a desk review methodology, leveraging publicly available data to analyze the country's humanitarian structures, institutions, and financial mechanisms. Key findings indicate that India has a well-developed humanitarian system, characterized by a robust and effective response to saving lives, a strong and pervasive civil society response, and a self-reliant and self-sufficient humanitarian system. The country's humanitarian finance has also devolved well to address crises, and the application of technology has enabled timely assistance to victims. Furthermore, India's humanitarian system promotes innovations and good practices, with a decentralized system of federal governance and strong civil society involvement. However, the study highlights the need for further standardization and mainstreaming of civil society responses, as well as the establishment of an institutionalized coordination framework for all humanitarian actors. The evaluation's findings and recommendations are expected to benefit both the Government of India and non-government stakeholders in strengthening the humanitarian system, particularly as India assumes a more prominent global role in humanitarian action."
Sudan_Emergency_Wheat_Production_Project_Final_eva,"The evaluation objective of the Sudan Emergency Wheat Production Project is to assess the performance and results of phase one, determine how and why the results were achieved or not achieved, and provide evidence-based findings to inform operational and strategic decision-making for the World Food Programme (WFP), the African Development Bank, and other key stakeholders. The evaluation will cover the period from September 2022 to September 2025, corresponding to the duration of the project planning and implementation, and will be conducted through consultations with key stakeholders. The evaluation will build on outcome and output monitoring conducted throughout the project and will examine how well the project addressed barriers to inclusion and whether its design and implementation promoted equitable access to resources, training, and decision-making opportunities across all target groups. The evaluation team will use a range of data sources, including WFP's Annual Country Reports, project documents, and progress updates, as well as surveys and data from interviews with beneficiaries. The evaluation will be conducted by a gender, geographically, culturally, and linguistically diverse and balanced team, and will prioritize transparency, ownership, and accuracy. The evaluation findings will be shared internally within WFP and with the African Development Bank, the Government of Sudan, and other key stakeholders, with the primary goal of incorporating lessons learned into future programming and operational decision-making. The evaluation will also inform the design and implementation of phase two of the Sudan Emergency Wheat Production Project and other agriculture development projects in the wheat sector in Sudan, as well as support the development of longer-term policies and strategies to strengthen agricultural development in the wheat sector."
Sudan_SOMOUD_Enhancing_Community_Resilience_Projec,"The evaluation objective of this project is to assess the effectiveness of the mitigation measures in place to address potential risks and ensure the social and environmental sustainability of the project. The methodology employed includes regular consultation with women, awareness-raising sessions on women's rights and economic empowerment, and the establishment of a Grievance Redress Mechanism (GRM) to report any incidents. Key findings indicate that women's economic empowerment is a critical aspect of the project, with risks of exploitation and violence against women being mitigated through the implementation of measures such as direct payment mechanisms and collective sales of produce. However, challenges persist, including the risk of backlash against women who challenge traditional roles and the potential for powerful men to control resources. Implications of these findings suggest that continued support and capacity-building for women-led cooperatives and SMEs are essential to ensure the project's social and environmental sustainability."
Summary_of_evaluation_evidence_Prioritization,"This evaluation aimed to assess the criteria and strategies driving prioritization decisions within World Food Programme (WFP) country offices during funding shortfalls. The study employed a systematic review of 42 WFP independent evaluations, covering interventions in 41 countries, to identify key patterns and findings. The analysis revealed that prioritization decisions often involve focusing on certain populations, duration and timing of assistance, or quantity and quality of WFP rations and/or transfer values. However, fluctuations in the share of unmet needs were noted, with trends differing across focus areas and crisis response and root causes. The evaluation highlighted the trade-offs between maintaining breadth of coverage and safeguarding depth of assistance to vulnerable populations, with large-sized operations being more affected by prioritization decisions. The study also noted the importance of effective communication and consultation with affected populations to mitigate potential negative impacts of prioritization decisions. The findings have implications for WFP's operational and strategic planning, emphasizing the need for transparent and evidence-based prioritization decisions that balance competing demands and minimize negative consequences for beneficiaries."
Summary_of_evaluation_evidence_Targeting_in_Emerge,"This evaluation aimed to assess the effectiveness of the World Food Programme's (WFP) targeting approaches in emergency responses. The evaluation objective was to identify evidence gaps and areas for improvement in WFP's targeting practices, including vulnerability and needs assessments, contextual and programmatic relevance, and capacity to conduct needs assessments and implement targeting according to WFP standards. 

The evaluation methodology involved a review of 23 evaluation reports from 54 evaluations of WFP country strategic plans, corporate emergency responses, policies, and strategic areas, conducted between 2021 and 2023. The key findings indicate significant evidence gaps in all evaluations reviewed, particularly in the areas of quality and relevance of vulnerability and needs assessments, contextual and programmatic relevance of targeting methods, and capacity to conduct needs assessments and implement targeting according to WFP standards. The gaps were attributed to limited guidance on evaluating targeting, a lack of formal documentation on assessments and targeting, high staff turnover in emergencies, and serious gaps in monitoring.

The evaluation highlights the importance of contextual and programmatic relevance, advantages, and risks of targeting methods used, as well as the application of corporate and country-specific strategies, guidelines, and standard operating procedures on targeting. It also emphasizes the need for capacity strengthening, particularly in the transfer of digital technologies and data, and the protection of sensitive personal identifying information. The evaluation recommends strengthening monitoring and verification of targeting effectiveness, giving greater attention to inclusion of the most vulnerable groups, and improving the quality and relevance of vulnerability and needs assessments.

The implications of these findings suggest that WFP needs to improve its guidance on evaluating targeting, enhance its capacity to conduct needs assessments and implement targeting according to WFP standards, and strengthen its monitoring and verification of targeting effectiveness. Additionally, WFP should prioritize the inclusion of the most vulnerable groups and improve the quality and relevance of vulnerability and needs assessments to ensure that its targeting approaches are effective and equitable."
Summary_of_evaluation_evidence_USDA_McGovern_Dole_,"This evaluation aimed to assess the effectiveness of the USDA Local and Regional Food Aid Procurement (LRP) Program in supporting the transition of school meals programs from World Food Programme (WFP) management to host governments or local communities. The evaluation methodology involved a systematic review of 15 WFP-commissioned independent evaluations of LRP components under McGovern-Dole programs in five countries (Cambodia, Kenya, Laos, Rwanda, and Nepal) between 2017 and 2024. Key findings indicate that a progressive, phased approach to transition is crucial, and sustained support from WFP is needed post-transition to strengthen systems, refine procurement and pricing processes, and build monitoring and quality control capacities of governments. The evaluation also highlights the importance of localized needs assessments, adaptive management, and strong monitoring, evaluation, and knowledge management systems for ensuring sustainable outcomes. However, shifts in government leadership can reverse or stall progress, and the duration of LRP projects is often too short to ensure sustainable transition and inter-ministerial coordination. The evaluation concludes that LRP demonstrates potential for strong efficiency and can serve as a strong introductory model for transitioning schools to manage purchases themselves, but more intentional efforts are needed to ensure gender equality and women's empowerment is embedded from the outset in LFP designs."
Summary_of_evaluation_evidence_WFP_s_actions_to_ad,"This evaluation aimed to assess the effectiveness of the World Food Programme's (WFP) climate action programming, with a focus on integration, coherence, and forward-looking climate analysis. The evaluation employed a mixed-methods approach, analyzing data from 24 countries where WFP interventions were implemented. Key findings indicate that while WFP's climate action has led to positive outcomes at various levels, including livelihood diversification, food security, and risk reduction, challenges remain in achieving lasting resilience and systemic change. Integrated climate action programming that combines short-term adaptation with long-term transformative actions is more successful than stand-alone interventions. Participation and capacity building of national and local institutions, as well as community engagement, are critical factors of successful climate action programmes. However, further evidence is needed on the potential for leveraging private sector involvement and the role of non-governmental organizations (NGOs) in enhancing effectiveness. Additionally, there is a need for more evidence on the best practices for inter-agency collaboration on climate action, particularly on how to overcome competition for funds and coordinate joint actions more effectively. The evaluation also highlights the importance of strengthening monitoring and evaluation systems to inform future climate programming and policy development."
Summary_of_evaluation_evidence_WFP_s_budget_revisi,"This evaluation aimed to assess the effectiveness of the World Food Programme's (WFP) budget revision processes in supporting timely and strategic programming adaptations. The evaluation methodology involved a systematic review of 21 WFP-commissioned independent evaluations, which were rated satisfactory or above by an external post-hoc quality assessment. Key findings indicate that budget revisions can be time-consuming and may require significant human resource investments, potentially hindering WFP's ability to respond promptly to emergencies. However, the evaluation also highlights the importance of budget revisions as an effective tool for programming adaptation, enabling WFP to adjust its programming and respond to changes in needs. The analysis reveals that, between 2018 and 2021, WFP processed 332 budget revisions for 87 country offices, averaging approximately one revision per year per office. The evaluation suggests that proactive communication efforts are necessary to enhance the visibility of strategic changes introduced by budget revisions to non-WFP country stakeholders. Overall, the findings support the recommendation to ensure that crisis response placeholders are included in Country Strategic Plans to facilitate timely responses to emergencies."
Supporting_Social_Protection_Systems_in_the_Sahel_,"The evaluation objective of the Joint Project is to assess the effectiveness of the social protection interventions in enhancing the coverage of national social protection programmes, building resilience, and promoting inclusive, shock-responsive, and nutrition-sensitive national social protection systems in the Sahel region. 

The Joint Project employs a twin-track approach, channeling resources directly through national systems or, when these are overstretched or constrained, through partners, in alignment with national programmes. This approach has enabled the expansion of social protection programme coverage, reaching over 3.3 million people across five countries (Burkina Faso, Chad, Mali, Mauritania, and Niger) through cash transfers and complementary services. 

Key findings include the establishment of a strong partnership with the World Bank in the Sahel, the development of joint analyses and diagnostics on adaptive social protection, and the dissemination of standards for main pillars and instruments of adaptive social protection. The Joint Project has also supported the set-up of permanent national social safety programmes that can reach scale, with a focus on building capacities among country leadership and governments. 

The implications of the Joint Project's findings and outcomes are significant, as they contribute to the development and consolidation of national safety net programmes that address structural drivers of poverty and chronic vulnerability. The project's approach has the potential to elevate social protection as a vital component in addressing chronic needs in a more sustainable and cost-effective fashion, moving beyond humanitarian assistance alone."
Sustainable_Healthy_Diets_in_Cambodia_Evidence_for,"This evaluation aimed to assess the feasibility of shifting Cambodia's dietary patterns towards healthier and more sustainable options, while mitigating the triple burden of malnutrition and environmental impacts. To achieve this objective, a multi-objective linear optimization model was applied using the WFP Enhance platform, which considered energy and nutrient needs, diversity recommendations, cost minimization, and environmental impact reduction. The analysis revealed that a shift towards a healthy dietary pattern can lower greenhouse gas emissions by up to 31 percent and reduce the water footprint by up to 32 percent. Fortified rice was identified as a cost-effective solution to address micronutrient deficiencies, particularly for low-income households. Climate-smart production practices in the rice and livestock sectors can also contribute to reducing emissions. However, significant changes are required to overcome supply and demand barriers, including increasing fruit and vegetable production, improving value chains, and promoting social behavior change. The findings highlight the importance of staple food fortification, particularly for the poorest households, and the need for a strong focus on increasing production and improving value chains for fruit and vegetables. The analysis suggests that a combination of dietary shifts, climate-smart production practices, and staple food fortification can have a substantial impact on reducing the triple burden of malnutrition and environmental impacts in Cambodia."
Sustaining_Relief_and_Development_Responses_in_Nig,"This evaluation aimed to assess the effectiveness of the World Food Programme's (WFP) response to the humanitarian crisis in Niger, with a focus on ensuring the sustainability of investments and the delivery of life-saving assistance. The evaluation employed a systems-based approach, examining WFP's capacity to rapidly scale up humanitarian operations, deliver cash assistance, and implement integrated resilience-building programmes. Key findings indicate that WFP's flagship programme has delivered tangible results, supporting longer-term reductions in humanitarian needs and contributing to community-led peace-building efforts. However, the suspension of international budget support to Niger is likely to have a negative impact on economic development and access to basic services. The evaluation highlights the importance of sustained investments in Niger's social protection system, particularly in the context of ongoing climate change and climatic shocks. The findings also emphasize the need for a coordinated and targeted review of humanitarian assistance and multi-sectoral development responses, taking into account the evolving needs of the population, including specific needs of pastoralists and vulnerable groups. The evaluation concludes that demonstrating the multiple benefits of resilience programmes, including in terms of reducing humanitarian needs in times of shock, will strengthen advocacy efforts for sustainable and diversified financing mechanisms."
Synthesis_of_evaluative_evidence_on_the_humanitari,"This evaluation aimed to assess the effectiveness of the International Aid System (IASC) members' collective efforts in responding to the humanitarian crisis in Ukraine, particularly in addressing the needs of the most vulnerable populations. The evaluation methodology involved a comprehensive review of existing evaluation reports and evidence. Key findings indicate that the collective humanitarian response in Ukraine was largely relevant in addressing the immediate needs of affected populations, with operational effectiveness characterized by rapid expansion, flexible funding, and strong operational leadership. However, the response was also marked by challenges in scale and coherence, with protection interventions not always aligned across humanitarian actors. Furthermore, capacity-strengthening efforts were fragmented, and opportunities to integrate humanitarian aid into national systems were often overlooked, restricting coherence and sustainability. The evaluation also highlights the importance of leveraging national capacities, including local actors and partnerships, to deliver assistance to affected people. The findings suggest that the response was more effective in meeting immediate needs than in enabling strategic transition, resilience, or sustainable outcomes. The implications of this evaluation are that humanitarian actors should prioritize more coordinated and strategic engagement with national actors, and that opportunities remain to further embed and expand nationally led mechanisms to ensure more inclusive, accountable, and context-driven coordination structures."
Tanzania_Evaluation_of_the_Farm_to_Market_Alliance,"This evaluation aims to assess the effectiveness of the Tanzania Food Trade for the Advancement of Microfinance (FTMA) programme in strengthening inclusive markets and partnerships for sustainable food systems. To achieve this objective, the evaluation will apply the United Nations Evaluation Group (UNEG) and OECD/DAC evaluation criteria of relevance, coherence, efficiency, effectiveness, impact, and sustainability. The evaluation will assess the programme's design, implementation, and outcomes across four pillars and actors, including smallholder farmers, financial service companies, and market players. Key findings will inform programme improvements, adaptive management, and the potential design of Phase III, while also supporting advocacy efforts and policy reforms. The evaluation will examine the programme's contributions to smallholder farmers, stakeholders, and value chain actors, and identify risks to programme implementation, success, local ownership, and sustainability. The evaluation results will be shared with stakeholders and donors for accountability and learning, and will inform the World Food Programme (WFP) Tanzania Country Strategic Plan (CSP 2022-2027)."
The_Climate_Crisis_and_Hunger,"This evaluation aimed to assess the impact of climate-related disasters and the effectiveness of climate action in mitigating their effects. The study employed a review of existing literature, including the Intergovernmental Panel on Climate Change (IPCC) assessment reports and the Aon Weather, Climate and Catastrophe Insight, 2022. Key findings indicate that climate-related disasters have resulted in significant economic losses, with 2021 being the third-costliest year on record, and have caused widespread disruption, particularly in vulnerable communities. The evaluation also highlights that the world is underinvesting in climate action, with climate finance failing to reach areas where losses and damages outpace the capabilities of governments and the international aid system. Furthermore, the study reveals that food productivity growth has declined by 21 percent due to global heating, and that the failure to address climate action is considered the most severe risk in the medium and long term. The evaluation concludes that transformative action is necessary to address the inequitable and unsustainable nature of food systems, and that effective and scalable solutions, such as those promoted by the World Food Programme (WFP), are essential to help vulnerable communities prepare for, respond to, and recover from climate shocks and stresses."
The_State_of_Food_Security_and_Nutrition_in_the_Wo,"This evaluation aimed to understand the causes and consequences of the 2021-2023 food price inflation surge on food security and nutrition. The study employed a quantitative methodology, utilizing data from the Food and Agriculture Organization (FAO) and the World Bank, to analyze the relationship between food price inflation and food insecurity. Key findings indicate that while food price inflation has detrimental effects, GDP appears to be a stronger factor in determining food insecurity. The study also found that food price inflation has risen significantly since late 2020, peaking in January 2023, and that the prevalence of food insecurity has remained consistently higher in rural areas than in urban areas since 2022. Furthermore, the study suggests that most countries are either off-track or lack sufficient data to achieve the 2030 Global Nutrition Targets. The implications of these findings highlight the need for policymakers to address the root causes of food price inflation and to prioritize strategies that promote economic growth and reduce poverty."
The_future_of_food_systems_in_the_Amazon,"This evaluation aimed to shed light on the complex food systems in the Amazon region, understanding their dynamics, key actors, and the challenges they face. To achieve this objective, a mixed-methods approach was employed, combining bottom-up and top-down methods to integrate local experiences with academic trends. The study examined the predominant narratives on Amazonian food systems, key concepts, and actors involved, as well as the dynamics that affect them. Key findings include the importance of indigenous communities' knowledge and sustainable management practices, the impact of extractive industries and industrial agriculture on local ecosystems, and the need to prioritize food security and nutrition, social aspects, productive and environmental aspects, and economic and governance aspects. The evaluation also identified five types of dynamics that influence Amazonian food systems: demographics, technology, markets, climate, and politics. The study highlights the need to understand these interactions to develop strategies that promote more sustainable, inclusive, and resilient food systems. The findings suggest that local knowledge systems, including indigenous communities, offer sustainable and accessible solutions, but are often marginalized in research and policy. The evaluation concludes that ensuring the resilience of Amazonian food systems is crucial for the livelihoods of present and future generations, and that a comprehensive understanding of the region's food systems is essential for devising effective solutions."
The_importance_of_investing_in_the_wellbeing_of_ch,"This evaluation aimed to assess the impact of school health and nutrition (SHN) programs on improving learning outcomes, inclusive education systems, and contributing to the achievement of the nutrition, health, gender equality, and wider Sustainable Development Goals (SDGs). The evaluation employed a mixed-methods approach, combining quantitative data from various studies and reports with qualitative insights from global agencies and experts. Key findings indicate that SHN programs have a significant impact on fostering equity in and through schools, particularly for girls and children at risk of exclusion. These programs can lead to improved learning outcomes, increased enrollment and attendance rates, and reduced absenteeism due to health-related issues. Specifically, interventions such as school meals, health services, hand-washing promotion, and comprehensive sexuality education have been shown to have positive effects on health and education outcomes. For instance, school meals can increase enrollment rates by 9% on average and reduce anaemia in adolescent girls by up to 20%. Similarly, comprehensive sexuality education can promote sexual and reproductive health and rights, and improve sexual and reproductive health outcomes. The evaluation highlights the importance of prioritizing the health and wellbeing of children in school as a sound economic and social investment. It also emphasizes the need to address the significant gaps in quality, content, and access to school health and nutrition programs, particularly in low-income countries. The evaluation concludes that investing in SHN programs is crucial for achieving the SDGs, particularly in fragile and conflict-affected areas and refugee settings."
The_importance_of_school_meals_programmes_in_fragi,"This evaluation aimed to assess the potential contribution of school meals programmes to peace and social cohesion in fragile and conflict-affected settings. The study employed a qualitative methodology, drawing on existing literature and case studies to explore the pathways of change through which school meals may contribute to positive outcomes. Key findings suggest that school meals can foster improved social cohesion, equitable access to basic services, and safeguard continued investments in human capital development. However, the evidence on school meals in emergencies and their contribution to peace and social cohesion is limited, and more research is needed to understand the impact of school meals on these outcomes. The study also highlights the importance of conflict sensitivity, equity, and inclusivity in school meals programming to ensure that it contributes to peace and social cohesion. The evaluation's implications suggest that school meals programmes can be a strategic tool for fostering contributions to peace and social cohesion, but their design and delivery must be carefully considered to maximize their potential impact."
The_role_of_clean_energy_in_food_value_chains,"This evaluation aimed to assess the role of clean energy in food value chains, with a focus on identifying key services, barriers, and programmatic entry points for sustainable impact. The methodology involved analyzing the opportunities and risks of various energy solutions, understanding the enabling environment and socio-cultural context, and identifying external supporting interventions to enable sustainable functioning. Key findings include the fundamental obstacle of limited energy access in rural areas, which hinders agricultural productivity, food security, and resilience. Investing in sustainable energy, particularly solar, can transform rural economies by creating youth employment and making farming more viable. Energy access is essential to increase production, reduce post-harvest losses, improve market access, and build food security and resilience. However, energy gaps and barriers, such as low purchasing power, poor infrastructure, and lack of awareness, prevent energy value chains from being functional and effective in delivering energy services to end users. Addressing these barriers through supporting interventions, such as building energy market systems and promoting market-based approaches, is a long-term, sustainable alternative to creating artificial delivery activities. The evaluation highlights the importance of understanding the enabling environment, socio-cultural factors, and external supporting interventions to ensure the sustainable functioning of energy services in food value chains."
Thematic_Fact_Sheets_Philippines,"This evaluation aimed to assess the effectiveness of the distribution of iron-fortified rice through social protection programmes in addressing iron deficiency and preventing anaemia in the Philippines. The evaluation methodology involved a review of existing initiatives, including the partnership between the United Nations World Food Programme (WFP) and the National Nutrition Council (NNC) to implement large-scale rice fortification, as well as the launch of the Philippine Plan of Action for Nutrition (PPAN) 2023-2028. Key findings included the successful institutionalization of fortified foods in school meals programmes, the introduction of multiple micronutrient-fortified rice kernels through pilot projects, and the commitment of WFP to support the Government in ensuring accessible fortified rice through nutrition-sensitive interventions and commercial channels. The evaluation also highlighted the importance of social and behaviour change (SBC) as a strategic pillar of the PPAN, with a focus on inclusion and evidence generation from local communities. Implications of the evaluation include the need for strict adherence to laws and policies on rice fortification, the development of a monitoring system for rice fortification, and the commercialization of iron-fortified rice through the establishment of blending facilities and the involvement of farmers."
Timor_Leste_Cost_of_Diet_Analysis_2023_Update,"This evaluation aimed to assess the affordability of a nutrient-adequate diet in Timor-Leste, with a focus on understanding the nutritional status and well-being of the population. The analysis employed the Cost of the Diet (CotD) methodology, which utilizes linear programming to estimate the lowest-cost nutrient-adequate basket based on food prices and availability. Key findings indicate that the national average cost of a nutrient-adequate diet is US$10.09 per household of five members per day, with significant regional variations, ranging from US$7.15 in Aileu to US$13.91 in Covalima. The analysis also highlights the limited availability of nutritious foods, particularly iron-rich items, in certain municipalities, which hinders the estimation of the cost of the nutrient-adequate basket. The evaluation's implications suggest that a household of five members would need to spend approximately US$300 per month to cover their nutrient needs, underscoring the challenges faced by households in affording a nutritious diet amidst high food prices and reduced purchasing power. The analysis is subject to limitations, including the lack of recent population expenditure data, which precludes a comprehensive assessment of non-affordability."
Timor_Leste_School_Feeding_Recipe_Book_2023_Reseit,"This evaluation aimed to assess the effectiveness of various methods for preparing and processing sanan (a type of plant-based food) in a blender. The methodology involved comparing different techniques, including the use of ahi-matan (heat), liis-mutin (cold), and fehuk-ropa (a type of paste), to determine the optimal approach for achieving a smooth and consistent texture. Key findings indicate that the use of ahi-matan and liis-mutin in combination with a blender resulted in a smooth and creamy texture, while the addition of fehuk-ropa improved the overall consistency. The results also suggest that the use of a blender with a high-speed setting and a suitable container size is essential for achieving the desired texture. The implications of these findings are that cooks and food processors can use these methods to prepare sanan with a smooth and consistent texture, which can enhance the overall quality and palatability of the dish."
Turkiye_In_Camp_E_Voucher_Programme_Factsheet_2023,"This evaluation aimed to assess the effectiveness of the World Food Programme's (WFP) assistance in supporting refugees in Türkiye. The methodology involved a comprehensive needs assessment of refugees living in seven camps, excluding those hosting Ukrainian refugees, as well as an analysis of the impact of WFP's e-voucher assistance programme. Key findings indicate that one-third of surveyed households are highly vulnerable, with half relying on WFP assistance as their primary source of income, and the majority lacking plans to leave the camps. Notably, households headed by women are more likely to resort to coping behaviours. The evaluation also highlights the significance of the e-voucher assistance in ensuring refugees' access to sufficient food, promoting a healthy and diverse diet, and reducing negative coping behaviours, while enhancing Türkiye's national crisis-response capacities."
Turkiye_In_Camp_E_Voucher_Programme_Factsheets_202,"This evaluation aimed to assess the effectiveness of the Social Safety Net (SSN) transfer value in addressing needs and vulnerability levels among the target population. The assessment was initiated in Q4 2022, but its progress was interrupted by the earthquakes in early 2023. Utilizing a mixed-methods approach, the evaluation collected quantitative data in September, which will be complemented by qualitative data through focus group discussions and key informant interviews. The findings of this analysis will be discussed collaboratively among stakeholders in Q4 to inform programme design and targeting options, ensuring that assistance is provided to the right people at the right time."
UNHAS_Annual_Review_2024_Facilitating_global_human,"This evaluation aims to assess the effectiveness of the United Nations Humanitarian Air Service (UNHAS) in providing reliable and vital air transport services to support global humanitarian action. The evaluation methodology involved analyzing key performance indicators, including the number of passengers and cargo transported, and the number of humanitarian workers supported. Key findings indicate that UNHAS has been instrumental in responding to emergency situations, enabling the rapid deployment of helicopters for medical evacuations and security relocations. Over the past two decades, UNHAS has evolved into the backbone of humanitarian access, flying in and out of some of the world's most dangerous and remote locations. In 2024, UNHAS transported over 3.8 million humanitarian workers to communities in need in over 33 countries, bringing hope to vulnerable families affected by violence or climate extremes. The evaluation also highlights UNHAS's commitment to sustainability, with the organization taking decisive steps toward pioneering the use of sustainable aviation fuels in humanitarian aviation operations. The implications of these findings suggest that UNHAS remains essential to support the safe, efficient, and effective transport of humanitarian assistance to hard-to-reach areas, particularly in contexts of high humanitarian needs and significant access constraints."
UNHAS_Chad_Monthly_Reports_2024,"This evaluation aimed to assess the humanitarian situation in Chad, with a focus on the refugee crisis and logistical challenges. The methodology involved analyzing data from the 2024 Humanitarian Response Plan and reports from the United Nations High Commissioner for Refugees (UNHCR) and the International Organization for Migration (IOM). Key findings indicate that Chad hosts a significant refugee population, with an estimated 1,215,631 refugees as of August 2024, and 1,043,143 Sudanese refugees since April 2023. The country's infrastructure poses significant logistical challenges, including unpaved roads that become impassable during the rainy season and limited air transportation options. However, the introduction of a new helicopter and a Dash 8-103 aircraft to the UNHAS fleet is expected to enhance the country's humanitarian response capacity. The implications of these findings suggest that the humanitarian community must prioritize addressing the refugee crisis and improving logistical infrastructure to effectively respond to the needs of vulnerable populations in Chad."
UN_WFP_India_Quarterly_Bulletin_April_June_2023,"This evaluation aimed to assess the effectiveness of the World Food Programme's (WFP) humanitarian food assistance initiatives in India and their potential for scaling up nationwide. The evaluation methodology involved analyzing the outcomes of various WFP projects, including the provision of food assistance to Afghanistan, supply chain optimization, and capacity building of school cooks and helpers. Key findings include the successful completion of the supply chain optimization project in 13 out of 31 designated states, the training of 100,000 school cooks in Odisha using the FoSafMDM app, and the scaling up of the intervention in Rajasthan. Additionally, the evaluation highlighted the development of a model allowing 12 drought-prone states to request funding from the National Disaster Mitigation Fund and the launch of the Solar 4 Resilience initiative in Odisha. The implications of these findings suggest that WFP's initiatives have the potential to improve food security and resilience in vulnerable communities, and that scaling up these initiatives nationwide could have significant benefits for food-insecure populations."
UN_WFP_India_Quarterly_Bulletins,"This evaluation aimed to assess the effectiveness of the World Food Programme's (WFP) partnership with the Government of India in promoting climate-resilient millets, improving maternal and child nutrition, and enhancing food security. The evaluation employed a mixed-methods approach, combining data from various sources, including project reports, stakeholder interviews, and field observations. Key findings indicate that the partnership has led to the promotion of climate-resilient millets in tribal areas of Odisha, the production and distribution of fortified blended foods for the Integrated Child Development Services (ICDS) scheme, and the installation of mobile storage units (MSUs) in remote and hilly areas. The evaluation also highlights the development of smart warehouses, which utilize Internet of Things (IoT) devices and data analytics to optimize food grain management. Furthermore, the partnership has supported the integration of fortified staples through the Take-Home Ration (THR) and hot cooked meals under food safety net schemes. The implications of these findings suggest that the partnership has the potential to improve food security, enhance nutrition outcomes, and promote sustainable agriculture practices in India."
United_Nations_Humanitarian_Air_Service_UNHAS_2020,"This evaluation aimed to assess the effectiveness of the United Nations Humanitarian Air Service (UNHAS) in supporting the global response to the COVID-19 pandemic and other humanitarian crises. The evaluation employed a qualitative methodology, examining UNHAS operations in various countries, including Afghanistan, Cameroon, Chad, Guinea, Libya, Mali, Sudan, Syria, and Yemen. Key findings indicate that UNHAS has continued to provide critical air transport services, facilitating the movement of humanitarian workers, medical personnel, and life-saving supplies to remote and challenging locations. Despite the challenges posed by the COVID-19 pandemic, UNHAS operations have maintained a high level of reliability and safety, transporting over 2.5 million passengers since 2013. The evaluation highlights the importance of UNHAS in enabling humanitarian access to populations in need of assistance, particularly in areas affected by physical constraints, insecurity, and administrative obstacles. The implications of this evaluation are that UNHAS continues to play a pivotal role in supporting humanitarian responses, and its services are essential for the delivery of life-saving assistance to crisis-affected populations. However, the evaluation also notes that UNHAS is facing a critical funding situation, threatening the sustainability of its operations."
United_Nations_Humanitarian_Air_Service_UNHAS_Annu,"This evaluation aimed to assess the effectiveness of the United Nations Humanitarian Air Service (UNHAS) in providing timely and unhindered access to crisis-affected locations. The evaluation methodology involved analyzing UNHAS operations in various countries, including Burkina Faso, Mozambique, the Syrian Arab Republic, and others, where UNHAS played a crucial role in delivering humanitarian assistance. Key findings indicate that UNHAS operations have been essential in enabling access to hard-to-reach locations, particularly in areas with increased humanitarian needs, insecurity, and access restrictions. The service has continued to operate uninterrupted, despite challenges posed by COVID-19-related restrictions, and has expanded its services to include helicopter operations in remote areas. The evaluation highlights the critical role of UNHAS in providing a safe, effective, and efficient air service for the humanitarian community, particularly in countries with limited commercial air connections. The implications of this evaluation are that timely and adequate funding is necessary for UNHAS to continue operating, and that the service's sustainability is crucial for maintaining humanitarian access and response efforts in crisis-affected areas."
Unlocking_Sustainable_Solutions_through_Systems_Th,"This evaluation aimed to assess the effectiveness of the World Food Programme's (WFP) Country-Led CSPs in promoting sustainable food systems. The evaluation objective was to identify opportunities to improve agricultural practices, strengthen supply chains, and ensure access to nutritious food for vulnerable populations. The methodology involved examining the interactions between production, distribution, and consumption in food systems, as well as the role of strategic interventions in these interconnected domains. Key findings included the potential for improved sustainability in food systems to generate benefits beyond production and distribution, such as improved nutritional outcomes and human health. The evaluation also highlighted the importance of infrastructure investments, including transportation facilities and cold storage, in reducing post-harvest losses and improving the efficient distribution of food products. Furthermore, the analysis identified synergies between food supply, infrastructure, and social development, which can contribute to a more stable development trajectory and reduce reliance on emergency support. The implications of these findings suggest that WFP's interventions can have a positive impact on food system sustainability, livelihoods, and resilience, ultimately contributing to improved food diversity, livelihoods, and resilience in the face of various challenges."
Unlocking_the_Potential_of_Digital_Payments_for_So,"This evaluation aimed to assess the potential of digital payments to enhance social assistance delivery and promote digital financial inclusion in Barbados. The study employed a mixed-methods approach, combining key informant interviews, focus groups, and workshops with beneficiaries, financial regulators, and institutions to analyze the digital financial ecosystem and identify practical ways to strengthen social protection. Key findings include the growing demand for digital merchant solutions, the need for inclusive practices to expand access to financial services, and the importance of digital financial literacy to ensure effective use of financial services. The study also highlighted the challenges faced by vulnerable groups in accessing and using digital payment solutions, including low merchant acceptance, limited integration with commercial banks, and limited options for physical cash-in and cash withdrawals. The evaluation's implications suggest that investing in strategic public-private partnerships and strengthening the integration between non-traditional financial service providers and the formal banking system are critical to building a more inclusive financial ecosystem. Furthermore, the study emphasizes the need for broader adoption of inclusive practices, such as low-cost merchant payment solutions, to ensure that all financial services, both traditional and digital, can work seamlessly together to enhance the accessibility and efficiency of social assistance payments."
Update_to_the_WFP_Management_Plan_2025_2027_,"The evaluation objective of this review is to assess the World Food Programme's (WFP) financial and budgetary situation, particularly in light of the decreased contribution forecast for 2025. The methodology employed involves analyzing the WFP management plan for 2025-2027, considering the updated contribution forecast, and reviewing the projected operational requirements and cost-saving measures implemented by the Executive Director. Key findings include a decreased contribution forecast from USD 8 billion to USD 6.4 billion, projected operational requirements of USD 19.1 billion, and cost-saving measures aimed at reducing the programme support and administrative appropriation by up to 10 percent. The implications of these findings are that WFP will need to reassess its resource mobilization strategy, prioritize its funding sources, and implement measures to stabilize its workforce in response to the evolving funding landscape."
Virtual_Exchanges_Remote_Support_to_Countries,"This evaluation aimed to assess the effectiveness of the World Food Programme (WFP) Centre of Excellence (CoE) against Hunger in Brazil's technical assistance and capacity strengthening programme in development contexts for Africa, Asia, and Latin America. The evaluation employed a demand-driven approach, consistent with the Centre's methodology, to support countries in engaging in South-South cooperation within a broader programmatic and development context. Key findings indicate that the WFP CoE has successfully supported over 30 countries in developing their capacities, engaging with over 80 countries worldwide, and benefiting more than 4 million school-going children and thousands of smallholder farmers participating in home-grown school feeding (HGSF) programmes. The evaluation highlights the Centre's ability to respond to capacity gaps identified through an assessment process led by the partner government, providing nationally-tailored strengthened government capacities in policies and legislation frameworks, institutional capacity and coordination, strategic planning, national programme design, and engagement and participation of local communities. The evaluation also underscores the importance of the WFP CoE's Virtual Exchanges, a modality of remote assistance tailored for WFP Country Offices and governments to produce results and achieve outcomes on SDG 2 as needed by each national context. The findings suggest that the WFP CoE's remote support, including Virtual Exchanges, has been effective in minimizing the need for physical presence, allowing for quick responses to country demands, and promoting partnership scoping and knowledge mobilization across 13 programme focus areas. The evaluation's implications suggest that the WFP CoE's approach can be scaled up to support more countries in achieving SDG 2 – Zero Hunger, and that the Centre's methodology and tools can be adapted to meet the evolving needs of countries in the context of the digital transformation."
WFP_2025_Global_Outlook,"This evaluation aimed to assess the global food insecurity situation as of June 2025. The methodology involved analyzing data from 67 countries where the World Food Programme (WFP) operates and where data was available. Key findings indicate a decrease in the number of people facing acute food insecurity from 343 million in 74 countries, as reported in the November 2024 Global Outlook, to 319 million in the current mid-year update. However, this decrease is attributed to the lack of updated data in seven countries, rather than an actual improvement in the food insecurity situation. The implications of this evaluation suggest that the reported decrease may not accurately reflect the true extent of food insecurity globally."
WFP_Annual_Report_on_Flexible_Funding_2024,"This evaluation aimed to assess the impact of flexible funding on the World Food Programme's (WFP) capacity to respond to humanitarian crises. The evaluation methodology involved analyzing data on flexible funding contributions from various partners, as well as case studies of successful flexible funding initiatives. Key findings indicate that flexible funding enabled WFP to scale up assistance in crisis-affected areas, such as Lebanon and Chad, and to deliver principled humanitarian assistance at scale over time. The evaluation also highlights the importance of flexible funding in enabling WFP to respond with speed and agility, particularly in a world of escalating humanitarian needs. The implications of this evaluation are that flexible funding is critical to WFP's capacity to respond to emergencies and provide life-saving assistance to those who need it most, and that partners should continue to invest in flexible funding to support WFP's efforts to strengthen resilience and help people back on track after a disaster has hit."
WFP_Annual_Review,"The evaluation objective of the World Food Programme (WFP) in 2024 was to assess its efforts in addressing hunger and building resilience in communities affected by conflict, climate change, and poverty. The evaluation methodology involved analyzing WFP's global operations, partnerships, and funding strategies to identify key achievements and challenges. 

Key findings of the evaluation include WFP's significant expansion of emergency operations in Sudan, Haiti, and the Democratic Republic of the Congo, reaching over 1.3 million people with food assistance. The organization also strengthened its partnerships with governments, NGOs, companies, and foundations to enhance national social protection and nutrition programs. WFP's innovative use of technology, such as blockchain-based systems, enabled efficient and rapid response to emergencies. Furthermore, the organization continued to prioritize school meals and nutrition programs, reaching over 150 million children worldwide. 

The implications of these findings are that WFP's efforts have made a tangible impact in addressing hunger and building resilience in communities affected by crisis. However, the organization faces significant funding challenges, with a decline in flexible funding contributing to difficulties in planning and responding to emergencies. To address these challenges, WFP must continue to be agile and innovative in adapting to changing circumstances, embracing new technologies and partnerships, and pursuing every viable funding option to deliver full value for money for its donors."
WFP_Bangladesh_Market_Monitor,"This evaluation aimed to assess the purchasing power of households in Cox's Bazar, Bangladesh, by examining the cost of a food basket and the terms of trade (ToT) indicator. The methodology involved collecting market prices of food items from the Department of Agricultural Marketing (DAM) and calculating the cost of a food basket per person per month at the national level. The study found that the food basket value did not vary significantly across sub-districts, with the basket value of Ukhiya, the largest makeshift camp, serving as the base. The purchasing power of households was calculated by measuring the ratio of the average wage rate of unskilled labourers to the average retail price of rice, indicating the amount of rice unskilled workers can purchase with their daily wage. Key findings include a 6 percent increase in retail prices in December 2022, but a 14 percent decrease year-on-year, and a purchasing power ratio of approximately 1,600 kg of rice with a day's wage in January 2023. The implications of these findings suggest that the purchasing power of households in Cox's Bazar may be influenced by fluctuations in food prices and wage rates, highlighting the need for continued monitoring of these indicators to inform humanitarian response efforts."
WFP_Bangladesh_Mobile_Vulnerability_Analysis_and_M,"This evaluation aimed to assess the food security situation in Bangladesh, with a focus on the impact of income shocks and seasonality on households' ability to access nutritious food. The study employed a mixed-methods approach, utilizing a survey to collect data on households' food consumption scores, livelihood coping mechanisms, income sources, and income changes due to shocks. Key findings indicate that low-income households (30%) were more likely to be food insecure compared to medium-income (8%) and high-income households (3%). The prevalence of food insecurity was particularly high in low-income households with members having disabilities. The survey revealed that 43% of households purchased food on credit, 22% reduced expenses on health, and 13% spent their savings due to income loss and recurrent shocks. Furthermore, the study found that households with disabilities were more food insecure, and the seasonality of income opportunities and multiple shocks severely affected households' ability to access nutritious food. The results also highlighted the inadequate diet of households, with 40% of low-income households having a poor diet, and only 13% of households consuming iron-rich food regularly. The evaluation suggests that food and fuel price shocks were incredibly costly for low-income households, and a detailed disaggregated survey is necessary to investigate the root causes of food insecurity in different geographic locations."
WFP_Bangladesh_Rohingya_Refugee_Response_Market_As,"This evaluation aimed to assess the functionality of markets in Bhasan Char, a designated resettlement area for Rohingya refugees, to ensure the community's food security and economic well-being are adequately supported. The methodology involved data collection through surveys and observations of traders and market dynamics. Key findings indicate that the market infrastructure is hindered by poor conditions, particularly during the rainy season, and that traders lack knowledge in bookkeeping and inventory management. Furthermore, the supply chain is vulnerable to risks such as scarcity of basic food items, monopoly risks, and limited availability of large boats for transportation. The evaluation also highlights the limited financial services and infrastructure available to refugees, restricting their access to cash and income-generating opportunities. The results suggest that the market's functionality is at moderate to high risk, with potential implications for the economic well-being and food security of the Rohingya refugee community."
WFP_Cambodia_Market_Seasonal_Monitoring_Update_202,"This evaluation aimed to assess the impact of global food price shocks on food security in Cambodia. The evaluation employed a market monitoring methodology, collecting data on food prices and market functionality from 56 monitored markets across the country. Key findings indicate that the cost of the World Food Programme's (WFP) basic food basket (BFB) experienced a moderate decline of 3.6% in December 2023, reducing it to USD 27.3 per person per month. However, the BFB cost remained 2.9% higher than the same month in the previous year due to higher prices for some key commodities, particularly mixed rice. The evaluation also notes that the global rice prices are projected to increase by 6% in 2024, following a 28% rise in 2023, driven by increased demand and reduced supply. The findings suggest that the rising price of rice, coupled with favorable weather conditions, led to an increase in paddy cultivation and production in 2023. The evaluation's implications highlight the need for continued monitoring of food prices and market functionality to inform policy decisions and mitigate the impact of global food price shocks on food security in Cambodia."
WFP_Cambodia_Market_Update_December_2022,"This evaluation aimed to assess the impact of global food and energy market shocks on food availability and access to markets in Cambodia. The study employed a mixed-methods approach, combining quantitative data from the World Food Programme (WFP) and the Agricultural Marketing Office (AMO) with qualitative insights from market chiefs and traders. Key findings indicate that the ongoing Russia-Ukraine conflict, coupled with the COVID-19 pandemic and a global economic slowdown, has led to significant price increases in essential food items, particularly grains and fertilizers. The global FAO Food Price Index (FFPI) has been on a downward trend, but the price of diesel remains high, potentially affecting food production and prices. Moreover, the global economic slowdown, projected at 2.7% for 2023, will likely lead to dampened economic growth in Cambodia, exacerbating the food crisis. The study also highlights the importance of access to fertilizer as a major challenge over the coming months, with potential profound impacts on global food production. The evaluation's findings have significant implications for policymakers and stakeholders, emphasizing the need for targeted interventions to mitigate the effects of these shocks on food availability and access to markets in Cambodia."
WFP_Cambodia_Market_Update_November_2022,"This evaluation aimed to assess the impact of the COVID-19 pandemic, Russia-Ukraine war, and global economic shocks on food availability and access to markets in Cambodia. The methodology involved monitoring retail and wholesale prices of key food items, assessing market functionality, and interviewing market chiefs to evaluate supply and demand issues. Key findings indicate that the global food crisis has been partially aggravated by the Russia-Ukraine war, resulting in rising global food prices, particularly for wheat, maize, and rice. The price of diesel remained relatively high, which may negatively affect food production and prices. In contrast, the price of gasoline decreased. The evaluation also found that Cambodia's largest trading partners, the US and China, are experiencing a cyclical economic slowdown, which will dampen economic growth in Cambodia. The main challenge over the coming months will be access to fertilizer, as global fertilizer prices remain high. This is likely to have a profound impact on global food production, with rice production in 2022/2023 expected to decrease by 2.4% compared to 2021. The implications of these shocks are significant, with 19 countries having instigated food export bans and 8 countries implementing export-limiting measures."
WFP_Cameroon_Crises_Factsheets,"This evaluation aimed to assess the effectiveness of the World Food Programme's (WFP) response to the humanitarian crisis in the Northwest and Southwest regions of Cameroon, where ongoing conflict between State Security Forces and Non-State Armed Groups has resulted in a severe food insecurity situation. Utilizing the Cadre Harmonisé results, the evaluation methodology involved analyzing the impact of WFP's assistance activities, implemented within the framework of the WFP Country Strategic Plan (2022-2026), on the food security of affected populations. Key findings indicate that, despite a six percent decrease in severely food-insecure individuals compared to 2024, approximately 613,250 people in the region are expected to face severe food insecurity between June and August 2025, with the Northwest region accounting for two-thirds of the affected population. The evaluation highlights WFP's efforts to promote respect, dignity, protection, and accountability to affected people through its interventions, including the establishment of a call centre and the implementation of locally-sourced food assistance programmes that support local producers and enhance food systems in the communities. The evaluation's implications suggest that continued support is necessary to address the ongoing humanitarian crisis and to further develop the food systems in the affected regions."
WFP_Cameroon_Operational_Updates,"This evaluation aimed to assess the humanitarian situation in Cameroon, focusing on the impact of the non-state armed groups' insurgencies in the Lake Chad Basin and the Ukraine crisis on food insecurity and malnutrition. The evaluation employed a mixed-methods approach, utilizing data from the Cadre Harmonisé, SMART1 nutrition surveys, and other sources to analyze the situation. Key findings indicate that the Far North Region is experiencing severe food insecurity, with approximately 701,000 people severely food-insecure between January and May 2023, and a projected 322,600 food-insecure people between June and August 2023. The region also has persistently high rates of malnutrition, with a global acute malnutrition (GAM) rate of 8.0 percent. The evaluation highlights the need for continued humanitarian assistance, particularly in the face of increasing humanitarian access challenges. The World Food Programme (WFP) is responding to the crisis, but faces a significant funding shortfall, with a 66 percent funding gap for the period from May to October 2023. The evaluation emphasizes the importance of incorporating cross-cutting themes, including gender, protection, climate-friendly interventions, and resilience-building, into humanitarian interventions. Ultimately, the evaluation aims to inform the development of an adaptive and shock-responsive social protection system in collaboration with the Government of Cameroon."
WFP_CoE_Brazil_Annual_Report_2019,"This evaluation aims to assess the effectiveness of the WFP Centre of Excellence against Hunger Brazil in achieving the Sustainable Development Goals (SDGs), particularly SDG 2 (Zero Hunger) and SDG 17 (strengthen the means of implementation and revitalise partnerships). The Centre has employed a methodology of trilateral South-South cooperation, technical assistance, and advisory services to support countries in achieving their development goals. Key findings include the expansion of partnerships, the successful implementation of school feeding programs, and the development of capacity-building initiatives for national governments. The Centre's work has resulted in the mobilization of international funds for school feeding programs, the advancement of nutrition and school feeding projects, and the validation of diagnostics for sustainable production projects. The implications of the Centre's work are significant, as it has enabled the transfer of responsibilities from international organizations to national entities, promoting sustainable and multisectoral development. The Centre's partnerships with institutions such as the Brazilian Cooperation Agency and the Federal University of Lavras have also facilitated the dissemination of national school feeding programs and the creation of broader and more innovative solutions for the fight against hunger."
WFP_CoE_Brazil_Annual_Report_2020,"This evaluation aimed to assess the effectiveness of the WFP Centre of Excellence in Brazil's remote assistance and partnership efforts in supporting countries to combat hunger and malnutrition, particularly in the context of the COVID-19 pandemic. The evaluation employed a qualitative methodology, gathering information from WFP Country Offices, government focal points in Brazil, and online media sources. Key findings indicate that the WFP Centre of Excellence in Brazil successfully implemented remote assistance and partnership efforts, including the development of a school feeding strategy for the Regional Bureau in Dakar, and the support of the ""State of School Feeding Worldwide"" publication. The Centre also collaborated with the Brazilian government, NGOs, and the private sector to promote sustainable food and nutrition security systems. Furthermore, the Centre supported the global SSTC team at the WFP Headquarters on actions that included a UNOSSC Webinar Event on global school feeding responses in times of COVID and the role of South-South Cooperation. The implications of these findings suggest that remote assistance and partnership efforts can be effective in supporting countries to combat hunger and malnutrition, particularly in the context of the COVID-19 pandemic."
WFP_CoE_Products_Services,"This evaluation aimed to assess the effectiveness of the WFP Centre of Excellence's technical assistance and advisory services in supporting countries to design and implement effective hunger solutions. The evaluation methodology involved a comprehensive review of the Centre's work, including its capacity strengthening activities, programme design, and transition strategies. Key findings indicate that the Centre's work has been instrumental in supporting countries to develop integrated, country-specific, and nationally-owned intervention strategies that bridge the gap between humanitarian and development responses. The Centre's capacity strengthening activities have been prioritized in all countries where WFP is acting as a channel for donor funding, with the objective of transitioning management and implementation of programmes to national entities once capacity is strong. The evaluation also highlights the Centre's role in promoting South-South cooperation and its recognition as a global reference in WFP Country Capacity Strengthening and South-South Cooperation. The findings have implications for the Centre's future work, emphasizing the need to continue supporting countries in developing effective hunger solutions and strengthening their capacity to manage and implement programmes sustainably."
WFP_Eastern_Africa_2021_Regional_Achievements_Outl,"This evaluation aimed to assess the effectiveness of the World Food Programme's (WFP) regional operations in Eastern Africa during 2021. The evaluation methodology involved an analysis of WFP's achievements, challenges, and partnerships in the region. Key findings include the provision of nutrition support to approximately 3.5 million people in northern Ethiopia, the establishment of a Regional Food Systems working group, and the implementation of inclusive community consultations to identify priority needs of women, men, and youth in targeted communities. Additionally, WFP supported the development of national school feeding policies and strategies in Ethiopia and Rwanda, and scaled up Homegrown School Feeding (HGSF) portfolios in Rwanda and Burundi. The evaluation also highlighted the importance of partnerships, with WFP sustaining regional partnership efforts to position itself as a partner of choice in nutrition and HIV/TB programming in the region. Implications of these findings suggest that WFP's regional operations in Eastern Africa were effective in addressing humanitarian needs, but that continued investment in capacity strengthening, resilience, and partnerships is necessary to further the Nutrition, HIV, and TB agenda in line with regional and global strategies."
WFP_Engineering_Service_catalogue,"This evaluation aimed to assess the effectiveness of WFP's Engineering Services Division in supporting humanitarian and development efforts worldwide. The evaluation methodology involved a comprehensive review of WFP's Engineering portfolio, including case studies and project examples, to identify key areas of work and contributions to achieving a better future. The key findings of this evaluation indicate that WFP's Engineering Services Division has made significant contributions to protecting, restoring, creating, and enhancing basic infrastructure in food-insecure communities, with over 1 million beneficiaries positively impacted through infrastructure projects and services. The division's expertise in project management, infrastructure development, and maintenance has been instrumental in supporting WFP's humanitarian assistance in various regions, including Somalia, South Sudan, and Cox's Bazar. The evaluation also highlights the division's commitment to creating a sustainable future, with environmentally friendly initiatives and a focus on addressing global challenges. The implications of this evaluation suggest that WFP's Engineering Services Division plays a critical role in supporting the organization's humanitarian objectives and ensuring a better future for the people it serves."
WFP_Ethics_Office_Annual_Reports,"This evaluation aimed to assess the effectiveness of the World Food Programme (WFP) Ethics Office in promoting a culture of ethics and accountability within the organization. The evaluation methodology involved an examination of the Ethics Office's activities and achievements over the period from 1 January to 31 December 2024, as outlined in the annual report submitted to the Executive Board. Key findings indicate that the Ethics Office has been successful in fostering a culture of ethics and accountability, with over 20 percent of employees seeking advice from the office at least twice in 2024, demonstrating continued trust in the office. The office has also been promoting understanding of the policy on preventing and responding to sexual exploitation and abuse (PSEA) through outreach and awareness activities. Furthermore, the Ethics Office has been providing advocacy and guidance on the incorporation of ethical standards into WFP policies, practices, and standards, and has been supporting the organization in fostering an ethical culture of integrity and transparency. The evaluation highlights the importance of the Ethics Office's work in risk prevention, upholding WFP's values and code of conduct, and ensuring the organization's trustworthiness and capability to deliver on its life-saving and life-changing mandate."
WFP_FITTEST_Factsheet,"This evaluation aimed to assess the effectiveness of the World Food Programme's (WFP) specialized unit, the Fast IT and Telecommunications Emergency and Support Team (FITTEST), in providing critical information and communication technology (ICT) capabilities during sudden-onset emergencies. Utilizing a qualitative methodology, the evaluation examined FITTEST's 25 years of experience in delivering expert end-to-end support in complex, multi-stakeholder, multi-hazard, and multicultural environments. Key findings indicate that FITTEST successfully deploys ICT capabilities, conducts hands-on technical missions, and provides surge support for field operations, thereby enabling humanitarian operations to stay connected and respond effectively. The evaluation's implications suggest that FITTEST's expertise and emergency stock can be leveraged to enhance the WFP's response to emergencies, ultimately improving the resilience and preparedness of affected communities."
WFP_FITTEST_Fast_Information_Technology_and_Teleco,"This evaluation aimed to assess the effectiveness of FITTEST operations in ensuring emergency preparedness and sustainable humanitarian response. The evaluation methodology involved examining the critical elements of FITTEST operations, including project and equipment management, emergency preparedness, and connectivity and equipment provision. Key findings highlighted the importance of preparedness in mitigating risks and ensuring resilience in the face of disasters, as exemplified by the devastating impact of flooding on an internally displaced persons camp. The evaluation also underscored the crucial role of technology in managing humanitarian operations, including the provision of data and voice connectivity and equipment sourcing, management, and maintenance. The implications of these findings suggest that FITTEST operations must prioritize emergency preparedness, steady-state preparedness, and technology-enabled management to ensure sustainable and resilient humanitarian response."
WFP_FITTEST_Service_Components_2021,"This evaluation aimed to assess the effectiveness of FITTEST specialists in providing security communications solutions and supporting humanitarian operations in emergency response readiness. The evaluation employed a qualitative methodology, involving analysis of FITTEST's activities, including risk assessments, needs assessments, coordination, and planning of response efforts. Key findings indicate that FITTEST specialists have successfully identified and implemented appropriate security communications solutions, supported customers on technology infrastructure and emergency response readiness, and strengthened existing coordination mechanisms in response to disruptions caused by conflicts and natural disasters. The evaluation also highlights FITTEST's ability to create customized packages tailored to specific customer needs, and its transparent pricing model. The implications of these findings suggest that FITTEST specialists can play a critical role in supporting the humanitarian community in emergency response situations, and that their services can be effectively integrated into humanitarian operations to enhance response effectiveness."
WFP_Global_Artificial_Intelligence_Strategy_2025_2,"This evaluation aimed to assess the implementation of the World Food Programme's (WFP) Global Artificial Intelligence (AI) Strategy, which seeks to scale the adoption of AI across the organization to transform business functions and modernize operations. The evaluation objective was to identify key areas for strengthening, including the proactive pursuit of impactful AI solutions, AI governance, and the development of an AI culture. The methodology involved a gap analysis and maturity level assessment, which revealed the need for a world-class AI technology infrastructure, a holistic approach to AI governance, and the building of an AI culture anchored in learning and knowledge management. Key findings included the importance of leveraging existing processes, people, and technology artefacts, as well as the need for collaboration and effective use of expertise and knowledge across WFP divisions, country offices, and regional bureaux. The implications of this evaluation are that WFP must prioritize the development of AI-specific policies, guidelines, and standards, and establish a comprehensive AI Governance Framework to ensure the responsible and ethical development and deployment of AI within the organization. By fostering a deep understanding of AI and cultivating an AI-centric culture, WFP can ensure that its workforce is prepared to leverage AI effectively, driving innovation and enhancing operational efficiency."
WFP_Global_Data_Strategy_2024_2026,"This evaluation aims to assess the effectiveness of the World Food Programme's (WFP) Global Data Strategy 2024-2026 in establishing a modern data estate and promoting data-driven decision-making. The evaluation methodology involves analyzing the strategy's four strategic pillars: Delivering with intent and evidence, Architecting best of class data services, Effective and efficient data foundations, and Responsibly empowering people. Key findings indicate that the strategy aims to strengthen data architecture, management, and governance capabilities, and to develop a data-driven workforce and culture. The evaluation also highlights the importance of data quality, interoperability, and security in achieving the strategy's objectives. The implications of the evaluation suggest that successful implementation of the strategy will enable WFP to make informed decisions, improve outcomes, and maximize the value of its data and analytics."
WFP_Health_Emergency_Response_Project_Afghanistan,"This evaluation aimed to assess the effectiveness of environmental and social risk management measures in a project implemented by UNICEF and WFP in collaboration with various stakeholders. The evaluation objective was to ensure that the project's interventions met the objectives and requirements of the World Bank's Environmental and Social Framework (ESF) and adhered to UNICEF's and WFP's Environmental and Social Standards.

The methodology involved the preparation of an Environmental and Social Management Framework (ESMF) and supporting Environmental and Social (E&S) management instruments, including Project Labor Management Procedures (LMP). The ESMF guided UNICEF and WFP in assessing environmental and social risks and impacts, identifying necessary mitigation measures, and monitoring the implementation of E&S measures. The project implementation involved direct workers, contracted workers, and community workers, with requirements extended to subcontractors.

Key findings included the effective incorporation of E&S instruments into procurement and contract documents, monitoring through reporting mechanisms, and compliance with environmental and social risks and impacts associated with the project. The project also implemented various measures to manage environmental and social risks, including capacity building plans for service providers and contractors, awareness raising and training for stakeholders, and grievance redress mechanisms.

The implications of this evaluation are that UNICEF and WFP have demonstrated a commitment to environmental and social risk management in the project, with a focus on ensuring the safety and well-being of project workers, beneficiaries, and communities. The effective implementation of E&S measures has contributed to the project's overall success and has set a precedent for future projects."
WFP_IASC_PSEAH_Championship,"This evaluation aimed to assess the effectiveness of the IASC Championship on Protection from Sexual Exploitation and Abuse and Sexual Harassment (PSEAH) in strengthening WFP's commitment to a humanitarian system free from sexual exploitation and abuse. The evaluation methodology involved monitoring key initiatives and engagements of the Executive Director, including meetings with UN leadership, the UN High-Level Steering Group on PSEA, and the IASC PSEAH Global Workshop. Key findings indicate that the Executive Director has amplified the voices of high-risk communities, increased awareness of the need for collective action, and strengthened WFP's commitment to a victim-centered approach. The evaluation also highlights the establishment of a global advisory group consisting of women-led NGOs and civil society, the promotion of interagency standards on PSEAH, and the development of guidelines and resources to reduce SEA risks in humanitarian assistance. The implications of these findings suggest that the IASC Championship has been successful in driving collective commitment and support for PSEAH across the organization, and that continued efforts are needed to strengthen cooperation and ensure a collective accountability and leadership across the sector."
WFP_India_Recommended_Actions_for_Food_Distributio,"This evaluation aimed to assess the effectiveness of the UN World Food Programme's (WFP) revised food distribution procedures in response to the COVID-19 pandemic. The evaluation methodology involved an examination of the revised procedures, which included alternative arrangements for individuals unable to attend distributions, and adherence to public health guidelines, such as the World Health Organization's (WHO) COVID-19 protection measures. Key findings indicate that the WFP has implemented measures to mitigate the risk of COVID-19 transmission during food distributions, including staff awareness of public health guidelines, offloading and organizing rations, and regular hand sanitation and hygiene practices. The implications of these findings suggest that the WFP's revised procedures have contributed to a safer and more efficient food distribution process, ultimately supporting the delivery of essential food assistance to vulnerable populations."
WFP_Indigenous_Peoples_Portfolio_Factsheet,"This evaluation aimed to assess the effectiveness of World Food Programme (WFP) initiatives in addressing the needs and capacities of Indigenous Peoples. To achieve this objective, the evaluation employed a comprehensive methodology that involved analyzing existing programming and documentation across WFP's portfolio. Key findings indicate that Indigenous Peoples are disproportionately vulnerable to structural inequality, discrimination, displacement, conflict, and violence, necessitating culturally sensitive and context-specific programming. The evaluation highlights the critical role that Indigenous Peoples' knowledge and practices can play in environmental management, early warning, and food production. The WFP's efforts to harness these capacities are aligned with the UN Call to Action: Building an Inclusive, Sustainable and Resilient Future with Indigenous Peoples (endorsed by the Chief Executives Board in 2020), underscoring the importance of integrating Indigenous Peoples' perspectives and expertise into WFP's programming."
WFP_Information_and_Technology_Strategy_2023_26,"This evaluation aimed to assess the World Food Programme's (WFP) Information and Technology (I&T) Strategy 2023-2026, with the objective of driving the I&T environment and governance to enable the organization to prioritize and deliver value-added work. The evaluation methodology involved extensive consultations with business stakeholders across WFP in 2022 and a Strategic Evaluation on WFP's Use of Technology in Constrained Environments. Key findings indicate that the I&T Strategy makes the case for how digital technology and data can reinforce WFP's strength and reach, propelling the organization towards achieving its Strategic Outcomes for 2022-2025. The evaluation highlights the importance of a Digital Blueprint, which will bring together the I&T elements of WFP to amplify the value of I&T to the organization. The report also emphasizes the need for robust capacity building for staff in all facets of emergency preparedness and response, including I&T and data analytics skills. Furthermore, the evaluation stresses the importance of gathering data that helps WFP better understand and target the people it serves, and the need for a customer-driven I&T culture of support to business units and operations. The evaluation concludes that the WFP I&T Strategy 2023-2026 has the potential to bring a cascade of sustainable benefits to communities by establishing clear operating procedures, conditions, and capabilities for engaging with governments on I&T projects."
WFP_Lebanon_2022_in_Review,"This evaluation aimed to assess the effectiveness of the World Food Programme's (WFP) response to the food security crisis in Lebanon. The study employed an Integrated Phase Classification (IPC) food security analysis and qualitative assessments to evaluate the impact of WFP's assistance on the population. Key findings indicate that approximately 2 million people (37% of the total population) experienced acute food insecurity between September and December 2022. While cash assistance increased purchasing power, it was insufficient to offset price increases and currency depreciation. Notably, the school feeding programme showed encouraging results in improving children's nutrition. The evaluation also highlighted the importance of ensuring safe and dignified access to assistance, with all beneficiaries, including 82,000 persons with disabilities, reporting positive experiences. The findings inform WFP's Country Strategic Plan 2023-2025, which aims to sustain crisis response, support safety nets, and enhance food systems, ultimately contributing to improved food security outcomes for the Lebanese population."
WFP_Lebanon_2025_Mid_Year_Highlights,"This humanitarian evaluation aimed to assess the effectiveness of assistance provided to conflict-affected populations in South Lebanon. The evaluation employed a mixed-methods approach, combining data from various sources, including internally displaced persons (IDPs) returns, food insecurity projections, and assistance coverage rates. Key findings indicate that, despite some stabilization following the displacement crisis, food insecurity is projected to rise, affecting 1.24 million people (23 percent of the population) by October 2025. Additionally, severe funding shortfalls and delays led to a 37 percent reduction in assistance provided by the World Food Programme (WFP), reaching 876,000 people in June, down from 1.4 million in January. However, new contributions and a retargeting exercise allowed WFP to scale up assistance to 76 percent of the Needs-Based Plan, covering 663,000 refugees. The evaluation also highlights the importance of coordination and capacity building, as evidenced by the training of 500 Ministry of Social Affairs (MoSA) staff and the initiation of home visits by WFP-trained social workers to assess the needs of conflict-affected Lebanese families."
WFP_Lebanon_Disability_Inclusion_Factsheet_2024,"This evaluation aimed to assess the effectiveness of the World Food Programme's (WFP) efforts to promote disability inclusion in its activities in Lebanon. The evaluation methodology involved an examination of WFP's implementation of its Disability Inclusion Action Plan, which is aligned with the WFP Lebanon Country Strategic Plan (2023-2025). Key findings indicate that WFP has taken significant steps to ensure the inclusion of persons with disabilities, including enhanced targeting approaches, regular assessments of redemption and distribution sites, and support for out-of-school children with disabilities through the Dirasa Programme. Additionally, WFP has strengthened its capacity to support individuals with disabilities through training of Disability Inclusion champions and adapted its assistance to meet the needs of individuals such as Laila, a 56-year-old woman with a physical disability. The evaluation also highlights WFP's efforts to create a more inclusive workplace, including refined recruitment practices and sensitization sessions for security personnel. Implications of these findings suggest that WFP's commitment to disability inclusion has the potential to improve the lives of individuals with disabilities in Lebanon, and that continued prioritization of this area will be essential in achieving the goals outlined in the WFP Lebanon Country Strategic Plan."
WFP_Lebanon_Fuel_Operation_WASH_Sector_Support_Sep,"This evaluation aimed to assess the effectiveness of fuel delivery to Water, Sanitation, and Hygiene (WASH) facilities by the World Food Programme (WFP) amidst operational challenges. The methodology involved analyzing the impact of external factors on fuel delivery, including data availability, security incidents, and harsh weather conditions. Key findings revealed that the initial fuel delivery target of 6 million litres at 57 cents/litre was hindered by oversupply of fuel from alternative sources, security incidents, and weather conditions, necessitating a revision of the distribution target to 64 cents/litre. The evaluation's findings underscore the importance of considering external factors and adapting to changing circumstances in humanitarian operations to ensure the continuity of essential services."
WFP_Lebanon_Operational_Assistance_Update_January_,"This evaluation aimed to assess the accessibility of assistance provided by the World Food Programme (WFP) to unique beneficiaries, with a focus on identifying challenges and necessary adjustments to ensure safe and dignified access to assistance. The evaluation methodology involved consolidating data from various sources, including household interviews, process monitoring, transaction data, and feedback from the call centre. Key findings indicate that travel time to redemption points (ATM or MTO) and waiting time to redeem assistance have decreased over time, with average travel times ranging from 15 to 30 minutes and waiting times ranging from 0 to 60 minutes. Additionally, the cost to reach distribution sites has fluctuated, with an average cost of 250,000-350,000 LBP. The evaluation also found that satisfaction with the quality and quantity of food parcels has remained relatively stable, with an average satisfaction rate of 8.5-9.0. These findings have implications for the WFP's efforts to ensure that assistance is accessible, efficient, and effective in meeting the needs of beneficiaries."
WFP_Lebanon_Programme_Factsheets_September_2025,"This evaluation aimed to assess the effectiveness of the World Food Programme's (WFP) assistance modalities in addressing the evolving needs and challenges of Syrian refugees and vulnerable Lebanese populations in Lebanon. The evaluation employed a mixed-methods approach, combining quantitative data on food security and economic vulnerability indicators with qualitative insights from community-based participatory planning (CBPP) consultations. Key findings indicate that WFP's support has been critical in mitigating the impact of the economic crisis and COVID-19 pandemic on food security, with 81 percent of assisted Syrian refugee households unable to afford the Survival Minimum Expenditure Basket (SMEB) without WFP's cash support. The evaluation also highlights the importance of targeting assistance to the most vulnerable populations, with WFP's household targeting approach using food security and economic vulnerability indicators to ensure that those most in need are reached. The findings suggest that WFP's support has contributed to improved food security and well-being among the target populations, with 42,000 displaced Lebanese in South Lebanon assisted with food support and 62,000 newly arrived Syrians reached with emergency food assistance. The evaluation's implications suggest that WFP's continued support is essential to address the alarming projected levels of acute food insecurity in Lebanon, with 1.24 million people expected to face acute food insecurity by October 2025."
WFP_Lebanon_Supply_Chain_Factsheet_July_2022,"This evaluation aimed to assess the effectiveness of the World Food Programme's (WFP) logistics operation in response to the Beirut port explosion and the ongoing economic crisis in Lebanon. The methodology involved analyzing the procurement and distribution of food parcels, including the sourcing of wheat flour and other essential commodities. Key findings indicate that the WFP's in-kind food operation has been critical in supporting vulnerable Lebanese, with 80% of food procured internationally and 20% sourced locally to ensure timeliness and benefit the local economy. The operation has also enabled the secure storage of COVID-19 vaccines and facilitated the delivery of fuel to facilities in need. The evaluation highlights the importance of maintaining the in-kind food operation and supply chain arrangements to support food security in Lebanon, as well as the need for harmonized customs clearances for UN agencies to ensure efficient and cost-effective services. The implications of these findings suggest that continued support for the WFP's logistics operation is essential to addressing the ongoing economic crisis and ensuring the well-being of vulnerable populations in Lebanon."
WFP_Nutrition_and_HIV_in_Numbers_2024_An_overview_,"This evaluation aimed to assess the effectiveness of the World Food Programme's (WFP) nutrition and HIV programming in achieving its corporate nutrition results and contributing to global nutrition targets and the Sustainable Development Goals (SDGs). The evaluation methodology involved consolidating data from the Annual Performance Report, Annual Country Reports, and indicators tracked in the Corporate Results Framework. Key findings included the reach of 64 million people through nutrition-sensitive programmes, the embedding of nutrition in social protection systems in 41 countries, and the scaling up of digital innovations to strengthen programme delivery and monitoring. The evaluation also highlighted WFP's commitments to improving access to and consumption of nutritious diets, reducing malnutrition in humanitarian settings, and expanding its engagement with national counterparts to strengthen evidence-based decision-making. The evaluation demonstrated that WFP's integrated prevention package, which includes nutritionally adequate household food assistance, social and behaviour change programming, and linkages to health and nutrition services, had measurable impact in reducing malnutrition. The evaluation also noted that WFP continued to prioritize the quality and coverage of its interventions despite challenges such as funding constraints, access limitations, and supply chain disruptions. The evaluation concluded that WFP's efforts had contributed to measurable improvements in knowledge and skills among national staff, and that the organization remained committed to delivering high-impact nutrition responses that are equitable, sustainable, and scalable."
WFP_Pacific_2024_Tonga_mVAM_Bulletin_Oct_Nov_2024_,"This evaluation aimed to assess the food security situation in Tonga, with a focus on household food consumption patterns, coping strategies, and income sources. The study employed a mobile Vulnerability Analysis and Mapping (mVAM) survey, utilizing telephone interviews conducted across five administrative divisions in Tonga between October and November 2024. A sample of 1,208 households was randomly selected using random-digit dialing. The key findings indicate that, as of October 2024, 91 percent of Tongan households reported adequate food intake, a slight decline from September 2023. However, 7 percent of households had borderline consumption, and 2 percent experienced poor consumption levels. Notably, insufficient intake of nutrient-rich foods, such as iron, protein, and Vitamin A, was reported by 39 percent, 14 percent, and 25 percent of households, respectively. The use of stress coping strategies, such as borrowing money or depleting savings, decreased from above 30 percent in mid-2022 to 19 percent in October 2024. The evaluation also highlights regional disparities, with Niua and Tongatapu reporting higher proportions of households with insufficient iron intake. The findings suggest that, while food consumption patterns are generally at acceptable levels, there are concerns regarding income sources, with salary/wages being the primary source of income for 60 percent of respondents. The implications of these findings highlight the need for targeted interventions to address regional disparities and ensure access to nutrient-rich foods, particularly in areas with high proportions of households experiencing poor food security."
WFP_Pacific_Fiji_2023_Market_Price_Monitoring_Bull,"This evaluation aimed to assess the impact of the global food crisis on Fiji's economy and household food security in 2023. The study employed a mixed-methods approach, combining quantitative data from the Reserve Bank of Fiji and qualitative insights from World Food Programme (WFP) remote surveys. Key findings indicate that the Fijian Dollar's depreciation against major currencies, particularly the US Dollar, significantly contributed to the rise in food prices, with essential food items experiencing the greatest price increases. The exchange rate fluctuations and remittance inflows played a crucial role in mitigating the economic challenges faced by Fiji, with remittances accounting for 9.7 percent of the total GDP in December 2023. However, the study also highlights the vulnerability of rural households to food price volatility, with 62.2 percent of the poor population residing in rural areas. The evaluation suggests that Fiji's economy demonstrated a degree of robustness in the face of global economic shocks, with remittances supporting household food security and mitigating the impact of labour immobility and disruptions in key sectors."
WFP_People_Policy_June_2021,"The evaluation objective of the World Food Programme's (WFP) people policy is to establish a coherent framework for excellence in people management by outlining the organization's workforce vision, priorities, and commitments, and its expectations for employees' behavior towards each other and towards the organization. The methodology employed involves a systematic and strategic approach to workforce planning, management, and operationalization, with a focus on fostering a spirit of inclusiveness, respect, teamwork, openness, and transparency. The key findings of this evaluation include the importance of a proactive approach to people management, the need for a workforce able to play capacity building, capacity strengthening, and technical advisory roles, and the importance of addressing the need to cultivate a healthy and respectful workplace culture. The implications of this evaluation are that WFP must adopt a more systematic and strategic approach to workforce planning, management, and operationalization, and prioritize the development of a diverse, committed, skilled, and high-performing workforce that is selected on merit and operates in a healthy and inclusive work environment. This will enable WFP to deliver on its mission and achieve its vision of a future workforce that is capable of saving and changing the lives of the people it serves."
WFP_Philippines_Super_Typhoon_Odette_Response,"This evaluation aimed to assess the effectiveness of the World Food Programme's (WFP) response to Typhoon Odette in the Philippines. The evaluation methodology involved an examination of WFP's emergency response activities, including food assistance distributions, cash and voucher assistance, and logistics support. Key findings indicate that WFP was among the first to respond to the disaster, providing critical support to affected populations through its partners, including CARE, Catholic Relief Services (CRS), and Action Against Hunger (AAH). The evaluation highlights WFP's ability to adapt its response to the evolving needs of the affected communities, prioritizing cash and voucher assistance in areas where markets were functional. The use of WFP's beneficiary and transfer management platform, SCOPE, ensured efficient registration and management of beneficiaries. The evaluation also notes the importance of community feedback mechanisms, which were utilized to inform program management and decision-making. The findings suggest that WFP's emergency response was effective in meeting essential needs targets, with beneficiaries reporting satisfaction with the assistance targeting process and the distribution process. The evaluation implies that WFP's emergency response was well-coordinated with the Government of the Philippines, with WFP providing critical logistics support, including transportation and storage capacity. The evaluation concludes that WFP's emergency response to Typhoon Odette was effective in providing critical support to affected populations, and that the organization's commitment to building the logistics capacity of local government units and implementing partners has contributed to improved disaster preparedness and response."
WFP_Regional_Bureau_for_Eastern_Africa_Agile_Regio,"This regional evaluation aimed to assess the effectiveness of local and regional food procurement pilots in Uganda, Ethiopia, and Sudan. The evaluation employed a mixed-methods approach to examine the integration of procurement and programming interventions in addressing bottlenecks in value chains and promoting local food systems, livelihoods, and resilience of smallholder farmers. Key findings indicate that integrated efforts, particularly direct procurements, improved smallholder farmers' capacity, yields, and crop quality, resulting in increased incomes (5-15% above market value). However, challenges in traceability, definitional clarity on smallholder farmers, and contextualization of conditionality thresholds hindered success in indirect procurement modalities through traders. The evaluation highlights the importance of incentivizing pro-smallholder farmer purchases and suggests that addressing these challenges is crucial for scaling up local procurement initiatives."
WFP_Regional_Bureau_for_Eastern_Africa_Breakthroug,"This evaluation aimed to assess the effectiveness of WFP's humanitarian response services in fragile contexts where commercial aviation options were limited due to conflict or climatic disasters. The evaluation methodology involved analyzing the impact of these services on the timely delivery of humanitarian assistance to vulnerable populations. Key findings revealed that WFP's services enabled partners to reach vulnerable individuals with critical support, thereby mitigating the effects of limited access in fragile contexts. The implications of these findings highlight the importance of WFP's humanitarian response services in ensuring the delivery of timely assistance to those in need, particularly in situations where commercial options are unavailable."
WFP_Regional_Bureau_for_Eastern_Africa_Food_Safety,"This evaluation aimed to assess the effectiveness of the World Food Programme's (WFP) food safety and quality (FSQ) initiatives in 2023. The methodology involved monitoring and analysis of FSQ-related activities, including food supplier audits, assessments, and training workshops. Key findings indicate a 50 percent decrease in total food impacted from 2022 to 2023, with 72,985 metric tons of food affected in 2023. The FSQ Terrain (FOSTER) platform was utilized by 70 percent of the region, falling short of the target of 95 percent due to changes in Sudan and vendor exclusion. The evaluation also highlights successful partnerships, such as the agreement with the Rwanda Standards Board, and capacity-building initiatives, including training workshops and onboarding of local wheat millers. The implications of these findings suggest that WFP's commitment to providing safe, nutritious, and high-quality food to those in need is being implemented, but there is room for improvement in FSQ management and logistics capabilities, particularly in Somalia."
WFP_Regional_Bureau_for_Eastern_Africa_Logistics_i,"This evaluation aimed to assess the effectiveness of the World Food Programme's (WFP) logistics operations in responding to crises in the East Africa and Horn of Africa region. The evaluation methodology involved an examination of WFP's logistics network, including ports, routes, and warehouses, as well as the use of the Global Commodity Management Facility (GCMF) to purchase food at favourable prices. Key findings include the successful dispatch of over 2.9 million MT of food to various operations, providing assistance to nearly 40 million people, and the use of cash assistance in markets where feasible, empowering beneficiaries with flexibility and autonomy. Despite challenges such as increased country transport costs and limited access to fuel and cash, WFP's Logistics team maintained a high data reliability index score and implemented tracking measures to ensure the integrity of food distribution. The evaluation also highlights the establishment of new food supply corridors, the scaling up of cash assistance, and the launch of digital systems to boost operational efficiency and effectiveness. The implications of these findings are that WFP's logistics operations have been effective in responding to crises in the region, and that the use of digital systems and cash assistance has contributed to improved operational efficiency and effectiveness."
WFP_SUPPORT_TO_THE_GOVERNMENT_OF_UGANDA_COVID_19_R,"This evaluation aimed to assess the effectiveness of the World Food Programme's (WFP) response to the COVID-19 pandemic in Uganda. The evaluation methodology involved a review of WFP's supply chain and engineering efforts, as well as its collaboration with the government and humanitarian actors. Key findings indicate that WFP's efforts, supported by UKAID and USAID, resulted in the establishment of semi-permanent structures, incinerators, and district stores to support health care waste management and regional stockpiling of infectious disease emergency commodities. Additionally, WFP provided transportation services to enable the distribution of government commodities across the country. The evaluation highlights the successful implementation of the Presidential Urban Food Assistance programme, which included the construction of isolation facilities and the establishment of warehouses dedicated to Ministry of Health commodities. The implications of these findings suggest that WFP's response to the pandemic was effective in supporting the government and humanitarian actors in containing the spread of COVID-19 in Uganda."
WFP_Seasonal_Bulletin_Impact_Monitoring_of_Hydrome,"This evaluation aimed to assess the impact of the 2022 La Niña phenomenon on rainfall and rice production in Indonesia. The study employed a comparative analysis of rainfall accumulation and long-term averages, as well as field monitoring reports from the Ministry of Agriculture, to evaluate the effects of extreme rainfall events on rice cultivation. Key findings indicate that La Niña caused higher-than-normal rainfall across Indonesia, resulting in localized extreme rains that led to floods, landslides, and crop failures in several districts. The total area of paddy crop failures between December 2021 and February 2022 reached 19,000 hectares, with 96% attributed to floods. Notably, despite the ongoing La Niña situation, overall rice production in Indonesia significantly increased compared to the same period in 2021, likely due to extreme rainfall events. The evaluation's implications suggest that the Indonesian government and agricultural stakeholders should continue to monitor and prepare for the potential impacts of La Niña on rice production and food security."
WFP_Seasonal_Monitoring_Bulletin_April_June_Q2_202,"This evaluation aimed to assess the potential impact of climate change on food security and nutrition in Indonesia. The evaluation employed a desk review of existing data and reports from the Meteorology, Climatology, and Geophysics Agency (BMKG) and other relevant sources. Key findings indicate that 63% of areas in Indonesia have started to experience the dry season, with all areas within Java, Bali, and Nusa Tenggara, as well as some provinces in Sumatera, Kalimantan, and Sulawesi, predicted to be impacted. The evaluation also found that 12 provinces were categorized as under watch for possible degradation of food and nutrition security, with 26 of 34 provinces experiencing food availability under watch. Furthermore, the onset of El Niño is likely to occur in the second half of 2023, potentially negatively impacting rice production. The evaluation highlights the need for early warning systems and climate-resilient agriculture practices to mitigate the impacts of climate change on food security and nutrition in Indonesia."
WFP_Seasonal_Monitoring_Bulletin_January_March_Q1_,"This evaluation aimed to assess the rainfall patterns and drought conditions in Indonesia during the first quarter of 2023 and forecast the potential impacts of El Niño on the country's climate. The evaluation employed a qualitative and quantitative analysis of rainfall data from various sources, including the Climate Hazards Group Infrared Precipitation (CHIRPS) dataset and the World Food Programme's (WFP) Seasonal Explorer. The key findings indicate that, compared to the 30-year average (1991-2020), rainfall patterns in Indonesia during the first quarter of 2023 were mostly within the normal range, except for the third week of January and March. However, above-average rainfall was observed in several regions, including Sumatera, Kalimantan, and Maluku, which may have positive impacts on agricultural activities. Conversely, below-average rainfall was observed in regions such as Bali, Nusa Tenggara Timur, and Nusa Tenggara Barat, leading to drought conditions and negatively affecting vegetation growth. The evaluation also forecasts that El Niño will bring drier and warmer conditions to Indonesia, with a 90% probability of occurrence during March-May 2023. The predicted impacts of El Niño include low to moderate rainfall between May and July 2023, with below-normal rainfall expected in several regions, including Jawa, Bali, Nusa Tenggara, and southern Sumatera. The evaluation's findings and forecasts have significant implications for agricultural activities, water availability, and food security in Indonesia, highlighting the need for proactive measures to mitigate the potential impacts of El Niño."
WFP_South_Sudan_Resilience_Strategy_2024_2030,"This evaluation aimed to assess the effectiveness of the World Food Programme's (WFP) approach to building resilience in vulnerable populations. To achieve this objective, the evaluation employed a mixed-methods approach, combining desk reviews, stakeholder consultations, and field assessments. Key findings indicate that WFP's integrated resilience building approach, which leverages its comparative strengths in emergency response, human capital development, and social safety nets, has shown promising results in reducing reliance on unconditional humanitarian assistance and promoting lasting impact. The evaluation highlights the importance of WFP's commitment to mainstreaming gender equality, women's empowerment, protection, and accountability to affected populations in its programming. Furthermore, the evaluation notes that WFP's capacity to respond to large-scale crises and its ability to work with key partners to anticipate and prepare for crises are critical to its success. The evaluation also emphasizes the need for WFP to continue investing in complementing and strengthening nationally-led systems in emergency preparedness and response, social protection, and food systems to mitigate the human and financial costs of crises. Overall, the evaluation suggests that WFP's approach to resilience building has the potential to contribute to food security and peace, but requires continued flexibility, pragmatism, and progressive adaptation to contextual changes and the needs on the ground."
WFP_UNHAS_Flash_appeal_Haiti_February_2025,"The evaluation objective of the United Nations Humanitarian Air Service (UNHAS) in Haiti is to ensure continuous humanitarian access and effective emergency response in the face of a protracted political, security, and socio-economic crisis. To achieve this objective, UNHAS will maintain its current operational fleet, comprising one fixed-wing aircraft and one helicopter, to provide uninterrupted access for aid organizations. The methodology involves the continued operation of daily flights to Petion-Ville and nine additional destinations throughout Haiti, facilitating the rapid deployment of aid workers, the transport of critical life-saving supplies, and the execution of emergency medical evacuations. Key findings indicate that 5.4 million people in Haiti are facing acute food insecurity, with 2 million experiencing emergency levels of hunger. The suspension of commercial flights and the escalation of violence have severely limited the movement of humanitarian aid and personnel, highlighting the critical need for UNHAS services. The implications of this evaluation are that UNHAS will continue to operate with a standard UNHAS governance structure, with the Steering Committee revisiting the framework if funding challenges persist. The estimated cost to continue operating UNHAS Haiti for 3 months is US$3.9 million, and operations will be scaled down or discontinued when reliable commercial aviation services are available or overland access improves."
WFP_UNHCR_Joint_Cash_Assistance_Operation_for_Basi,"This evaluation aimed to assess the effectiveness of the joint cash programming between the World Food Programme (WFP) and the United Nations High Commissioner for Refugees (UNHCR) in providing monthly cash assistance to vulnerable Syrian refugees in Lebanon for food and other essential needs. The evaluation employed a mixed-methods approach, combining quantitative data from the WFP and UNHCR's joint cash programming with qualitative insights from frontline staff, community structures, and surveyed assisted families. Key findings indicate that despite the continued high needs of refugee families, the joint cash programming has provided essential support, with 228,300 families assisted in 2023. However, funding shortfalls led to a 30 percent reduction in the number of assisted refugee households from December 2023 onwards, reaching only 176,700 households. The evaluation also highlights the importance of dual currency redemption, which improved the ability of assisted families to access a wider range of higher-quality food and reduced difficulties in redeeming assistance. The findings suggest that the joint cash programming has made a significant impact in reducing food insecurity and enhancing livelihoods among vulnerable Syrian refugees. However, inadequate funding continues to hamper the continuity of the programme, emphasizing the need to sustain assistance to vulnerable households and increase coverage and transfer values to meet recommended standards. The evaluation's implications underscore the importance of continued support to refugee families to prevent regression into higher food insecurity and socio-economic vulnerability levels."
WFP_Ukraine_Overview_July_2025,"This humanitarian evaluation aimed to assess the effectiveness of emergency response interventions in Ukraine, focusing on food assistance and mine action efforts. The evaluation methodology involved an examination of program implementation, including the distribution of food and cash assistance in high-risk areas, as well as collaboration with specialist demining organizations to support landmine clearance and agricultural recovery. Key findings indicate that a significant proportion of food distributed is sourced locally in Ukraine, and assistance is delivered in frontline regions, supporting local economic recovery. However, the evaluation also highlights challenges in accessing areas occupied by the Russian Federation, despite joint requests from WFP and other UN agencies. Furthermore, the evaluation notes the repeated targeting and damage of civilian infrastructure, including humanitarian assistance storage and distribution facilities, by strikes. These findings have significant implications for future humanitarian response efforts in Ukraine, emphasizing the need for sustained support to local economic recovery, continued collaboration with demining organizations, and enhanced protection of civilian infrastructure."
WFP_Ukraine_Supporting_exports_of_Ukrainian_food_J,"This evaluation aimed to assess the effectiveness of the World Food Programme's (WFP) support for Ukrainian grain and food exports under the Grain from Ukraine initiative. The evaluation methodology involved analyzing data on WFP's chartering of vessels and procurement of Ukrainian food commodities from July 2022 to the present. Key findings indicate that WFP's direct support for Ukrainian food exports has resulted in the transportation of over 289,552 metric tons of commodities to 18 critical WFP operations in various countries, ultimately feeding over 8 million people. This achievement demonstrates the initiative's potential to alleviate food insecurity in vulnerable regions. The implications of this evaluation highlight the importance of continued international support for WFP's efforts to facilitate Ukrainian food exports and ensure a stable global food supply."
WFP_and_Social_Protection_Annual_Review_2023,"This evaluation aimed to assess the effectiveness of the United Nations World Food Programme's (WFP) technical support to national social protection systems. The evaluation methodology involved analyzing data from 20 countries where WFP provided technical advice and guidance on social protection, resulting in increased coverage for over 834 million people through national social protection systems programmes indirectly supported by WFP. Key findings indicate that WFP's comparative advantage in social protection lies in its ability to leverage its deep field presence, practical operational expertise, and understanding of poverty and vulnerability to help governments develop solutions that enable households to meet their food security, nutrition, and other essential needs. WFP's work in social protection is strengthened through partnerships and collaborations with donors, other agencies, and academic partners, as well as rich exchanges of knowledge and evidence with the global social protection community. The evaluation also highlights WFP's key role in working on social protection in fragile and conflict settings, engaging in 80% of the countries on the World Bank's FCV 2023 list of countries affected by fragility, conflict, and violence. Implications of these findings suggest that WFP's support for coordination efforts and the institutionalisation of coordination platforms is crucial for improving national social protection systems' responsiveness to shocks, and that WFP's partnerships and collaborations are essential for achieving its objectives in social protection."
WFP_at_a_Glance,"This evaluation aims to assess the World Food Programme's (WFP) response to escalating humanitarian needs in 2025. The evaluation objective is to understand the impact of funding shortfalls on WFP's assistance and capacity to address severe needs. The methodology involves analyzing WFP's global presence, school-meal programmes, and capacity-building initiatives. Key findings indicate that WFP is facing significant challenges in maintaining assistance levels due to restricted humanitarian access and funding shortfalls. Furthermore, the organization is scaling back assistance and refocusing on the most severe needs. The implications of these findings suggest that WFP's ability to achieve its zero-hunger goal by 2030 may be compromised, highlighting the need for increased funding and support to sustain national policies and programmes."
WFP_in_Asia_and_the_Pacific_2024_Year_in_Review,"This evaluation aimed to assess the effectiveness of the World Food Programme's (WFP) response to acute food insecurity in Asia and the Pacific in 2024. The evaluation employed a mixed-methods approach, combining quantitative data on the number of people reached by WFP's food assistance programs with qualitative insights from beneficiaries and partners. Key findings indicate that 88 million people in the region faced acute food insecurity in 2024, a significant increase from 28 million in 2019. WFP's emergency response in Afghanistan, Bangladesh, and other countries reached over 16 million people, with 62% receiving food assistance, 31% receiving cash, and 7% receiving food vouchers. However, the global funding crisis limited the scope of WFP's response, with only 12% of needs addressed in the summer season and 41% during the scaled-up winter response. The evaluation highlights the need for anticipatory action and preparedness in emergencies, with WFP's anticipatory action programme in Bangladesh supporting over 628,000 people ahead of Cyclone Remal and the Jamuna Basin floods. The evaluation also underscores the importance of strengthening national infrastructure and supporting community development projects to reduce disaster risks. Implications of the evaluation suggest that the humanitarian community's ability to respond to emerging needs is limited, and that a targeted alignment of resources is necessary to ensure an integrated approach to addressing the intersectionality of needs. The evaluation recommends continued advocacy for investments in preparedness and preventive measures, as well as a commitment to strengthening innovation, partnerships, and integrated programmatic approaches to maximize the efficiency and impact of interventions."
WFP_s_Environmental_Plan_of_Action_2030,"This evaluation aimed to assess the effectiveness of the World Food Programme's (WFP) Environmental Plan of Action 2030 (EPACT) in reducing the organization's environmental impacts. The evaluation methodology involved tracking greenhouse gas emissions, waste generation, water usage, and pollution, as well as monitoring the implementation of the EPACT's targets and milestones. Key findings include the successful reduction of greenhouse gas emissions by 35% since 2010, the development of a basic methodology to estimate environmental impact, and the mainstreaming of environmental sustainability considerations in WFP's operations. Implications of these findings include the potential for WFP to reduce its relative emissions by 45% by 2030, the need to establish a baseline and methodology for scope 3 emissions, and the importance of enhancing the monitoring of environmental sustainability to achieve the goals outlined in the EPACT."
WFP_s_Regional_Urban_Preparedness_Initiative_in_Re,"This evaluation aimed to assess the effectiveness of the World Food Programme's (WFP) Regional Urban Preparedness Initiative in reducing food insecurity and malnutrition in urban communities across Southern Africa, particularly in Lesotho, Madagascar, Mozambique, and Zimbabwe. The evaluation methodology involved a review of project activities and outcomes from Phases I and II, which were implemented from 2021 to 2026, with a focus on the project's strategic partnerships, capacity building, and policy influence. Key findings indicate that the project has strengthened Country Offices and government capacities in urban programming, shaped national urban response mechanisms, and embedded urban resilience strategies within national policies. The project's methodologies and evidence-driven approach have contributed to a shift from research to policy to action in urban disaster preparedness across Southern Africa. The evaluation's implications suggest that actionable frameworks, capacity building, and partnerships are essential for addressing the worsening climate and food security crisis in the region, particularly in urban areas."
WFP_s_Role_in_Strengthening_Forecasting_Capabiliti,"This evaluation aimed to assess the effectiveness of partnerships between the World Food Programme (WFP) and national meteorological agencies in strengthening their capacities for Anticipatory Action (AA) in response to climate-related hazards. The methodology involved fostering partnerships with the Djibouti National Meteorological Agency (DNMA) and the Ethiopian Meteorological Institute (EMI) to equip them with necessary forecasting skills and tools. Key findings include the successful development of drought forecasting tools, such as the Maproom, and the implementation of drought anticipatory action activations in Ethiopia's Somali Region. The partnerships also facilitated the exchange of climate data and forecast information among regional countries, enhancing the capacity of meteorological agencies to generate seasonal and sub-seasonal forecasts. The implications of this evaluation are that the partnerships have contributed to building a network of experts who can support AA in the region, fostering an environment for sharing best practices and addressing common challenges."
WFP_s_Strategy_to_improve_diets_and_address_malnut,"This evaluation aims to assess the effectiveness of the World Food Programme's (WFP) Strategy to improve diets and address malnutrition (2024-2030) in achieving its mission to provide immediate assistance in emergencies and address the root causes of hunger. The evaluation methodology involves an analysis of WFP's programmes, processes, and partnerships to identify key areas of focus and opportunities for integration of nutrition activities and objectives across global operations. Key findings include the importance of leveraging WFP's comparative advantage as the largest provider of food and nutrition assistance worldwide, and the need to optimise opportunities to integrate nutrition activities and objectives across its global operations. The evaluation also highlights the importance of using data, evidence, and analytics to make effective use of resources, and working in partnership to support sustainable solutions. The implications of this evaluation are that WFP should prioritise its efforts to address malnutrition, foster efficiency, and optimise impact, and leverage its work on social protection, school meals, climate adaptation, and resilient food systems to promote the local production, transformation, distribution, and consumption of diverse, nutrient-dense foods."
WFP_s_Updated_Climate_Change_Policy_2024,"The evaluation objective of WFP's climate change policy is to assess the effectiveness of its climate change adaptation and disaster risk reduction efforts in supporting food-insecure communities and promoting sustainable development. The methodology employed involves an analysis of WFP's climate change policy and its implementation, including its alignment with the 2030 Agenda for Sustainable Development and the Paris Agreement. Key findings include the successful implementation of climate change adaptation and disaster risk reduction programs, such as the Sahel Integrated Resilience program, which has improved the adaptive capacity of 4 million people in five countries. Additionally, WFP has demonstrated its ability to connect food-insecure communities to climate risk insurance solutions, leverage sovereign climate risk insurance for humanitarian operations, and use machine learning for hazard early warning applications. The implications of these findings are that WFP's climate change policy is effective in supporting food-insecure communities and promoting sustainable development, and that the organization is well-positioned to continue its efforts in this area. However, the growing impact of climate change on humanitarian needs requires WFP to redouble its fundraising efforts to ensure that its programs and operations are climate-compatible and risk-informed."
WFP_s_Updated_Resilience_Policy_2024,"This evaluation aims to assess the effectiveness of the World Food Programme's (WFP) resilience strengthening efforts in achieving its overarching vision of enabling people to better manage shocks and stressors while improving their food security and nutrition. To achieve this objective, the evaluation will examine the implementation of WFP's resilience policy, which focuses on empowering women, girls, and marginalized people, improving livelihoods, and enhancing natural, physical, financial, human, and social capital. The evaluation will also assess the organization's capacity to leverage its convening role, expand strategic and operational partnerships, and invest in data, research, and evidence generation to support accountability, funding decisions, and programme design.

The evaluation will employ a mixed-methods approach, combining both quantitative and qualitative data to assess the impact and effectiveness of WFP's resilience programmes. Key findings will include the identification of best practices, lessons learned, and areas for improvement in WFP's resilience programming. The evaluation will also examine the organization's capacity to adapt to changing contexts, including the impact of conflict and climate change on resilience programming.

The implications of this evaluation will inform WFP's future resilience programming, including the development of new policies, strategies, and guidelines. The evaluation will also provide recommendations for strengthening partnerships, investing in capacity building, and leveraging data and research to support evidence-based decision-making. Ultimately, the evaluation aims to contribute to the global knowledge and practices in the area of resilience, with a focus on improving food security and nutrition outcomes for vulnerable populations."
WFP_s_Updated_School_Meals_Policy_November_2024,"This evaluation aimed to assess the effectiveness of the World Food Programme's (WFP) school meal programmes in promoting sustainable development and humanitarian outcomes. The evaluation objective was to inform WFP's strategic plan and policy framework for school meal programming. The methodology involved reviewing existing evidence, policies, and programme documents, as well as engaging with stakeholders and partners. Key findings highlighted the critical role of school meal programmes in promoting health, nutrition, education, and social protection outcomes, particularly for vulnerable children and families. The evaluation also identified opportunities for WFP to enhance its support for governments in designing and implementing nationally owned school meal programmes that meet national development goals. Implications of the evaluation include the need for WFP to continue its shift from being an implementer of programmes to becoming an enabler of country efforts, with a focus on promoting local ownership and sustainability, and supporting the growth of the School Meals Coalition to mobilize political will and increase domestic resource allocations for school meals."
WFP_s_approach_to_Planet_Friendly_School_Meals,"This evaluation aims to assess the effectiveness of the World Food Programme's (WFP) school feeding initiatives in promoting sustainable and equitable food systems, particularly in fragile and low-income countries. The evaluation methodology involved a review of existing literature and case studies of WFP's interventions in 30 countries, including the implementation of the Transformative Schools Feeding Model and the Energising Home Grown School Feeding project. Key findings indicate that WFP's school feeding programmes can effectively address challenges such as malnutrition, environmental degradation, and climate change by promoting healthy and sustainable food habits, supporting local agriculture, and creating demand for planet-friendly food production practices. The evaluation also highlights the potential of schools as laboratories for demonstrating the benefits of clean cooking and low-carbon energy solutions, as well as the importance of leveraging food procurement for school meals to influence food systems. Implications of these findings suggest that national governments and international agencies can play a crucial role in promoting sustainable and equitable food systems by integrating sustainability considerations into context-specific and evidence-informed standards for school meals, supporting local smallholder farmers, and investing in clean and energy-efficient cooking solutions."
WFP_s_engagement_in_middle_income_countries_2019_2,"This evaluation synthesis aims to assess the effectiveness of the World Food Programme's (WFP) engagement in middle-income countries (MICs) between 2019 and 2024. To achieve this objective, the synthesis analyzed 73 centralized and decentralized evaluations conducted in 25 MICs, focusing on WFP's partnerships, resource mobilization, and strategic shifts in its work. The key findings indicate that WFP's programmes in MICs are resourced at similar levels as those in low-income countries, with around 57 percent of their needs-based plans funded in 2024. The evaluations also show that WFP's role in MICs has evolved over time, reflecting changing national circumstances and operational needs. However, the synthesis notes that WFP's approach to partnerships in MICs lacks a coherent and overarching framework, and that the organization's engagement in MICs is often constrained by external perceptions of WFP as a specialist humanitarian-response agency. Furthermore, the synthesis highlights the importance of WFP's convening partnerships and brokering knowledge in MICs, as well as its potential role in supporting governments to identify and prioritize national food security and nutrition needs. The implications of these findings suggest that WFP needs to develop a more comprehensive partnership framework for MICs and strengthen its capacity to engage in policy advocacy and systems strengthening work in these countries."
WFP_s_role_in_Youth_Employment_2022,"This evaluation aimed to assess the World Food Programme's (WFP) role in addressing youth employment, a critical issue affecting food security and overall development. The study employed a global literature review of youth employment programmes and WFP programming, as well as case studies in various countries. Key findings indicate that the youth unemployment crisis is compounded by high levels of informal employment, characterized by poor working conditions, low pay, and limited access to social protection services. The study highlights the need for WFP to think strategically about how it can contribute to youth employment outcomes, particularly in countries where a large proportion of the population is young and food-insecure. The evaluation suggests that WFP can leverage its comparative advantage to bring the voices of young, food-insecure people into debates about youth employment and contribute to responses that deliver long-term, sustainable change. To achieve this, WFP should develop a more deliberate and focused approach to addressing youth employment, including mainstreaming support for youth employment within its work, recognizing the intersectional barriers young women and men face, and outlining an organisational strategy for addressing youth employment."
World_Food_Programme_Pacific_Multi_Country_Office,"This evaluation aimed to assess the effectiveness of the World Food Programme's (WFP) interventions in the Pacific Island Countries and Territories (PICTs) in achieving the Sustainable Development Goals (SDGs) by 2030. The evaluation methodology involved an analysis of WFP's Multi-Country Strategic Plan (MCSP) 2023-2027, which is aligned with the 2050 Strategy for the Blue Pacific Continent and the United Nations Pacific Sustainable Development Cooperation Framework. Key findings indicate that PICTs face significant challenges in achieving the SDGs due to growing inequality, gender inequity, and insufficient public services. To address these challenges, WFP has implemented various initiatives, including the Anticipatory Action pilot project in Fiji, macro insurance through the Pacific Catastrophe Risk Insurance Company, and capacity building through a micro-accreditation programme for humanitarian supply chain and logistics. These initiatives aim to enhance the resilience of PICTs to climate and disaster shocks, improve access to national social protection systems, and foster the ability of people to meet their food security, nutrition, and associated essential needs. The evaluation highlights WFP's efforts to support PICTs in achieving the SDGs, including the provision of humanitarian air services and technical assistance during the COVID-19 pandemic and a severe drought in Kiribati."
Zimbabwe_R4_Rural_Resilience_Initiative_in_Masving,"This evaluation aimed to assess the effectiveness of the R4 Rural Resilience Initiative in enhancing food security and building resilience of beneficiary households and their communities in Zimbabwe. The evaluation employed a decentralized activity evaluation methodology, involving a consortium of Particip and Jimat, and utilized a range of data collection methods, including focus group discussions, phone surveys, and interviews with beneficiaries, WFP staff, and national IP staff. The evaluation sought to answer the overarching question: ""To what extent is the R4 initiative as part of the integrated risk management interventions effective in enhancing food security and building resilience of beneficiary households and their communities?"" Key findings include: the R4 Initiative has improved or stabilized food security status and increased livelihood security and resilience among targeted populations; the initiative has also improved investment capacity, natural resource management, and climate shock resilience. However, challenges in mobilizing field-level Government support and adapting to the financial uncertainties of the Covid-19 pandemic have affected the program's implementation. The evaluation suggests that subsequent actions should aim for a minimum of five years engagement with farmers to achieve sustainable results. Implications of the evaluation include the need to explore options for linking R4 to national social protection systems, ensuring community resources for maintaining R4, and identifying medium-term risks to reduce sustainability risks."
evaluation_financing_report_en,"This evaluation aimed to assess the effectiveness of the UNAIDS Joint Programme in promoting sustainable and efficient financing for the AIDS response, with a focus on its role in supporting countries to achieve the 2030 goal of ending AIDS as a public health threat. The evaluation employed a mixed-methods approach, combining stakeholder interviews, country case studies, and analysis of global strategies and reports. Key findings indicate that the Joint Programme has played a crucial role in increasing political commitment for HIV, but has struggled to translate this into material change in domestic financing. The evaluation also highlights the need for the Joint Programme to better align its work on efficiency and sustainability of AIDS funding with the new Global AIDS Strategy 2021-2026, which recognizes the importance of Universal Health Coverage (UHC) and the Sustainable Development Goals (SDGs) in the HIV response. Furthermore, the evaluation suggests that the Joint Programme requires more resources to engage at the provincial level, where HIV financing decisions are now being made. The evaluation concludes that the Joint Programme has contributed to resource efficiencies in the HIV response, but areas for improvement remain, including further consideration of allocative and technical efficiencies and better linkage of strategic information work to changes in funding flows. Overall, the evaluation recommends that the Joint Programme prioritize building its capacity in UHC and UHC financing, and strengthen its partnerships with governments, civil society, and international partners to improve sustainable financing and efficiency for AIDS."
hiv-social-protection-evaluation_en,"This evaluation aimed to assess the effectiveness of various humanitarian interventions. The evaluation methodology involved a comprehensive review of existing literature, accessed on May 1, 2023. Key findings indicate that the interventions had a positive impact on the target population, with notable improvements in access to essential services and overall well-being. However, the evaluation also highlighted challenges and limitations, including resource constraints and contextual factors that affected the interventions' effectiveness. The implications of these findings suggest that humanitarian organizations should prioritize context-specific programming, invest in capacity building, and ensure adequate resource allocation to maximize the impact of their interventions."
