topic,definition,embedding
Innovation,"New approaches, technologies, or processes improving WFP humanitarian food assistance and operations.","[ 5.29387919e-03  3.18311937e-02 -5.36141312e-03 -1.48396147e-02
  4.90588835e-03 -3.32081579e-02 -3.09145059e-02  1.16029847e-02
  2.40491610e-02 -1.97850298e-02  6.66732863e-02  2.90269218e-02
  4.00009453e-02  5.26367500e-02  3.89467105e-02 -1.08822780e-02
  2.52238512e-02  2.55398918e-02 -6.74675629e-02  6.20445386e-02
 -2.50112712e-02  8.57950188e-03 -1.04123512e-02  2.03705505e-02
 -1.89898312e-02  2.32083891e-02 -7.84045309e-02  3.37735415e-02
 -2.68200468e-02 -7.38720447e-02  2.48980094e-02  1.13850255e-02
 -3.89582068e-02 -4.72675562e-02  1.69199666e-06  2.81487661e-03
  1.89318997e-03  3.11291013e-02 -7.55447894e-02 -1.41655318e-02
  1.93335637e-02 -9.60289836e-02 -7.61455717e-03  4.76327725e-02
  2.39541400e-02 -4.13165018e-02  6.81451932e-02  2.93537416e-02
 -3.65301296e-02 -3.22550423e-02  2.53428724e-02 -1.97645575e-02
 -2.35119276e-03  4.58473451e-02 -4.90464270e-02  3.03639639e-02
 -1.09326914e-02 -2.77188532e-02  9.19539854e-02 -3.33375260e-02
 -1.13427732e-02  5.59402145e-02  1.54433399e-02  4.24063616e-02
  2.91247144e-02  4.12752666e-02 -7.64691383e-02 -4.75840308e-02
 -4.69543710e-02  3.61321643e-02  3.38732190e-02 -9.37785255e-04
 -3.78168747e-02  4.70611677e-02 -1.75535996e-02 -3.14317942e-02
  5.21531934e-03 -6.62957877e-02 -3.07473820e-02 -1.35694901e-02
  1.65438716e-04  3.24940383e-02  2.50968188e-02 -2.52660876e-03
  7.58755370e-04  7.88696781e-02 -2.58718524e-02 -9.94765945e-03
 -1.62126385e-02  9.53893922e-03 -6.07356802e-03  1.28007811e-02
  2.14654021e-02  5.00655659e-02  2.92996578e-02 -3.62913422e-02
  1.07453139e-02 -1.35865435e-02  6.11599907e-03 -1.95809081e-02
  2.12387610e-02  5.78312250e-03 -4.51513194e-02 -5.90542518e-03
  9.10430681e-03 -1.51385013e-02 -2.21794043e-02 -6.65726811e-02
 -7.40185380e-02  5.12942672e-02 -7.50532001e-02  3.24564502e-02
 -1.13458671e-02 -2.86216661e-03 -1.63326431e-02 -1.80230513e-02
  1.89259201e-02 -7.70087447e-03  1.81526896e-02 -5.71479043e-03
  5.17711379e-02  2.13462505e-02 -5.38611971e-03  5.02547845e-02
 -1.58698261e-02  1.01866864e-01  4.22328152e-03  7.53068645e-03
 -1.59091838e-02 -6.32669851e-02 -3.27691552e-03 -3.71369310e-02
  9.49917175e-03  5.44751473e-02  2.22092047e-02  4.48720455e-02
 -1.88756697e-02 -8.29988718e-03 -5.49631156e-02 -3.45723517e-02
  3.40197841e-03 -2.45544640e-03 -5.78485318e-02 -1.16614876e-02
 -6.42159954e-03  3.78732495e-02  4.89575453e-02  5.74720725e-02
  6.07573204e-02  1.66516025e-02 -4.08365168e-02 -2.29244260e-03
  3.91036943e-02  1.44091453e-02  4.82284874e-02  2.68233325e-02
  1.37662143e-02 -2.24624034e-02 -4.08328213e-02 -7.40046194e-03
 -4.95792599e-03  9.66783799e-03 -3.72634307e-02 -5.48995286e-03
 -9.82375666e-02  6.49123564e-02 -5.46379806e-03 -6.75671408e-03
  8.47562123e-03 -1.07458252e-02  1.14569506e-02 -2.67422087e-02
  2.25933883e-02  6.50437549e-02  6.60364628e-02  1.23182973e-02
  2.23940015e-02 -2.43083779e-02 -1.71138272e-02  4.87760007e-02
  2.29156073e-02 -4.90884669e-02  2.80765668e-02  3.43372449e-02
 -3.32710855e-02 -1.14418138e-02 -4.89184540e-03  7.92033691e-03
 -2.39470322e-02 -3.45196873e-02 -1.11562666e-02 -2.01252699e-02
  4.65888046e-02  8.41114903e-04 -2.08573025e-02  7.34144868e-03
  8.37314222e-03 -2.92555708e-02  2.90536713e-02 -1.22058801e-02
 -2.57892115e-03 -3.59508544e-02 -1.30297262e-02  5.49015775e-02
 -9.08105727e-03 -4.21510674e-02 -9.86063201e-03 -2.99318470e-02
 -6.37493506e-02 -5.25876917e-02 -3.49461264e-03  3.32785733e-02
 -9.25268233e-03  6.53516948e-02 -2.30687428e-02  2.73903869e-02
  4.78782877e-02  1.94446407e-02  7.02770287e-03  2.34140791e-02
 -3.31458487e-02  2.51154844e-02 -4.42662649e-03  4.46701376e-03
  4.82461751e-02  3.36082727e-02  1.53903551e-02  6.41963305e-03
 -2.09691469e-03  4.88652587e-02  1.12941831e-01  2.55223215e-02
 -2.63456013e-02 -1.51548898e-02  2.32005399e-02  2.60535832e-02
  9.97872204e-02  5.93106374e-02 -3.99978049e-02  1.00928163e-02
 -3.17050107e-02  2.08997019e-02  4.21633385e-02  8.26527178e-03
  8.39118753e-03  2.75055878e-02  3.52719240e-02 -2.97124274e-02
  4.32972722e-02  3.03374343e-02  3.49732190e-02 -2.22647488e-02
 -1.32191647e-02  7.79204024e-03  2.44687457e-04 -8.12168270e-02
 -1.09389033e-02  3.74626443e-02  1.99233945e-02  9.56290662e-02
  3.40363309e-02  4.15288843e-03  9.52421967e-03 -1.42278839e-02
  2.20334083e-02 -4.33189422e-02 -4.53507863e-02 -1.38985636e-02
  2.30089314e-02  1.94782810e-03 -5.83321741e-03  8.42804648e-03
  3.32543403e-02  4.53290865e-02  7.51631260e-02 -4.53615300e-02
  5.30134179e-02 -3.18723172e-02 -4.64135110e-02 -1.39938546e-02
  1.23068318e-02  2.68604215e-02  1.20547879e-02  7.43386522e-02
  1.76508222e-02  2.31824964e-02  6.04250329e-03 -4.16048951e-02
 -4.51551750e-02 -3.07944138e-02 -9.55485273e-03  2.37532286e-03
 -7.70800794e-03 -4.98711243e-02 -2.38201278e-03  1.67256966e-02
 -5.62817529e-02 -4.98539731e-02 -4.69741486e-02  7.43084773e-02
  8.18348490e-03  2.62432527e-02 -1.71892915e-03 -7.82902725e-03
 -2.12956592e-03  7.15485727e-03  5.97336562e-03  3.92293371e-02
 -4.02406640e-02 -6.92627281e-02  1.08098220e-02  4.81587760e-02
  4.52716611e-02 -1.07113468e-02  3.69904600e-02 -5.68497479e-02
 -1.64525006e-02  2.91560707e-03  1.83924083e-02 -1.56331882e-02
  1.56113543e-02 -3.14920582e-02 -3.24101038e-02 -2.40054424e-03
 -1.80574339e-02 -1.27313584e-02 -6.06247708e-02 -1.86032914e-02
 -1.53589025e-02 -2.80000586e-02  1.08670043e-02  2.32845086e-05
  1.88399595e-03  3.02416109e-03  3.39143947e-02 -5.48949279e-02
 -4.28958014e-02 -9.00459811e-02 -3.48600596e-02 -5.68222590e-02
 -4.42318395e-02 -5.41520938e-02 -2.05707587e-02  3.21256332e-02
  4.68421653e-02  2.28871331e-02  2.24665157e-03  5.27078621e-02
 -3.95561904e-02  5.33249192e-02  8.32046568e-02  7.20967129e-02
  8.38722102e-03 -4.30027097e-02 -3.02944127e-02 -6.36597769e-03
 -1.04553737e-01 -8.33996236e-02  3.31571475e-02 -2.71979533e-02
 -7.86825642e-03 -1.14432573e-02  6.17688745e-02 -5.12199439e-02
  1.66238315e-04  6.36180043e-02 -1.05193267e-02  3.46736424e-02
 -1.24529935e-02 -2.00662925e-03  2.55620480e-02  3.16988379e-02
  3.73926014e-03  9.43688303e-03  5.23692556e-03 -4.35554758e-02
  3.40683870e-02  3.65676954e-02 -5.66225685e-02  6.17690757e-03
  1.66449603e-02  2.16147341e-02  3.61974761e-02  8.32346827e-03
 -3.05689070e-02 -1.19687662e-01 -6.38288632e-02 -5.81593961e-02
  1.39516667e-02  5.53877652e-02 -8.77965614e-03  4.58327718e-02
 -4.03299406e-02  2.32308195e-03  8.77557043e-03  5.13168760e-02
  2.86466926e-02  5.01235761e-03 -1.32684512e-02  7.42912246e-03
 -2.47775987e-02  7.86618982e-03  3.13756987e-02 -2.10020114e-02
 -3.72399800e-02  7.32936058e-03  8.11772346e-02  2.29698466e-03
 -2.46496941e-03  2.79521514e-02  4.19113040e-02  5.47152339e-03
 -1.33194425e-03 -3.47172134e-02 -2.14242488e-02 -1.48101859e-02
 -5.10560721e-02  1.80187076e-02 -2.94986740e-02 -5.40555343e-02
 -1.36692673e-02  5.87547617e-03  2.40940135e-02 -1.44763775e-02
  1.48162488e-02  1.80118512e-02 -2.97147688e-02  4.59907539e-02
  4.19405056e-03 -1.36643769e-02 -1.17548909e-02  3.60744409e-02
  1.16810827e-02 -4.13334072e-02  1.56134488e-02  6.25747303e-03
  4.05093431e-02 -8.31174403e-02 -2.01129317e-02 -2.05181092e-02
  3.50430161e-02  3.56381759e-02  3.37062478e-02  2.96932622e-03
  3.87897491e-02  2.71325577e-02  2.43270360e-02  1.93504803e-02
 -4.03005295e-02  1.88753773e-02 -1.61336572e-03  1.68793742e-02
 -5.26261032e-02  5.53180231e-03  1.96358468e-02  1.94572695e-02
  4.74111885e-02 -3.12501974e-02  1.94547903e-02 -1.80343387e-03
 -8.50206241e-03  2.16412861e-02 -1.34319430e-02  3.16208340e-02
  9.00853649e-02 -6.37659505e-02  3.80651094e-02  4.57880609e-02
 -1.52981060e-03 -4.31062281e-02 -1.18738823e-02  1.41940620e-02
 -1.27104735e-02  4.91455272e-02  5.17016724e-02 -9.84759070e-03
 -2.69001462e-02  5.24374517e-03 -5.29233813e-02  2.77009550e-02
  1.37663055e-02  6.55841967e-03  1.87829100e-02 -7.89090917e-02
 -7.33390637e-03  3.72320483e-03 -1.96499843e-02 -3.40495706e-02
 -1.55897141e-02  2.53667217e-02 -1.88333970e-02  2.39106137e-02
  3.54919583e-02  4.80328966e-03 -3.06737311e-02  2.97264215e-02
  7.37506896e-02  3.87994982e-02 -3.95740680e-02  2.15357263e-03
 -4.66644876e-02  5.03424630e-02 -3.83902155e-03 -1.39041990e-02
 -1.81380194e-02 -8.61582998e-03  3.66302300e-03  1.78284999e-02
 -2.21956279e-02 -5.22663957e-03 -4.12652418e-02  4.22487669e-02
  2.09530722e-02 -3.78849544e-02  1.93375051e-02  4.16406281e-02
 -1.49521744e-02  1.71170442e-03 -5.87933557e-03 -1.38450162e-02
 -9.40229744e-03 -3.39066125e-02  5.16306749e-03 -4.23533283e-02
  2.72377748e-02 -2.28602104e-02  1.46897016e-02  2.21956931e-02
 -2.44610794e-02 -1.33234812e-02 -2.48483885e-02 -1.78666227e-03
 -1.00372883e-03 -5.13589708e-03  2.41658706e-02 -1.46201709e-02
  5.47197536e-02 -3.58047150e-02 -1.14553310e-02  8.01214948e-02
 -2.43809018e-02  2.38649081e-02  2.50070188e-02 -1.72284804e-02
 -4.73808823e-03  1.33027555e-02 -1.58686657e-02 -5.92799298e-02
 -2.24677706e-03  1.74195203e-03 -1.84372105e-02 -5.38639724e-03
 -1.50401304e-02 -6.31266274e-03  7.68226013e-02 -6.07815362e-33
  2.47475263e-02 -3.31119411e-02 -7.85117596e-03 -1.14621520e-02
 -4.26574163e-02  5.99130131e-02  2.34470367e-02  5.91201999e-04
 -3.68543789e-02 -2.37227082e-02 -1.11932633e-02 -4.39524762e-02
  4.10069264e-02 -1.76208932e-02 -1.61983836e-02 -1.26449196e-02
 -1.66772101e-02  7.06615970e-02 -1.12565374e-02 -1.19012199e-01
 -2.53365003e-02 -2.19952292e-03 -1.88471787e-02  8.12231973e-02
  1.42605109e-02 -4.96211946e-02 -2.13987101e-02 -5.03058592e-03
  8.41323435e-02 -1.88284516e-02 -6.63213024e-04 -2.09665466e-02
  1.27332390e-03 -3.24127935e-02 -3.75413261e-02  5.46643846e-02
 -5.72019082e-04  4.28649038e-02 -2.50241607e-02 -3.83875929e-02
 -8.75347555e-02 -3.37617733e-02 -1.43065546e-02  8.54425319e-03
 -3.04019563e-02  3.92608121e-02 -2.90301908e-02 -5.14729396e-02
  1.23220980e-02  8.43563378e-02  3.44328117e-03 -1.81678906e-02
  1.40612177e-03  1.27820373e-02 -3.21838669e-02  1.30503690e-02
 -4.44017202e-02 -1.69106107e-02  1.72998421e-02 -6.45327270e-02
  1.78157818e-03  3.86569351e-02 -9.70998965e-03  1.28926346e-02
 -3.48748975e-02 -3.36917341e-02 -8.74411687e-02 -3.83810475e-02
  3.69214416e-02 -6.86891824e-02 -3.58557887e-02 -1.25972265e-02
  7.57670552e-02  1.87610611e-02 -3.11806742e-02 -5.35617070e-03
 -3.02835158e-03  3.00449487e-02 -5.71788475e-02 -7.49394391e-03
 -2.42595952e-02 -4.53942176e-03  3.16861421e-02  2.78969388e-02
 -1.90941114e-02 -4.81483154e-02 -2.52828281e-02  4.42600511e-02
  1.45769836e-02 -1.87208038e-02 -1.84391141e-02  3.21280770e-02
 -2.02545281e-02  7.51811191e-02  1.22480899e-01 -3.93701605e-02
  3.04185413e-02  2.84233112e-02  1.09299961e-02 -5.64342772e-04
 -5.71082048e-02  4.79229242e-02 -1.91178638e-02  3.22471745e-02
  8.26093089e-03  8.27712100e-03 -1.94998719e-02 -1.39197912e-02
  4.40228032e-03  1.06501924e-02 -2.22973116e-02 -7.59348786e-03
  7.90285505e-03 -3.47083136e-02 -5.37830926e-02 -7.61093274e-02
  1.80602465e-02 -5.20267263e-02 -4.58356133e-03 -6.02436997e-02
 -4.13375616e-04  2.34243721e-02  2.30084136e-02 -2.01533455e-02
 -2.08906531e-02  2.20732447e-02 -3.68097355e-03  3.52771170e-02
 -4.89381738e-02  3.49231213e-02  2.55615581e-02 -5.37019409e-03
  2.29941648e-07  6.69982284e-02  3.40705551e-02  5.69004416e-02
 -3.00248824e-02 -2.00453568e-02 -4.62674834e-02 -3.42743210e-02
  2.76056454e-02 -5.99465631e-02 -4.28448291e-03  5.53884842e-02
 -1.09105846e-02 -1.30611716e-03  1.55374622e-02  2.16210950e-02
 -2.84026489e-02  2.91661043e-02 -1.32791093e-03 -2.14123242e-02
 -3.88494730e-02  1.31360274e-02  3.03083248e-02  7.03892438e-03
  5.21362014e-03 -2.12461594e-02  2.37517748e-02  2.33814735e-02
 -3.17147188e-02  2.92629469e-02 -2.61531752e-02 -1.61932278e-02
 -2.04849383e-03  2.92504374e-02 -5.43124750e-02 -4.24945131e-02
 -6.27875775e-02 -1.25967097e-02  5.15151173e-02 -4.20855433e-02
 -5.20761358e-03 -6.54682145e-02  9.57703497e-03  8.97897221e-03
 -3.92034128e-02  1.56902410e-02 -9.57784522e-03  1.78305041e-02
  1.04843080e-01  1.43962558e-02  2.16836091e-02 -2.01044511e-03
  6.00877823e-03 -1.42559933e-03  7.26175085e-02 -1.48048149e-02
  2.68503632e-02 -2.19435841e-02  7.31927305e-02  2.35634875e-02
 -4.60935347e-02 -3.04144677e-02 -5.63503988e-02 -6.65770029e-04
 -7.99143165e-02 -2.90990844e-02  2.61598099e-02 -1.76688642e-04
  1.60063232e-34 -7.17511354e-03 -6.44919509e-03  2.71150600e-02
 -3.57030854e-02 -4.54357751e-02  3.31665240e-02 -4.18365076e-02
 -1.59474481e-02  2.77816523e-02  8.81901849e-03  3.44852060e-02]"
Programme_design,"Planning, frameworks, and intervention blueprints structuring effective WFP programmes.","[-2.04808675e-02  3.19212638e-02  2.31262054e-02 -3.29395644e-02
  1.29503049e-02  8.81194323e-03 -6.76160678e-02  4.25704010e-02
  2.49667006e-04 -1.26757016e-02  9.07343477e-02  4.45441864e-02
  2.67712697e-02  7.21707568e-02  8.90975632e-03 -4.62943614e-02
  1.38621572e-02  2.72270385e-02 -8.58157948e-02  4.99055646e-02
 -2.63818447e-02  1.10634658e-02 -4.33088541e-02  3.12970802e-02
 -7.24475384e-02 -2.92146439e-03 -1.14815915e-02  5.95025010e-02
 -3.17308307e-02 -2.57867482e-02  2.35051829e-02  1.28192939e-02
 -2.99571380e-02 -5.24691343e-02  2.00724435e-06  1.76161379e-02
 -2.80123297e-03  2.50835624e-02 -2.63198093e-02  1.08391270e-02
 -6.00192770e-02 -9.99004394e-02  1.46796117e-02  4.55323271e-02
  1.38080344e-02 -1.27969729e-02  2.57934704e-02  7.90015608e-02
 -3.83389811e-03 -3.34470719e-02  2.96521420e-03 -4.74159159e-02
 -2.91868690e-02  2.06719041e-02 -5.03166094e-02 -3.63747813e-02
 -1.25015741e-02 -2.33281311e-02  3.43596078e-02 -7.54284933e-02
 -2.55749244e-02 -3.16330371e-03 -1.06724473e-02  3.39446627e-02
  3.47268023e-02  1.82123936e-03 -4.92818356e-02 -2.83545852e-02
 -2.94164997e-02  3.00644524e-02  5.36029115e-02  5.80857927e-03
 -4.31458419e-03 -1.55097768e-02  8.12519155e-03 -2.25415509e-02
 -1.49645256e-02 -2.61655096e-02 -2.23855283e-02 -2.25941762e-02
  6.36046985e-03  5.18846065e-02  2.21078936e-02 -3.40550281e-02
 -2.94942074e-02  5.85868582e-02 -1.42696034e-02  7.92931300e-04
  1.11811273e-02  2.14708522e-02 -5.27593167e-03  8.67228210e-03
  3.87551188e-02  1.85041577e-02  6.41446784e-02 -2.78962217e-03
  5.47764935e-02  5.45574985e-02  1.79636758e-02  2.71157995e-02
 -1.71390176e-03 -1.95230776e-03 -1.26922904e-02 -2.31252760e-02
  4.77211401e-02  1.77397747e-02 -6.98765293e-02 -8.31622332e-02
 -2.06281487e-02  1.04940765e-01 -6.72269762e-02  3.22975032e-02
 -1.52126001e-02 -4.19633053e-02 -2.17961464e-02 -4.75440696e-02
 -5.73985698e-03  1.72189567e-02 -2.97739115e-02  1.29144322e-02
  5.00598736e-02  1.54009713e-02  1.52733475e-02  5.34542650e-02
  1.08659007e-02  7.46603012e-02 -6.71625510e-03  2.37169284e-02
 -1.65397003e-02 -2.48244934e-04  3.30580806e-04 -1.22359265e-02
 -1.85191818e-02  4.88317423e-02  7.17026442e-02  2.33911332e-02
  3.12120598e-02 -3.16682011e-02 -5.69676906e-02 -2.02153400e-02
 -5.16045094e-03  2.93147583e-02 -1.42929927e-02 -5.91378920e-02
  5.14968764e-03 -2.14640447e-03  7.34486729e-02  4.81553152e-02
  2.04432886e-02  3.30987014e-02 -8.30540725e-04 -6.22774661e-02
  9.11974057e-04  8.31040088e-03  4.37888540e-02  3.65713462e-02
  3.34624983e-02 -1.03273969e-02 -3.40504758e-02  4.81511988e-02
 -1.96659975e-02  7.26584392e-03 -3.57289873e-02  3.45397368e-02
 -2.64306851e-02  4.91627306e-02  5.00143841e-02 -1.78331435e-02
  5.09640388e-02 -8.48240685e-03 -4.73223478e-02 -2.09770724e-02
 -4.04632911e-02  8.82740021e-02  8.89899116e-03  2.12670676e-02
  5.58869168e-02 -1.08882990e-02 -1.17054339e-02 -2.93157194e-02
 -3.91714554e-03 -5.01638427e-02  5.80665097e-03  1.55148783e-03
 -2.12744176e-02  8.26897379e-03 -5.09571924e-04 -2.23528184e-02
 -2.78892759e-02  3.37843713e-03  2.14261259e-03 -9.30902269e-03
  4.23944965e-02  3.91053082e-03 -2.45816559e-02 -5.27653552e-04
 -2.54208669e-02 -1.66487079e-02  1.80390605e-03  1.11111943e-02
  1.90463406e-03 -3.99032719e-02 -3.31725292e-02  5.08672819e-02
  1.63778868e-02 -4.60162312e-02  1.71383638e-02 -2.30898429e-02
 -2.51609702e-02 -5.58727719e-02  1.53910452e-02  1.55598279e-02
  1.13460775e-02  2.43809931e-02 -1.35597447e-02 -2.17038561e-02
  1.06086591e-02  7.37425312e-03  5.32477768e-03 -3.84804420e-02
 -4.61858585e-02  3.42100151e-02 -7.00174049e-02  5.95257021e-02
  1.46979662e-02 -2.43215319e-02 -2.16929950e-02 -1.26334978e-02
  2.59342585e-02  6.83303103e-02  2.93882415e-02  4.69467714e-02
 -3.53943408e-02  2.11686250e-02  5.54962717e-02 -1.08340001e-02
  5.63122407e-02  1.88450646e-02 -3.34966183e-02 -7.78135099e-03
 -9.24754981e-03 -1.79086365e-02  1.48498453e-02  1.64027512e-02
  1.68921135e-04  1.43620688e-02  1.80386920e-02 -1.03222090e-03
  5.90355461e-03  2.84352954e-02 -1.53609095e-02 -1.54269161e-02
 -5.03553078e-02  5.98491728e-03 -2.43064221e-02 -2.35087816e-02
 -4.75597493e-02 -5.31866029e-03 -1.08591588e-02  8.84034410e-02
  1.77075658e-02 -9.90374386e-03 -1.01599880e-02  2.39269268e-02
  8.28911811e-02 -1.84935220e-02 -3.56599838e-02 -2.44654156e-02
  2.87113898e-02 -4.46583424e-03 -4.45032045e-02 -1.26069575e-03
  1.22488998e-02  1.78377684e-02 -1.42742496e-03 -2.01981720e-02
 -2.33514238e-05 -7.26209953e-04 -7.57586444e-03  3.79063608e-03
  3.45005207e-02  4.48770337e-02  3.37781087e-02  4.87865917e-02
  2.06788070e-02 -1.48049267e-02  2.06907876e-02 -1.16016855e-02
 -4.97745443e-03 -3.42035443e-02  3.15269902e-02 -3.64814699e-02
  5.14414534e-03 -3.66435573e-02  1.51949441e-02  5.03669083e-02
 -1.11165857e-02 -3.36177759e-02 -7.89881796e-02  5.24947681e-02
  3.54688894e-03 -2.15266808e-03 -7.63444509e-03 -3.56086418e-02
 -1.79759003e-02  4.01264615e-02 -1.68223735e-02 -4.25006114e-02
  2.46880874e-02 -4.47992148e-04  2.55866200e-02  3.90229523e-02
  2.15987321e-02  1.00785140e-02  4.16666567e-02 -2.80710217e-02
 -7.40817264e-02 -4.66393456e-02 -1.97079927e-02 -4.48539201e-03
  1.47555338e-03 -4.38402630e-02 -5.29738814e-02  6.45362632e-03
  1.17590781e-02 -2.16439199e-02 -3.65087390e-02  9.44659114e-03
  4.50736843e-04 -1.68185856e-03 -2.20581852e-02 -4.72322293e-02
 -1.23025570e-02  1.99138448e-02  1.13578336e-02 -2.82851011e-02
  2.58555841e-02 -3.42929401e-02 -2.18993202e-02  1.22428350e-02
 -4.80162539e-02  8.53796955e-03 -2.68220585e-02  8.07176437e-03
  1.48230679e-02  1.91717409e-02 -1.25698950e-02  1.36630395e-02
 -4.00200523e-02  6.00492246e-02  4.08149511e-02  8.61365125e-02
 -1.50976218e-02 -2.34592482e-02 -1.37305176e-02 -1.08136512e-01
 -4.45055142e-02 -5.82875311e-02  5.11942804e-02 -8.44331011e-02
 -5.14278151e-02 -2.21274924e-02  2.34546419e-02  1.97567940e-02
  4.50100563e-02  3.32724117e-03  3.97242941e-02  1.81943737e-02
  3.14586493e-03  3.29782926e-02  5.97771406e-02  4.39855866e-02
 -3.80070768e-02  1.60116208e-04  7.49766128e-03 -8.40052962e-03
  4.38504219e-02  3.42104994e-02 -3.99955772e-02  1.88399758e-02
  2.76942097e-04 -6.83410652e-03  9.87556204e-03  1.59264810e-03
  2.16416083e-02 -4.96976040e-02 -5.12889493e-03 -4.20938581e-02
  4.74056602e-02  1.66664533e-02  1.28687937e-02  8.88529867e-02
 -1.09951375e-02  3.59066874e-02 -3.70796993e-02  3.81156057e-02
 -2.92684771e-02  1.15692923e-02  1.31490706e-02 -8.59528035e-03
  3.77826486e-03 -1.84137765e-02  2.67858859e-02  2.11183373e-02
  2.74878703e-02 -6.45149685e-03  4.15183716e-02  8.46604351e-03
 -2.30618045e-02 -5.85464807e-03  1.78090148e-02 -1.98142491e-02
 -2.66743563e-02 -2.87956204e-02  1.79848410e-02 -2.46533435e-02
 -2.11484339e-02 -2.70889048e-03  2.09261514e-02 -8.32868814e-02
 -7.16115087e-02  2.19496191e-02 -2.28345226e-02 -3.14351954e-02
 -3.44542228e-02  1.96834505e-02  3.01407930e-02 -7.74606923e-03
  2.78950818e-02  6.01320807e-03  1.58030819e-02  5.61191849e-02
  3.57113741e-02  2.33619125e-03 -5.35087148e-03 -6.72211451e-03
  5.46714179e-02 -4.26058285e-02  7.06021413e-02  4.52134684e-02
  2.26779897e-02  6.18378259e-02  3.74694951e-02 -7.87433516e-03
  1.72554908e-04 -3.52680981e-02  1.67904515e-02  2.58593932e-02
  3.59618454e-03  2.56646518e-02  3.89011279e-02 -6.28039241e-03
 -7.05624968e-02 -3.43139693e-02  2.16753092e-02  5.67610841e-04
  8.23483709e-03 -1.39553389e-02  4.51421998e-02 -1.80480967e-03
  1.44742860e-03  1.55624319e-02 -3.40941064e-02  3.88763174e-02
  1.11768924e-01 -6.40274137e-02  2.83952467e-02  3.49236354e-02
  5.84075414e-03 -3.64386430e-03  2.74691675e-02  6.52257586e-03
 -2.00160034e-02  1.85571685e-02  3.33379544e-02  1.85888465e-02
  8.20406899e-03  3.87013927e-02 -1.24483379e-02 -1.18268291e-02
  1.18908929e-02 -3.09993513e-02 -5.66694327e-02 -1.03836335e-01
 -5.46165109e-02 -3.52601223e-02 -1.68895815e-02 -1.24431076e-02
 -1.90888010e-02  4.57393005e-02  1.43009657e-02  5.63823581e-02
 -1.60433017e-02 -4.86998446e-02 -7.03953952e-02  4.49439399e-02
  8.70459422e-04  8.12429488e-02 -1.59188416e-02 -1.82977635e-02
 -3.37238684e-02  1.09072635e-03 -8.51636345e-04 -1.38401818e-02
 -4.14873138e-02  2.72677708e-02  5.63222822e-03  3.93218547e-02
 -4.90412302e-03 -2.43456278e-04 -5.58000766e-02  3.22549022e-04
  1.92294214e-02 -4.78116721e-02  2.90892161e-02 -2.51387935e-02
 -4.35560569e-02 -1.72907021e-03 -2.05783676e-02 -2.12612469e-02
 -1.91771965e-02 -4.74250759e-04 -3.94058675e-02 -2.98127774e-02
  4.74339016e-02  5.02102673e-02  3.08738672e-03 -3.61862965e-02
 -8.91101435e-02 -3.13000157e-02  2.37829201e-02  3.07577550e-02
  3.23356763e-02  1.95850655e-02 -9.10134334e-03 -7.02226087e-02
  6.13370351e-02  2.86471713e-02 -5.93244098e-02  7.43984953e-02
 -5.40728644e-02 -1.17707718e-02  3.97728756e-02 -1.54731842e-02
  5.36811445e-03  4.78693545e-02 -4.69786339e-02 -5.52964769e-02
  1.43727679e-02  7.39738625e-03 -1.10012870e-02 -3.61652207e-03
  2.04441845e-02 -1.84876323e-02  1.00812316e-01 -4.85664564e-33
  3.35945673e-02 -1.03600156e-02  4.14248370e-02 -3.17535996e-02
 -4.15436514e-02  3.02146003e-02  3.61266248e-02 -3.52677964e-02
 -1.95676070e-02  7.93333258e-03 -1.32419914e-02 -4.46992880e-03
 -1.63856847e-03  1.47365807e-02 -4.98126969e-02  2.19626185e-02
 -2.89061349e-02  7.23479241e-02 -1.54408915e-02 -9.65980887e-02
 -4.90535200e-02  1.33921942e-02  3.93369980e-02  9.46508795e-02
  1.98946334e-02  1.14878984e-02 -5.17652668e-02  2.03031376e-02
  1.05004817e-01 -1.24138221e-02 -1.04815718e-02 -8.17525014e-03
  1.75201660e-03  1.11404601e-02  1.22414092e-02  3.60332951e-02
  2.28369888e-02 -1.75031703e-02 -6.98878570e-03 -3.83927934e-02
 -7.20111877e-02 -1.56920701e-02  2.28984002e-02  2.23464649e-02
 -4.15458046e-02 -2.26399899e-02 -2.76639517e-02 -6.51012510e-02
 -3.93830845e-03  8.55216980e-02 -4.71762121e-02  6.87877787e-03
  3.72376516e-02  4.17382158e-02 -3.38118672e-02 -5.15257427e-03
 -6.73390999e-02 -3.53362523e-02 -1.01506663e-02 -5.59441112e-02
  5.02304826e-03  2.69304751e-03 -2.33051032e-02  7.80277839e-03
  6.05979178e-04 -2.75076069e-02 -6.65553808e-02 -2.44273990e-03
  5.93042448e-02 -2.70191059e-02  5.00364378e-02 -4.04547788e-02
  2.72062812e-02  1.78786274e-02 -5.20677827e-02  9.99326259e-03
 -3.95796075e-02 -6.65320316e-04 -3.40290777e-02 -4.15680744e-02
  7.99913704e-03  1.38424812e-02 -1.11032948e-02  3.60851944e-03
 -8.52258205e-02 -1.03483330e-02  4.67526959e-03  7.46549219e-02
  2.39913538e-02 -1.45660434e-02 -3.94635312e-02  7.87706152e-02
 -1.75609142e-02  3.09894956e-03  7.41896704e-02  1.86786533e-03
  1.09115941e-02  2.54153386e-02  1.12748137e-02  3.02415271e-03
 -4.42196541e-02  1.46845477e-02 -3.30992751e-02  4.98163588e-02
  3.24770473e-02  1.54530732e-02  1.29119009e-02 -5.04464842e-02
 -1.61878765e-02 -4.39943150e-02 -6.29024720e-03  2.04523206e-02
  3.38987005e-03 -2.15568282e-02 -2.72972267e-02 -4.43917289e-02
 -2.22452283e-02  5.95114892e-04  1.09861800e-02 -7.01690316e-02
  2.26978445e-03 -1.99817754e-02  2.82185171e-02 -1.49350893e-03
 -7.06881434e-02  9.27610230e-03  4.86139171e-02  5.99011481e-02
  4.09600064e-02  9.23362281e-03  5.05412407e-02 -3.42151313e-03
  2.43035970e-07  1.99146401e-02  5.11675067e-02  5.11012934e-02
  1.03743328e-02 -1.64276138e-02 -4.48366627e-02 -5.06413430e-02
 -3.19928564e-02 -3.58122624e-02  1.98226068e-02  9.89785045e-02
 -2.02419851e-02 -6.15141541e-02 -1.56738702e-02  3.91592830e-02
  6.99602067e-02 -2.11529527e-02 -2.76544839e-02 -1.74017139e-02
 -3.59747671e-02 -2.76472922e-02  6.26053438e-02 -2.58641271e-03
  6.63918862e-03  2.95296567e-03  5.57295717e-02  9.43830423e-03
  3.84670333e-03  1.42632127e-02 -5.07800579e-02 -4.85709086e-02
 -2.75708232e-02  3.21641676e-02 -4.08117622e-02 -3.67863141e-02
 -2.42808647e-02 -1.64325684e-02  7.07891881e-02 -2.83163339e-02
  1.84648931e-02 -7.97920302e-02 -3.06891631e-02 -2.20881007e-03
 -2.83097923e-02 -2.92317010e-02 -5.37911989e-02 -1.71485506e-02
  5.87008372e-02 -3.11485818e-03 -8.52970220e-03 -3.38007347e-03
 -4.48059011e-03  2.62258854e-02  1.12090841e-01 -6.25263434e-03
  6.10835031e-02  1.54680485e-04  5.95527999e-02  7.36041293e-02
 -7.46345147e-03 -5.11012003e-02 -4.72342595e-02 -1.32699208e-02
 -1.96044445e-02 -6.10749014e-02 -9.24413279e-03 -1.71127878e-02
  2.06902182e-34 -4.84603876e-03  4.85493336e-03  2.29129028e-02
 -4.77636345e-02 -2.99771149e-02 -2.98356242e-03 -9.67317168e-03
  2.63945945e-02  2.18380596e-02  5.63314417e-03 -4.46660537e-03]"
Funding_and_donors,"Donor relations, financial contributions, and funding mechanisms supporting WFP operations.","[ 4.87333769e-03  7.16784820e-02  1.75904240e-02  1.10274078e-02
  1.54252267e-02 -6.40570093e-03 -7.99100194e-03  3.63309085e-02
 -5.59214037e-03 -1.47047667e-02 -5.03923045e-03  1.14580430e-02
  8.75646248e-02  1.89685859e-02  1.10974861e-02 -2.44115107e-02
  6.73383614e-03  2.94901207e-02 -5.28876893e-02  2.92267278e-02
 -3.77888419e-02  1.40447095e-02 -2.98580434e-02  4.59199734e-02
 -4.96181622e-02 -7.74235232e-03 -2.05345806e-02  2.55215410e-02
 -2.91894898e-02  1.46560445e-02  1.56968832e-02 -3.34392712e-02
 -3.43036503e-02 -7.29199052e-02  1.73097237e-06 -9.25446115e-03
 -3.22365388e-02  1.91122275e-02 -5.10012396e-02 -3.30700446e-03
 -5.41400388e-02 -7.76333511e-02 -1.69416573e-02  4.37460840e-02
  3.06699723e-02 -1.71819516e-02  6.31095469e-02  2.23806668e-02
 -4.83904146e-02 -6.26913011e-02  1.93342529e-02  3.55567820e-02
 -3.14900614e-02  8.93906690e-03 -4.63379994e-02 -2.14347914e-02
 -8.45193304e-03 -4.75984365e-02  3.06757342e-04 -1.05288051e-01
 -3.27328295e-02  1.71002634e-02  1.50030060e-02  3.05407662e-02
  4.07487042e-02  3.43135037e-02 -4.02119458e-02 -7.64256204e-03
 -2.80900244e-02  9.98213701e-03  7.38338754e-02  1.46152973e-02
 -4.04158747e-03  6.32436872e-02  6.28052652e-03  1.12488224e-05
  3.09039894e-02 -2.19932315e-03 -7.25343730e-03 -2.41247974e-02
  1.28001440e-02  7.07069710e-02  1.69409122e-02  3.11717745e-02
 -1.41570130e-02 -1.30192274e-02 -3.17944970e-04 -2.03170814e-03
 -2.91770585e-02  2.98384801e-02 -3.27004232e-02 -3.48741338e-02
  6.59746602e-02  4.00775522e-02  7.39571303e-02 -2.95311911e-04
 -1.48453880e-02  5.23719713e-02  1.17592970e-02 -2.51505896e-03
 -6.79443330e-02 -2.76284497e-02 -7.51806945e-02  1.67540647e-02
  5.68884574e-02 -1.35322101e-03 -7.13827163e-02 -8.79454762e-02
 -4.69050147e-02  5.52126206e-02 -1.21375369e-02  2.63897646e-02
 -8.43876260e-05 -2.36111693e-02 -3.94947864e-02 -5.26416413e-02
 -1.12717357e-02  2.77351160e-02 -2.45392742e-03  4.35506403e-02
  3.97724845e-02  1.43932900e-03  2.35624090e-02  5.75882755e-02
 -4.32713237e-03  6.65350929e-02 -2.94566210e-02 -2.73190113e-03
 -1.77667663e-02  1.40188141e-02 -2.55054422e-02 -1.66124292e-03
  2.74915937e-02  2.68148314e-02  1.58748142e-02  6.69773147e-02
  3.00720632e-02 -4.54625348e-03  5.23262145e-03 -9.01006348e-03
  2.07672063e-02 -1.45110162e-02 -5.97409904e-02  8.32919404e-03
  2.52734870e-02  4.00968492e-02  4.37112860e-02  3.35165039e-02
  1.63906850e-02  1.06767043e-02 -2.39461102e-02 -7.96121359e-03
  2.02212371e-02  1.08167324e-02  3.48876789e-02  1.78534184e-02
  1.19960327e-02 -9.82062146e-02 -2.87216790e-02 -2.77693756e-02
 -7.55158858e-03 -2.87334770e-02 -6.07943982e-02  1.75272916e-02
 -2.19650343e-02  3.16898376e-02  4.24748100e-02  4.10953425e-02
  1.21384328e-02 -3.45535614e-02  4.62362915e-03  5.19056432e-03
 -2.30246801e-02  3.27656860e-03  2.92606298e-02  3.79743613e-02
  6.22836873e-02 -2.99765579e-02 -4.47344445e-02 -2.55140439e-02
  2.77397782e-02 -3.85872349e-02 -3.05349622e-02  1.76808983e-02
 -2.24062484e-02  2.25330647e-02 -7.95463193e-03 -3.08042914e-02
 -1.61341857e-02 -1.88112538e-02  1.01141054e-02  1.12033840e-02
  9.10327584e-03 -2.57454738e-02 -3.98189016e-02 -7.17957504e-03
 -1.92767940e-02 -1.79708656e-03  2.19876505e-02  1.63251814e-02
  1.51052894e-02 -6.69143908e-03 -5.91557240e-03  7.89470375e-02
 -1.32536376e-02 -4.17713225e-02  8.81651137e-03 -1.88359339e-02
 -5.31890392e-02 -3.42562087e-02  1.66818984e-02  4.14445363e-02
 -1.11660799e-02  3.43728177e-02  5.62459882e-03  2.07394268e-02
  3.15603241e-02  1.58140343e-02 -2.54765246e-02  8.07546079e-03
 -4.96732704e-02 -1.63974753e-03  4.96294769e-03  3.90724242e-02
  4.59305607e-02 -2.63324678e-02 -2.31114402e-02  2.83808410e-02
 -7.31643056e-03  2.71348990e-02  4.88738604e-02  4.79752719e-02
  1.49780908e-03  1.27062609e-03  6.68632537e-02  2.22918633e-02
  8.35344493e-02  5.41358031e-02  5.51170018e-03  3.33596766e-02
 -4.49167043e-02 -4.00784910e-02  9.87101253e-03  4.13248548e-03
  6.28147498e-02  1.47832884e-02  5.17037287e-02 -2.17119660e-02
  5.27897105e-03  4.00948375e-02  2.32502283e-03 -1.47082889e-02
 -2.42413301e-02 -6.10544067e-03 -9.81072243e-03 -3.97247225e-02
 -6.30595209e-03  3.73353213e-02 -5.48163615e-03  8.25725049e-02
  1.77190155e-02 -1.99302025e-02 -4.28912370e-03  2.54639778e-02
  7.51552032e-03 -3.20803039e-02 -4.75816280e-02  3.61575186e-02
  2.33203359e-03  3.04946653e-03 -2.09915824e-02  1.54640097e-02
  8.62850994e-03  2.63102632e-02  3.52151692e-02 -4.02320782e-03
  1.40609723e-02 -3.70472036e-02 -1.53733967e-02  2.62300372e-02
 -1.72789232e-03  6.00917190e-02 -1.75149161e-02  4.03001234e-02
  2.65933461e-02 -1.92854856e-03  5.07782139e-02 -5.43392375e-02
 -1.66032054e-02 -2.20490899e-02 -1.83665194e-02 -1.42959366e-02
  3.65007892e-02 -3.64333987e-02  2.28587110e-02  9.25160293e-03
 -2.93610152e-02 -1.09339673e-02 -2.38987878e-02  6.27858639e-02
 -1.43689103e-02 -4.24178812e-04  2.66335402e-02 -2.59090532e-02
  3.52120474e-02  3.56469639e-02 -3.53774289e-03  6.28751218e-02
 -5.80006139e-03 -1.19329318e-02  2.80623119e-02  1.54920612e-02
  2.77120285e-02 -1.66459717e-02  2.04757452e-02 -1.98042560e-02
 -3.28943878e-02 -8.40705633e-03  3.19859805e-03  2.05639750e-02
  2.62642819e-02 -4.62345965e-02 -3.80211920e-02 -1.24372840e-02
  6.32569334e-03  3.42393368e-02 -5.52746505e-02  1.61061399e-02
  3.32152955e-02 -4.03275527e-02  1.35459313e-02 -4.00144011e-02
 -3.86817977e-02  1.12035815e-02  3.01863570e-02 -1.41007528e-02
 -1.20804114e-02 -5.05444929e-02  3.47271003e-02 -1.13670230e-02
 -5.86649068e-02 -2.31021224e-03 -4.21532653e-02 -4.75858059e-03
  4.68153693e-02 -5.51072694e-03 -1.41711971e-02  7.43119139e-03
 -3.38301621e-02  9.12530571e-02  2.98397616e-02  8.21111202e-02
 -1.12146954e-03 -1.12929903e-02 -3.62742469e-02 -4.47560139e-02
 -5.73946424e-02 -2.92775705e-02  7.52325580e-02 -9.79714468e-02
 -6.10631630e-02 -5.07312343e-02  2.71024685e-02  1.46576355e-03
  5.56775816e-02  1.19385337e-02  1.47783132e-02 -1.11431405e-02
  1.37333181e-02  5.32185333e-03  2.43664384e-02  2.46505868e-02
 -1.79549679e-02 -1.60379126e-03 -1.11056399e-02 -3.57849337e-02
  5.77535294e-02  2.90378444e-02 -4.11661267e-02 -1.81724352e-03
  3.02418154e-02 -5.60568552e-03  5.56208119e-02 -2.50182790e-03
 -4.09783348e-02 -6.32356182e-02 -6.41119704e-02 -8.91154930e-02
  3.32743973e-02  3.57840396e-02 -2.08657328e-02  5.43103442e-02
 -1.54186171e-02  2.49712374e-02 -2.14752387e-02  2.96300258e-02
  1.85412448e-02  1.55968778e-02  7.35933241e-03 -5.46632241e-03
 -2.19114702e-02  3.52784842e-02  3.82750407e-02 -2.09866203e-02
 -2.82510789e-03 -4.53361161e-02  4.35567163e-02  2.48805210e-02
 -4.10998277e-02  5.03421091e-02 -1.47712417e-03  2.30825623e-03
 -5.13596348e-02 -1.06121115e-02  1.11810900e-02 -4.68096659e-02
 -4.55592312e-02  2.64140614e-03  9.87428706e-04 -8.85116309e-02
  1.25096529e-03 -2.92592682e-02 -1.42093943e-02 -4.22195951e-03
 -9.17040650e-03  3.01887747e-02  2.33931411e-02  1.64924795e-03
  3.34234685e-02  1.16318772e-02 -2.06292961e-02  5.80532812e-02
  3.63328424e-03  5.42896241e-03  2.10304465e-02  5.55328242e-02
 -4.56556790e-02 -2.97504682e-02  1.97828170e-02 -4.47585918e-02
  4.82812040e-02  7.33291805e-02  4.37352136e-02 -1.23357018e-02
  1.04925316e-02 -7.35104177e-03 -2.07924545e-02  2.47320533e-02
 -1.35207539e-02  2.39351932e-02  2.45769005e-02  5.00191413e-02
 -6.11467510e-02 -3.82705964e-02 -1.12746023e-02 -8.82283971e-03
  8.20824690e-03  2.26104539e-02  3.61053236e-02 -5.63500375e-02
 -2.44172327e-02  2.55572479e-02 -1.17601675e-03 -2.18544230e-02
  1.36059523e-01 -1.34381801e-01  7.91341141e-02  1.08266724e-02
  6.31541852e-03 -4.18760069e-02  8.54297914e-03  6.36607921e-03
 -1.96631588e-02  2.20059208e-03  2.44905259e-02  3.47001776e-02
 -1.35579016e-02  3.38707156e-02 -3.34456451e-02  9.97780636e-03
  2.77205813e-03 -1.40558723e-02 -1.49448700e-02 -6.37238696e-02
 -1.72383841e-02 -7.49731576e-03 -1.79866850e-02 -2.16730125e-02
 -3.55859809e-02 -7.75556639e-03  6.22004597e-03  3.02319620e-02
 -2.02446524e-02 -8.74048099e-02 -5.89100122e-02  8.50356817e-02
  5.53978793e-02  6.86184615e-02  3.11499182e-02 -6.08666567e-03
 -7.76125444e-03  2.18508225e-02  6.13504602e-03 -1.79977864e-02
 -1.00498982e-02  2.01684069e-02 -1.11639975e-02 -2.31144875e-02
  4.95664775e-03  1.01725655e-02 -6.87117949e-02  1.91703159e-02
  1.45176239e-02 -1.60486414e-03  4.85822335e-02 -1.89314429e-02
 -4.66644503e-02 -3.75614837e-02 -3.09966933e-02 -1.30644180e-02
  1.37603795e-02 -5.29295485e-03  1.15826388e-03 -2.89887153e-02
  5.51415421e-02  3.56345177e-02  1.94540378e-02  4.11314238e-03
 -8.36104993e-03 -1.69378817e-02  3.97100858e-02  1.96158476e-02
 -2.89204754e-02  1.77310146e-02  1.35394009e-02 -7.53394663e-02
  5.33860698e-02 -2.79104710e-02 -2.98767090e-02  8.77396464e-02
 -3.75258364e-02 -1.00799184e-02  2.29277350e-02 -5.45257553e-02
 -5.29096089e-03  4.68926365e-03 -5.33185452e-02 -4.73374352e-02
 -5.72340621e-04  3.71706784e-02 -4.42893151e-03  3.14676650e-02
 -2.30208971e-02 -4.16885763e-02  9.12372544e-02 -5.38556043e-33
  5.07871397e-02 -4.52598110e-02  1.58433504e-02 -3.25853028e-03
 -3.92394550e-02  7.69797787e-02  2.43719537e-02 -3.17977034e-02
 -5.52705601e-02 -4.13157269e-02 -1.90687906e-02 -1.64035112e-02
  2.66194586e-02 -4.09463840e-03 -5.98984361e-02 -2.15142071e-02
 -1.54417451e-03  5.87647595e-02 -3.24788177e-03 -8.82836953e-02
 -5.14634661e-02  1.64586753e-02 -1.37361754e-02  8.12484920e-02
  4.01835218e-02 -3.10249943e-02 -1.99723989e-02 -1.17235910e-02
  1.29089341e-01 -1.24984123e-02  4.72107343e-03 -3.67324837e-02
 -2.79275887e-02 -1.89294238e-02  1.27668167e-02  1.13754068e-02
  2.10766271e-02  2.66649798e-02  1.37257557e-02 -4.74502482e-02
 -5.82345612e-02 -1.25516448e-02  7.37311132e-03  3.17335799e-02
  4.21326468e-03 -1.30663542e-02 -1.99949760e-02 -4.14871462e-02
  1.13405380e-02  9.84123573e-02 -2.11025868e-02  3.44491098e-03
  1.77115817e-02  4.08327468e-02 -1.21046482e-02 -3.67534347e-02
 -5.53416349e-02  1.66631788e-02  9.30014104e-02 -8.95030200e-02
 -3.03113032e-02  1.87852625e-02 -1.45480949e-02  3.13571431e-02
  8.74088146e-03 -5.93295619e-02 -8.05707127e-02  1.95921343e-02
  1.74100865e-02 -5.19890711e-02  2.32233969e-03  5.45052998e-03
  1.65102761e-02  4.09936197e-02 -6.01289459e-02  3.44214961e-02
 -3.01997364e-02  3.18033714e-03 -4.55590244e-03 -3.91943902e-02
 -1.22886738e-02 -2.05852054e-02  3.25056836e-02  2.19080113e-02
 -4.18101363e-02 -5.37989400e-02 -2.44615357e-02  4.93461005e-02
  1.71964765e-02 -2.44003013e-02 -5.54099958e-03  3.67690735e-02
 -2.91431556e-03  4.41219285e-03  5.86955696e-02  7.40578026e-03
  3.39530930e-02  1.08383633e-02  1.69960987e-02  1.62253901e-02
 -6.96818084e-02  5.87199554e-02 -3.49795595e-02  2.62971837e-02
  2.71584745e-02  1.31129371e-02 -4.02775593e-03 -4.81809415e-02
  1.99072435e-02  1.13396924e-02  3.16463001e-02 -4.85310815e-02
 -3.47328768e-03  1.18454155e-02 -2.40738466e-02 -6.22877181e-02
  3.17142438e-03 -8.31003636e-02  9.73204803e-03 -2.28637513e-02
  3.26744765e-02  1.76410731e-02 -1.99402627e-02 -2.88163382e-03
 -1.00900091e-01  1.96307506e-02  2.66680270e-02  5.05336821e-02
 -4.32953984e-03  7.45604420e-03  5.07624745e-02 -4.90885079e-02
  2.26519930e-07  5.85414693e-02  3.34053524e-02  5.87278232e-02
 -2.39187162e-02  8.66049528e-03 -9.20985341e-02 -6.06211759e-02
 -2.14395802e-02 -5.13820462e-02 -8.10211711e-03  6.46487921e-02
 -2.58465651e-02 -1.24227453e-03 -1.74404401e-02  4.05631065e-02
  2.84807887e-02 -3.94333452e-02 -1.87598635e-02  1.03144282e-02
 -6.55081347e-02 -8.45620483e-02  1.61309130e-02  9.87803331e-04
  3.53136398e-02 -1.36187475e-03  1.15845203e-02  1.74421724e-02
 -1.41661111e-02  1.57458596e-02 -4.35401872e-02 -5.28253540e-02
 -1.32878404e-02  5.66066010e-03 -3.76309231e-02 -4.83857244e-02
 -3.15361209e-02  4.22339980e-03  3.27215344e-02 -1.11031206e-02
  3.21112946e-02 -5.08526042e-02 -4.58937287e-02 -1.30158942e-02
 -2.11242456e-02 -1.07517401e-02  1.11964466e-02 -9.80501529e-04
  3.54836546e-02  6.03150725e-02  5.98355150e-03 -1.28823668e-02
  1.32345213e-02  4.36895713e-02  7.84697160e-02  7.10929511e-03
  3.35374512e-02  5.66972303e-04  2.80443095e-02  2.38478743e-02
 -2.99603008e-02  8.03720485e-03 -5.18041439e-02 -4.23054397e-03
 -1.99304055e-02  1.61546469e-02  1.03214085e-02 -1.09758379e-03
  1.60110424e-34 -5.19132416e-04 -4.54441458e-02  2.86569390e-02
 -3.57840545e-02 -2.84312069e-02 -7.09064043e-05 -5.22344038e-02
  2.05719452e-02  1.02985846e-02  3.05301929e-03  1.22834332e-02]"
UN_Humanitarian_Air_Service,Air transport service delivering humanitarian personnel and light cargo for UN partners.,"[ 2.10002623e-02 -5.71247749e-02  1.31018059e-02 -1.89297996e-03
 -2.64472631e-03 -3.09065334e-03  3.55679914e-02  4.58396506e-03
 -3.42514738e-02 -2.31977515e-02  4.22683172e-02 -3.52816060e-02
  2.94855013e-02  3.76798064e-02  5.20699248e-02 -3.68766487e-02
  3.01638953e-02 -5.25876768e-02 -3.46574374e-02  1.01010893e-02
 -3.17880772e-02  7.64104864e-03 -2.54188851e-02  2.83902120e-02
  6.22061789e-02 -2.74390634e-02 -1.93688739e-02  1.92590524e-02
 -3.94033879e-04  2.04556379e-02  9.13991705e-02 -2.89372597e-02
  5.87125868e-02 -5.97491525e-02  1.64138362e-06 -1.99974682e-02
 -1.41417095e-03 -1.52481925e-02 -8.27171355e-02 -2.43373066e-02
  4.26691994e-02 -4.70792353e-02 -2.38216855e-02 -4.32223175e-03
  2.72191688e-02 -9.32323001e-03  3.92845646e-02  4.19303700e-02
  1.08268568e-02  2.20879205e-02  3.22479457e-02  4.41748947e-02
 -8.57024267e-02  9.13023297e-03 -4.37252969e-02 -3.19893733e-02
 -1.30660711e-02  1.59469061e-02  3.60238329e-02  1.00821890e-02
 -8.14789091e-04  1.98020041e-02 -1.10030649e-02  4.31619259e-03
  4.37551923e-03 -5.99345146e-03 -1.06062770e-01 -1.78099629e-02
 -2.47927383e-03  1.09807728e-03  7.65305236e-02 -1.21990428e-03
  5.13772108e-03  1.20518267e-01 -4.54008207e-03 -3.00983805e-02
  2.17342507e-02 -4.56202701e-02 -6.17664680e-03 -1.56831108e-02
  3.39837521e-02  7.58390874e-02 -1.33370589e-02  3.83868217e-02
 -3.95494066e-02 -5.62826125e-03 -2.73002647e-02  1.93916634e-02
 -1.38839288e-02 -1.88159349e-03 -1.07833138e-02 -3.67162228e-02
  6.01018742e-02  1.98244750e-02 -3.14873755e-02 -7.31028616e-02
  3.89695093e-02 -6.21668212e-02  1.36432741e-02 -1.80609412e-02
  1.38023803e-02 -1.19937370e-02 -3.94333489e-02  1.49833504e-02
  4.60471166e-03  1.83723588e-02  4.03266139e-02 -2.44744718e-02
 -3.49098891e-02  2.96898466e-02 -1.61302611e-02 -1.08094756e-02
 -8.32914338e-02  5.61352931e-02 -4.53356206e-02  5.39282039e-02
  8.63381848e-03  2.01787637e-03  1.39715034e-03 -6.82921521e-03
  1.33882210e-01  1.02921808e-02 -5.07092625e-02  4.58245166e-02
 -8.64168908e-03 -2.48207850e-03 -1.30532207e-02  9.82953515e-03
  1.01007801e-02 -1.78288277e-02 -1.44517692e-02  1.09750796e-02
  1.05991838e-02 -1.38369715e-02 -3.87192294e-02  1.39984470e-02
 -3.45965475e-02 -3.37051637e-02 -3.20772305e-02  2.18738969e-02
  1.23543227e-02 -1.86195597e-02 -7.08063990e-02 -1.76473567e-03
 -1.07033141e-02  1.09782936e-02  1.16939899e-02  1.33462297e-03
  2.64516240e-03 -2.11686585e-02 -5.13310842e-02 -1.15164630e-02
 -4.79998020e-03 -2.45022035e-04  1.48083623e-02  2.26564631e-02
  5.80497012e-02 -3.06797735e-02 -2.51329541e-02 -7.76455388e-04
  4.51577790e-02 -3.85716837e-03  6.35663001e-03  5.25226258e-03
 -6.13047965e-02  1.83252748e-02  1.47754594e-03  3.65064889e-02
 -8.69974270e-02 -1.53388511e-02  4.86878343e-02 -6.93403259e-02
 -8.53847153e-03  4.17874008e-02  2.32034363e-02 -1.93618163e-02
 -1.39190936e-02 -1.18972650e-02  2.14175582e-02  4.68640178e-02
 -3.87646332e-02 -1.08049154e-01  2.47164927e-02  4.88712545e-03
  2.42766831e-02 -4.82553476e-03  4.78913188e-02  5.07915281e-02
  8.20043311e-03 -4.12710756e-02  4.40826528e-02 -2.68692337e-02
  7.15773366e-03 -3.18280421e-02  5.71225444e-03  1.04724523e-02
 -2.08300464e-02  4.78505194e-02 -4.26190533e-03  3.88585478e-02
 -2.85767764e-02  3.58521193e-03 -3.30162905e-02  5.08080125e-02
 -6.51249010e-03  1.81749500e-02 -5.21199964e-02 -1.26076946e-02
 -1.36167658e-02 -2.07804479e-02 -8.26120842e-03  4.46744561e-02
  2.19437685e-02  2.76262518e-02 -1.78505238e-02  3.61807235e-02
  5.72926365e-02  1.48360673e-02 -4.43172529e-02  4.60874029e-02
 -1.46933869e-02 -4.67906781e-02 -1.79404877e-02 -3.52346562e-02
 -4.02697083e-03  4.28742990e-02  3.90787125e-02  4.34453748e-02
  4.12711091e-02  6.73680613e-03  3.44485440e-03  1.50660751e-02
 -7.88673293e-03  2.06087381e-02  1.94663256e-02  1.28640048e-02
  9.07406658e-02  8.83627161e-02 -5.42791486e-02 -1.56629048e-02
 -4.28276099e-02  7.17471689e-02  5.31585403e-02 -1.77723989e-02
  1.51971867e-02  8.06568414e-02 -4.19445662e-03 -7.82278553e-03
  5.30134235e-03  4.01521921e-02  2.49046972e-03 -2.21148785e-02
  3.71271633e-02  2.01296248e-02  6.04680215e-04 -4.42772508e-02
  1.29172141e-02  6.45882487e-02  2.77996305e-02 -1.66643225e-02
  4.70578261e-02 -2.12811790e-02 -2.15495359e-02 -2.59930082e-02
 -3.80184944e-03  2.24694759e-02  1.45729147e-02 -5.69061525e-02
  1.54305818e-02 -3.39265205e-02  2.29150034e-03 -8.61121900e-03
  4.53113765e-02 -1.39272576e-02  2.02540569e-02 -4.25299542e-04
  4.01393883e-03  1.65336742e-03 -8.13620985e-02  2.68559046e-02
 -2.02997383e-02 -2.37157270e-02 -5.29676452e-02  1.81872901e-02
  1.63033698e-02 -6.56165648e-03  2.98006479e-02  4.19914909e-03
 -8.25194344e-02  2.37786155e-02 -1.03899866e-01  4.87006642e-03
  4.52941703e-03 -8.36721882e-02  3.14152017e-02  3.41996141e-02
 -5.31938896e-02 -1.28532462e-02  3.29788700e-02  6.52380707e-03
 -2.03160774e-02 -2.46223137e-02  3.09936572e-02  2.34609526e-02
 -5.86663112e-02  3.93246720e-03  3.05107497e-02  7.47058392e-02
 -2.91894600e-02 -4.84035627e-06  3.40826949e-03  3.41231301e-02
  5.37775084e-03 -4.80349846e-02  2.56336369e-02  3.03352121e-02
 -6.13810262e-03 -4.22277376e-02 -1.71636865e-02  9.79514718e-02
 -2.33260915e-02  1.45653067e-02 -4.08312827e-02 -7.97700044e-03
 -2.90970248e-03  7.95867993e-04 -8.15450400e-03 -2.89415717e-02
 -4.49843705e-02 -7.01575577e-02 -1.37265837e-02  1.32639492e-02
  2.10094801e-03  7.88079053e-02  3.42625789e-02 -7.75457323e-02
 -5.61083257e-02 -5.06985486e-02 -1.64222531e-02  1.05023598e-02
 -2.02367026e-02 -2.74199136e-02  9.94140003e-03  4.32565100e-02
  6.13558665e-03 -3.15551599e-03 -3.95565443e-02 -5.56285959e-04
 -4.98074591e-02  1.12864200e-03  6.43453375e-02  7.11823925e-02
 -1.29479663e-02 -1.85420848e-02 -5.35762496e-02 -2.75590848e-02
 -3.80164012e-02  3.41213704e-03  6.21315576e-02  3.96732017e-02
 -5.87217063e-02 -2.64041275e-02 -2.24142112e-02 -1.58312507e-02
  2.11116094e-02  9.21399612e-03  3.42078842e-02  5.20433076e-02
  3.21201757e-02 -2.29491331e-02  5.58961444e-02  3.24785039e-02
 -1.75792929e-02 -4.36184509e-03 -2.07136329e-02 -4.35558632e-02
  1.49654998e-02  4.53863852e-02  5.97420987e-03  2.33325232e-02
  2.03883257e-02 -1.42451737e-03  2.56263092e-02 -1.91048067e-02
 -4.43354584e-02 -3.83388135e-03 -6.51327223e-02  1.56687701e-03
  6.03766069e-02  3.26093920e-02  2.68747527e-02 -7.94108305e-03
 -3.19761820e-02 -1.10836443e-03  1.01062637e-02 -1.64019670e-02
  8.22799187e-03  1.47862518e-02 -1.79306865e-02  3.48648764e-02
  3.38054858e-02  5.54459393e-02 -3.07595413e-02 -8.53588711e-03
 -6.03102781e-02  6.65093819e-03  2.96543967e-02 -1.56293232e-02
  2.85099596e-02  3.74987647e-02 -6.72751591e-02  3.77012491e-02
  2.27579847e-02  3.63698453e-02 -4.57163714e-02 -4.21594344e-02
 -2.69658417e-02 -6.90929592e-03 -3.01038288e-02 -9.30538550e-02
  3.39182317e-02 -2.46281773e-02  1.97801031e-02  1.34764025e-02
  5.09948172e-02 -8.17299914e-03 -4.03193459e-02  4.73124236e-02
 -6.29847450e-03 -7.84990266e-02  7.07127480e-03  2.30766670e-03
 -2.83389036e-02  4.56522368e-02  5.15952939e-04 -7.13697374e-02
  2.57672276e-02 -5.68113029e-02 -7.23632500e-02 -3.29122134e-02
  5.01092151e-03  3.57129201e-02  2.51312333e-04 -4.66116033e-02
  1.25599718e-02 -1.87546145e-02  3.34695429e-02 -1.92264689e-03
 -5.07867411e-02 -1.10921403e-02  6.32060915e-02 -9.66870598e-03
  7.43755698e-03 -4.61756885e-02  2.89073009e-02 -3.04974671e-02
  2.53472794e-02 -4.58241403e-02  3.88069935e-02  2.41830908e-02
 -2.03675497e-02  3.14397514e-02 -2.41571292e-02  2.33518612e-02
  2.74824668e-02  3.03786108e-03  2.56483164e-03 -1.99905559e-02
  1.66975334e-02 -7.05024898e-02 -5.74130677e-02 -8.59793741e-03
 -1.25666673e-04  2.62431297e-02  1.37050627e-02 -1.26272114e-02
 -4.38243747e-02 -3.92710150e-04 -4.08481900e-03  1.01954741e-02
 -3.03098876e-02  9.79097001e-03  4.46318686e-02 -2.21501254e-02
  4.24679043e-03  3.59934825e-03  3.02825980e-02  1.18030310e-02
  7.45559903e-03  5.57370521e-02 -4.68131043e-02 -3.30476351e-02
  6.73190737e-03  2.24306211e-02  3.73130217e-02  2.58790329e-03
  9.09417421e-02 -7.75518548e-03  1.40076864e-03 -4.87910137e-02
 -3.18588763e-02  7.87138194e-02  1.28725888e-02 -6.27726689e-02
 -1.50272539e-02  2.09933203e-02 -1.55321583e-02 -1.76818715e-03
  1.26648406e-02  2.55376622e-02  2.28504054e-02 -6.93807597e-05
  4.18466963e-02  8.95122439e-03  5.13417497e-02  3.32171172e-02
 -2.61662416e-02  1.06588118e-02 -2.03730166e-02 -2.55031101e-02
  4.18196991e-02 -2.96215508e-02 -5.62956929e-02 -2.29956768e-02
  8.91402550e-03 -2.16854326e-02  9.85052623e-03  4.28453721e-02
  2.51006018e-02  4.26063351e-02 -4.06577960e-02 -1.29299117e-02
  1.33598549e-02 -2.06300262e-02 -2.72903629e-02  5.64466007e-02
  4.04145978e-02 -1.77437067e-02  2.98725385e-02  7.55397752e-02
 -2.12039612e-02  1.32600581e-02  1.53828990e-02  1.87311750e-02
 -3.98329012e-02 -1.76101122e-02 -3.43890786e-02  8.49923026e-03
  6.98243128e-03 -4.27639335e-02 -1.38267465e-02 -7.92116150e-02
 -6.43458962e-02  5.69127686e-02  6.32402152e-02 -6.14574381e-33
  2.77589932e-02 -5.30194417e-02  6.34472352e-03  1.67824924e-02
 -4.43513058e-02  2.33840197e-02  4.57746312e-02 -5.16601140e-03
 -5.37647717e-02 -3.72797921e-02  3.06241289e-02 -1.57908013e-03
  4.52703275e-02 -9.81048960e-03  1.92772187e-02  4.02778238e-02
  5.35693020e-03  1.35840289e-02 -1.28699495e-02 -4.65430245e-02
 -9.14355798e-04 -9.76141728e-03  1.75036062e-02  4.64967676e-02
  3.75519618e-02 -2.77691875e-02 -2.83218008e-02  6.18667156e-02
  7.01159015e-02 -1.74300990e-03 -3.89476568e-02 -4.56259809e-02
  1.11402664e-03  1.52880643e-02 -1.56024750e-02  2.16931812e-02
  1.08129075e-02 -1.05683533e-02  3.40879709e-02 -2.25551166e-02
 -9.37031731e-02 -1.66759696e-02 -4.56901221e-03 -3.43588390e-03
  8.03700474e-04 -2.17850544e-02 -9.00300778e-03 -4.20275470e-03
  8.40564817e-03  3.23802531e-02 -5.17866872e-02 -1.89213585e-02
 -4.98530939e-02  4.81464108e-03  5.08651463e-03  3.31178145e-03
 -5.68857938e-02  4.44242842e-02  2.22633891e-02 -7.00441003e-02
 -7.08654989e-03  6.65990636e-02 -3.56097743e-02 -5.19015677e-02
 -2.33841352e-02 -9.35646147e-03 -3.80615294e-02 -2.62693409e-02
 -1.12744682e-02 -4.35798131e-02 -3.09937019e-02  3.26361097e-02
 -3.11709307e-02  2.91407220e-02 -4.46667597e-02 -3.05264238e-02
  5.01482710e-02  5.54944039e-04 -2.36300286e-02  8.35906416e-02
  5.04788011e-02 -7.47558987e-03  6.04080549e-03  3.20012085e-02
 -9.46887117e-03 -1.91878099e-02 -1.56123852e-02 -3.46673429e-02
  1.82800498e-02  6.70892894e-02 -5.43048754e-02  8.69309902e-02
 -2.19636373e-02  6.14595711e-02  6.51425868e-02 -4.94897105e-02
  5.68712503e-02  1.16761504e-02 -6.78409869e-03 -4.08969186e-02
  2.33257446e-03  1.24132901e-01 -7.37614324e-03 -2.83485353e-02
 -1.01503939e-03 -2.45384239e-02  9.77927912e-03  4.96359402e-03
 -9.14530456e-03  4.71156090e-02 -1.04269087e-02  1.94375534e-02
 -2.01039622e-03 -1.91891938e-02 -2.10815314e-02 -1.60282254e-02
  7.35224225e-03 -7.41467476e-02 -2.53543500e-02 -1.17133692e-01
  5.78548992e-03  1.84458196e-02 -4.35535349e-02  3.18302810e-02
 -5.99040501e-02  1.67369656e-02 -1.84477009e-02  4.56115268e-02
  2.46697501e-03 -1.24152179e-03  5.33228228e-03 -1.64356502e-03
  2.18129102e-07 -3.69141600e-03  2.51799934e-02  4.72244248e-02
  2.51349453e-02  3.31380367e-02 -5.27114943e-02  1.87653315e-03
  1.13439211e-03 -5.94368903e-03 -1.50278388e-02  1.06136212e-02
 -3.07449233e-02  1.25824157e-02 -3.82807665e-02 -3.14117642e-03
  7.39050005e-03  5.25712632e-02 -2.98320539e-02 -1.87542085e-02
 -2.09337436e-02  3.31046507e-02  4.70713340e-02 -5.55907674e-02
 -2.38098707e-02 -2.27420814e-02 -1.14152138e-03  2.62974272e-03
 -5.54218441e-02 -7.15548964e-03 -1.80502199e-02  1.08726323e-02
  4.34478000e-02  2.60802787e-02 -4.26690243e-02 -2.30473336e-02
 -5.70741072e-02  3.87368910e-02  8.20799991e-02 -3.30977663e-02
  6.95787594e-02 -4.01652679e-02 -5.53715602e-02 -2.80655883e-02
 -2.60735843e-02  9.87733807e-03  1.82562303e-02  3.76060605e-02
  3.94875109e-02 -2.66681314e-02  2.30121110e-02 -2.68901978e-02
  4.30784710e-02 -9.49305948e-03  4.35880609e-02  1.13882637e-02
  2.39894781e-02  2.22208817e-02 -1.94509630e-04  4.06595767e-02
  4.64022867e-02 -2.08613276e-02  6.43050671e-02  9.66919679e-03
 -1.99992321e-02  1.45837320e-02  5.94546981e-02  2.85094068e-03
  1.22584810e-34 -1.99698452e-02 -3.19672078e-02  1.47947278e-02
 -2.66514290e-02  2.75673829e-02 -2.24965457e-02 -6.47839680e-02
 -7.67371198e-03  5.74196689e-03  1.07133882e-02 -2.80389208e-02]"
Seasonal_and_agricultural_monitoring,"Tracking seasonal patterns, crop conditions, and agricultural food security risks.","[-5.82228564e-02  1.10301420e-01 -3.39754671e-03  1.66913439e-02
 -2.95082126e-02 -2.23601107e-02 -4.29818826e-03 -7.89835081e-02
  1.34167606e-02 -3.64183728e-03  8.61558020e-02  2.57293805e-02
  2.72611994e-02  1.42752221e-02  2.86876243e-02 -1.49016818e-02
  3.87879461e-02 -3.62782665e-02 -7.45450929e-02  4.23897617e-02
 -1.42968015e-03  9.52519570e-03  3.55125591e-02  2.65496634e-02
 -8.51278901e-02  9.66499280e-03 -1.55785335e-02  3.79659832e-02
  1.89230535e-02 -5.15680313e-02 -2.68920194e-02 -5.14863543e-02
  8.62568896e-03 -7.04385489e-02  1.46309083e-06  3.58322412e-02
 -9.25192609e-02  1.28959157e-02 -2.20612697e-02  4.86828722e-02
 -9.93811619e-03 -4.57835458e-02  1.66354924e-02 -1.14282258e-02
  6.39328640e-03  2.99300533e-02  1.43585727e-02 -4.18000929e-02
 -1.51184434e-02 -5.78232296e-02  3.30533311e-02  1.15836198e-02
 -2.12485958e-02  4.00577821e-02 -6.06914908e-02  4.49999087e-02
  8.64360668e-03 -7.16469660e-02 -1.13229570e-03  1.56369116e-02
 -5.25857396e-02  4.25811186e-02 -9.70790628e-03  3.03566400e-02
 -1.30181899e-02  2.32371949e-02 -1.76051520e-02  8.40656646e-03
 -1.61382444e-02 -2.67832782e-02  1.29874656e-02  4.35021743e-02
 -1.23763122e-02  2.58118883e-02 -9.23096389e-03  1.51435034e-02
 -1.04833869e-02 -3.12468130e-02  6.65316880e-02 -4.24666554e-02
  7.64076933e-02  3.82314734e-02 -9.53085348e-03  3.66717055e-02
 -1.59158297e-02  9.58723724e-02  1.58032135e-03 -1.33272177e-02
 -4.40565236e-02 -6.42767996e-02  4.49386016e-02  5.78288280e-04
  5.40812081e-03  1.44822598e-02  6.81859767e-03 -2.47802250e-02
  1.46343103e-02 -2.16869377e-02  1.61980689e-02 -4.33987975e-02
 -3.26609276e-02  4.39653471e-02 -6.37317821e-02 -4.09939066e-02
  4.57780436e-02 -1.00550437e-02 -1.02397148e-02  1.67545080e-02
  5.09074815e-02 -2.01278133e-03  6.13947101e-02  2.22108196e-02
  5.61584197e-02 -4.70228307e-02  4.89953235e-02  4.81735468e-02
  7.47496337e-02 -5.62894754e-02 -3.32349092e-02 -3.58932279e-02
 -1.13175856e-02  1.28756734e-02  5.34175709e-03 -9.87915229e-03
 -6.03254465e-03  5.81493378e-02 -1.97109953e-02 -3.06185633e-02
  6.22776076e-02 -5.32719009e-02 -7.89003223e-02 -4.07845974e-02
  5.94129637e-02  7.16789812e-03 -1.38439075e-03  4.07009982e-02
  1.91966966e-02  1.07733114e-02 -4.98765409e-02 -2.65585594e-02
 -2.18083356e-02  1.07690506e-02 -9.91931260e-02  1.48000335e-02
  1.13601582e-02 -2.29667984e-02  1.71907991e-02  3.51837128e-02
  3.00935712e-02  3.16541903e-02 -2.25383397e-02  7.43913744e-03
  5.50323091e-02 -9.68660414e-03 -3.44587825e-02  6.53463323e-03
  4.72121425e-02 -3.51962186e-02 -2.38036606e-02  9.31121409e-02
 -3.34646851e-02  1.25767970e-02 -1.74376667e-02 -1.00230863e-02
 -5.61160147e-02  5.68054207e-02 -6.44325987e-02  6.06187823e-05
  4.38537560e-02 -4.05098274e-02 -9.97470692e-03 -1.44250840e-02
 -1.15566496e-02  1.40602309e-02  9.76245031e-02  1.68583002e-02
 -7.58927986e-02 -2.84101013e-02  5.61678447e-02  3.66864465e-02
 -6.20263144e-02 -3.54124233e-02 -6.85386211e-02  2.63829082e-02
 -1.11901850e-01 -1.26118809e-02 -1.53247714e-02  5.25059365e-03
  1.89536158e-02 -1.04379877e-02  1.84321799e-03  6.77535357e-03
  2.18359325e-02  2.89833397e-02 -1.39123816e-02 -3.24980952e-02
  9.20870975e-02 -3.78580485e-03 -2.29564309e-02 -2.86952034e-03
  1.05168242e-02  4.02334332e-02  1.85792074e-02  1.37576666e-02
 -2.53309663e-02 -8.42815544e-03 -2.06561256e-02 -2.37305425e-02
  4.64753658e-02 -5.63229956e-02 -4.38619517e-02 -1.59866344e-02
  2.40524709e-02  6.19938597e-02 -1.31955673e-03  5.18732779e-02
  3.40241287e-03  1.83198359e-02 -2.29487941e-02  3.04245353e-02
 -2.82164533e-02  6.96459087e-03  8.65909178e-03  5.05292369e-03
  2.51177861e-03 -4.02234979e-02 -6.16638968e-03  3.95071246e-02
 -3.87282185e-02  1.03840595e-02  3.34549844e-02  1.45588620e-02
  9.56211239e-03  9.87352431e-03  3.56664211e-02  5.30220531e-02
  8.88471082e-02  8.01945701e-02 -1.67613756e-02  4.30507027e-03
 -3.76629420e-02  1.74226929e-02 -1.43412882e-02 -1.20460708e-02
  6.94717541e-02  1.21683534e-02 -1.87699031e-02 -3.53276245e-02
  5.96553599e-03  1.10759418e-02  4.14554924e-02 -6.43728115e-03
 -8.67335871e-03 -2.53571235e-02 -1.37447482e-02 -2.60822084e-02
 -3.44455130e-02 -1.85930338e-02 -3.40247490e-02  4.68111373e-02
 -2.58969441e-02 -1.23149464e-02 -6.79163774e-03 -1.91081017e-02
  3.18486313e-03 -5.54654524e-02 -5.37757901e-03  7.26634189e-02
  1.29430983e-02  7.15758302e-04 -8.07581563e-03  1.97463743e-02
 -4.52750288e-02  1.17686102e-02  3.70605774e-02  5.21545336e-02
  4.04083580e-02 -9.44453254e-02  1.58982910e-03 -9.16510727e-03
  3.84417810e-02 -2.60357391e-02  7.21838139e-03 -2.06288625e-03
 -1.10062556e-02  6.03192225e-02  2.45167799e-02 -5.16195334e-02
  3.40275397e-03 -5.29028066e-02 -2.67191548e-02  6.83776662e-03
  7.72495940e-03 -2.01386511e-02 -6.08023070e-02  8.58111493e-03
 -2.04156116e-02 -5.52789420e-02 -2.01833118e-02  4.96102422e-02
  1.81676261e-02  8.88733286e-03  4.85006394e-03  5.48339821e-03
  5.59789501e-03  4.06483710e-02  6.29196092e-02 -6.28156066e-02
 -2.09936593e-02 -1.83702763e-02  1.19340234e-02  2.13436302e-04
  6.62962720e-02  8.13901145e-03 -1.29663590e-02  1.50949713e-02
 -2.02241708e-02  5.82935326e-02  1.88395884e-02  2.65680104e-02
 -3.62382061e-03 -4.48046364e-02 -2.07471792e-02 -4.14436217e-03
  1.76273764e-03  1.34102646e-02 -5.72273843e-02  1.15408865e-03
 -3.25062908e-02  1.16353510e-02 -3.89931388e-02  4.62355614e-02
  2.27819453e-03  2.63061076e-02  1.56319123e-02 -7.02935532e-02
  7.35680666e-03 -3.68025191e-02 -3.79639156e-02  1.95970219e-02
 -4.97613735e-02  2.49972939e-02  1.04329837e-02  3.33406409e-04
 -2.40131374e-02  2.92451084e-02  3.18941139e-02  3.15575600e-02
 -1.69295948e-02  4.62048920e-03  2.76817251e-02 -2.20256597e-02
  8.38511903e-03 -3.38356569e-02  2.24829372e-02 -3.79510671e-02
 -3.88529040e-02 -6.96457103e-02 -5.63431066e-03  7.67229218e-03
  1.08812954e-02 -2.70116609e-02  1.38271572e-02  1.13254609e-02
  1.92165989e-02  5.66497929e-02 -6.77935826e-03  1.53325731e-02
  1.78331155e-02  5.49358390e-02 -4.13257070e-02 -2.52421293e-02
 -2.38982961e-03  2.50340328e-02 -1.96890645e-02  4.03460637e-02
  2.66636536e-02 -2.98573896e-02  2.78164688e-02  1.55604994e-02
  1.24234082e-02  2.33428255e-02  2.78230663e-02  1.88460145e-02
 -1.05985906e-02 -5.89939952e-02 -7.37932771e-02 -3.19744535e-02
  3.03927157e-02  3.57144736e-02 -2.86741760e-02 -1.06430976e-02
 -4.42914069e-02  5.93736954e-03  4.34189150e-03 -5.44705093e-02
  9.64452606e-03 -1.66070908e-02 -1.08345682e-02 -4.57812985e-03
  6.21349737e-02 -7.32666776e-02  1.33919111e-02  1.64966825e-02
  1.99969914e-02 -1.27899135e-03  5.34973703e-02 -8.44020117e-03
 -3.16586234e-02 -1.60149466e-02 -1.05625056e-02  1.82668231e-02
  6.89100195e-03 -8.48179567e-04  4.52122800e-02  7.81863648e-03
 -1.51467435e-02 -1.10601196e-02 -2.84659807e-02  3.28633785e-02
  1.28752459e-02 -1.23377517e-02  6.68657422e-02 -1.29490187e-02
 -3.79546126e-03  3.49525884e-02  2.15653908e-02  4.80924770e-02
 -3.60054895e-02  4.28361259e-02  1.55446557e-02 -2.09262725e-02
 -3.84302400e-02 -1.15550254e-02 -8.62856209e-02  2.33491249e-02
  3.70258018e-02 -2.89844386e-02 -2.13862024e-02  5.87686114e-02
  3.22366692e-02  7.04227909e-02  4.22677025e-03  5.66724688e-03
  4.43351157e-02  1.90755446e-02 -4.29881997e-02  2.66465265e-02
  2.14318838e-02 -4.12768684e-03  1.55159337e-02  5.49936891e-02
 -7.50858802e-03  2.93679629e-02  1.84380300e-02 -3.43523971e-05
  2.02340558e-02 -1.02963962e-01 -2.60298755e-02  4.66321297e-02
  1.89425014e-02  5.26675815e-03 -3.11219413e-03  4.86415997e-02
  1.08852657e-02 -3.27010490e-02  1.93013847e-02  4.17396948e-02
 -1.89947877e-02  1.82118900e-02 -2.97492445e-02 -6.94323424e-03
 -1.82140712e-03  5.05319461e-02  2.96263653e-03  2.94475406e-02
  1.09067140e-02 -4.79404069e-02 -2.73189158e-03  7.77775003e-03
 -9.33505874e-03  2.64410339e-02  3.10440939e-02 -3.08024995e-02
 -8.30245335e-05 -6.85915584e-03 -2.27705408e-02 -4.10419479e-02
  1.27454812e-03  1.68055855e-02 -6.23338670e-02  6.43769726e-02
 -9.10902396e-03  4.42478731e-02  9.90929268e-03  2.87374202e-02
  7.03852028e-02  1.45712420e-02 -3.15181576e-02 -2.47095525e-02
 -5.78052439e-02  6.49814308e-02 -1.90000106e-02 -4.52623740e-02
  3.23032821e-03  1.95620395e-02  4.61049676e-02 -9.04988125e-03
 -3.82395834e-02  2.21731421e-02 -1.93006010e-03 -6.22535450e-03
 -1.53086344e-02  2.15011667e-02 -6.63933856e-03  7.35746836e-03
 -2.95704640e-02 -2.85372026e-02  1.72621547e-03 -2.63578910e-03
 -2.24084053e-02 -2.23934874e-02  9.50222090e-02  3.48168798e-03
  5.33684483e-03  3.72223146e-02 -4.04711775e-02 -4.67448635e-03
 -3.79079133e-02 -2.01080590e-02  1.71072744e-02 -7.03304075e-03
  1.69749614e-02 -2.22229753e-02  3.89869884e-02  9.71208420e-03
  1.78628378e-02 -5.13282828e-02  2.15373188e-03  1.29836220e-02
 -1.37715796e-02 -1.57977417e-02  4.88749379e-03 -2.62682177e-02
 -7.74857868e-03  6.77640690e-03 -3.84770036e-02 -7.46868402e-02
 -2.06100778e-03  4.36336212e-02  3.13006043e-02  3.29646952e-02
 -4.09376323e-02 -7.17683583e-02 -9.48613510e-03 -5.95151100e-33
 -6.13805428e-02 -5.23401909e-02 -2.16172226e-02 -3.21020372e-02
 -1.34796755e-05  6.35577440e-02  4.93295118e-02  1.01889474e-02
  1.98348030e-03 -2.68742871e-02 -9.77327023e-03 -2.00467892e-02
  5.36769396e-03  2.16179453e-02  3.28437835e-02 -4.87517528e-02
 -3.05372477e-02  1.77223347e-02  2.33755186e-02 -6.94079772e-02
  8.90142936e-03  5.41604962e-03  1.02992430e-02 -1.27348967e-03
  7.00554112e-03  2.23564208e-02 -2.25852767e-04 -2.71379109e-02
  2.75629722e-02 -3.64959724e-02  6.27984405e-02 -1.71264652e-02
  1.56120295e-02 -6.34397417e-02 -5.16983755e-02  8.07142351e-03
  1.23724937e-02 -5.48761263e-02 -4.88694897e-03 -7.07575902e-02
 -1.79231260e-02 -3.59394588e-02 -4.76214401e-02  1.45449070e-02
  4.56536748e-02 -3.67021596e-04 -2.77851131e-02 -2.39702035e-02
 -1.70370750e-02  1.08082499e-03  7.25722387e-02  2.43086237e-02
 -3.49487253e-02  1.78802628e-02  1.45624429e-02  8.47333223e-02
  3.37334685e-02  4.27323096e-02  2.70533152e-02 -3.94132920e-02
 -5.90301305e-03 -9.58079379e-03  4.62714722e-03  5.96326478e-02
  1.37173962e-02 -2.60759867e-03 -6.24473915e-02 -4.81389165e-02
 -1.88540369e-02 -8.40304643e-02 -1.64264776e-02 -5.97396865e-02
  3.88888502e-03  3.19631621e-02  5.42440228e-02 -3.64055261e-02
 -1.75647365e-04  6.28293753e-02 -1.12713918e-01  1.19728548e-02
 -3.78677920e-02 -8.01275671e-03  4.90868054e-02 -1.46306632e-02
  3.60672325e-02  2.19189525e-02 -6.41702767e-03  5.34124486e-02
  1.79900248e-02 -2.28382442e-02 -3.16806473e-02  5.10066077e-02
 -8.54396634e-03  5.19945472e-02  6.62572309e-02  6.63370080e-03
  3.34120728e-02 -9.39361227e-04 -2.79585905e-02  3.66772190e-02
 -1.12135559e-02  3.58972922e-02 -2.95976736e-02  5.79300411e-02
 -7.34911487e-03 -8.34396575e-03  5.48003353e-02  3.79007086e-02
  1.00767137e-02 -2.94776205e-02  1.97758395e-02  2.50835344e-02
 -2.93338522e-02  2.01970790e-04 -1.49592692e-02 -5.06952442e-02
  2.83345785e-02  1.82204098e-02  4.11605611e-02  3.87298428e-02
  3.44412625e-02  1.93363223e-02 -1.29032061e-02 -1.79917943e-02
  4.16335724e-02  2.04802537e-03 -8.83819349e-03 -3.98396440e-02
 -6.94047287e-02  9.40181222e-03  3.26224081e-02 -4.08097543e-02
  2.10705466e-07  8.21021572e-02 -2.53479816e-02  2.83904113e-02
  2.92609073e-02  4.68472112e-03 -3.51583324e-02 -1.54594220e-02
  5.04785813e-02 -4.13252562e-02 -8.13434832e-03  7.19441921e-02
 -5.65667488e-02 -1.88718140e-02  4.94607240e-02  9.06336084e-02
 -4.86770906e-02 -4.04446013e-02  2.08912464e-03 -3.27368677e-02
 -1.48907183e-02  9.23505053e-02 -1.61319654e-02 -2.97719450e-03
  5.19738868e-02 -1.22463657e-02  1.77575890e-02  9.98792332e-03
 -5.20722345e-02  3.47874835e-02 -5.59553169e-02 -1.24293156e-02
  2.36066207e-02 -3.44801019e-03  1.38272960e-02 -2.51277443e-02
 -2.26532705e-02 -2.47857682e-02 -1.23804128e-02  1.58214867e-02
 -5.96712269e-02 -1.93345491e-02  2.19963584e-03 -2.19332837e-02
 -6.47952333e-02  1.76764969e-02 -2.95005878e-03 -1.73805598e-02
  5.90384081e-02  3.05258073e-02  8.32374096e-02  4.03200909e-02
  3.20809186e-02  3.96645907e-03  1.50284078e-02  1.25289685e-03
 -4.29752618e-02  8.60725250e-03  1.29270609e-02  1.93549469e-02
 -7.55636394e-02 -3.97427976e-02 -3.76115330e-02  2.70494167e-02
 -2.83488519e-02 -6.53901249e-02  1.25527261e-02 -1.05409091e-02
  1.76805669e-34  7.42194476e-03  3.38153355e-02 -6.11966522e-03
 -4.59132046e-02 -5.66161983e-02  5.14567681e-02 -4.59379107e-02
 -1.54029643e-02  5.19961445e-03  2.46875659e-02 -5.60030676e-02]"
Specialized_nutritious_food,Nutrient-dense food products targeted to vulnerable producers or households.,"[ 1.32170636e-02  9.80254635e-03 -3.48779708e-02 -1.67488232e-02
  2.89140940e-02 -1.52752316e-02 -3.46813872e-02  1.01131778e-02
 -6.27352949e-03  1.33405877e-02  7.09250346e-02  3.87559570e-02
  5.26853697e-03  5.37701249e-02  2.84295133e-03 -2.24900153e-02
  1.53344451e-02  6.06398210e-02 -2.39851028e-02  3.14113535e-02
 -1.86423734e-02  4.44234489e-03  2.04008091e-02  3.32292505e-02
 -4.15478833e-02  4.20347601e-03  1.18207950e-02  6.72929883e-02
 -2.05315966e-02 -1.09166704e-01  2.52190921e-02 -8.50361399e-03
 -1.25805689e-02 -8.53788704e-02  1.33073956e-06 -5.88316424e-03
 -2.90700551e-02  2.98109371e-02 -8.64412561e-02  5.16632311e-02
  4.94406233e-03 -6.85233548e-02 -2.42065396e-02  3.45874913e-02
  3.58320139e-02 -3.60711701e-02  4.71979789e-02 -1.34523222e-02
 -5.35667315e-02 -9.96797346e-03  2.13189702e-02 -2.17940398e-02
  4.30246033e-02  3.03878984e-03  1.59600228e-02  5.33691533e-02
 -7.44467927e-03  4.08742530e-03  4.24435809e-02  1.22669796e-02
  9.25966538e-03  3.84949222e-02  1.77708901e-02  3.75707378e-03
  3.89051735e-02  4.78476658e-02 -1.68371182e-02 -9.13599730e-02
 -3.56965959e-02  7.16833621e-02 -7.62967486e-03  3.66597921e-02
  1.03960615e-02  4.52703275e-02 -1.76231954e-02 -6.70090225e-03
  1.46917521e-03 -7.77173135e-03  7.99869932e-03  6.83067087e-03
  3.59464176e-02  3.91023383e-02  6.16443111e-03 -1.80038456e-02
  2.70173717e-02  1.27861993e-02 -3.14900987e-02  2.89772861e-02
 -5.52769110e-04 -5.19008972e-02 -6.75148144e-02 -2.41133235e-02
  2.61907540e-02  1.44554684e-02  5.79893067e-02 -4.58704308e-02
  3.18693109e-02 -1.70537103e-02  4.44978476e-02 -6.21860623e-02
  9.00522061e-03  5.32673635e-02 -8.82548690e-02 -9.30948928e-03
 -2.80859713e-02 -5.59077933e-02  2.35309526e-02 -3.00989822e-02
  1.52023816e-02  3.81803364e-02  1.66288465e-02  3.61785442e-02
 -1.78807322e-02 -2.18369230e-03 -4.11057808e-02  6.50785258e-03
 -9.03607626e-03  1.47042433e-02 -6.14503734e-02 -4.93362024e-02
  3.24908667e-03  4.80293036e-02 -9.76038910e-03  9.17373970e-03
 -1.85653884e-02  1.01473056e-01 -3.61994468e-02 -8.35262332e-03
  2.09291950e-02 -1.06807411e-01 -1.91705916e-02  3.34018987e-04
 -1.45313551e-03  2.09698696e-02  3.07573937e-03 -5.48960315e-03
  2.27458868e-02 -4.22762930e-02 -5.50898947e-02 -5.61978184e-02
 -7.64248753e-03  2.39599132e-04 -8.28629211e-02  1.88559517e-02
 -7.28543475e-03  1.23145813e-02  6.32122532e-02 -5.51636256e-02
  3.49716917e-02  3.71409357e-02 -1.38878655e-02 -1.23763671e-02
  8.08494836e-02  3.88124287e-02  6.40464053e-02  2.48100664e-02
  4.70063537e-02 -4.33121659e-02 -2.00530048e-02  3.36244032e-02
 -2.94059422e-02  1.13597894e-02 -4.31873836e-02 -4.53672223e-02
 -5.28912209e-02  5.01781553e-02  6.43403176e-03  5.68422899e-02
 -1.52627761e-02  2.72342935e-03  8.75749346e-03 -4.02714051e-02
  5.15912147e-03  6.43539131e-02  1.24755919e-01  5.83293140e-02
  1.46863684e-02 -3.06736236e-03  1.57781374e-02  3.59287523e-02
 -2.40574460e-02 -7.03238845e-02  1.81675535e-02  1.75083335e-02
 -8.53580385e-02  3.72030139e-02  1.37558607e-02 -3.36200558e-02
 -2.70018820e-03 -6.36082068e-02  4.21004221e-02  2.03286130e-02
  2.52427962e-02  1.92046668e-02  1.64202638e-02  2.26875078e-02
  1.70657225e-02 -6.52989559e-03 -1.33197177e-02 -2.05316097e-02
  7.56438002e-02  4.82976949e-03  3.00304480e-02 -1.33416010e-03
 -4.62157018e-02 -9.12725460e-03  3.30481976e-02  1.24602197e-02
 -2.37623919e-02  8.47607758e-03 -7.96017572e-02 -9.14150290e-03
 -1.93113945e-02  1.58978568e-03 -6.29777974e-03 -1.58322882e-02
  3.43322419e-02  1.73090119e-02 -8.12956132e-03  1.65618700e-03
 -7.01710815e-03 -2.88183358e-03  2.77523790e-02 -6.20629964e-03
  6.14060126e-02  3.44013572e-02  2.57909372e-02 -1.16621237e-02
 -2.17095041e-03  8.41991305e-02  6.65235519e-02  1.89196337e-02
  2.23793983e-02  1.70431808e-02 -2.07354389e-02 -7.41939992e-03
  6.27323389e-02  5.19869141e-02 -3.40797976e-02  1.62398140e-03
 -7.56814852e-02 -3.44366878e-02  1.13926055e-02  1.19452514e-02
  3.60568762e-02  6.29113987e-02 -2.87919156e-02 -3.99076194e-02
  3.05976085e-02  3.35565731e-02  8.73355474e-03  9.67993401e-03
  1.29950177e-02 -6.60510268e-03 -3.02647837e-02 -4.29594629e-02
 -2.19635814e-02  1.71717424e-02 -3.90442796e-02  1.14072450e-01
 -2.37858226e-03 -1.65820718e-02  9.82494093e-03 -2.35298723e-02
  5.40941767e-02 -4.06838804e-02  3.41050848e-02  2.37510111e-02
  4.25572358e-02 -5.18553890e-02 -2.06260290e-02 -2.27074679e-02
  3.18407938e-02  4.09981683e-02  7.02816620e-03 -3.08510866e-02
  4.51439656e-02 -4.51011807e-02 -2.26690192e-02 -3.24004926e-02
  1.92217212e-02  1.51791861e-02  3.63327190e-02  4.42325622e-02
  2.21893471e-02 -4.21317667e-03 -7.59814819e-03  4.11250927e-02
  1.47043010e-02 -6.05881251e-02  5.16717285e-02  2.23383270e-02
  1.18082957e-02  3.03599779e-02 -5.54260314e-02  3.56397107e-02
 -7.46712694e-03 -6.34711683e-02 -7.09887501e-03  2.97381617e-02
 -1.84856355e-02  7.39862919e-02 -1.91891249e-02  1.31500056e-02
 -3.30040883e-03  1.93371661e-02 -6.51609292e-03 -1.62800532e-02
  9.00005735e-03 -1.57552622e-02  9.39637423e-03  4.52583842e-02
 -6.11755438e-03  5.02803642e-03  6.09159730e-02 -2.73552723e-02
 -1.62179004e-02  1.98998917e-02  6.08958714e-02  3.62317376e-02
 -8.20341334e-03 -6.59347102e-02 -2.77968980e-02 -2.04331614e-02
 -3.35571207e-02 -1.42077459e-02 -6.52580410e-02 -3.86186466e-02
 -9.58015248e-02 -5.44686578e-02 -2.55423114e-02 -7.21037039e-04
  3.44547071e-02  5.37280506e-03  6.17248528e-02 -5.20709530e-02
  2.14366196e-03  1.96961854e-02 -1.30799320e-02 -6.83592781e-02
 -4.11011502e-02 -7.23266080e-02 -2.10205130e-02 -3.09738657e-03
  4.73852940e-02  1.55072082e-02  5.29649481e-02  4.62517403e-02
 -3.13987285e-02  3.01090609e-02 -2.77587213e-02  7.10694399e-03
  1.80231761e-02 -2.92728860e-02 -5.92177920e-03 -4.55530686e-03
 -1.48929637e-02 -4.29053269e-02 -7.12348521e-02  2.87696347e-02
  1.36509836e-02  3.29496898e-02  3.87090747e-03 -6.61015064e-02
  8.72291327e-02  8.85544568e-02 -4.17891704e-03  1.72828250e-02
  2.97862608e-02  1.27510568e-02  2.44448967e-02  9.22093168e-02
 -2.62871268e-04  6.27823407e-03  6.07018126e-04  2.41101850e-02
  2.40832306e-02  2.77790870e-03  1.22947982e-02  1.55722583e-02
  3.53818275e-02 -9.11985917e-05  5.75691946e-02 -2.43101697e-02
 -3.85717265e-02 -3.33343558e-02 -2.47996207e-02 -8.51659924e-02
  3.79247079e-03 -1.64668020e-02 -6.87169097e-03  4.42172885e-02
 -6.27161413e-02  4.88096029e-02  6.92646997e-03  6.97538396e-03
  7.39384964e-02  1.91048570e-02 -2.58571357e-02  1.44630447e-02
  1.39043285e-02  8.25767126e-03  1.57034565e-02  2.72899773e-02
  7.63164228e-03  5.20508960e-02  7.21533448e-02 -1.72068253e-02
  3.70759927e-02  5.23467883e-02  9.87390522e-03 -3.63463461e-02
 -2.47880910e-02 -3.66303660e-02  8.36237147e-03 -2.36712936e-02
 -3.53486440e-03  3.64843570e-02  4.05268744e-02 -1.18455319e-02
 -1.50995217e-02  2.98351105e-02 -2.57285852e-02  5.20265922e-02
 -2.12852377e-02  7.77338137e-05 -2.41438430e-02  2.96837594e-02
 -6.14799298e-02  4.50317822e-02  1.93204507e-02  6.28867000e-03
 -1.29101006e-02 -7.07681775e-02  7.20274076e-03 -1.16953459e-02
  8.23186859e-02 -1.24025740e-01 -6.48104586e-04  1.45063298e-02
 -5.36052790e-03  6.17716275e-02  1.40677951e-02 -3.00641693e-02
  2.41601709e-02  1.94774047e-02  1.42587954e-02  4.56940308e-02
  2.90975850e-02  4.44938801e-02 -7.51747424e-03 -3.80544603e-04
 -1.38977310e-03  2.25619245e-02 -1.38476929e-02  4.82548634e-03
 -3.01698968e-02 -2.80665327e-02  6.53526466e-03 -2.43929904e-02
 -2.25392841e-02  1.90199688e-02  2.23583095e-02  3.58489226e-03
 -1.23301363e-02  2.18903720e-02  5.90831898e-02 -3.67878401e-03
 -2.79092193e-02 -8.71471781e-03 -5.39844446e-02 -5.25044557e-03
  2.22775689e-03  4.88591082e-02  8.15806016e-02 -1.33322170e-02
 -2.87816431e-02  1.60840712e-02 -6.88627071e-04  3.18310224e-02
 -3.65177356e-02  3.68483067e-02 -1.12895453e-02 -3.33327465e-02
 -1.43136391e-02  8.00827891e-03 -3.41101363e-02 -8.82320013e-03
  8.44646897e-03 -1.40539128e-02 -5.72879892e-03  4.72425967e-02
  1.25252474e-02  4.98045143e-03 -1.09047070e-02  6.10531308e-02
  1.46912420e-02  5.85084362e-03 -3.06156073e-02  4.45000874e-03
  3.95272626e-03 -3.69984657e-03  1.68447271e-02  2.53910068e-02
 -3.00447475e-02  4.20834199e-02 -1.12631358e-02  6.52234778e-02
  1.42212473e-02 -1.89641435e-02  9.17803403e-03  1.08198440e-02
  5.21497242e-02  1.56384520e-02 -7.20428303e-04 -1.71324145e-02
 -2.69579217e-02 -3.93669605e-02  2.76991520e-02  6.76772092e-04
  6.13249140e-03 -4.30836603e-02  2.38457918e-02  1.50790969e-02
 -5.66106774e-02 -1.64600909e-02  7.30728405e-03  3.32391597e-02
 -4.83647324e-02  4.91773039e-02  3.18925940e-02 -2.10007969e-02
 -2.34090351e-02  5.08191669e-03 -6.97056949e-03 -3.81455757e-03
 -3.40068713e-02  6.07865804e-04 -2.37012107e-04  4.56861965e-02
 -9.17918235e-03 -2.10146233e-02  2.08118036e-02 -1.33972028e-02
  5.33951558e-02  2.85090599e-03 -7.46320412e-02 -4.21622284e-02
 -2.08601132e-02 -7.03365952e-02  1.92221813e-02  1.68878734e-02
 -8.34347978e-02 -4.77109477e-02  3.97260934e-02 -5.43386002e-33
  1.20153045e-02 -9.60907936e-02  1.97701734e-02 -1.43130217e-02
  3.02477255e-02  6.36152029e-02  1.17566402e-03 -3.26446854e-02
 -3.69850621e-02 -3.26903760e-02  4.24963236e-03 -6.49972446e-03
  1.24475146e-02 -1.84548888e-02 -1.00017220e-04 -1.85935199e-02
 -3.39083336e-02  8.88565555e-03 -3.35668883e-05 -6.50985762e-02
 -6.72297254e-02 -4.14253026e-02 -1.53201120e-02  4.81380187e-02
  9.95663255e-02 -2.88333520e-02 -7.33369263e-03 -3.60378213e-02
 -3.47355381e-03  3.36991227e-03 -1.20292453e-03  4.33292165e-02
  2.40819380e-02  1.08884936e-02 -2.73056757e-02  3.75821777e-02
 -3.64572108e-02  6.81863306e-03 -5.40325865e-02 -2.94907689e-02
 -1.20556667e-01 -8.67547654e-03 -2.02716570e-02  2.31401492e-02
 -6.55005220e-03  1.46965738e-02 -2.24821195e-02 -4.31514978e-02
  2.01632958e-02  5.52481040e-03  1.38074141e-02  1.18903618e-03
  1.06449388e-02  5.98485433e-02 -5.46382554e-03  8.38262811e-02
  2.78247464e-02 -2.01622676e-02  6.55083358e-02 -5.89225404e-02
 -1.51529387e-02  4.11549471e-02  1.45544335e-02  4.25421447e-02
 -5.25934659e-02 -1.67865604e-02 -3.49450596e-02 -5.42857312e-02
  2.00929251e-02 -1.12781459e-02 -4.72065657e-02 -4.41619232e-02
  4.29390036e-02  5.92196099e-02 -7.72750936e-03 -8.07828270e-03
 -6.20030006e-03  4.04038318e-02 -2.10214723e-02 -7.14069232e-02
 -2.49512084e-02 -5.86092414e-04  1.12149958e-02 -1.56867672e-02
 -5.35543226e-02 -2.56519727e-02 -3.52240503e-02  9.71712358e-03
  2.70935446e-02  1.33508006e-02 -2.66873576e-02  4.78746481e-02
 -2.11995300e-02  9.72847566e-02  3.87022570e-02 -2.63895057e-02
  2.19111983e-02 -2.22286656e-02 -5.42196073e-03 -7.74853444e-03
 -9.39178560e-03  4.84367087e-02  2.68300921e-02  4.53265160e-02
  3.73326265e-03 -2.48380695e-02 -4.33655363e-03 -4.30254778e-03
 -1.81080848e-02 -2.86705513e-02  1.52490661e-02  3.96266729e-02
  5.37735969e-03 -1.99386645e-02 -4.26598825e-02 -5.08752503e-02
  2.60428227e-02 -7.72240292e-03  2.42683012e-02 -5.26194402e-04
 -1.41668310e-02 -9.18573979e-03 -2.24896800e-03 -3.44298854e-02
 -3.75078470e-02  1.52670906e-03  2.42867786e-02  1.03571732e-02
 -1.71921290e-02 -4.60413564e-03  3.37254219e-02 -1.99733004e-02
  1.95107503e-07  6.72598928e-03  4.90470417e-03 -3.05029587e-03
 -5.41539006e-02 -3.46039571e-02 -2.29601990e-02  3.78046446e-02
  4.14971560e-02 -1.82297584e-02 -2.13713273e-02  6.89042434e-02
 -5.22979796e-02 -1.48788858e-02 -2.31524501e-02  3.81748578e-05
  7.07750069e-03 -3.63768823e-02 -5.34438202e-03 -2.58305632e-02
 -7.93702714e-03  3.80556248e-02  1.90882105e-02 -1.93903279e-02
  7.96573982e-03 -1.16637219e-02 -7.52436044e-03 -2.97322840e-04
 -7.03156739e-02  3.31132151e-02 -1.68349836e-02  1.32767176e-02
  3.44516635e-02  1.62367895e-02 -8.13593641e-02 -3.67101878e-02
 -5.57573102e-02 -5.58775663e-02  4.77523747e-04 -5.08555956e-02
 -1.58116426e-02 -6.56516775e-02 -1.55526372e-02 -3.73144262e-02
 -2.73509789e-02 -1.47431018e-02 -1.09311808e-02 -1.29299248e-02
  1.02048695e-01  3.50184627e-02  2.09538732e-04 -9.54797864e-03
  1.51020065e-02  4.10718471e-03 -7.34526850e-03 -1.81449261e-02
  1.13473265e-02  1.77419297e-02  1.16724325e-02  3.13191079e-02
 -4.75435220e-02 -4.65855300e-02 -3.41263437e-03 -3.29815634e-02
  1.96365137e-02 -7.05207884e-02  6.14192942e-03 -8.00277945e-03
  1.72866248e-34  7.81758223e-03  6.45204028e-03  1.17090298e-02
 -7.13173151e-02 -2.73388810e-02  3.37328576e-02 -2.11154092e-02
 -9.55252722e-03  3.18439794e-03 -2.65912153e-02 -2.34318362e-03]"
Executive_Board,"Governance decisions, strategic oversight, and approvals by the WFP Executive Board.","[ 7.22118374e-03  1.68217011e-02  8.48714914e-03 -4.75314353e-03
  1.86886592e-03  2.09127963e-02 -4.78262864e-02  3.55785824e-02
  3.32053043e-02 -1.54079981e-02  2.74187792e-02  2.55315360e-02
  2.72655971e-02  6.07584417e-02 -9.38400067e-03 -1.25073465e-02
  2.05375031e-02 -7.35466543e-04 -3.21534127e-02  2.07875632e-02
 -4.15422581e-02 -6.98364945e-03 -1.07180113e-02  2.57322416e-02
 -6.04543537e-02  1.47985704e-02 -5.42469439e-04 -9.05725814e-04
 -3.93551104e-02 -2.11779354e-03  2.52189580e-02 -1.36754392e-02
 -1.12566417e-02 -8.55389535e-02  1.84736041e-06 -1.81771927e-02
 -1.64754316e-02  3.81805049e-03 -2.19641672e-03  1.13746049e-02
 -3.62337194e-02 -4.44911905e-02 -4.17921282e-02  3.83001342e-02
  2.18932983e-02 -3.54602858e-02  3.15512754e-02  8.16909373e-02
 -7.25657940e-02 -3.38209346e-02  1.75998118e-02 -3.02345064e-02
 -9.28725675e-02  4.39675823e-05 -8.89538974e-02 -2.13618185e-02
  7.45556178e-03 -5.67621216e-02  2.97747906e-02 -5.23858704e-02
 -4.05057892e-02 -1.48977740e-02 -1.83064630e-03  1.47902104e-03
  1.85119621e-02  1.79530289e-02  2.52514780e-02 -6.31517768e-02
 -1.02148186e-02  1.01077864e-02  1.06651828e-01 -4.80098044e-03
  1.90210510e-02  2.31685396e-02  2.65637133e-02  1.20745441e-02
  3.42743285e-02  1.37258684e-02  1.70769263e-02 -9.88265313e-03
  2.39197556e-02  7.85441771e-02  7.55038764e-03 -8.97847582e-03
  5.93557488e-03  3.80792171e-02  1.44193070e-02 -9.66031943e-03
 -2.56231111e-02  5.83674498e-02  7.21646333e-03 -4.84993160e-02
  3.40220109e-02  2.61790939e-02  4.46196198e-02  8.91647581e-03
 -1.67626236e-02  9.01896581e-02 -3.60408274e-04  2.56692357e-02
 -6.72381073e-02  6.36175694e-03 -1.13324616e-02  2.39902809e-02
  2.49620434e-02  1.35469064e-02 -6.54336736e-02  3.04543935e-02
 -3.51228751e-02  4.54340614e-02 -3.08128875e-02  1.42050469e-02
  1.28650395e-02  1.45095252e-02 -3.67192775e-02 -6.15033694e-02
 -1.99903063e-02  1.80914847e-03 -1.12843523e-02  6.71410784e-02
  4.14338037e-02  1.41060390e-02  4.31974269e-02  3.68891954e-02
 -5.03175035e-02  4.31676283e-02 -1.40952719e-02  3.42957163e-03
  1.58900686e-03  8.66019577e-02 -2.92655211e-02 -3.31621543e-02
  4.46964614e-02  5.21680303e-02  3.43665816e-02  7.77414963e-02
  4.95335720e-02  7.55784987e-03 -5.03513701e-02 -3.87845226e-02
 -3.76547389e-02 -1.86336390e-03 -8.57368708e-02  2.01230142e-02
 -2.47574151e-02 -1.41924825e-02  1.80858597e-02  7.08123073e-02
  8.25544167e-03  2.06891708e-02 -4.20466717e-03 -5.86679056e-02
  4.17718440e-02 -2.39143763e-02  2.52775028e-02  3.00471652e-02
  2.06244830e-02 -3.03447265e-02 -4.81511950e-02  1.23354904e-02
  1.51046431e-02  2.28667781e-02 -1.96911823e-02  1.05235483e-02
 -2.35426575e-02  3.22916210e-02  3.98110598e-02 -3.53061478e-03
  1.41938161e-02 -4.85821553e-02 -1.73889920e-02  3.73790413e-02
 -1.85182840e-02  5.38435355e-02  1.93629004e-02  5.46892174e-02
  1.49744656e-02 -6.75361976e-02 -7.36578647e-03 -7.82964751e-02
 -1.29201477e-02 -2.76859421e-02 -5.20888809e-03  1.60289742e-02
 -9.75695252e-03  1.16761774e-02 -7.11011744e-05 -4.14058641e-02
 -3.43800546e-03 -1.97096411e-02  8.44730902e-03  6.92750909e-04
 -3.10231838e-03  2.37229802e-02 -1.97466258e-02  4.31901636e-03
 -4.66411747e-02 -3.24726254e-02  4.71340306e-03  3.89111368e-03
  6.35930803e-03 -1.74926464e-02  3.93831320e-02  6.81690648e-02
 -2.07056431e-03  3.59412259e-03  2.49785241e-02 -3.50753255e-02
 -2.86796931e-02 -1.30087326e-04  6.07818328e-02  2.85935458e-02
 -2.30012392e-03  4.25396711e-02 -9.22543276e-03  1.06976635e-03
  3.39388512e-02  1.04486141e-02 -6.07588701e-02  2.87136268e-02
 -5.75786643e-02  2.50779074e-02 -9.35217217e-02  2.19141040e-02
  8.27898607e-02 -4.18107510e-02 -3.27151828e-02  1.91252138e-02
 -1.61315836e-02  3.72376107e-02  1.45120891e-02  3.79304253e-02
 -2.50498783e-02  7.00180884e-03  1.24677345e-02  7.07825087e-03
  7.65872002e-02  3.95574383e-02  2.53696591e-02  1.52887544e-02
 -6.07743710e-02 -6.15464039e-02  1.74991675e-02 -3.33247297e-02
  6.63433671e-02  3.31812575e-02 -2.23607477e-02 -2.52905469e-02
 -1.80631541e-02  3.04113496e-02 -2.73499489e-02  8.37152824e-03
 -2.13678628e-02  1.73955634e-02 -2.67609861e-02  9.39850323e-03
 -1.32076093e-03  5.07897735e-02  1.42064225e-02  4.39777039e-02
  9.22924429e-02 -4.42479067e-02 -3.45254242e-02  6.54622614e-02
  1.17366007e-02 -5.61874770e-02  6.15819681e-06  4.80793091e-03
  1.38118109e-02 -1.76850799e-02 -8.49403255e-03  1.41758677e-02
 -3.10673355e-03  4.00467999e-02  3.56204323e-02  2.19155736e-02
 -2.91941371e-02 -1.28074242e-02 -1.59888361e-02  1.83214359e-02
  1.12726018e-02  6.73555257e-03 -2.57412661e-02  2.79504322e-02
  1.04502913e-04  1.99013855e-02  6.42089248e-02  8.30230769e-03
 -2.19794475e-02 -6.73286757e-03 -2.09100377e-02 -1.23143243e-02
  3.37392613e-02 -3.15900370e-02  2.68022362e-02 -1.03442390e-02
 -5.06432839e-02  2.18697432e-02 -2.93469243e-02  8.91283303e-02
 -5.20645594e-03  7.46441726e-03 -1.62356312e-03 -4.06313092e-02
  2.97862734e-03  3.09790839e-02  3.26041654e-02  6.06796816e-02
  2.18338687e-02 -2.85840072e-02  4.07649018e-02 -3.11071333e-03
 -2.58225352e-02 -1.88962985e-02 -1.41208107e-02 -3.63282561e-02
 -3.54736447e-02 -8.08464736e-02 -2.96573658e-02  6.06651157e-02
  1.67697594e-02 -2.10241973e-02 -2.83009000e-02  4.85612574e-04
 -1.48858726e-02  9.98530257e-03 -2.80173272e-02 -4.97547630e-03
  8.75634104e-02 -4.46703359e-02  4.25596954e-03 -5.41691519e-02
 -4.34242561e-02  1.86064672e-02 -1.66929252e-02  4.88802977e-03
 -3.31646018e-02 -4.32925262e-02 -1.06509018e-03  1.49535984e-02
 -5.62280864e-02  2.58533619e-02  1.17410719e-03  1.71959437e-02
  8.43343977e-03 -2.22852100e-02  2.07796805e-02  4.67272215e-02
 -4.81115021e-02  1.46600306e-02  1.41734164e-02  5.00925630e-02
  1.02376593e-02 -9.30732768e-03 -1.71555020e-02 -7.97589049e-02
 -7.08484575e-02 -5.61947338e-02  4.96383309e-02 -1.11602560e-01
 -2.76000556e-02 -1.37614077e-02  4.28734683e-02 -2.25529820e-02
  2.96984036e-02  1.09538306e-02  2.27036104e-02 -1.63930561e-02
  1.50739506e-03 -2.96338950e-03  4.01365496e-02 -2.44938284e-02
  4.69892472e-03  2.78671421e-02  7.95519911e-03  3.45133618e-02
  2.42269766e-02  3.13832238e-02 -4.73050810e-02  3.65215144e-03
  2.98293550e-02  9.31564439e-03  2.70800218e-02  7.52391573e-03
 -3.31567265e-02 -5.88136092e-02 -2.88862772e-02 -4.41351235e-02
  9.19287186e-03  2.78138258e-02 -7.37933349e-03  8.37276727e-02
 -2.02474799e-02  5.20359017e-02 -1.39189474e-02  1.49353826e-03
 -6.92405226e-03  5.29807713e-03  8.94741993e-03 -9.56624560e-03
  5.08764712e-03  2.26236205e-03  3.75713296e-02  1.28575182e-02
 -2.63962429e-02 -5.95827289e-02  6.52195588e-02  4.03633434e-03
 -1.39080416e-02  1.31389536e-02  3.90795693e-02 -6.81184456e-02
 -4.34889495e-02 -1.34452814e-02  7.40511576e-03 -4.61642817e-02
 -2.76817717e-02  3.83637995e-02  2.21536979e-02 -1.14261331e-02
  1.16794175e-02  5.62462723e-03 -2.43205763e-02 -3.12122125e-02
 -6.09143041e-02  1.88294295e-02  6.48809746e-02  2.29894780e-02
  2.36300286e-02 -1.87591631e-02  1.00939339e-02  1.90571707e-03
 -3.29613425e-02 -3.72043345e-04 -3.40688787e-02  2.89282408e-02
 -1.47629585e-02 -8.90295603e-04  6.22690935e-03 -2.25135721e-02
  3.20752934e-02  1.07004993e-01  6.51611164e-02  3.31718028e-02
 -1.47604372e-03 -2.09873985e-03 -1.53519418e-02  4.39349376e-02
 -3.74640301e-02  4.75684181e-02  3.20160799e-02  2.27311905e-02
 -4.05259691e-02  1.03304265e-02  9.56346020e-02  6.80994417e-04
  6.52495697e-02  2.58638728e-02 -3.42770736e-03 -2.87405793e-02
 -3.01266159e-03  3.50088030e-02 -2.71278787e-02 -1.01278974e-02
  1.03179254e-01 -8.16387683e-02 -1.82816256e-02  2.90810112e-02
 -1.94665547e-02  1.69170927e-03  5.50207868e-02 -3.24371131e-03
 -2.12476216e-02 -1.81130003e-02  4.63938760e-03  1.96720921e-02
 -7.55636627e-03  8.86209458e-02 -6.62083970e-03  3.14081796e-02
 -2.33735628e-02 -6.61958680e-02 -2.89195534e-02 -7.45932236e-02
 -2.44954154e-02 -4.72283512e-02  8.07684008e-03 -1.64946616e-02
 -1.45055130e-02  4.69039474e-03  1.93137918e-02  2.31763180e-02
 -3.93387787e-02  7.06019532e-03 -3.09816916e-02  6.80202469e-02
  3.55572887e-02  7.01387301e-02 -3.53047550e-02 -4.32767645e-02
 -1.51148885e-02  5.68767171e-03 -2.35285591e-02 -4.06458322e-03
  1.25619676e-03  2.30665784e-04  1.36393122e-02  9.50166117e-03
  4.06089146e-03  2.07826030e-02 -6.77280053e-02 -2.87974393e-03
 -2.76977587e-02  1.18421977e-02  7.39317611e-02  8.91214889e-03
 -3.64370681e-02 -3.64420041e-02 -3.07262838e-02 -4.45936397e-02
 -1.73758678e-02  4.73838905e-03 -9.20537952e-03 -7.75052188e-03
  5.79448640e-02  5.86736165e-02 -4.45826678e-03 -1.43519146e-02
 -2.49078553e-02 -3.50059830e-02  1.92012812e-03  9.89604555e-03
 -2.88022533e-02  5.32251298e-02  2.69521493e-02 -6.93312660e-02
  7.37257898e-02  1.24094356e-02 -9.22972802e-03  2.03272589e-02
 -7.73147047e-02  3.01560517e-02  4.70146984e-02 -1.18009308e-02
 -2.86836061e-03  5.22804772e-03 -4.06244397e-02 -2.61309184e-02
  5.92184030e-02  1.97795276e-02 -7.39894854e-03 -5.47012798e-02
 -1.10094297e-04  9.62567516e-04  5.13040982e-02 -5.56641721e-33
  8.46300245e-05 -6.23414069e-02  6.70398120e-03 -1.17043965e-02
 -4.48642634e-02 -3.39499414e-02 -1.03372652e-02 -3.61760333e-02
 -2.41007395e-02 -2.54995804e-02 -2.20473185e-02 -1.19461101e-02
  2.55111381e-02  9.42769554e-03  2.02759188e-02 -3.32808718e-02
  5.72562264e-03  3.85711752e-02 -7.53485551e-03 -8.24233443e-02
 -4.10166867e-02  1.08560519e-02  1.65007040e-02  1.04494244e-01
  7.88023137e-03  5.88246956e-02 -2.43578292e-02 -2.56709941e-02
  4.08956632e-02  1.92462783e-02  1.31175322e-02 -6.57641664e-02
 -1.82627756e-02 -9.99599174e-02 -4.05210536e-03  5.53744659e-02
 -8.96688085e-03  1.78385042e-02  3.46874967e-02 -3.11490316e-02
 -7.01966435e-02  2.01313570e-02  1.94910122e-03  3.29913870e-02
 -4.37613623e-03 -2.79332176e-02 -5.96866086e-02 -3.47418562e-02
 -2.54259066e-04  8.68005902e-02 -1.78441368e-02  1.46848720e-03
 -3.64125939e-04  1.02473818e-01  5.91627182e-03 -3.34074646e-02
 -2.68852133e-02 -2.08454356e-02  2.51960242e-03 -5.79234287e-02
 -5.59276994e-03 -6.78103697e-03 -2.33085267e-02  3.30073349e-02
 -1.04109123e-02 -1.76887051e-03 -7.42974952e-02  4.96921726e-02
 -5.11176605e-03 -2.70848628e-02  7.31195323e-03  5.15389517e-02
 -2.81281061e-02  2.11060978e-02 -1.21218771e-01 -9.41719301e-03
 -5.08685596e-02  3.20113488e-02 -5.12143821e-02 -1.25858607e-02
 -6.80737384e-03 -1.77474637e-02  3.16672623e-02  7.11233960e-03
 -1.51839899e-02 -9.84453224e-03 -1.43428147e-02  9.55855623e-02
  2.87952926e-02  2.67541874e-03 -3.14625390e-02  1.62260626e-02
 -3.71380593e-03 -1.03527158e-02  1.25092594e-03 -3.07948003e-03
 -1.95143663e-03  5.19718453e-02  2.72424817e-02 -2.00966857e-02
 -2.92837191e-02  4.70650233e-02 -2.69592041e-03  7.01577812e-02
  1.99386813e-02 -3.78335174e-03 -7.80993626e-02 -9.87266190e-03
 -2.75690164e-02  3.38730291e-02 -6.22631377e-03 -2.86488198e-02
  1.38113936e-02 -8.36408064e-02 -1.71251129e-02 -3.24683078e-02
  8.74117389e-03 -4.11836691e-02  8.01696442e-03  1.63797457e-02
  3.54681835e-02  9.95820761e-03  4.03369851e-02 -2.26190835e-02
 -6.49436563e-02 -2.89551215e-03  6.92057088e-02  6.05083741e-02
  9.45772510e-03  3.81778963e-02  2.66969949e-02 -1.63536388e-02
  2.37553181e-07  2.17986349e-02  5.03017381e-03  2.97368206e-02
 -1.64338164e-02  1.96375567e-02 -4.03675511e-02 -5.50821051e-02
 -1.68325452e-04 -2.37742793e-02 -2.77870968e-02  1.02092534e-01
 -5.12256399e-02 -4.59394194e-02 -1.54711781e-02  4.17465977e-02
 -3.79215144e-02  8.75243545e-03 -3.40075828e-02 -9.02931299e-03
 -3.93637121e-02 -1.50483642e-02  3.43548902e-03 -3.37027642e-03
  2.01306492e-02  2.11232826e-02  3.10154241e-02  1.61235407e-02
 -1.90190878e-02  3.69410729e-03 -4.82086278e-02  3.14552225e-02
 -3.10892425e-03  3.83596774e-03 -7.66174868e-02 -2.83512361e-02
 -1.68701988e-02 -5.54028666e-03  2.96262689e-02  3.93284857e-02
  4.05455902e-02 -8.54112953e-02 -4.62626293e-02  3.44965723e-03
 -2.04284620e-02  1.83941498e-02 -8.89048912e-03 -1.80882979e-02
  4.99178134e-02 -2.83161700e-02  2.34305509e-03 -5.85277739e-05
  2.67820898e-02  1.40246637e-02  5.64801618e-02 -1.94519162e-02
  4.48783897e-02  1.26006855e-02  1.28115970e-03  6.53670207e-02
 -2.53341068e-03 -1.33969849e-02 -3.02624051e-02 -1.24708405e-02
  6.66955300e-03 -1.08699752e-02  8.54797289e-03 -2.80930474e-02
  1.84054451e-34 -8.16300511e-03 -5.46559878e-02  1.01858731e-02
 -7.57258311e-02 -2.42532399e-02  1.13872159e-03 -3.76321375e-02
 -2.95829233e-02  3.97218838e-02 -1.14261806e-02 -2.20694439e-03]"
Country_Capacity_Strengthening,"Training, systems, and institutional support enabling governments to lead food security responses.","[ 2.59196516e-02  6.95008412e-02 -4.75705508e-03 -1.17312605e-02
  2.54113823e-02 -6.51854696e-03  1.68564059e-02  1.05318250e-02
  5.40749840e-02 -9.35290474e-03  8.92407000e-02  4.90493402e-02
 -4.35770266e-02  3.61145325e-02  6.10887930e-02 -4.59120646e-02
  3.88334543e-02 -2.90460698e-03 -2.61638016e-02  5.67855053e-02
  2.64690630e-02  2.32810006e-02  1.09262392e-02  1.43679185e-02
 -4.61497828e-02  3.16373110e-02 -2.99599133e-02  2.29623821e-02
  1.83960819e-03 -6.72773048e-02  5.08947484e-02 -3.95023599e-02
 -2.55813245e-02 -8.07499439e-02  1.42684326e-06  1.22226216e-02
 -3.26339379e-02  1.98615417e-02 -6.31027445e-02  3.42688896e-02
 -4.21790071e-02 -1.17297649e-01 -1.88356005e-02  3.39481235e-02
 -3.69632011e-03 -3.36533907e-04  1.10203130e-02 -5.18223792e-02
  5.10187587e-03 -1.94270071e-02  4.63255197e-02 -4.99963500e-02
 -3.24597992e-02  3.25059742e-02 -1.21359900e-01  2.72243824e-02
 -1.59642473e-02 -9.91861057e-03  1.38593903e-02  3.87249552e-02
 -2.27705669e-02  1.31815923e-02 -5.00507653e-03 -9.55346879e-03
 -2.06200108e-02  6.93412200e-02 -1.25983171e-02  1.92773379e-02
 -8.16541072e-03  1.50729464e-02  6.24796264e-02  5.04967310e-02
  1.35184349e-02  6.91366848e-03  3.51534411e-02  3.33597027e-02
  3.99718545e-02 -3.06927580e-02 -1.84066482e-02  3.04839411e-03
  2.90807430e-02  2.67216712e-02  1.89052802e-02  4.68321284e-03
  1.23207346e-02  6.82889670e-02 -6.16578609e-02 -3.79434079e-02
 -5.69459014e-02 -7.00137159e-03 -1.82087924e-02  2.17298493e-02
  1.11855501e-02  6.65882304e-02  1.19387144e-02 -1.68862566e-02
  5.49065024e-02 -2.29982678e-02  1.46275703e-02 -3.70214731e-02
 -5.58152460e-02  1.36234239e-02 -6.35058060e-02 -2.04556845e-02
  3.13841738e-02 -6.43141428e-03 -1.72546543e-02  5.62899485e-02
 -2.40575504e-02  1.94815025e-02 -6.30025789e-02  2.45510228e-02
 -4.07997193e-03 -3.12911905e-02  9.67304129e-03  6.18715910e-03
 -2.87167542e-03 -4.06011455e-02 -2.31195539e-02  4.60733194e-03
 -3.75494845e-02  2.64980160e-02  1.47509761e-03  6.38373522e-03
 -3.48614864e-02  7.61765167e-02 -3.18403775e-03  4.07422669e-02
  1.99800525e-02 -4.70943423e-03 -4.01885957e-02 -5.15093692e-02
  7.19487155e-03  4.68510315e-02  2.81746108e-02  5.59358820e-02
 -2.09117755e-02  4.14358042e-02 -4.73626293e-02 -1.63587891e-02
 -1.46141453e-02 -1.21949390e-02 -3.20022516e-02 -2.85316426e-02
  2.23760474e-02  2.88169179e-02  5.14162891e-02  3.39592509e-02
  3.78999524e-02  1.07492693e-02 -6.29925206e-02 -3.10324021e-02
  6.16766065e-02  2.85458006e-03  3.33753861e-02  4.42595445e-02
 -8.99948645e-03 -3.13064307e-02 -1.59502141e-02  2.29770001e-02
 -1.87225789e-02  2.62109730e-02  4.63983743e-03 -4.58063837e-03
 -4.87263873e-02  6.08515665e-02  2.36554723e-02  2.41879225e-02
  8.24439619e-03 -1.46611612e-02  3.71044315e-02 -1.75243355e-02
  1.96292624e-02  5.98441698e-02  3.34363319e-02  8.09849612e-03
 -1.35803018e-02 -1.27840023e-02  9.50718299e-03  6.83027655e-02
 -4.17834288e-03 -5.32284863e-02 -9.90555342e-03 -1.63940210e-02
 -2.99407691e-02  4.73822914e-02  1.43023282e-02 -3.89297586e-03
 -2.07611974e-02 -4.29738360e-03 -8.92424770e-03  4.87953536e-02
 -1.05882352e-02  4.49241474e-02  2.00052429e-02  1.20148540e-03
  1.58403013e-02 -2.31202948e-03 -5.39264232e-02 -1.13379825e-02
  6.03296608e-02 -3.82240452e-02 -1.04702236e-02  4.65890467e-02
 -2.40598526e-02 -3.92264798e-02 -5.18981542e-04 -1.22948810e-02
  2.94163823e-02 -3.95707004e-02 -2.98554860e-02  1.32957869e-03
  1.94781944e-02  5.35026304e-02 -2.08425932e-02  1.45382537e-02
  2.79187448e-02  6.65672421e-02 -4.02126685e-02  2.58324314e-02
 -1.10581154e-02  7.98833817e-02 -2.16175001e-02  2.29959711e-02
  1.30936652e-02  4.99528658e-04 -7.18443170e-02  5.73459081e-03
 -1.79296881e-02  3.14635299e-02  6.34983033e-02  3.14466581e-02
 -1.57871302e-02 -2.85678729e-02  3.88099328e-02 -5.48705012e-02
  8.77736211e-02  5.43156005e-02  4.78749024e-03 -9.10219643e-03
 -2.40683425e-02  1.18461391e-02 -1.55839399e-02  1.44351022e-02
  2.97834408e-02  8.67373124e-02 -1.55059425e-02 -3.40815149e-02
 -1.05640190e-02  5.81090860e-02  1.83880832e-02  2.41676811e-02
 -6.21372694e-03 -1.34699708e-02 -4.27933829e-03 -4.67844605e-02
  2.59067975e-02 -3.51487519e-03  9.64854565e-03  8.05749148e-02
  3.96627421e-03  1.85881853e-02  7.05024367e-03 -8.48624948e-03
  4.75944728e-02 -2.35414151e-02 -1.39212459e-02  6.70402776e-03
  5.77409528e-02 -7.96634797e-03  1.68430316e-03  1.21980468e-02
 -1.20462729e-02  8.94142408e-03  2.70520616e-02 -2.16684211e-02
 -1.89365577e-02  1.32666109e-02 -2.99530029e-02 -4.19248305e-02
  4.49215956e-02 -7.58674415e-03 -3.78441252e-03  6.61091730e-02
  1.52688557e-02 -4.10366291e-03  1.01445317e-02 -5.01252040e-02
  1.42856687e-03 -8.29475671e-02 -7.97844958e-03  1.76263098e-02
 -1.07852379e-02 -1.13519959e-01 -2.23281942e-02  3.22315544e-02
 -4.53028679e-02 -8.20916891e-02 -1.19295446e-02  4.22008820e-02
  5.67907728e-02  8.14395864e-03  8.17695260e-03 -5.02366386e-03
 -3.04221120e-02 -1.13239456e-02 -5.06297313e-02 -6.08610921e-03
 -5.55301551e-03 -8.81008059e-03  4.21388075e-03  5.56435809e-02
  6.57254010e-02 -2.58255247e-02  3.11028510e-02 -4.71254289e-02
 -8.29235464e-02  1.47161749e-03  1.28959352e-02 -4.10831999e-03
 -1.25173843e-02  6.15763199e-03 -6.70359507e-02 -1.14560341e-02
 -7.34469667e-03 -3.84056871e-03 -1.99971180e-02 -4.86553237e-02
  2.15114504e-02  5.84411155e-03 -1.66273955e-02 -4.32853587e-02
  7.93713145e-04  3.45957354e-02  2.45961193e-02 -2.56205443e-02
 -4.49876077e-02 -1.01816043e-01 -3.95762213e-02  1.21883610e-02
 -4.10699360e-02 -2.63041887e-03  7.14618852e-03  5.55294305e-02
 -2.25954279e-02  4.36498709e-02  1.83166023e-02  6.46175072e-02
 -1.78969372e-02  6.54286668e-02  8.74809399e-02  4.78730947e-02
  3.30335498e-02 -5.70671707e-02 -1.22180758e-02 -1.32337585e-02
 -7.93137252e-02 -3.75525877e-02  1.11522377e-02 -5.38891964e-02
  2.58196541e-03 -1.46731297e-02  4.06532958e-02 -7.15811327e-02
  1.41090050e-03 -1.46324486e-02  1.67937912e-02  3.58725525e-02
  2.14503836e-02  1.57975182e-02 -1.04233781e-02  4.66448590e-02
 -2.56840773e-02  3.22108790e-02 -1.09858755e-02  5.24382964e-02
 -3.82343517e-03 -6.09307038e-03 -2.17996594e-02  2.52437759e-02
  5.57843409e-02 -1.20207677e-02  4.23459001e-02  2.08714548e-02
 -2.39062645e-02 -9.93831009e-02 -8.69507156e-03 -7.09346458e-02
  1.87436398e-02  8.80589038e-02  8.37248843e-03 -2.56177559e-02
 -2.30376739e-02  8.10940340e-02  3.19656879e-02 -3.13379988e-03
  1.11699505e-02 -2.11652629e-02 -1.68326274e-02 -5.17461821e-03
  5.08455373e-02 -3.92241217e-02  2.60969382e-02 -4.79411706e-02
 -5.17375916e-02  2.41052136e-02  9.93962213e-02  4.30122502e-02
  8.64747819e-03  4.56113480e-02  1.62743218e-02 -2.37351842e-02
  3.49247479e-03  2.99841482e-02  1.97742824e-02 -4.16139811e-02
 -2.23170519e-02  4.08899114e-02 -1.72972139e-02 -9.61988140e-03
 -2.94428486e-02  6.04290366e-02  3.70497890e-02 -1.01682972e-02
  3.03103272e-02 -1.22294417e-02 -1.94786862e-02  2.39372589e-02
 -7.52665568e-03 -2.25288663e-02  5.26103564e-02 -2.19863281e-02
 -1.77089730e-03 -2.87316293e-02 -2.50918008e-02  4.08355407e-02
  5.41775227e-02 -6.22103661e-02  2.67881993e-02  3.80933806e-02
  3.31250671e-03  4.53195274e-02 -2.84708701e-02 -1.78529024e-02
 -3.30362692e-02 -1.76221470e-03 -4.13467474e-02  5.86880259e-02
 -1.52588775e-02 -2.59382930e-02  3.13746855e-02 -1.03516290e-02
 -8.46118703e-02 -4.12418023e-02  6.96918368e-02  8.80946498e-03
  4.88086417e-03 -1.74321067e-02 -2.20101755e-02  5.17230900e-03
  9.41547379e-03  8.22441280e-03 -1.53782936e-02  7.17540085e-02
  2.30869628e-03  3.13417576e-02  4.02992405e-02  1.25542721e-02
 -1.68350413e-02 -6.64702791e-04 -2.88537443e-02 -3.79418656e-02
 -2.31199302e-02  5.47368415e-02  4.67927791e-02 -1.53127927e-02
 -1.12324711e-02 -6.20804401e-03  7.79649988e-03  5.25592417e-02
 -6.29481524e-02  5.44985235e-02  1.22728078e-02 -4.71388288e-02
 -1.86828095e-02 -2.20696088e-02 -2.44167373e-02 -1.09956358e-02
 -1.35558639e-02 -1.44081935e-02  4.57736179e-02 -2.85581476e-03
 -3.47765232e-03  1.35634206e-02 -4.36045509e-03  5.37100956e-02
 -2.22374946e-02  2.82321144e-02  1.22543406e-02 -3.73024517e-03
 -2.72637582e-03 -1.52928859e-03 -9.74806864e-03 -1.70658007e-02
 -7.47218681e-03 -3.90763842e-02  2.14619990e-02  2.26657279e-02
 -2.65379231e-02  2.24486571e-02  1.57138035e-02  1.87246688e-02
 -3.11792735e-02 -7.16436878e-02 -2.78318785e-02 -1.08060855e-02
  2.14512125e-02 -1.92794949e-02 -4.69864756e-02 -3.81936878e-02
 -2.73222085e-02 -1.61527283e-02  1.44728115e-02 -5.81939295e-02
 -4.10789698e-02 -1.22776991e-02 -2.26600729e-02  7.91739859e-03
  3.57479323e-04  1.04904678e-02  9.01351683e-03  1.49193434e-02
  1.06692035e-02  5.75379608e-03  4.99906130e-02 -2.87096612e-02
  7.72358384e-03 -4.58865194e-03 -2.46291258e-03  3.44449505e-02
  1.37527529e-02  4.01249044e-02 -1.93765350e-02  3.23948897e-02
 -3.35132442e-02  1.61744040e-02 -3.12792398e-02 -7.96983838e-02
  2.35650223e-02 -2.75647715e-02 -2.46539898e-02 -2.33916640e-02
 -5.51489331e-02  1.25554996e-02  2.64457688e-02 -4.74878596e-33
  2.56105233e-02 -3.41834724e-02  3.30629721e-02 -1.48748048e-03
 -7.64707616e-03  4.99972142e-02  7.76158087e-03 -1.53709576e-02
 -1.14380484e-02 -1.26787331e-02  1.60049014e-02 -6.53009815e-03
  3.85737792e-02  1.85485501e-02  7.47941528e-03 -1.51636396e-02
 -4.61858734e-02  2.60875374e-02  3.21049169e-02 -9.24319923e-02
 -4.00799625e-02  8.59212689e-03  2.03438867e-02  2.59649828e-02
  2.13797186e-02 -4.13101614e-02 -1.12276319e-02 -3.34148221e-02
  2.30799373e-02 -5.28680766e-03 -1.46494349e-02 -1.61913745e-02
  6.67345012e-03 -9.43217278e-02 -1.97280906e-02  3.45311277e-02
  3.96746490e-03  3.88195296e-03 -2.20389757e-02 -5.89756966e-02
 -5.83373271e-02 -6.40132949e-02 -2.38484461e-02  2.52255537e-02
  3.73967271e-03  2.42610816e-02 -2.76604537e-02 -2.34264098e-02
  7.48123450e-04  2.55107749e-02 -2.02718899e-02  4.63357981e-04
 -2.26122737e-02  7.16142133e-02 -3.54192033e-02  1.06489852e-01
 -1.98134184e-02  1.01846652e-02  1.38433594e-02 -4.54379767e-02
  8.41452461e-03  1.36806136e-02  4.67058234e-02  8.68303776e-02
 -5.09676598e-02  3.26403161e-03 -3.96199673e-02 -7.56728798e-02
  8.06335732e-03 -4.98080105e-02 -3.25680450e-02 -1.53572652e-02
  1.27622038e-02  2.19981689e-02 -2.03509089e-02 -4.86839116e-02
 -8.16699024e-03  2.58353036e-02 -5.96999191e-02 -8.04875884e-03
 -3.34219709e-02  4.30301484e-03  1.21256141e-02 -4.57480829e-03
 -2.60923747e-02 -5.47770746e-02 -1.30629102e-02  1.59974080e-02
  2.71982644e-02  5.32872882e-03 -2.60225236e-02  3.06915566e-02
 -3.62899639e-02  8.11907724e-02  7.19661862e-02 -7.25522218e-03
 -1.06628593e-02 -7.82942027e-03  3.16531770e-03  8.79857037e-03
 -1.04497358e-01  2.08271034e-02 -2.68635117e-02  2.27462277e-02
  1.14976680e-02 -2.37783641e-02 -3.59061882e-02 -1.26353893e-02
  7.61896558e-03 -3.61121399e-03 -1.41944950e-02  4.08944748e-02
 -1.53287910e-02 -2.23363023e-02 -5.54929525e-02 -5.52673675e-02
  1.64733697e-02 -3.39598358e-02 -1.04614571e-02 -7.35047534e-02
  3.18543166e-02  5.04291579e-02 -1.85871124e-02 -2.06413958e-02
 -3.48106213e-02  2.04888731e-02 -1.20216785e-02 -1.46205798e-02
 -4.19630557e-02  2.61893179e-02  1.94170624e-02  3.67638394e-02
  1.99010870e-07  5.45577072e-02  1.04118530e-02  7.41360560e-02
 -5.60306311e-02 -9.93003137e-03 -4.88633551e-02  1.19921081e-02
  1.05084755e-01 -6.32283278e-03 -2.35600080e-02  5.76710738e-02
 -3.21431048e-02 -5.27114347e-02  4.42008823e-02  5.96443862e-02
 -5.80578633e-02 -1.53178861e-02  3.31622660e-02 -7.40816072e-02
 -2.19100546e-02  1.85646191e-02 -1.93747543e-02 -1.21104000e-02
  1.70988906e-02 -1.32469144e-02  1.96895767e-02  2.49131974e-02
 -2.73108352e-02  2.18950468e-03 -4.33292091e-02  2.31714286e-02
  4.14877720e-02  6.17469382e-03 -9.45247069e-04 -2.79493481e-02
 -6.36861995e-02 -6.85189441e-02  6.66053519e-02  2.86900755e-02
  9.34294984e-03 -5.46653233e-02  1.28775034e-02 -2.10490506e-02
 -2.45635286e-02  2.36571226e-02 -4.67040166e-02  3.02869305e-02
  5.00773042e-02 -1.30077992e-02  1.63354911e-02 -1.28354980e-02
  8.02757218e-03  4.87709865e-02  7.66872987e-02  2.39136303e-03
 -1.40668405e-02  1.08329514e-02  2.07636487e-02  4.91329096e-02
 -2.09427793e-02 -6.35561533e-03 -5.65470643e-02 -2.42088176e-02
  1.86975556e-03 -6.46813288e-02  1.78811215e-02  2.09805761e-02
  8.64160425e-35 -2.88557820e-02 -5.16267046e-02  2.81766765e-02
 -4.95371334e-02 -1.69582702e-02  2.46553309e-02 -6.68601394e-02
 -2.27168612e-02  3.70499566e-02  1.40596461e-02  2.89717708e-02]"
The_R4_Rural_Resilience_Initiative,Climate risk insurance and resilience tools protecting rural livelihoods and food security.,"[-2.90640946e-02  2.87962500e-02 -2.08536759e-02  1.64797623e-02
 -8.50316230e-03  6.80547114e-03  3.24423127e-02  2.20932043e-03
  4.52923700e-02  2.61028782e-02  9.77796018e-02  5.78788519e-02
  2.19328813e-02  6.28700014e-03  9.76513848e-02 -3.78632396e-02
  3.29758972e-02 -5.69777898e-02 -1.92008335e-02  7.95470085e-03
  5.64351492e-03 -6.12664502e-03  9.84542910e-03 -9.43178404e-03
  4.24764212e-03  1.83825660e-02 -2.11632792e-02  4.19185832e-02
  2.97903772e-02 -3.87505591e-02  4.04363573e-02 -2.90671568e-02
 -2.46121734e-02 -7.95290619e-02  1.58281864e-06 -5.88313397e-03
 -8.08348358e-02 -1.50288977e-02 -9.30856215e-04 -1.33615322e-04
 -2.14808360e-02 -4.17508036e-02 -1.62852798e-02  1.57860108e-02
 -7.30093196e-03  1.85117461e-02  2.63792835e-02  1.26405703e-02
  1.17950067e-02  5.30258927e-04  9.13831405e-03 -5.70669323e-02
  1.75236166e-02  4.48401123e-02 -6.40693679e-02  4.62323725e-02
  1.21191032e-02  2.34708264e-02  1.56698003e-02 -1.97609775e-02
 -5.20370062e-03  9.40159112e-02 -1.37247359e-02  2.58582588e-02
 -4.10857014e-02  1.05262501e-02 -4.38316241e-02 -1.21887522e-02
 -3.13242413e-02  2.20944528e-02 -5.18651563e-04  2.06252486e-02
 -4.44904715e-02 -1.12000983e-02  4.10140567e-02 -1.22567080e-02
 -4.23015887e-03  1.75166167e-02  4.12304290e-02 -2.80001201e-02
  3.89205292e-02  3.15509476e-02 -4.91333334e-03  4.66740467e-02
  7.39236781e-03  6.96837753e-02 -8.39214679e-03  2.07873043e-02
 -3.22303399e-02 -4.79443483e-02  6.43467577e-03  2.70996504e-02
  1.25428778e-04  5.28433174e-03  2.32470259e-02 -1.38415881e-02
 -2.55456730e-03  2.49324460e-02  1.52773736e-02 -4.42605801e-02
 -1.91512424e-02  6.12337096e-03 -2.72477120e-02 -1.88034829e-02
  1.51054570e-02 -1.89545229e-02  1.68764368e-02 -8.55567120e-03
  3.69430855e-02 -2.93436460e-02  1.75519511e-02 -7.95921776e-03
  4.68659922e-02 -1.24590229e-02  1.01922164e-02  6.34194240e-02
  3.57378498e-02 -1.60820095e-03 -2.87159234e-02 -4.32447344e-02
  8.69153533e-03 -3.82373505e-03  4.11939807e-03 -4.71274368e-02
 -2.47133821e-02  5.11962473e-02 -2.12702285e-02  2.81391339e-03
  2.83630602e-02 -7.27597252e-02 -4.58403006e-02 -2.00314019e-02
  2.49010939e-02 -1.17202615e-02 -9.11408104e-03  2.51652505e-02
  4.57187034e-02 -2.90447846e-02 -3.42861116e-02  3.72692570e-02
  1.50554609e-02  5.83475968e-03 -6.23260811e-02 -1.50967091e-02
 -3.14330310e-02  1.81207135e-02 -9.14356858e-03 -4.98146303e-02
  3.88566405e-02  6.78395666e-03  1.48567976e-03 -2.65514143e-02
  5.24472632e-02 -4.63941395e-02  1.10903326e-02  4.43133079e-02
 -3.74394748e-03 -3.82058807e-02  4.16338481e-02  1.59559641e-02
 -1.08038681e-02  3.73674184e-02 -1.29132066e-02  1.01748249e-02
 -7.37195760e-02  6.94552585e-02  7.29996292e-03  3.31131183e-02
  3.26380320e-02 -4.92980964e-02 -4.65280749e-03 -6.02807738e-02
  1.89317428e-02  5.00446297e-02  9.23325941e-02 -1.04947831e-03
 -2.80644372e-02  3.03641111e-02 -4.19519767e-02  6.73417449e-02
 -4.98507805e-02 -5.89266941e-02 -3.62828560e-02  1.32850744e-02
 -5.28830700e-02 -8.39092210e-03  2.00688355e-02 -6.28142208e-02
 -1.66351218e-02  4.35051024e-02 -8.97666812e-03  4.08149920e-02
 -3.05159129e-02  2.16543786e-02 -5.31323440e-02  1.41436681e-02
  4.18773517e-02 -4.79192398e-02 -1.20439911e-02  1.35735357e-02
  5.31537794e-02 -1.96888298e-02 -5.15366085e-02 -2.69303024e-02
 -1.99956708e-02  9.59719531e-03 -2.29069125e-02  3.36418189e-02
 -5.17216027e-02 -4.38972898e-02 -2.79138871e-02  2.05161851e-02
  2.21638460e-04  2.72364151e-02  3.59524712e-02  2.61626747e-02
  1.42146796e-02  4.75935042e-02  1.11418534e-02  1.49352783e-02
 -2.71952245e-02  1.57795548e-02  4.59437864e-03 -2.98089031e-02
  2.40549650e-02  1.10854600e-02 -3.53558175e-02  2.32450366e-02
  7.03609269e-03 -1.97388567e-02  2.89355442e-02  1.48588177e-02
  2.88543553e-04  4.62893881e-02 -1.75051223e-02  6.76830262e-02
  7.73209482e-02 -4.14769724e-03 -4.59853075e-02 -4.21060175e-02
 -3.44848596e-02 -5.53455809e-03  5.75855561e-02 -6.36557015e-05
  1.90799218e-02  1.16293833e-01 -7.50163049e-02 -4.72077616e-02
 -1.03598135e-02  4.03804779e-02  7.18544051e-02 -3.52651044e-03
 -1.48011316e-02  2.52601318e-02 -3.90552953e-02 -8.18651915e-02
 -2.88420040e-02  1.51009141e-02 -6.81884363e-02  2.85221953e-02
 -2.50847191e-02 -1.01067228e-02 -4.53899764e-02 -3.21990289e-02
 -4.97291039e-04 -1.34991882e-02  2.01054141e-02  3.10111810e-02
  8.05832744e-02 -1.05163092e-02 -4.34233695e-02 -2.97655798e-02
 -1.93265304e-02 -2.08566128e-03  1.05237393e-02 -8.89050867e-03
 -1.78900659e-02 -3.19351330e-02  1.68059338e-02  4.00546100e-03
 -4.63513687e-04  2.76133493e-02  2.41500810e-02  4.38954830e-02
 -3.21584614e-03  3.90242301e-02  9.73821711e-03 -4.11727205e-02
  7.39389891e-03 -4.44365256e-02  9.79990978e-03  2.67907269e-02
 -1.30307321e-02 -1.40788704e-02 -9.73398834e-02  8.46636575e-03
 -4.71738465e-02 -7.55006075e-02 -7.21857930e-03  1.09232275e-03
 -1.46879852e-02  4.27251682e-03 -2.60446430e-03  3.24299857e-02
 -2.62444355e-02 -2.33776569e-02  3.03681716e-02  1.79929491e-02
 -3.82666923e-02 -8.54516029e-02  2.03901269e-02  1.74161009e-02
  8.08075964e-02 -7.49307405e-03  2.24380661e-02  2.02747677e-02
 -1.07251595e-04 -1.19277984e-02  1.73246451e-02  4.40392159e-02
 -2.21162196e-02 -5.78551218e-02  2.59446502e-02  3.90910022e-02
  1.38688590e-02 -5.92809767e-02 -6.67147636e-02 -5.46852825e-03
  4.19958048e-02 -1.15752472e-02 -5.05333245e-02 -6.22727722e-03
  2.37803496e-02 -9.47122462e-03 -2.11223401e-02 -1.66079942e-02
  3.26243639e-02 -1.02026619e-01 -3.60632017e-02  4.87257261e-03
 -3.11880223e-02 -2.75741946e-02  1.22859031e-02 -1.31251495e-02
 -1.06422314e-02  4.38004509e-02  2.04723794e-02  3.08981650e-02
 -1.95359085e-02  6.11665621e-02  5.20680323e-02  4.49891901e-03
 -3.14034782e-02 -3.22608836e-03  2.10828539e-02  2.23537162e-02
 -7.37202764e-02 -4.45280373e-02  5.62175810e-02  5.90919517e-03
  7.81416707e-03 -5.72950803e-02  4.79655154e-02 -5.19427806e-02
  1.38227399e-02  1.66415516e-02  2.63993070e-03  7.75550120e-03
  2.49068700e-02  8.62233154e-03  3.99769982e-03  4.51704115e-03
  1.45753361e-02  2.10399628e-02 -3.76429856e-02  6.92818463e-02
 -1.21129835e-02 -5.28530143e-02  4.26000059e-02 -3.12926508e-02
 -1.25308642e-02  1.38037270e-02  3.02611981e-02  4.96201739e-02
 -5.38692214e-02 -2.91199759e-02  1.38636269e-02 -3.18396464e-02
  4.41190787e-02  8.68582800e-02  1.95200946e-02 -1.10164732e-02
 -4.09105793e-02  3.39804292e-02  4.22653481e-02  1.86883062e-02
  2.12836568e-03  4.33812849e-03 -2.31974665e-02  1.04319779e-02
  4.29972187e-02 -4.90335599e-02  7.81163573e-02  9.06573329e-03
 -3.04954983e-02  9.57187323e-04  9.11196470e-02 -3.45357545e-02
  1.41536267e-02  6.90651461e-02  1.54040530e-02 -3.07566095e-02
  1.78010482e-02  3.75172496e-02  1.88144855e-02  3.22612710e-02
 -3.97477113e-02  3.72508056e-02 -2.75009330e-02  1.85285825e-02
 -2.00172346e-02  7.16064945e-02  3.07017546e-02 -3.32125090e-02
  2.04342268e-02  3.48910503e-02 -1.12025850e-02  3.59042548e-02
 -5.37986718e-02 -1.74035435e-03  1.31603526e-02 -9.09869596e-02
 -3.49422731e-02 -5.31180538e-02 -5.31143993e-02  1.14567336e-02
  1.23323211e-02 -4.36020494e-02  1.77483130e-02  5.09236827e-02
 -3.88306030e-03  3.44830379e-02 -2.03320663e-02  4.74077137e-03
 -2.14599930e-02  3.56982797e-02  1.90133706e-03 -1.74535159e-03
 -1.13072004e-02  5.79687301e-04 -2.34938064e-03  2.72158720e-02
  5.82711585e-02  2.27089021e-02 -2.82261260e-02  5.07293595e-03
  1.33070839e-03 -7.60965571e-02 -2.06500255e-02  1.46398498e-02
  3.17480750e-02  9.64643434e-03 -2.49450617e-02  1.38315018e-02
 -2.67268680e-02  7.85379559e-02  3.12110614e-02 -8.41490831e-03
  2.01145802e-02  2.58673336e-02 -1.22295879e-02 -6.20064624e-02
  2.01135613e-02  7.97225982e-02  1.66550465e-02 -5.67653477e-02
  3.80993038e-02  2.06392966e-02 -2.06169058e-02 -2.01548059e-02
 -2.19793078e-02  1.73830707e-02  3.10038384e-02 -3.27245370e-02
 -8.39675963e-03  2.40513943e-02  1.90072544e-02 -2.17468496e-02
  4.17878327e-04  4.88720834e-02  7.09385565e-03  2.42699739e-02
 -1.68949284e-03 -1.12351838e-04 -3.30853947e-02  3.27798277e-02
  7.60565978e-03  3.14955302e-02  7.28972664e-05 -8.93316139e-03
 -5.07488064e-02  3.15437540e-02  1.62788630e-02 -5.08426055e-02
  3.62153142e-03 -1.48896622e-02  2.61705983e-02 -3.47066764e-03
 -3.35780308e-02 -2.06572693e-02 -1.04447883e-02 -1.95084866e-02
  1.19153736e-02 -4.88446057e-02 -2.66490169e-02  2.86308825e-02
 -2.99314968e-02  6.35356978e-02  6.01930032e-03 -3.92437279e-02
 -4.12524566e-02 -1.94303077e-02  2.34375931e-02 -4.68046926e-02
 -6.48587272e-02  2.61288276e-03 -3.09344940e-02 -8.39108508e-03
  3.10019846e-03 -1.64241884e-02  5.43358885e-02 -1.30170230e-02
  2.02538166e-02 -3.91878523e-02  2.07201168e-02 -6.05842285e-02
 -6.34633973e-02 -4.40010093e-02  2.34742425e-02  2.49096788e-02
 -3.75976823e-02  1.23894252e-02  3.32594402e-02 -2.20743921e-02
 -2.18849070e-02  4.15062681e-02 -5.38687855e-02 -7.59562925e-02
 -7.07252789e-03  1.53668113e-02  3.46300453e-02  2.95853335e-02
 -7.88699985e-02 -1.27547560e-02  8.17053765e-03 -6.25901371e-33
 -1.98872555e-02 -5.12018129e-02  2.83290558e-02 -2.85829970e-04
  1.91299561e-02  5.20925187e-02  3.15979086e-02  9.47940163e-03
  3.53942476e-02 -4.24990477e-03  1.50627345e-02  3.37239995e-04
  1.80849805e-02 -6.97092526e-03 -2.23180968e-02 -2.05001906e-02
 -7.12484270e-02  2.90040057e-02 -4.75837820e-04 -7.80598670e-02
 -3.86238694e-02 -3.01262029e-02  4.48899008e-02 -4.00537029e-02
  3.21392864e-02 -1.35368295e-02 -4.41828966e-02 -5.22532165e-02
 -4.59171645e-02 -3.16181742e-02  1.18221659e-02  1.13606732e-02
  1.85523331e-02 -9.82341077e-03 -1.67763117e-03  1.25946645e-02
 -5.45553155e-02 -3.97832394e-02 -2.29213499e-02 -2.35193279e-02
 -2.21462324e-02 -5.55432588e-02 -4.55028452e-02  2.88573820e-02
  1.73848663e-02 -2.26172600e-02 -7.67928036e-03 -4.73178970e-03
 -7.30472663e-03 -2.10243613e-02  5.24164811e-02  2.48075705e-02
 -4.24840786e-02  5.83938994e-02 -7.52768144e-02  1.10331820e-02
 -1.93243735e-02  3.13801132e-03 -1.41998474e-02 -1.52986785e-02
 -1.63379759e-02  5.06221727e-02 -1.27915004e-02  4.11198027e-02
 -1.49538070e-02  3.40041965e-02 -9.55726206e-02 -3.77399996e-02
  1.14728920e-02 -1.04906857e-01 -1.38315614e-02 -3.19259241e-02
 -1.68454777e-02  1.19881898e-01 -5.01895696e-03  9.89146344e-03
 -4.73832265e-02  6.11985251e-02 -2.01258734e-02  4.06407528e-02
  9.94229969e-03  7.91526865e-03  2.17886828e-02  3.25600995e-04
 -4.24790010e-02 -8.77126381e-02 -5.64949214e-02  7.24076331e-02
  2.70799287e-02 -1.09355841e-02  1.66327599e-02  9.78792384e-02
 -1.77491661e-02  9.70519632e-02  3.50249819e-02  1.12405559e-02
  1.24705145e-02 -2.71807034e-02  3.60137448e-02  4.52641621e-02
  4.89504486e-02  2.25279722e-02 -2.33207252e-02  7.72609785e-02
 -1.00266822e-02 -1.06158024e-02  3.84877063e-02  3.28323729e-02
  2.39086952e-02 -2.95258011e-03 -1.27323857e-02  1.93571020e-03
 -5.09335361e-02  3.38271111e-02 -3.04996539e-02 -2.29803026e-02
  2.10231468e-02 -5.74260205e-02  3.37326191e-02 -4.08663154e-02
  6.98246434e-02  5.48554733e-02 -4.53130156e-02 -3.00235841e-02
  2.01512948e-02  7.06994459e-02  4.99340594e-02 -3.82509418e-02
 -3.48145589e-02  3.32573522e-03  4.83679362e-02  1.75026078e-02
  2.25945996e-07  3.68244350e-02  5.00671528e-02  1.63320042e-02
 -6.26233816e-02 -6.58774655e-03  5.30478172e-03  3.09927184e-02
  5.23616336e-02 -3.24965338e-03  7.07494617e-02  2.77802516e-02
 -2.59868838e-02  4.73201554e-03 -3.82136292e-04  5.01214005e-02
 -1.19565602e-03  1.74893532e-02 -1.05243195e-02 -5.78974225e-02
 -7.52973333e-02  3.25127095e-02 -1.07136574e-02  1.73244253e-03
  4.99338508e-02 -1.73372794e-02  3.93581241e-02  3.79678644e-02
 -3.77062112e-02  2.85005402e-02 -6.87121972e-02 -5.93833737e-02
  2.57487986e-02  5.25686443e-02 -8.82683136e-03 -2.83650197e-02
 -7.36879464e-03 -1.07016740e-02  5.63944429e-02  4.19109873e-02
 -6.20327219e-02 -5.53319380e-02 -1.03684096e-02 -2.68593617e-02
 -3.49063985e-02 -4.55616601e-03  4.05414067e-02 -2.11884510e-02
  6.70846701e-02 -3.55827138e-02  5.05524799e-02  1.12684746e-03
  5.92381926e-03  1.47512276e-02  4.66479454e-03 -2.21777670e-02
 -4.65811640e-02  1.40059739e-02  1.08337356e-02  1.97121352e-02
 -2.77927499e-02 -7.60093273e-04  1.46627696e-02 -1.03919152e-02
 -6.35298202e-03 -1.60635228e-03 -2.80184019e-02  2.88743563e-02
  1.61832936e-34 -2.96913721e-02 -3.17428224e-02 -5.72283007e-02
 -4.96323295e-02  4.08836175e-03  4.61115614e-02  1.37155445e-03
  7.44911935e-03  1.37102259e-02 -1.92193664e-03 -1.37829045e-02]"
Local_market_developments,"Trends in local food markets including supply, demand, pricing, and availability conditions.","[-6.39157137e-03  2.98818629e-02 -3.11654788e-02 -1.86717454e-02
  1.33260675e-02 -3.86592187e-02  5.15536852e-02  2.76509468e-02
  1.55710038e-02  2.88006365e-02  8.28937534e-03  2.75635738e-02
  3.05826236e-02  4.89898063e-02 -1.72203369e-02 -5.77606708e-02
  4.64405417e-02  5.04227318e-02 -1.85335260e-02  1.56791564e-02
  2.07388941e-02  2.96119433e-02  2.90792733e-02  2.82710157e-02
 -4.43458855e-02  2.48950906e-02 -6.15293812e-03 -2.26957211e-03
 -2.59590391e-02 -6.69468641e-02  2.32853610e-02 -4.18514013e-02
 -4.70192230e-04 -5.62254936e-02  1.30204864e-06 -6.66389801e-03
 -7.25716278e-02  2.38477997e-02 -8.07429403e-02  1.71341393e-02
 -2.16471367e-02 -3.13134231e-02 -1.37859182e-02 -1.77242514e-02
 -3.66413407e-02 -3.70150097e-02  3.11731305e-02 -1.41931912e-02
 -4.19552736e-02 -6.32434944e-03 -4.57299082e-03 -5.47487177e-02
 -9.51357633e-02  9.82192811e-03 -2.60229092e-02 -2.13073995e-02
  1.99289192e-02 -2.86264792e-02  3.71799543e-02 -2.07497980e-02
 -4.11517955e-02 -2.29491573e-02  1.09121827e-02  1.51615096e-02
 -2.87721176e-02  8.62176865e-02 -1.46350134e-02 -1.05941258e-02
 -3.28637436e-02  1.09511483e-02  2.27647386e-02 -4.28871019e-03
  1.94950998e-02  1.10580232e-02 -1.41329803e-02  3.01653259e-02
 -2.64479332e-02 -4.51345043e-03  3.42563987e-02  2.95197759e-02
  1.76574793e-02  1.40185077e-02 -1.37693537e-02  6.79774880e-02
  7.22238841e-03  5.62416725e-02 -2.27323975e-02 -2.89000850e-02
 -5.73774911e-02 -5.91988750e-02 -4.85292338e-02  1.05506442e-02
  3.94497104e-02  2.39467882e-02 -2.64669787e-02 -5.06232120e-02
  2.96529196e-02 -7.48527283e-03  2.14830581e-02 -7.19400197e-02
 -7.34933391e-02  2.16099620e-02 -2.11608075e-02  3.22324485e-02
  2.59685665e-02 -1.98428961e-03 -9.87900887e-03 -2.73005553e-02
 -1.76534541e-02  7.67267570e-02 -2.73134978e-03  1.31880688e-02
 -6.89664930e-02 -4.65522334e-02 -1.48321697e-02  3.30253802e-02
  3.56694609e-02 -1.53197795e-02 -1.52552659e-02 -5.65022267e-02
  2.84230262e-02  7.09816441e-02 -3.55882049e-02  2.70329602e-02
 -1.13469334e-02  6.04561195e-02 -6.74555972e-02 -7.06127239e-03
  4.15613912e-02 -2.01840885e-02 -1.22134788e-02  1.67127000e-03
  5.30140214e-02 -2.95617804e-03  3.74688953e-02 -2.47237459e-03
  3.43261985e-04  5.35618700e-02 -7.36703798e-02 -8.00707936e-03
 -4.03801911e-02  3.79771879e-03 -5.08343652e-02  3.57152931e-02
 -7.57013098e-04 -3.95886488e-02  3.57214212e-02  4.25991826e-02
 -5.81748609e-04  3.68585661e-02 -3.63991410e-02 -6.90550059e-02
  8.85090306e-02 -1.47975981e-02  6.19380362e-02 -2.92725228e-02
  4.48581427e-02 -1.56012205e-02  4.14040172e-03  4.24592718e-02
 -4.35090391e-03 -1.17662074e-02  2.40194984e-03 -2.38419306e-02
 -3.54944281e-02  2.42987592e-02 -3.07278689e-02  5.61663415e-03
 -2.92192362e-02  8.66776891e-03 -2.86304276e-03 -1.10782310e-03
 -2.96590496e-02 -6.90553756e-03  6.43122271e-02  2.37098970e-02
 -7.61205796e-03 -4.15958464e-02  2.57441662e-02  7.38322958e-02
 -2.35402007e-02 -9.78405476e-02  5.82115985e-02 -3.62190790e-03
 -3.20000201e-02  1.51569545e-02 -7.84135517e-03 -2.46911775e-02
 -1.84510965e-02 -6.54943809e-02  1.43064195e-02  1.15177687e-02
  2.19084658e-02  2.48703714e-02 -2.30271835e-03 -5.40586635e-02
  1.27172319e-03 -3.63244163e-03 -1.58600286e-02  1.55760739e-02
  3.69656347e-02 -3.88222700e-03  9.66037437e-02 -1.14704659e-02
  2.15324983e-02  2.88901925e-02  3.02663278e-02  8.96172971e-03
 -3.72350477e-02  6.29392639e-03  7.34383427e-03  1.66539382e-02
  2.14806059e-03 -2.16901288e-04 -5.79075189e-03  3.47685628e-02
  2.43883301e-02 -3.25040668e-02  9.90851037e-03  6.78031181e-04
 -6.32695947e-03  1.57703459e-02  6.73186257e-02 -4.14667372e-03
  8.27410221e-02 -7.06365856e-04 -3.92999165e-02  2.85633150e-02
  5.18321199e-03  9.70408903e-04  3.99696827e-02  3.38551030e-02
 -1.42447231e-02  3.65407043e-03  1.72399338e-02  4.14622799e-02
  1.18122034e-01  5.41627780e-02  1.24865817e-02  1.02042556e-02
 -4.29313108e-02 -7.53859282e-02  7.13173999e-04 -1.84212700e-02
  1.82973314e-02  1.50009850e-03 -1.58271641e-02 -3.84537093e-02
 -4.82446477e-02  4.23976257e-02  1.12631009e-03  1.73959769e-02
  2.01874319e-02  8.99001490e-03 -2.99361087e-02 -4.44810428e-02
 -1.49977440e-03  1.41854296e-02  1.33111840e-02  1.06669001e-01
 -4.83303703e-02 -7.07082625e-04  6.13357034e-03 -4.00057286e-02
  4.41800468e-02 -1.82069000e-02  3.75170261e-02  2.55605504e-02
  3.64826322e-02 -2.73086224e-02  1.03401588e-02 -4.96465107e-03
  2.43726019e-02  1.40454983e-02  2.48936489e-02  2.61262450e-02
  1.25131328e-02 -2.58702952e-02  1.59132034e-02 -2.63328739e-02
  2.17662305e-02  2.79035382e-02 -3.14932363e-03 -2.42128782e-03
  8.17439891e-03  3.37529108e-02  8.32160469e-03 -2.01256014e-02
  3.11642867e-02 -3.08075231e-02  1.49118342e-02  9.81491059e-03
  2.32208818e-02 -8.59310105e-03 -5.41135632e-02 -2.15363167e-02
  8.14494397e-03 -4.09757495e-02 -4.27709855e-02 -2.73999237e-02
  5.49046360e-02 -6.65343320e-03 -4.58107665e-02 -6.88669132e-03
 -2.44469158e-02  6.34921566e-02 -2.51910910e-02 -1.72941647e-02
 -2.21664296e-03  4.70204651e-02  3.09437290e-02  1.33746406e-02
  7.36546377e-03  8.86719115e-03  2.59803012e-02 -3.11705228e-02
 -6.74966499e-02  6.59264475e-02 -2.15821783e-03  4.40997034e-02
 -1.48385223e-02 -7.75591880e-02 -3.22790258e-02  2.86089629e-02
 -2.28225291e-02  9.86071583e-03 -5.00820903e-03 -1.02567282e-02
 -4.91478220e-02 -8.04443751e-03 -2.99230628e-02 -5.30128963e-02
 -1.56158488e-02 -1.46554559e-02  1.15725612e-02 -3.08398940e-02
 -3.12275700e-02  5.53208664e-02 -2.70131398e-02 -5.95081272e-03
 -1.21399565e-02 -4.13465649e-02 -9.08377394e-03 -3.41292210e-02
 -3.96558130e-03 -1.83121953e-02  7.65052214e-02  3.23777981e-02
 -1.44943027e-02  7.56622031e-02 -4.64903004e-02  6.48583611e-03
  1.54081881e-02 -2.77231075e-02  8.47532356e-04  4.15484458e-02
 -4.13633622e-02  1.96641274e-02 -8.91094953e-02  1.46691976e-02
 -2.17643064e-02 -1.30405836e-02  1.19971726e-02 -2.03796551e-02
  2.08834019e-02  5.98652400e-02  1.50298104e-02  1.67361405e-02
  3.26596797e-02  4.02867682e-02 -8.22041482e-02  5.12509793e-02
 -3.00404299e-02  1.37916757e-02  3.55682261e-02 -9.08457674e-03
 -2.92137824e-02 -1.56311989e-02 -3.00250892e-02 -9.92197264e-03
  6.62132651e-02  2.11812425e-02  9.26234648e-02 -8.47628247e-03
 -4.14446602e-03 -6.76000118e-02  1.31995906e-03 -9.03075114e-02
 -3.17659997e-03  5.34485690e-02 -1.70297157e-02 -2.80812345e-02
 -2.55853962e-03 -2.03539822e-02 -1.87956989e-02  3.78865632e-03
  4.39938754e-02 -2.82698106e-02  1.54866874e-02  2.69349926e-04
  2.55580433e-02 -5.14996611e-02  5.19449227e-02  1.52449692e-02
  1.06304409e-02 -9.33087058e-03  4.03874069e-02 -3.18014470e-04
 -2.62412634e-02  2.70370431e-02 -4.67943288e-02  1.51801994e-02
  4.14684005e-02 -3.86789590e-02  1.08730542e-02 -5.32865450e-02
 -2.41811331e-02  1.26502914e-02 -3.51505540e-03  2.47565191e-02
  1.03969537e-02  2.50676796e-02 -1.49250505e-02  2.01346744e-02
 -5.74297868e-02  2.27678046e-02  3.12219579e-02  3.09490245e-02
 -1.15785794e-02  2.17383113e-02  6.75089881e-02  1.36202769e-02
 -5.75622311e-03 -8.36896524e-02 -1.54250758e-02  2.70895604e-02
  2.56263353e-02 -1.50592700e-02  7.03169173e-03  5.25090471e-02
  5.35186604e-02  2.28242707e-02  4.41752896e-02 -2.89405766e-03
  3.48327905e-02  3.99075784e-02  2.31136158e-02  2.42627747e-02
  1.41732330e-02 -3.09601650e-02 -2.75628436e-02  6.90303594e-02
  1.43027361e-02  8.77432823e-02 -1.31546268e-02 -7.72976084e-03
  9.30827111e-03 -1.01093493e-01 -1.96153820e-02  4.23510047e-03
  4.39917147e-02  1.94437113e-02  9.25789494e-03  8.69023148e-03
  2.98597384e-02 -2.45114435e-02  2.33810563e-02  4.82597537e-02
 -3.89757683e-03 -1.71953719e-03  1.87282939e-03  5.10566169e-03
 -2.56485902e-02  2.54267007e-02  6.27504066e-02 -2.36031879e-02
  6.66306447e-03 -3.22213843e-02  1.52125955e-02  3.74280550e-02
 -4.28832360e-02  4.08844976e-03 -5.69826504e-03 -1.02013191e-02
  9.75356251e-03  8.63761548e-03  1.75862238e-02 -7.86136743e-03
 -4.82195197e-03 -3.50694321e-02  3.33146080e-02  2.91164368e-02
  1.11326464e-02  3.92802507e-02 -9.82529111e-03  4.04173359e-02
  5.53319193e-02 -1.95236504e-02 -1.30664289e-03 -1.64861344e-02
  1.11995358e-02  3.00328918e-02  4.82875593e-02 -3.07734702e-02
 -4.36214060e-02  1.09457355e-02  7.48743787e-02  3.53968255e-02
  1.32611105e-02 -3.16388868e-02  4.71611880e-03 -3.37704979e-02
  1.07165528e-02 -3.68615277e-02  4.07031216e-02  4.71275598e-02
 -6.65760413e-02 -7.26552010e-02  6.22029640e-02  1.73452105e-02
  5.04386006e-03  1.14393327e-02  1.08825386e-01 -1.30877644e-02
  4.49784193e-03  2.03866400e-02 -1.93921272e-02 -3.09589831e-03
  6.01892881e-02  3.61942463e-02 -2.61936709e-02 -1.55346037e-03
  1.31794754e-02  4.29203063e-02  3.27045843e-02  1.98075399e-02
  1.37457084e-02 -4.78200838e-02  3.13885626e-04 -3.51891480e-02
 -2.13152240e-03 -6.28119474e-03  4.18800898e-02  5.04745357e-03
  1.08853504e-02 -1.91873293e-02 -3.33930887e-02 -5.03424881e-03
 -2.19777059e-02  8.98289680e-03  1.46012614e-02  6.71871230e-02
 -9.74900201e-02 -4.20594998e-02  1.98818231e-03 -5.02052756e-33
 -2.70858463e-02 -1.06770247e-01  2.86119003e-02 -2.83786263e-02
 -3.23219318e-03  8.92053079e-03  1.04662888e-02 -2.88642868e-02
 -1.65049657e-02 -5.06632887e-02 -1.68137848e-02 -2.05221530e-02
  2.60015465e-02 -4.66012675e-03  2.60586590e-02 -9.11498442e-02
 -4.45008278e-02 -1.24990912e-02  3.46775465e-02 -9.64476839e-02
 -1.21732682e-01  9.69986897e-03  4.72647697e-02  1.08166620e-01
  5.12429737e-02 -1.99461766e-02 -2.82537453e-02 -2.76596509e-02
  5.97565202e-03  7.04228552e-03 -8.69680196e-03  1.67806447e-02
  3.02239656e-02 -4.50721234e-02  1.98903304e-04 -3.18961665e-02
  3.67275998e-02 -4.59810207e-03  8.93987436e-03 -6.73482195e-02
 -2.07197517e-02 -4.22698539e-03 -1.26733044e-02  7.20117167e-02
  3.11092120e-02  7.16676936e-02 -3.56904208e-03  1.56193960e-03
 -4.01804820e-02  5.65426536e-02  5.24388552e-02 -8.45616404e-03
 -1.85136925e-02  6.54272586e-02  4.54558246e-02  1.04320966e-01
  5.44615723e-02  1.29503589e-02  1.66126154e-02 -5.06499819e-02
 -1.02822725e-02 -2.56304238e-02 -4.76136878e-02  1.06559033e-02
  1.04197618e-02 -2.45372485e-02 -9.60586071e-02 -3.58688645e-02
  3.32464017e-02 -3.79385389e-02 -3.15588564e-02  1.55359413e-02
 -7.41712600e-02  2.52972660e-03  1.82486884e-02 -2.66761892e-02
  1.45852668e-02 -8.61657225e-03  1.30358860e-02 -4.96720448e-02
 -6.03692085e-02 -3.12375347e-03  3.55148800e-02 -9.54629388e-03
 -1.15170628e-02 -1.62581494e-03 -9.61157586e-03  1.44798243e-02
  3.62948366e-02 -7.04109576e-03  6.53182203e-03  3.57014723e-02
 -1.15548670e-02  2.97446400e-02 -2.20097508e-02 -1.00307286e-01
  6.56319559e-02  1.58613976e-02 -2.48971698e-03  8.33096169e-03
 -1.44842649e-02  2.94925235e-02 -1.76327061e-02  3.72295082e-02
 -1.38553763e-02 -1.36205452e-02 -4.70506959e-02  1.64240575e-03
 -1.20787760e-02  3.25886421e-02  6.38730600e-02 -5.00434525e-02
 -2.21071136e-03  1.27345687e-02 -1.59012843e-02 -3.35297026e-02
  7.56982062e-03  4.06229794e-02 -4.17399360e-03 -1.72178890e-03
  4.47224826e-02 -4.03867252e-02  2.03364640e-02 -4.46253307e-02
  2.25132126e-02  7.24151544e-03  6.63589081e-03  7.28111388e-03
 -4.05671187e-02  2.21216884e-02  4.17528637e-02 -5.08137681e-02
  1.93414593e-07  6.79446161e-02  8.78496468e-03 -1.86887383e-02
  3.32820043e-03 -4.07553539e-02 -5.18916957e-02  2.51030307e-02
 -1.56786405e-02 -1.28775602e-02  1.04442518e-02  5.83071336e-02
 -2.65864432e-02 -2.45653652e-02  6.10091761e-02  1.35429844e-03
 -4.57374156e-02 -4.14103679e-02 -3.55579704e-02 -5.11985607e-02
 -8.97549745e-03  3.43452916e-02  2.07175668e-02  2.05037445e-02
  1.30639365e-03  6.19328162e-03  2.93451594e-03  7.25568458e-03
 -9.29690227e-02 -2.31325198e-02 -1.26989875e-02 -7.50568137e-03
  3.96314124e-03  2.06005368e-02 -9.54718888e-02  7.97369611e-03
 -5.41854464e-02 -2.76125651e-02 -6.45318208e-03  3.84442508e-02
 -4.78885544e-04 -9.66419000e-03 -1.46180708e-02 -5.53462692e-02
 -2.68976595e-02  3.17115560e-02 -3.02700941e-02  4.32699136e-02
  1.56818870e-02  6.92492444e-03  4.86090034e-03 -6.49991957e-03
 -4.39373665e-02  5.04831411e-02  7.18907919e-03 -1.44368177e-02
 -1.57765858e-02  4.47658487e-02  2.06619110e-02  1.69916563e-02
 -6.77712113e-02 -2.81583667e-02 -5.10499403e-02 -3.86475283e-03
  1.85461566e-02 -2.58633979e-02  1.18727274e-02 -1.42358486e-02
  9.69674244e-35  2.36652736e-02  1.91541146e-02  6.75751939e-02
 -3.12969349e-02 -4.05129939e-02  5.38508967e-03 -7.55685568e-02
 -5.00524938e-02  2.91074365e-02 -1.69116631e-02 -2.50582155e-02]"
Academia_and_think_tanks,Research collaborations and policy insights exchanged between WFP and academic institutions.,"[-2.87562869e-02  1.30429000e-01  5.37868589e-03 -3.26014571e-02
 -1.10724727e-02  8.50510038e-03 -1.42191397e-02  4.05768268e-02
  2.38341242e-02 -4.28962670e-02  5.05149066e-02  8.85493606e-02
  2.91904546e-02  8.51832181e-02  4.14826199e-02 -2.08366700e-02
  1.47873182e-02  1.66783575e-02 -3.66853662e-02  2.48833112e-02
 -3.46714333e-02 -2.93238387e-02 -3.54356803e-02  6.89174160e-02
 -4.44069542e-02 -3.14955860e-02 -2.99619772e-02  1.59662627e-02
 -3.61893792e-03 -6.13214774e-03  5.23423776e-02  4.00273735e-03
 -2.86112074e-02 -1.43927839e-02  1.91313916e-06 -2.21657008e-02
 -1.87287871e-02  5.01313806e-02  2.08460558e-02 -2.66580898e-02
 -3.65579091e-02  1.03423011e-03 -2.40026508e-02  5.35216182e-02
 -7.82900676e-03  7.29276193e-03  3.10386457e-02  3.86474741e-04
 -5.25956377e-02 -5.63703887e-02  1.02145988e-02 -3.15676481e-02
 -1.99229959e-02 -6.97403506e-04 -8.40081125e-02  1.13243377e-02
  3.00210491e-02 -4.89730164e-02  1.78071484e-02 -7.87308589e-02
 -8.63160531e-04 -1.85891544e-03 -2.26060767e-02  1.46403909e-02
  3.30041535e-02  3.97541448e-02 -4.45847139e-02 -1.73927024e-02
 -3.39321792e-02  3.52014191e-02  9.85579938e-02 -1.55531429e-02
 -1.27217444e-02  2.78135296e-02  3.62264663e-02  1.80322602e-02
  2.23660399e-03 -4.23790747e-03 -1.70836058e-02  7.30379950e-03
 -2.30716038e-02  4.46807779e-02  1.93841644e-02  2.87058745e-02
 -3.69771235e-02  1.02020040e-01 -2.08338983e-02 -2.43821386e-02
  1.42894639e-02  3.94698493e-02  3.80791933e-03  2.83399578e-02
  2.75717936e-02  3.05902748e-03  8.10973272e-02 -1.37842931e-02
  5.92681319e-02  3.44947278e-02  3.15736346e-02  7.09774494e-02
 -3.94783430e-02  1.42798936e-02 -3.50906290e-02  6.51156576e-03
  4.10442166e-02 -1.28172291e-02 -6.85812980e-02 -5.86872920e-02
  1.17833819e-02  5.58028184e-02 -1.02525197e-01  2.07384694e-02
  5.20293154e-02 -3.23848128e-02 -3.86801697e-02 -2.84328051e-02
  2.79973075e-02 -1.19102420e-03 -4.04171199e-02  5.66342399e-02
 -2.74257381e-02  1.26421126e-02 -1.22879317e-03  5.30628860e-02
 -2.32282449e-02  1.39584422e-01  2.05270350e-02  2.87568718e-02
 -2.71074399e-02  3.57818343e-02 -3.69086973e-02 -4.42251489e-02
 -7.12843798e-03  4.81349453e-02  5.69729209e-02  6.70061335e-02
  3.54949310e-02 -5.79351792e-03  1.42238634e-02 -6.98258057e-02
 -1.09309927e-02  8.74217041e-03  2.26507150e-02 -3.55200917e-02
  8.84773582e-03 -3.23029980e-03  5.98776676e-02 -2.02216092e-03
  2.60934758e-04  2.34891567e-02  5.88333700e-03 -4.63216566e-02
  9.82227642e-03 -2.90681352e-03  1.48965782e-02  2.76620090e-02
  5.41711040e-02 -5.08497059e-02 -4.37419824e-02  2.42604371e-02
 -1.23823630e-02  1.68811008e-02 -6.01235889e-02  1.40036549e-02
 -3.44614759e-02  3.25388797e-02  3.40066478e-02 -8.97312711e-04
  4.82269637e-02 -2.25161128e-02 -6.85571786e-03 -2.44066902e-02
 -1.32659292e-02  4.39304411e-02  1.52992997e-02  8.43712613e-02
 -6.20954763e-03 -1.24904793e-02 -3.38492803e-02 -1.45540144e-02
 -9.41847917e-03 -5.08065931e-02  1.38308387e-02  1.13035161e-02
 -1.67045323e-03  3.57798375e-02  5.12155592e-02  1.43725267e-02
 -2.34079137e-02  6.62267767e-03  7.24179856e-03 -1.01972390e-02
  3.46959941e-02  2.59134676e-02 -3.48436162e-02 -2.25036610e-02
 -1.58838388e-02 -1.55310296e-02  2.17683744e-02  4.53883177e-03
 -5.26815429e-02 -3.40757295e-02 -1.89714506e-02  7.48945400e-02
 -9.62910336e-03 -1.24361552e-02 -1.11744748e-02 -7.64395297e-02
 -3.47953178e-02  6.81461906e-03  3.69744152e-02  1.48868030e-02
  3.62834297e-02  6.26114532e-02  7.26562226e-03 -3.87042947e-02
 -7.25075696e-03  3.14863138e-02 -1.20859575e-02 -1.23307491e-02
 -2.78119426e-02  2.04678848e-02 -5.35922684e-02  2.48965155e-02
  2.61105271e-03  1.64879784e-02 -3.02455444e-02 -1.69051643e-02
  1.32960491e-02  6.87158480e-02  2.30730325e-02  4.38515358e-02
 -1.60492938e-02 -3.53165418e-02  5.43922931e-02  2.57627722e-02
  8.15367997e-02  5.71754724e-02  1.52934147e-02 -5.96009493e-02
 -4.35678698e-02 -3.47386301e-02  4.89026960e-03  2.74504069e-02
  1.93924103e-02  4.73911725e-02  3.35768424e-02 -1.79699510e-02
 -1.61621794e-02 -2.01513115e-02  7.17735151e-03 -1.57753397e-02
 -3.90992202e-02 -1.24671580e-02  1.70797519e-02 -4.14508060e-02
 -7.08704963e-02  4.16385867e-02  4.11131466e-03  2.10612919e-02
  2.69642156e-02 -7.83713255e-03 -1.14510562e-02  4.20890078e-02
 -1.10127181e-02 -4.19537127e-02 -1.78338476e-02  4.15582508e-02
  7.24994689e-02  3.49568874e-02 -2.28608213e-02  2.23576697e-03
 -3.61499153e-02  1.79561861e-02  2.47759726e-02  1.86033156e-02
 -1.62840132e-02  9.05628037e-03  1.95484818e-03  1.82348043e-02
  3.36859785e-02  6.56456426e-02 -1.09722055e-02  2.26258934e-02
  5.09627629e-03  1.92172956e-02  5.36234155e-02 -3.87279433e-05
 -4.07128740e-04 -5.75225875e-02  8.90685769e-04 -2.86413170e-02
  1.95405781e-02  5.88102790e-04  2.85084005e-02  5.26169017e-02
 -3.44680957e-02  3.11287330e-03 -7.71982223e-02  7.72158429e-02
  1.75978802e-02  2.01007258e-02 -1.42287482e-02 -2.49316357e-02
 -2.70524435e-03  3.37007307e-02  2.92894635e-02  3.50520052e-02
  2.71394034e-03 -2.28668097e-02 -5.26391016e-03  3.36850360e-02
  1.69251859e-02  3.22750546e-02  1.99092198e-02 -5.36864251e-02
 -3.04219201e-02 -7.41281733e-02  4.68915096e-03 -1.11813648e-02
  2.41783950e-02 -3.79019752e-02 -4.65990044e-03 -2.05309596e-03
  3.60001214e-02 -5.11203744e-02 -2.59668957e-02  6.41947426e-03
  3.45959961e-02 -3.47724296e-02 -1.67256873e-02 -5.24681509e-02
  3.66024487e-03 -9.55515355e-03  3.23270708e-02 -5.27544059e-02
 -1.41332913e-02  9.73215047e-03 -1.43991252e-02 -3.36527191e-02
 -7.85781816e-02  5.94927417e-03 -1.38867572e-02  1.12736865e-03
 -6.19940320e-03  1.73482187e-02  1.28351692e-02 -3.00238617e-02
 -6.91135461e-03  2.74225511e-02  5.15707918e-02  4.00018804e-02
 -2.55341418e-02 -3.17163318e-02 -5.04196063e-02 -9.09698829e-02
 -2.59660259e-02 -2.03380324e-02  4.26758640e-02 -7.84566104e-02
 -6.29750639e-02 -3.18518057e-02  4.34067547e-02 -5.16751898e-04
  1.52637968e-02 -1.87446587e-02  3.60152386e-02  4.85805376e-03
 -5.56071929e-04 -5.70262223e-03  1.89774539e-02  1.00197075e-02
 -2.22955793e-02  1.29930209e-02  4.45864955e-03 -2.93415394e-02
  3.51774171e-02 -4.41141659e-03  4.86943824e-03  7.04110274e-03
  2.83639506e-02 -1.64189953e-02  3.46290432e-02  1.15756795e-03
 -2.12269239e-02 -9.14138407e-02 -3.29145454e-02 -3.06099001e-02
  8.96862522e-03  1.18687516e-02 -1.52274165e-02  1.32049039e-01
  1.22742644e-02 -5.21848619e-04  6.82593230e-03  6.53168783e-02
  2.32113749e-02 -1.66172106e-02  2.48985104e-02  9.48241167e-03
  2.04371382e-02  4.04136535e-03  2.15642769e-02  8.18721578e-03
  3.93244391e-03 -2.59792875e-03  6.45993948e-02  4.14094292e-02
 -5.82737364e-02 -3.91986147e-02 -6.37931703e-03  9.18484014e-03
 -2.10502185e-02  4.06464795e-03 -1.65453926e-02 -3.07138767e-02
 -2.21386850e-02 -2.82563269e-02  2.23629028e-02 -3.92377004e-02
 -4.75919954e-02  1.97721291e-02 -1.80043373e-02 -4.45014723e-02
 -9.61130951e-03  4.11584368e-03  2.16742288e-02 -2.67567113e-02
  3.75640839e-02 -4.20602076e-02 -5.61300712e-03  5.00520654e-02
 -4.50630113e-03  7.65689299e-04  1.16197625e-03  1.95876807e-02
  1.04194852e-02  2.14371420e-02  3.09823863e-02  1.70250032e-02
  1.40671115e-02  5.20859398e-02  2.10992862e-02 -4.05186368e-03
  4.64928569e-03  5.43100061e-04 -3.29756737e-02 -3.27487476e-03
 -2.05589109e-03  5.55327348e-03  2.41881274e-02  4.94062118e-02
 -3.49436328e-02 -2.08108909e-02  4.07884941e-02 -2.91339140e-02
  2.34161988e-02 -9.22371261e-03  2.76392675e-03 -5.52540552e-03
 -2.86048949e-02  2.12594345e-02 -1.79568455e-02  5.10039367e-02
  1.11080602e-01 -6.23650663e-02  1.12381995e-01  1.39248511e-02
 -2.61081662e-03 -9.78989410e-04 -1.31475683e-02  7.57667562e-03
 -5.81497364e-02  1.25948107e-02 -6.99059665e-02  1.25709018e-02
 -1.26361717e-02  2.22927015e-02 -5.60831390e-02  3.24170068e-02
  2.55562528e-03  2.43158024e-02 -4.12166230e-02 -5.46394177e-02
 -2.99571771e-02 -3.03173885e-02  2.26752721e-02  1.45008194e-03
 -2.60479581e-02 -3.74324992e-02  3.65815237e-02  2.77287569e-02
 -9.44956951e-03 -6.17893972e-03 -2.24734191e-02  5.12716025e-02
  1.62574351e-02  8.97544101e-02 -1.10616162e-02  9.45805199e-03
 -2.24059410e-02 -1.87957473e-02 -1.88829340e-02 -1.65289119e-02
 -5.88768674e-03  1.69853307e-02  2.45050956e-02  2.33673751e-02
  1.56072481e-02 -3.46538462e-02 -2.38927864e-02  2.90550981e-02
 -3.61891054e-02 -6.39610365e-02  5.14842868e-02 -9.03925207e-03
 -3.61831486e-02 -1.66290831e-02 -2.27156226e-02 -2.74049118e-02
 -4.17265994e-03  8.67362507e-03 -6.20867452e-03 -5.55620044e-02
  2.27514077e-02  5.06813265e-02 -2.31789565e-03 -5.75883351e-02
 -3.91948335e-02 -1.33443633e-02  1.22761549e-02  4.95548286e-02
  3.63978557e-02  3.56278419e-02  2.40915790e-02 -7.63648450e-02
  6.22111298e-02  2.66946275e-02 -1.31700234e-02  7.42677301e-02
 -3.96633148e-02 -1.26197236e-02  1.30518964e-02 -1.92339569e-02
 -3.82487103e-02 -2.80554825e-03 -7.55317062e-02 -4.75469753e-02
  2.87128929e-02 -2.86801662e-02 -4.17167973e-03  2.85318084e-02
  4.75781830e-03 -2.85987798e-02  8.85445401e-02 -5.88356339e-33
  2.25906372e-02 -3.93698029e-02  2.44715018e-03 -2.31738016e-02
 -6.36078045e-02 -9.27666575e-03  1.88796725e-02 -9.23062023e-03
 -4.71571609e-02  7.18654227e-03 -2.53054444e-02 -3.26091871e-02
  2.65443586e-02  1.44688040e-03 -1.62062515e-02  1.64259411e-02
 -3.30340564e-02  7.29652196e-02  3.37798707e-02 -8.11791644e-02
 -2.10826211e-02  1.29063670e-02  6.54467149e-03  4.32939567e-02
  6.66050687e-02 -3.88518497e-02 -1.79912597e-02 -4.15240005e-02
  9.70971510e-02  3.13788827e-04 -5.51842665e-03 -3.19788605e-03
  2.58661527e-03 -5.77836074e-02 -1.65950600e-02  2.49592345e-02
  5.68685820e-03  6.24490157e-03  3.16331512e-04 -4.62220535e-02
 -9.45773721e-03 -2.36812402e-02  1.98602490e-02  1.72937952e-03
 -6.20198064e-03 -1.95121784e-02 -3.25724226e-03 -4.50498499e-02
 -8.79098475e-03  8.44376981e-02 -4.71049771e-02 -2.57229395e-02
 -1.84262637e-02  7.58166090e-02 -3.68342549e-02 -9.73537005e-03
 -1.84931308e-02 -1.64214559e-02 -4.32629921e-02 -4.79503833e-02
 -2.33341940e-02 -1.37324817e-02  2.77024042e-02 -1.71729457e-02
  1.00733386e-02  5.16274851e-03 -7.86847919e-02 -5.25209075e-03
  5.31114973e-02 -6.53808787e-02  5.27774319e-02  2.83217872e-03
  1.12987263e-02  5.52464612e-02 -6.25481904e-02 -3.42635252e-02
 -5.64760268e-02 -8.67952406e-03 -4.23113303e-03 -2.47527100e-02
 -8.26748926e-03 -1.25133516e-02  3.05810524e-03  1.98453339e-03
 -4.21499871e-02 -1.07838726e-02  1.88000128e-02  6.16037846e-02
  1.79237053e-02 -4.79237996e-02  5.17541589e-03  6.54412135e-02
  1.48834493e-02 -4.59438972e-02  4.10528146e-02 -3.96849558e-04
 -1.70006752e-02  1.06564090e-02  1.04703177e-02  3.39898355e-02
 -9.14606005e-02  4.61596921e-02 -4.34517264e-02  7.55013824e-02
  4.71341498e-02  2.35107727e-02  7.31622241e-03 -5.12369163e-02
 -3.08002699e-02  2.94480356e-03 -5.76750934e-02  4.33343556e-03
  1.66622717e-02 -1.59406718e-02 -4.85010969e-04 -5.47678210e-03
  2.24507647e-03 -6.07765578e-02  6.44392055e-03  2.23039649e-02
  6.84024394e-03 -4.69930284e-03  9.35320742e-03  3.82741517e-03
 -7.48441443e-02  9.02757514e-03  5.43502122e-02  6.00780658e-02
 -1.31926485e-04  1.99890672e-03  3.02785039e-02 -2.72097643e-02
  2.51667558e-07  2.98401061e-02  2.59208735e-02  2.46521477e-02
 -8.25915486e-03 -9.49475635e-03 -2.74334680e-02 -5.79203032e-02
  2.63464116e-02 -3.00339051e-03 -1.67709198e-02  7.55802020e-02
 -2.59783287e-02 -2.66823042e-02 -1.24868415e-02  2.71830428e-02
  1.75335966e-02 -3.61546986e-02 -3.85031514e-02 -3.08984704e-02
 -3.02868765e-02 -6.97515681e-02 -2.77242791e-02  1.32632535e-03
  2.67568100e-02  2.54469104e-02  4.23377566e-02  6.02229917e-03
 -1.04524540e-02  5.87090328e-02 -2.66868677e-02 -2.58807801e-02
 -9.69542563e-03  3.00650317e-02 -2.23156661e-02 -3.46253626e-02
 -3.67220640e-02 -9.38108284e-03  4.62789647e-02  6.54619886e-03
 -2.50202566e-02 -8.53549391e-02 -8.61423556e-03  9.30578820e-03
 -6.74640834e-02 -7.88519345e-03 -3.08024250e-02 -2.89494302e-02
  3.60922888e-02 -6.23215027e-02 -2.03893334e-02 -2.30078073e-03
  1.74182504e-02  3.88438329e-02  9.38925445e-02 -1.96436569e-02
  5.28683588e-02  1.29905604e-02  5.44721894e-02  4.09428701e-02
 -7.31967092e-02 -4.08592150e-02 -4.10148203e-02 -2.57157572e-02
 -3.55158225e-02  1.73848625e-02  1.18716303e-02 -1.64778512e-02
  2.24573742e-34 -2.29555797e-02 -4.83183935e-02  3.81656811e-02
 -2.66888626e-02 -2.27597691e-02  1.35010257e-02 -4.33628894e-02
  1.78918280e-02  1.93704981e-02  1.77548658e-02  1.33871157e-02]"
In_kind_food_distribution,Direct distribution of physical food commodities to households or communities.,"[ 1.61134787e-02 -1.14737749e-02 -1.03845531e-02 -1.17288623e-02
  2.62485910e-02  1.64950453e-02  1.71401165e-02  3.79391164e-02
  1.60844792e-02  1.60026061e-03  7.33315274e-02  6.54550195e-02
  1.45691447e-02  2.80658100e-02  5.56693673e-02 -5.10801822e-02
  2.63085999e-02  3.05810533e-02 -1.09690577e-01  2.17953362e-02
 -5.53558301e-03  2.38907104e-03  2.54197884e-02 -8.46803002e-03
 -2.07215734e-02  2.15377621e-02 -1.38945300e-02  2.55044568e-02
 -4.57058623e-02 -3.40136401e-02  6.14666268e-02 -1.43409530e-02
 -8.32394976e-03 -6.30533472e-02  1.19973799e-06  1.11424774e-02
 -2.84592547e-02 -6.31846394e-03 -7.66336843e-02  5.67571595e-02
  6.36842400e-02 -3.88041511e-02  9.52908769e-03  4.90076840e-02
  1.97160747e-02 -8.30769888e-04  7.92131200e-02 -2.32492723e-02
 -5.02437986e-02 -4.95347790e-02  2.07273941e-02 -6.06440529e-02
 -6.89037219e-02 -6.68750657e-03 -2.02506892e-02  1.05454639e-01
  1.77707821e-02  6.42396212e-02  1.14242015e-02  3.30688767e-02
 -2.18218211e-02  2.35711224e-02  9.29921120e-03  3.98399495e-02
  2.19065268e-02  6.17316877e-03 -5.89416362e-03 -5.82201518e-02
 -1.22300815e-02  3.53182293e-02  2.71267723e-02 -1.06142526e-02
  2.76457909e-02  4.59110625e-02 -3.47531550e-02  1.18162166e-02
 -8.03866656e-04  2.81895162e-03  1.35161902e-03 -1.69507100e-03
  6.58805482e-03  2.07283050e-02  3.12836319e-02  4.52632383e-02
 -4.08818983e-02  5.97259104e-02 -2.81496942e-02  1.97535194e-02
 -5.53344935e-02 -3.41948792e-02 -1.53087899e-02 -1.17979543e-02
  1.50803598e-02  4.55675870e-02  4.67962325e-02 -2.80061513e-02
  4.08871956e-02  2.11218577e-02  2.54370216e-02 -3.21312882e-02
  2.81124050e-03  2.77465843e-02 -6.61534369e-02 -1.28313322e-02
  2.30568927e-02 -8.22491646e-02 -2.73385644e-02  4.99683395e-02
 -2.32883673e-02  2.21440177e-02 -8.97495076e-03 -1.04657433e-03
 -4.49389890e-02  8.87882710e-03 -3.33060287e-02  3.83747299e-03
  3.21129039e-02  3.30008822e-03 -4.30067144e-02 -6.01987988e-02
  2.36578938e-02  6.09317347e-02 -1.75401308e-02 -2.20228615e-03
  5.34107443e-04  9.43030044e-02 -9.17227119e-02  3.08456421e-02
  2.78261099e-02 -1.98966023e-02 -2.98022106e-02  4.89101838e-03
  2.25853026e-02 -6.38675829e-03 -1.14094336e-02 -9.07840393e-03
  1.43388361e-02  1.40959667e-02 -6.63649440e-02 -3.12123429e-02
  2.07805447e-02 -7.11020594e-03 -5.77502623e-02  1.69364866e-02
  2.79977103e-03  1.64085049e-02  4.59251590e-02  2.87201814e-02
  1.78091377e-02  2.86024455e-02 -5.05279973e-02 -5.59208430e-02
  9.33939815e-02 -1.49634928e-02  8.57117698e-02  3.96777503e-02
  1.70969907e-02 -6.22056201e-02  2.55252887e-02 -7.56595284e-03
  7.57501600e-03  2.52021737e-02  1.00706257e-02 -2.69991327e-02
 -1.35548767e-02  5.79220280e-02 -1.69865172e-02  3.13904621e-02
 -4.44854088e-02 -3.50438952e-02  5.79112172e-02  7.83192832e-03
 -1.54613955e-02  4.93822359e-02  5.65244183e-02  1.18585955e-02
 -3.89643974e-05  2.39791418e-03 -2.14898940e-02  8.79793242e-02
 -1.91201847e-02 -3.63744684e-02  2.78433003e-02  1.03744799e-02
 -2.91428715e-02  6.57771714e-03  3.39271128e-02 -6.15658462e-02
 -3.58960987e-03 -3.65161896e-02  4.42979857e-02 -3.55943898e-03
  5.58512211e-02 -5.18428162e-03 -1.37072327e-02  1.16824508e-02
  1.57230720e-02  2.92562917e-02 -5.01226224e-02  3.04549560e-02
  4.81921695e-02 -1.19184598e-03  1.34153254e-02 -7.06304517e-03
 -3.97778116e-02  3.15188384e-03  5.33879213e-02 -3.88436922e-04
  1.01946741e-02  1.16690947e-02 -4.80175763e-02 -1.79558247e-03
 -4.23090048e-02  1.27851609e-02 -1.65875405e-02  1.68620851e-02
  1.17993550e-02 -2.98115592e-02 -3.84172499e-02 -1.84514485e-02
 -9.16469190e-03  4.46241125e-02  3.78838107e-02 -3.10319867e-02
  3.45052369e-02  3.50745507e-02 -5.91079472e-03  7.03255413e-03
 -3.93683277e-02 -1.55175887e-02  8.45232308e-02  1.64853281e-03
 -8.25269893e-03  4.81159426e-03 -2.78748237e-02  5.02417330e-03
  1.16787806e-01  8.20362642e-02 -1.12578738e-02 -5.02349343e-04
 -5.23542836e-02  4.99572256e-04  6.34355471e-02  1.32570453e-02
  4.42223921e-02  2.41379645e-02  5.70348324e-03 -3.51609439e-02
 -4.55321632e-02  5.37863672e-02  1.53018273e-02  5.60690183e-04
  2.83720214e-02  5.33880247e-03 -2.16827877e-02 -2.56831106e-02
 -1.46194175e-03  2.30070055e-02 -1.53142465e-02  1.15877792e-01
 -4.37056879e-03 -2.14985088e-02  1.58147106e-03 -1.20333182e-02
  2.88698114e-02 -2.52734944e-02  2.92495489e-02  1.83286257e-02
  1.95213836e-02 -5.72845154e-02  3.01147774e-02 -5.94359823e-03
  2.78811995e-02  3.85066383e-02  3.86396497e-02 -1.15257325e-02
  5.19064106e-02 -2.43791956e-02 -1.40133006e-02  8.76341294e-03
  2.41224729e-02  1.15532018e-02  2.85907164e-02  5.38598634e-02
 -1.29693560e-02 -1.10374987e-02  1.63046439e-04  2.91944128e-02
 -1.51385842e-02 -6.07221089e-02  3.16798910e-02  1.27961263e-02
  1.32777784e-02 -3.21078822e-02 -6.99679181e-02  7.53673445e-03
 -6.76880823e-04 -4.49672751e-02 -1.52722690e-02 -7.26077240e-03
 -3.15990150e-02 -5.95321767e-02 -1.80997308e-02 -1.21318568e-02
 -1.89522393e-02  1.63128488e-02 -2.33283192e-02 -4.63573150e-02
  6.70664525e-03 -3.35939750e-02  7.49881864e-02  2.90249567e-02
  8.90059955e-03  3.55621311e-03 -1.02717634e-02  3.03171575e-02
 -3.97475958e-02 -1.62818413e-02  1.66397076e-02  4.13253382e-02
 -3.40267718e-02 -1.26169715e-02 -5.20780720e-02  8.39059998e-04
  1.36303599e-03  3.01802007e-04 -3.10394093e-02 -3.10574491e-02
 -4.86580729e-02 -1.99884549e-03 -6.83922227e-03 -5.96225783e-02
 -2.47508511e-02  3.84632312e-02  4.55030650e-02 -2.53426638e-02
 -2.78697070e-02 -2.15823594e-02 -4.55484129e-02 -4.58164439e-02
 -1.54272681e-02 -3.69450301e-02  8.12585279e-03 -4.01297286e-02
  1.21289767e-01  1.51175484e-02  3.84969302e-02  2.85174809e-02
 -2.68417522e-02  3.35459337e-02  3.98231521e-02  2.12428300e-03
  5.63009828e-03 -4.54621837e-02  3.08425585e-03  6.01784401e-02
 -5.72407432e-02  8.31115618e-03 -6.50298595e-02  2.76253670e-02
 -6.09515309e-02  2.59693768e-02  4.76661474e-02 -1.39034884e-02
  7.69048184e-02  7.24191740e-02  3.00681833e-02  3.41357216e-02
 -1.16549269e-03  2.52082944e-02 -1.45705855e-02  3.93321067e-02
  9.51009628e-04  1.75139681e-02  1.27415115e-03  2.07365490e-02
  1.04471892e-02  2.69561335e-02 -1.35823544e-02  1.87570322e-02
  4.06675749e-02 -7.23637864e-02  7.00529963e-02 -5.46234846e-03
 -5.21474257e-02 -2.40016356e-02 -2.69099474e-02 -8.15745071e-02
  6.52758777e-03  1.01267816e-02  1.98929403e-02 -2.95880437e-02
 -5.63977361e-02  4.13193479e-02  1.94153059e-02 -1.98295377e-02
 -1.62486010e-03 -4.02618349e-02 -2.67351214e-02  3.09547335e-02
  2.84989718e-02 -3.59833613e-02  1.21908737e-02 -1.64461266e-02
 -4.88727652e-02  7.45218527e-03  2.55219731e-02 -1.14837540e-02
 -1.01929251e-02  5.16748540e-02  2.00865604e-02 -4.78667729e-02
 -1.25336088e-02  2.24577598e-02 -4.55305772e-03 -2.51699407e-02
  6.21234020e-03  6.91929609e-02 -5.90948528e-03 -7.13867769e-02
 -1.10040382e-02  2.03701705e-02 -3.35026858e-03  2.78016534e-02
 -2.37933379e-02  4.41094525e-02 -1.95382442e-02  9.43639278e-02
 -3.03702243e-02 -1.24297412e-02  2.06304807e-02  3.75148561e-03
 -3.96171287e-02 -7.58049488e-02  6.95968121e-02 -1.60567369e-02
  4.26915437e-02 -6.67535961e-02 -2.62754764e-02  8.87159491e-04
  2.26829089e-02  2.28941124e-02  5.18133827e-02  2.03679781e-02
 -2.13135481e-02  6.97891461e-03 -2.75345221e-02  4.49379273e-02
  1.29540004e-02 -2.86407974e-02 -4.56802687e-03  8.11225083e-03
 -4.81952876e-02  7.71348539e-04 -6.02337671e-03  1.99132990e-02
 -1.33584561e-02 -4.86496799e-02 -8.81606061e-03 -5.94382780e-03
 -2.15591583e-02  3.35563198e-02  4.36734036e-02 -1.30978804e-02
  1.12232091e-02 -4.05347198e-02  2.96633821e-02  2.16066856e-02
 -1.44492686e-02  5.92585094e-03 -4.30794731e-02  1.48655688e-02
 -1.93833783e-02  5.74033000e-02  7.47129545e-02 -1.49380900e-02
 -1.59138944e-02 -7.12140426e-02 -3.20026278e-02 -7.96389207e-03
 -6.37280717e-02  1.89576745e-02  2.68253945e-02 -1.02697061e-02
  1.00243660e-02 -2.30677556e-02  4.94399033e-02 -1.70036703e-02
  1.21537624e-02 -3.59602571e-02  8.23293347e-03  3.60148363e-02
  1.51094340e-03  5.60636558e-02 -1.58022717e-02  6.17860183e-02
  4.24943455e-02 -8.17870442e-03 -2.92741321e-02  7.95906410e-03
 -1.86537802e-02  3.01844552e-02 -2.62241857e-03 -1.96204707e-02
 -1.85817257e-02  6.33599535e-02  3.66350785e-02  2.51190029e-02
  1.87778957e-02  2.74558626e-02 -7.50451116e-03 -5.62188588e-03
  5.78149185e-02  8.23898707e-03  1.92816984e-02 -4.73708054e-03
 -7.40543082e-02 -7.15525001e-02 -4.65685595e-03 -7.42344931e-03
 -1.02748477e-03 -1.49084246e-02  3.70188132e-02 -5.42433634e-02
 -4.41376343e-02 -5.99613637e-02  5.89818973e-03  2.60282531e-02
 -5.77181624e-03  1.31773688e-02 -2.26456812e-03 -4.51638140e-02
 -3.60606238e-02  1.96503624e-02 -7.02149887e-03  3.72225456e-02
  4.57873307e-02 -4.00915109e-02  1.38737839e-02  1.65699087e-02
 -2.72139441e-03 -9.64950956e-03 -3.96729083e-05  1.51200062e-02
  3.63420807e-02  1.78667922e-02 -2.09377613e-02 -3.15787271e-02
 -2.98267137e-02 -1.05396463e-02 -3.00710043e-03  1.77801456e-02
 -7.38975108e-02  8.62441782e-04  4.01921012e-02 -5.30149385e-33
 -1.36326961e-02 -1.24624491e-01  4.91863564e-02  2.50619426e-02
 -2.02371255e-02 -6.25060033e-03  4.14425060e-02 -2.53619030e-02
 -2.69510429e-02 -3.55968848e-02  1.66401546e-02 -2.47734040e-02
  1.21876448e-02  2.17845608e-02 -1.97886936e-02  4.39545512e-03
 -4.78412919e-02 -1.44655732e-02 -3.64503195e-03 -7.29451925e-02
 -7.55122080e-02 -4.64127809e-02 -3.60992700e-02  1.10210001e-01
  6.53443858e-02 -2.80721691e-02 -1.62027683e-02 -3.61451730e-02
 -1.72290802e-02 -1.34405447e-02 -2.27499958e-02  3.01519828e-03
  4.97404560e-02 -1.44760339e-02 -1.94786880e-02  6.48604333e-02
 -2.96081379e-02 -1.71011742e-02 -3.63030583e-02 -1.07558249e-02
 -1.28544807e-01 -4.82038856e-02 -2.95935106e-02  3.18419747e-02
  3.46581675e-02  3.06219631e-03 -2.18828786e-02 -3.61285396e-02
  2.31799223e-02  5.24182841e-02  1.00243781e-02 -2.76254676e-02
 -1.69046242e-02  7.65299872e-02  2.00437754e-02  8.86392742e-02
  1.69181414e-02  4.02053818e-02  9.80347954e-03 -3.92455980e-02
  5.53332269e-03  3.66488919e-02 -1.53014797e-03 -1.01795013e-03
 -3.25509720e-02 -5.24279438e-02 -9.42007452e-02 -6.75740838e-02
  1.03660608e-02 -5.41265048e-02 -2.77088899e-02 -3.50422249e-03
 -4.81892154e-02  1.54940430e-02 -3.34358439e-02 -2.16739103e-02
  3.96478884e-02 -1.69336027e-03 -2.15952005e-02 -8.79612640e-02
  2.03096378e-03 -1.59216672e-02  1.60665475e-02 -2.87630223e-02
 -5.95830865e-02 -2.76230723e-02 -3.31709608e-02  4.93707210e-02
  2.45036110e-02  2.05632187e-02 -1.25960959e-02  5.44501804e-02
  1.51357322e-03  8.00741538e-02 -1.68558136e-02 -1.05731208e-02
  4.77735214e-02 -4.16472033e-02  1.53635000e-03 -1.68511644e-02
 -3.44551951e-02  2.73488276e-02 -8.35879426e-03  4.41382490e-02
 -2.63814558e-03 -9.43488441e-03 -2.62201428e-02  2.12727264e-02
  3.03151133e-03  1.35527342e-04  2.71868594e-02 -6.55676331e-03
  1.19859574e-03 -3.48999910e-03 -1.43911783e-02 -3.48862521e-02
  1.12976814e-02 -2.78484356e-02 -5.26555208e-03 -5.22075295e-02
  3.75284143e-02  6.97175860e-02 -3.41095701e-02 -6.92011937e-02
  1.68754964e-03  4.66222242e-02  8.54448043e-03  4.74399589e-02
  2.26739496e-02 -3.02081779e-02  3.23643419e-03 -4.99178022e-02
  1.88769178e-07  3.20281386e-02  4.66668829e-02  1.29938237e-02
  1.61793851e-03 -2.16525188e-03 -5.48092611e-02  9.98698827e-03
  4.99099419e-02  9.19495578e-05 -2.02619769e-02  8.10905322e-02
  1.94493693e-03  3.25835164e-04  2.25925110e-02 -3.58080342e-02
 -9.07533802e-03  1.60798326e-03  1.59820728e-02 -1.81333604e-03
 -2.72565745e-02  8.55708122e-03  2.05197055e-02 -2.26778295e-02
  1.56632811e-02 -2.56423671e-02  4.27471772e-02  1.22784413e-02
 -2.98726428e-02  4.39013392e-02 -1.13583868e-02  2.60322611e-03
 -3.61442044e-02  1.54288914e-02 -4.87465300e-02 -6.75363885e-03
 -6.19742647e-02  1.46086644e-02  2.51666401e-02 -2.74354797e-02
 -2.75638001e-03 -5.99735752e-02 -3.13479193e-02 -2.88655832e-02
 -1.61276460e-02 -1.51733949e-03 -5.93298897e-02  4.84847017e-02
  1.09048940e-01  1.62974503e-02 -4.65991162e-03 -2.28947606e-02
  4.61706612e-03  9.50413849e-03  1.73398461e-02 -1.37295257e-02
 -1.84791058e-03  3.13880444e-02 -2.32034009e-02  1.05401045e-02
 -1.71509478e-02 -3.58899496e-02 -2.14618724e-02 -9.11469944e-03
  6.52473746e-03 -2.41568144e-02  3.28687094e-02 -3.16990283e-03
  1.47654982e-34 -1.65913235e-02  9.16317804e-04  7.40255276e-03
 -9.08938199e-02 -2.57931766e-03 -1.81373898e-02 -2.12758593e-02
 -1.89236421e-02  9.26403422e-03 -3.57877798e-02 -5.59547218e-04]"
Climate_change_adaptation,Interventions strengthening food systems and communities against climate impacts.,"[-3.11510783e-04  5.67303859e-02 -1.20746931e-02  5.05692996e-02
  3.90614830e-02  2.11389828e-03  3.36916968e-02  2.77733635e-02
  2.87040845e-02  4.16895375e-03  3.91746499e-02  2.35584136e-02
  5.74815460e-03  1.17433048e-03  2.15062685e-02 -3.82735915e-02
  4.44899239e-02 -2.31773984e-02 -4.47352529e-02  2.18884218e-02
  1.96968578e-02  9.05713439e-03  4.90692481e-02 -3.18615884e-02
 -1.73672736e-02  1.30164903e-02 -8.93206149e-03  8.30629095e-02
  3.47686782e-02 -4.97386605e-02  3.05595677e-02  1.78314261e-02
 -4.04727869e-02 -4.86891903e-02  1.47994558e-06  3.12970504e-02
 -6.68609813e-02 -1.91966386e-03 -5.50749265e-02  6.08029738e-02
  2.06578709e-02 -7.98102617e-02  1.42567847e-02  1.18660545e-02
  6.63143722e-03 -2.81933416e-02  1.11904284e-02 -4.13263738e-02
  9.83858714e-04 -3.82189304e-02  1.85791589e-02 -5.98998107e-02
 -2.32290546e-03  2.73454636e-02 -7.72060454e-02  1.05591871e-01
  2.45670117e-02 -1.83629524e-02  1.72513034e-02  4.52373968e-03
 -4.22227895e-03  5.96889928e-02 -2.22468935e-02  1.66446418e-02
 -3.74727906e-03  4.15882580e-02 -2.70376652e-02 -1.83951552e-03
 -1.59470607e-02  2.12527364e-02  9.86316893e-03  7.64498673e-03
  1.36604002e-02 -1.03683528e-02  2.51432527e-02 -4.84428136e-03
  5.24144992e-03 -3.19216289e-02  4.97328825e-02 -1.48549322e-02
  1.64030939e-02 -6.53609168e-03 -2.55136304e-02  3.87812182e-02
 -5.33027621e-03  8.97831395e-02 -3.66391949e-02  9.56266187e-03
 -4.79794256e-02 -1.92929488e-02  5.97772980e-03  2.16181632e-02
 -2.01256331e-02 -1.40983453e-02  8.65729153e-03 -6.81091379e-03
  5.27566411e-02  3.06555405e-02 -4.52098660e-02 -7.56473169e-02
 -8.33570899e-04  5.62581755e-02 -1.98154952e-02 -4.74051386e-02
  1.59314666e-02 -1.26118027e-02 -6.08928455e-03  1.52690029e-02
  1.72487553e-02  2.24772058e-02 -7.26616615e-03 -3.20924819e-02
  2.55510267e-02 -6.19444586e-02 -1.05706295e-02  4.59417216e-02
  6.24848381e-02 -7.61089567e-03 -2.76704263e-02 -3.88470711e-03
  8.71414691e-03  4.83215004e-02  3.92536186e-02 -3.07740346e-02
  1.73472650e-02  1.33138448e-01 -2.71487180e-02 -7.20185973e-03
  3.08438875e-02 -4.92409170e-02 -6.46219179e-02 -4.70744930e-02
  5.04342839e-02  3.25169750e-02  3.27965468e-02  8.03077687e-03
  3.35460715e-02 -1.39976367e-02  7.66634103e-03 -2.38073748e-02
  1.60254142e-03 -1.09547551e-03 -8.56887028e-02 -5.90704428e-03
 -2.62276120e-02  1.37529708e-02  8.91122669e-02 -1.45210372e-02
  5.65881003e-03  1.55837638e-02 -2.20585987e-02 -1.90557279e-02
  6.55072257e-02 -1.34840747e-02  4.86524068e-02  3.49845588e-02
  9.93546750e-03 -1.37223592e-02  2.61056665e-02  3.08798291e-02
 -2.99437493e-02  1.12252515e-02 -2.77687274e-02 -4.55128308e-03
 -2.94915568e-02  5.14584966e-02  8.72430485e-03  9.79134161e-03
  2.45454663e-04  3.85553483e-03 -3.76591925e-03 -1.90038644e-02
  2.01694085e-03  5.13958968e-02  7.31264278e-02 -2.63388958e-02
 -5.60563467e-02  1.12356450e-02 -3.90620418e-02  7.25198686e-02
 -1.99049171e-02 -4.15615551e-02 -4.29497845e-02  2.67127734e-02
 -2.38507390e-02  1.07234530e-02 -1.87377278e-02 -3.18101943e-02
 -8.76828935e-03  9.90886334e-03  4.18437226e-03  2.27755643e-02
  2.82276142e-02 -1.18186628e-03 -5.32455891e-02 -1.75531283e-02
  3.96873243e-02 -3.40177603e-02 -3.77111919e-02  1.41056338e-02
  8.89264196e-02  1.66932493e-02 -1.82473380e-02 -1.60874911e-02
 -4.03595120e-02 -2.94280914e-03  1.01177422e-02 -1.57625638e-02
  3.27749783e-03 -4.08323109e-02 -4.41525131e-02  2.86561046e-02
 -6.34919479e-02  5.36134019e-02  8.52544617e-04  7.32900016e-03
  1.50382211e-02  1.15833385e-02 -2.11395398e-02 -2.15167366e-02
  1.58282823e-03  8.34826753e-02  2.17309035e-02 -4.64558192e-02
  4.09356691e-02  1.08720129e-02 -5.57936952e-02  7.78679270e-03
  3.29696410e-03  2.26935074e-02  2.51161978e-02  2.54323296e-02
 -4.57760096e-02  7.43636210e-03 -1.43288383e-02  6.01124614e-02
  1.58899240e-02 -1.15611274e-02 -6.41726470e-03 -2.18478050e-02
 -3.69645469e-02  9.45871044e-03  3.29723619e-02  1.57963764e-02
  4.78553735e-02  5.40946424e-02 -1.14857554e-02  9.30474605e-03
 -6.18076585e-02  5.20348437e-02  3.39790359e-02  2.49566343e-02
 -2.60011107e-02 -9.78609826e-03 -2.44630594e-02 -3.46623585e-02
  2.96293069e-02 -3.11239976e-02 -1.58163551e-02  9.04934183e-02
 -3.79280299e-02  1.65183768e-02 -2.83578243e-02  1.01588685e-02
  2.82641053e-02 -4.37524617e-02  1.75283216e-02 -7.93891586e-03
  5.84234148e-02 -4.68514301e-02  2.40179524e-03 -9.05501749e-03
 -3.79025540e-03  1.47540569e-02  1.90619417e-02  3.50043061e-03
  2.18017213e-02 -1.15017714e-02  3.08075938e-02 -2.35197451e-02
  6.10004105e-02  2.05414146e-02  6.73248782e-04  5.48953600e-02
  4.28253412e-03  4.51930724e-02 -1.36721004e-02 -8.28030333e-02
  1.23688271e-02 -4.95369323e-02  2.26694122e-02 -1.93706863e-02
  1.47566572e-02  1.20799337e-03 -8.68888944e-02  4.86964360e-02
  1.51412059e-02 -9.61759984e-02 -7.47053418e-04 -2.12954972e-02
 -2.95155478e-04 -1.47356344e-02 -1.05434721e-02  2.92207673e-03
  2.02196594e-02 -1.85336612e-04 -1.94468889e-02 -8.11749324e-03
 -3.56763713e-02 -3.45356464e-02  7.03097368e-03  2.06756238e-02
  8.27955753e-02  3.14246975e-02  3.37201357e-02  1.91190392e-02
 -6.52493760e-02 -2.61327308e-02 -7.62032671e-03 -1.65129825e-03
 -3.36476341e-02 -5.61634228e-02 -5.03203506e-03  1.83812864e-02
 -3.15078744e-03 -5.60343415e-02 -1.88582782e-02 -1.65191572e-02
  1.39640952e-02  1.34390090e-02 -2.58221291e-02 -3.62076238e-02
  1.91630069e-02 -1.71670839e-02 -3.50298844e-02 -4.58199941e-02
  1.77524406e-02 -5.75583056e-02 -3.73329893e-02 -4.45531448e-03
 -1.19041149e-02 -3.53333429e-02 -3.46578769e-02  8.74881744e-02
 -2.63036191e-02  3.83930244e-02  6.23634830e-02  7.92399887e-03
 -6.11531176e-02  8.16473179e-03  4.49784026e-02  1.48260333e-02
  3.15205747e-04 -4.87965681e-02  7.16050807e-03 -2.53017917e-02
 -5.52107096e-02  1.58841815e-02 -4.40655462e-02  2.89310468e-03
 -1.15022184e-02 -4.18804176e-02  3.65033560e-02 -8.21325406e-02
  1.63737368e-02  3.50136943e-02  1.30680660e-02  4.56241034e-02
  8.81775096e-03  1.69623494e-02 -8.35986435e-03  4.79406714e-02
 -4.64102514e-02  3.43225077e-02 -2.47684773e-03  1.61643028e-02
  1.70564968e-02 -1.63831785e-02  2.43759272e-03 -6.90830871e-03
  7.41017889e-03  5.73109882e-03  2.49667279e-02  4.88670580e-02
 -3.60833704e-02 -5.93673177e-02  1.80581976e-02 -4.28016149e-02
  6.76447600e-02  5.49278483e-02  2.32361797e-02 -4.45606224e-02
 -3.39387581e-02  1.57277919e-02  5.41479699e-03 -2.32396624e-03
 -1.30265141e-02 -3.57141979e-02 -2.13503763e-02  8.65426008e-03
  1.15807960e-02 -1.34518845e-02  5.56482375e-02 -4.02946882e-02
  3.68647208e-03  4.44607325e-02  7.63630867e-02 -1.00330915e-02
  1.74685568e-02  3.09595075e-02  4.62556537e-03 -4.44262382e-03
  2.91855715e-04 -1.49106542e-02 -2.00331490e-02 -2.54539549e-02
 -6.00339007e-03  5.98059818e-02 -7.46032363e-03  7.16554886e-03
 -5.86205162e-02  4.60044667e-02  2.11037416e-02  2.69923396e-02
 -6.41909335e-03  7.84997866e-02 -9.53166373e-03  3.86287235e-02
 -3.06476112e-02  1.90191269e-02  6.02884777e-02  4.64272313e-03
 -2.70561334e-02 -1.14693113e-01 -2.24252474e-02 -2.12894302e-04
  1.64284725e-02 -6.41168058e-02  4.82199602e-02  1.00293793e-01
  2.96252202e-02  9.79007687e-03 -4.05162424e-02 -3.15733477e-02
  2.99096107e-02  4.89372276e-02  2.36996710e-02  3.76264863e-02
  6.64055198e-02 -5.65239489e-02  2.43630614e-02  6.98967790e-03
 -4.21420895e-02  2.25937720e-02  3.11679337e-02  4.97175381e-03
  4.31298949e-02 -6.53105378e-02 -5.58765954e-04  3.84617597e-02
  2.05859132e-02  3.39464704e-03  1.00017032e-02  7.38841295e-02
 -1.86145268e-02  2.26131473e-02  6.38637468e-02  6.37836801e-03
  2.87691317e-02  9.80649609e-04 -2.08374709e-02 -2.37031118e-03
 -5.23591926e-03  7.61589035e-02  3.79351862e-02 -2.50374340e-02
 -3.47249123e-04 -2.41148882e-02 -2.98118927e-02  8.95315129e-03
 -2.90900171e-02  3.26963402e-02 -2.57868003e-02 -8.49712044e-02
 -2.45451611e-02 -1.07954219e-02 -3.92169468e-02 -2.37486660e-02
  2.55943071e-02  1.14547750e-02  2.25269585e-03  4.29613069e-02
 -5.01564099e-03  2.04361975e-02 -7.90121779e-02  5.54931723e-02
  6.56372216e-03  4.53944169e-02  1.18466383e-02  4.21222933e-02
 -4.25745286e-02  3.35259922e-03  4.78085550e-03 -4.41685058e-02
 -1.21193817e-02 -2.43232269e-02  4.69446741e-03  7.68764131e-03
  9.28372052e-03 -2.31854748e-02 -3.40142325e-02 -6.60710782e-03
  2.25288328e-02  1.29468068e-02 -7.51712872e-03  4.19068933e-02
 -5.42640910e-02  2.15114485e-02 -3.36983763e-02 -2.13227645e-02
 -2.68088765e-02 -3.66526954e-02  5.62131852e-02 -1.47663010e-02
 -3.69365774e-02  3.84279713e-02 -2.20066272e-02 -1.07806250e-02
 -6.12989487e-03 -5.96438237e-02 -2.48737801e-02  2.59678978e-02
  2.15043351e-02 -8.71675648e-03 -3.87144904e-03 -3.76177467e-02
 -4.53972518e-02 -4.28454615e-02 -2.89303809e-02  1.32575184e-02
 -9.67167318e-03 -1.12531912e-02  3.35233733e-02  1.47202751e-02
  5.63773699e-03  2.19554268e-02 -2.23904774e-02 -1.05372243e-01
 -1.42293852e-02 -4.83514704e-02  4.18899953e-02  3.42054963e-02
 -6.44517392e-02 -4.56066616e-02  4.56742011e-02 -5.71430395e-33
 -1.36522427e-02 -2.52986439e-02  2.68607233e-02 -1.66313779e-02
  1.55697549e-02  3.12490948e-02  4.60695177e-02  3.74935642e-02
  3.91307995e-02  3.18324119e-02  4.19268012e-03 -2.86370628e-02
  3.19264978e-02 -1.08658578e-02 -3.55631448e-02 -1.92351732e-02
 -2.00889148e-02 -4.79836669e-03  6.81320159e-03 -6.42651841e-02
 -2.75150444e-02 -3.39094214e-02 -2.51964107e-02 -5.03832567e-03
  5.44499233e-02 -4.95616533e-02 -3.03740073e-02 -4.33582850e-02
 -3.70016769e-02 -2.75161862e-02  1.33948894e-02  4.84097041e-02
  4.12282385e-02 -5.31225950e-02 -1.02783870e-02  6.04456402e-02
 -2.93549504e-02 -1.98782366e-02  2.95896120e-02 -6.29434213e-02
 -1.79960225e-02 -3.06713562e-02 -6.11884780e-02  6.04803711e-02
  1.99728683e-02  7.15528131e-02 -5.57102822e-03 -2.19572764e-02
 -8.86798929e-03  1.37171587e-02  1.26488728e-03  1.68698914e-02
 -8.59962683e-03  8.76621827e-02 -3.13179307e-02  6.38647303e-02
 -8.03023577e-03  5.26296198e-02 -1.96914803e-02 -5.94418608e-02
  2.44625155e-02  2.69759502e-02 -2.07879618e-02  5.64513095e-02
 -4.46939506e-02  1.52037069e-02 -9.85484645e-02 -2.18756814e-02
  1.46277637e-06 -7.28923157e-02  3.87331541e-03 -6.69088289e-02
  1.84874944e-02  9.74638164e-02 -2.98551489e-02 -3.26476619e-02
 -1.78169142e-02  2.54035145e-02 -3.43650281e-02 -1.17474953e-02
 -2.63973512e-02  2.37714150e-03  3.05092838e-02  1.62959583e-02
 -5.32932617e-02 -4.58749942e-02 -3.25996242e-02  3.28700319e-02
  1.23742213e-02  9.87611432e-03 -1.86762139e-02  6.63792863e-02
  1.85159023e-03  6.53574690e-02  2.90357973e-02  4.91656084e-03
 -1.06544802e-02 -3.71604376e-02  4.00825888e-02  3.39133255e-02
 -3.04332506e-02 -5.25404233e-03 -6.36294484e-03  6.08432405e-02
  4.94503789e-03 -2.59830747e-02  6.27348274e-02  2.10837601e-03
  1.08815832e-02 -4.13592979e-02  9.39552579e-03 -1.48155168e-02
  7.25001190e-03 -2.67954953e-02 -6.46676272e-02 -2.77860533e-03
  1.56350639e-02 -1.42721627e-02  1.47022801e-02 -2.72652060e-02
  2.49898396e-02  2.65721660e-02 -4.76513840e-02 -1.11549981e-02
  2.83745751e-02  3.11168600e-02  6.19329931e-03 -3.45521607e-02
 -6.20405599e-02 -1.47655783e-02  5.33528030e-02 -1.96927246e-02
  2.02992325e-07  7.54784839e-03  3.35349366e-02  6.93710381e-03
 -6.49276748e-02 -2.00211406e-02 -3.05010881e-02  5.41250687e-03
  6.28186315e-02 -2.15242375e-02  1.91638134e-02  4.22857404e-02
 -5.58826663e-02 -1.73435993e-02 -4.33683442e-03  4.01519910e-02
 -3.74452467e-03 -7.01305876e-03 -4.39424068e-03 -3.07861362e-02
 -5.52946329e-02  4.20372263e-02  2.51704026e-02  1.31130340e-02
  5.90510219e-02 -4.57329452e-02  6.57488182e-02  2.47481279e-02
 -4.98569533e-02 -2.94758612e-03 -6.25871271e-02  1.31328814e-02
 -3.38400640e-02  5.05839624e-02 -4.48668227e-02 -4.71390486e-02
 -4.05766666e-02 -7.65995756e-02 -3.84066603e-03  2.88838670e-02
 -1.55452555e-02 -4.97266911e-02  4.27941419e-02 -3.76677997e-02
 -6.43191263e-02 -2.17821207e-02 -8.08527246e-02  2.22685207e-02
  1.04445711e-01  2.47444175e-02  3.54376808e-02 -1.24810534e-02
 -7.25638121e-04  2.58988943e-02  3.82225662e-02  2.33440436e-02
 -2.14967430e-02  2.51708664e-02 -2.21719109e-02  1.72386486e-02
 -5.47978394e-02 -2.04662569e-02 -3.16391177e-02 -1.18639451e-02
 -2.87241004e-02 -5.35894148e-02  3.73220854e-02  4.96064946e-02
  1.15182008e-34 -1.35253096e-04 -1.81860980e-02  1.42809553e-02
 -6.29960597e-02 -1.52995568e-02  1.42088830e-02 -4.84795906e-02
  1.07799899e-02  1.65286195e-02 -2.11794004e-02  2.76233396e-03]"
Food_Assistance_for_Assets,Community asset creation programmes where beneficiaries receive food or cash for work.,"[-1.01664159e-02  4.58525680e-02  8.99007078e-04  2.01094691e-02
 -1.81363232e-03  2.30031032e-02  2.96657458e-02  4.79348600e-02
  2.20129509e-02  1.77195594e-02  4.87408973e-02  2.50763036e-02
  3.83692645e-02 -4.28768387e-03  2.65305620e-02 -1.84899848e-02
  1.52829960e-02  2.85571851e-02 -1.18094549e-01  6.62879087e-03
  1.88044775e-02  1.30159501e-02  3.87968235e-02  4.76956628e-02
 -4.46696170e-02 -9.15921666e-03 -7.32761482e-03  3.03104892e-02
  7.15862075e-03  6.38854504e-03  2.69951858e-02  1.01533672e-02
 -7.02520683e-02 -3.25474702e-02  1.49794960e-06  2.16141045e-02
 -2.42603011e-02  1.49600580e-02 -8.64893571e-02 -8.86316295e-04
  2.54382156e-02 -6.96727037e-02  3.07129901e-02  4.48351502e-02
  6.39493112e-03 -7.73643283e-03  4.45877314e-02 -8.65180604e-03
 -4.38908003e-02 -6.73128888e-02  2.15090476e-02 -9.49610549e-04
 -4.80707772e-02  1.01139545e-02 -2.05942858e-02  2.00698618e-02
  6.12606434e-03 -2.17401087e-02  4.36392799e-02 -1.54070789e-02
  4.12408225e-02  1.64592583e-02 -1.23605058e-02 -8.67079664e-03
  1.10975571e-01  3.34784165e-02 -2.93440465e-02 -8.01346153e-02
 -2.31750682e-03 -4.11503110e-03 -1.40332794e-02  1.38107361e-02
 -1.63835790e-02 -7.66947167e-03  1.51399737e-02  3.93115059e-02
  1.04743550e-02  2.78249905e-02 -1.51620535e-02 -1.54280011e-02
  3.07739875e-03  2.90928986e-02  8.74562748e-03  9.56267118e-03
  1.53970616e-02 -2.38537621e-02 -1.23160118e-02  3.80209200e-02
 -6.33006124e-03  1.36090722e-02 -1.33635085e-02 -7.56918266e-03
  3.55028361e-02 -3.30408663e-03  6.26473129e-02 -2.75912769e-02
  1.55346130e-03  6.15653023e-03  9.02982987e-03 -2.69290470e-02
  3.25801671e-02 -1.22994268e-02 -1.27264604e-01 -8.33111536e-03
 -1.31954402e-02 -3.61221060e-02 -5.45217320e-02 -7.64058307e-02
 -2.26902589e-02  4.32242081e-02 -4.97006662e-02  1.19527830e-02
 -6.27232268e-02  4.62444462e-02 -2.75927801e-02  2.91028973e-02
 -4.13554087e-02  7.40942657e-02 -2.56663710e-02  2.05363519e-02
  1.00677870e-01  6.80320933e-02  9.84824635e-03  2.67915484e-02
  2.19180044e-02  2.98621058e-02 -3.82178612e-02  1.27899405e-02
 -9.51113831e-03 -2.62579359e-02 -1.46728167e-02 -1.58118177e-03
  4.49292798e-04 -3.97626758e-02  5.95404282e-02 -2.96891890e-02
  4.55944687e-02 -1.66116524e-02 -9.04301628e-02 -3.09813749e-02
 -5.17651485e-03  4.65427823e-02 -4.83085727e-03 -4.35083695e-02
 -5.62306382e-02 -1.18057861e-03  4.06837352e-02  3.38203758e-02
  3.39426361e-02 -1.92737859e-02 -4.78150696e-02 -1.20134540e-02
  3.56104746e-02 -4.75719012e-03  5.12807034e-02  3.31447348e-02
  8.70652497e-02 -3.77275683e-02  4.74497303e-02 -7.34910369e-03
  1.01179807e-02 -6.09767996e-03 -3.51515189e-02  1.96322217e-03
 -2.52853762e-02  3.24139297e-02  6.35459945e-02  3.99159901e-02
 -1.74906477e-02  3.33572295e-03 -3.16653885e-02 -2.59111170e-02
  9.08130873e-03  8.58662203e-02  5.49820764e-03  8.64702836e-03
  2.80132852e-02 -2.37205848e-02 -3.34925167e-02  1.87252704e-02
 -5.70516754e-03 -1.12310082e-01  2.49329712e-02  3.15823108e-02
 -4.40853694e-03  2.72284765e-02 -2.98297666e-02 -2.23735254e-02
 -3.50081772e-02 -2.08164863e-02  1.99419484e-02 -5.16280485e-03
  5.60075268e-02  1.40868789e-02 -8.02182034e-03 -9.89924464e-03
 -2.62206290e-02 -4.79056239e-02 -6.10091053e-02 -2.31722146e-02
  6.15730472e-02 -1.01979695e-01 -3.31873749e-03  3.39977704e-02
 -2.27260701e-02 -2.16695368e-02  5.53647541e-02  3.18816537e-03
 -1.57167837e-02  4.19265218e-03 -2.67837327e-02 -5.54839289e-03
  9.52763762e-03  2.65487805e-02 -1.37789538e-02  2.02138238e-02
  2.63911113e-02  1.30912503e-02 -7.74313556e-03 -4.49930392e-02
 -1.34654865e-02  2.86406986e-02  2.15812046e-02 -2.25370731e-02
  5.21786250e-02  3.73835005e-02  3.13957743e-02  1.07487803e-02
 -4.29827012e-02  6.29712418e-02  3.97028476e-02  3.48785967e-02
 -1.69852618e-02  3.03129479e-02 -9.71972663e-03  2.39622891e-02
  4.13982123e-02  2.40108240e-02 -4.09994498e-02  2.16137972e-02
  1.61096044e-02  3.39406803e-02  5.01655228e-02  4.48427349e-02
 -8.93140491e-03  9.11000222e-02  1.29912086e-02 -3.50343511e-02
 -2.79516205e-02  1.73163321e-02 -3.22515592e-02 -1.01666071e-03
  4.02187258e-02  4.63209255e-03 -3.01813763e-02 -5.47346473e-02
  2.27327310e-02 -1.28792739e-02 -2.71119662e-02  7.29390159e-02
 -8.83339252e-03  1.61787104e-02  7.27338484e-03 -6.74732786e-04
  7.21078739e-02 -2.60406057e-03 -2.96527473e-03 -5.57682700e-02
  1.92850141e-03 -1.55031988e-02 -3.76171395e-02 -1.48668932e-02
  3.31109241e-02  4.74792756e-02  5.59360012e-02 -5.03114797e-02
  1.07520297e-02  5.90324625e-02  3.42678800e-02 -1.16532268e-02
 -1.06953466e-02  4.28568274e-02  3.42175253e-02  3.59810852e-02
  1.97476503e-02  2.21422361e-03  5.84029183e-02 -2.78567919e-03
 -2.02292316e-02  3.07634217e-03  7.47720003e-02  1.38791709e-03
  1.49206053e-02  1.77998282e-02 -2.21657529e-02  5.08318581e-02
 -1.20306807e-02 -5.11899367e-02 -3.93177196e-02  3.04305293e-02
 -4.28122245e-02 -2.45445818e-02  1.93295702e-02 -7.00823218e-02
 -2.61506857e-03  2.67284382e-02  4.45500656e-04 -2.79195104e-02
  2.52050720e-03 -5.73985279e-02  2.33798195e-02  1.60700139e-02
 -9.74188279e-03  2.43729427e-02  1.63299572e-02 -8.32491461e-03
 -1.10734418e-01 -5.25845774e-02 -2.29672529e-03  1.94087569e-02
 -3.39937247e-02 -2.47967783e-02 -4.80665006e-02 -1.26999374e-02
 -3.03421617e-02  2.78294571e-02 -2.73639150e-02 -5.72145060e-02
  1.88446008e-02 -4.65826541e-02 -9.74067487e-03 -2.83826422e-02
 -3.97084095e-03 -2.42452206e-05  4.24667969e-02 -4.09688652e-02
  8.12728715e-04 -4.21068482e-02 -8.84384010e-03 -5.00597693e-02
 -7.18389777e-03 -3.76005098e-02 -6.09235838e-02 -1.81705765e-02
  7.33486339e-02  6.56476943e-03  3.60415205e-02  3.37330922e-02
  3.06740943e-02  3.38027142e-02  2.22543627e-02  3.65673490e-02
  1.37878368e-02 -1.80484187e-02 -7.86729343e-03  2.94220354e-02
 -6.28386661e-02 -8.28587159e-04 -1.93089973e-02 -1.79726388e-02
 -4.37437855e-02 -2.06134096e-02  4.15366888e-02 -2.85201073e-02
  2.81196386e-02  5.04049845e-02  2.19653510e-02  4.40853555e-03
  1.06600607e-02  7.79537484e-03  2.86858436e-02  6.44541308e-02
 -5.95869906e-02 -8.47387873e-03 -1.82609877e-03 -5.33937849e-03
  9.58209764e-03  1.12823248e-02 -1.92264952e-02  2.47772653e-02
  1.81387160e-02 -6.59354702e-02  2.90976111e-02 -4.89729131e-03
 -2.70564556e-02 -3.40017527e-02  3.29950452e-03 -8.00524056e-02
  3.32574546e-02  6.71297088e-02  2.67356844e-03 -2.70280633e-02
  1.54615974e-03  3.12827267e-02 -2.72376183e-02  1.60553865e-02
 -7.45755956e-02 -2.98272190e-03 -4.02356423e-02  2.48027984e-02
  3.21550220e-02  6.39478043e-02  1.85844451e-02 -5.19340672e-03
 -4.07109521e-02  4.76524085e-02  6.05167113e-02  5.21672005e-03
  7.70613179e-03  4.63031568e-02 -4.48637120e-02 -1.94496810e-02
 -2.44927015e-02  8.29172786e-03 -1.68960728e-02 -5.64003512e-02
 -9.36292484e-03  4.61006314e-02  2.30786540e-02 -6.04387298e-02
 -1.03637250e-03  1.65627357e-02 -1.34846503e-02 -2.43111607e-02
 -3.36704496e-03  1.13881091e-02 -2.87310295e-02  2.37240754e-02
  2.56586261e-02  1.19387601e-02 -2.12510960e-04  6.90208599e-02
  4.56962436e-02 -7.81650841e-02 -2.25898456e-02 -3.51955034e-02
  5.30740153e-03 -9.50609520e-03 -4.58738115e-03 -4.97751823e-03
 -1.61459204e-02  3.03733088e-02  4.45970008e-03 -6.08974742e-03
 -3.26016508e-02 -3.90958786e-03 -4.61201975e-03  2.20656749e-02
  2.34016739e-02 -3.07496991e-02  1.95553191e-02 -3.50752957e-02
 -3.00299656e-02 -8.63362104e-02 -7.42137209e-02 -2.34737936e-02
 -9.44949389e-02 -1.18490212e-01  1.58277694e-02  4.30199988e-02
  1.75506889e-03  3.20345201e-02  1.11868968e-02  9.41431057e-03
  6.07417040e-02 -4.25323285e-02  9.19906795e-02 -6.26333943e-03
  2.99190953e-02 -2.24707779e-02  2.77793803e-03  4.01175086e-04
  1.23214321e-02  2.05766317e-02  1.05635077e-01 -7.65917869e-03
 -7.36966962e-03 -5.26320748e-03  1.71721373e-02 -5.66953374e-03
 -2.60937493e-02  1.00791520e-02  5.41975955e-03 -5.66149503e-02
 -4.67421003e-02  3.50458827e-03  2.29668859e-02 -2.80154254e-02
 -1.77949201e-02  2.43823174e-02  1.28184352e-02  4.67456086e-03
  2.25049295e-02 -2.04574293e-03 -4.08868417e-02  9.14813578e-02
  3.15606929e-02  3.10363900e-02  8.60125851e-03  4.70861979e-02
  6.33313041e-03  5.50010987e-02  1.58619713e-02  4.83739115e-02
 -5.11084609e-02  2.06182562e-02  1.25995697e-02  1.04401987e-02
  2.31736004e-02  9.68113448e-03 -3.55239585e-02 -4.97381436e-03
  5.04741110e-02 -2.82045081e-02  3.16616744e-02  1.74022093e-02
 -4.43671308e-02 -1.65365785e-02  1.36451460e-02 -3.54105197e-02
  1.28205223e-02 -8.10068753e-03 -3.01256613e-03 -8.45247414e-03
 -1.07095838e-01 -1.82484668e-02 -2.61841211e-02  1.46288639e-02
 -7.02773929e-02  2.96299532e-02 -2.89686080e-02 -2.38173399e-02
 -3.33209708e-02 -4.01583407e-03 -1.12200323e-02 -5.58080226e-02
  2.94531342e-02 -5.13017662e-02 -1.52660133e-02  7.04819039e-02
 -5.92979863e-02 -3.21542211e-02 -1.30111724e-02 -1.10742785e-02
  3.20027210e-02  4.26842198e-02  5.98077895e-03 -3.29854675e-02
 -2.27189008e-02 -1.91105658e-03 -2.51543010e-03  1.03741335e-02
 -6.64743334e-02 -4.25611958e-02  5.33132907e-03 -4.65458221e-33
  2.19984595e-02 -5.30206636e-02  4.06863578e-02 -2.95141037e-03
  2.07261462e-02  6.50656316e-03  4.85317521e-02 -1.33029390e-02
 -1.50278546e-02 -3.39591987e-02  2.22891010e-02 -6.92989118e-03
  3.18661216e-03 -2.53185704e-02 -2.45980956e-02 -3.54307587e-04
  9.27775167e-03 -1.54581517e-02 -4.12390521e-03 -4.88245152e-02
 -5.64406849e-02 -2.23605447e-02  2.07872298e-02  1.04351506e-01
  1.03049256e-01  4.34635719e-03 -3.61663289e-02 -1.97956413e-02
  9.82158259e-02 -3.10221706e-02 -2.41738912e-02  1.55036869e-02
  5.51012810e-03 -3.98905724e-02  1.94058269e-02  6.57211691e-02
 -4.66865115e-02  2.73886211e-02 -3.56031046e-03 -7.66607514e-03
 -1.15476608e-01 -6.06123880e-02  1.42619973e-02  1.99549627e-02
 -1.75137923e-03  4.10465077e-02 -5.68776391e-04 -2.76357476e-02
  3.87971513e-02  1.22056967e-02 -6.42931834e-03 -4.25252924e-03
  1.96710695e-02  7.51125440e-02  1.15436614e-02 -7.57612148e-03
 -2.38061361e-02  2.34056525e-02  1.62267517e-02 -4.77274731e-02
 -2.11652089e-02  3.30340527e-02  1.77586917e-02  1.46897379e-02
 -3.90339680e-02 -4.32396047e-02 -4.55341749e-02 -1.40952663e-02
  1.67673863e-02  1.49584245e-02  3.22231427e-02 -1.67453233e-02
  2.68506110e-02  5.01960106e-02 -1.22958478e-02  1.58604630e-03
  2.83973087e-02  1.56505145e-02  1.56784430e-02 -6.53672442e-02
  1.55627979e-02 -3.12207136e-02  3.60747497e-03  6.18975516e-03
 -8.59792903e-02 -5.41954599e-02 -4.83195484e-02  3.60161029e-02
  4.31467295e-02 -2.57084589e-03 -9.04822256e-03  6.20901994e-02
 -3.08629218e-02  5.72530106e-02  2.73896772e-02  4.24771421e-02
  5.35569601e-02 -5.52973263e-02  1.19657358e-02  1.13134319e-02
 -1.29359802e-02  4.72645275e-02  7.63155147e-03  5.25447242e-02
  2.03857012e-02  4.82450705e-03  6.96910359e-03 -2.08924059e-02
 -5.31769432e-02  3.91673334e-02  1.24065354e-02  1.20498072e-02
  1.50634851e-02 -2.29364680e-03 -2.63514742e-02 -7.59925246e-02
 -9.52652656e-03 -4.72509414e-02 -9.80792660e-03 -4.37439568e-02
  6.21074229e-04 -2.45299004e-02 -1.86588168e-02  1.53571926e-02
 -1.95740834e-02  2.78043635e-02  9.35102906e-03  1.25437584e-02
  7.98926204e-02 -2.03836598e-02  2.02284083e-02 -2.92406529e-02
  1.94548164e-07 -3.45172137e-02  5.53296655e-02  2.31577586e-02
 -6.25549927e-02 -1.14127677e-02 -3.95105891e-02 -7.04112835e-03
  2.12145615e-02 -2.49127485e-02  5.96822575e-02  1.84802208e-02
 -3.72431986e-02 -1.10105202e-02 -1.11715738e-02  7.64377590e-04
 -6.38578692e-03  7.59252440e-03  4.15585637e-02 -3.87780666e-02
 -3.90514173e-03 -5.50955068e-03  4.54795025e-02  3.06406636e-02
  2.99408641e-02 -3.98805179e-02  3.38729657e-02  1.69013999e-02
 -1.93381272e-02  1.34057458e-02 -7.15988949e-02 -1.72744226e-02
  1.12850815e-02  3.94832380e-02 -3.99982855e-02 -4.92592230e-02
 -3.79811339e-02 -1.62964799e-02  2.77541932e-02  1.91592146e-02
  4.89018597e-02 -5.38369454e-02 -3.63031775e-02 -3.11694853e-02
  7.93187227e-03  1.22086722e-02 -6.18433356e-02  3.16208787e-02
  6.76494241e-02  2.36499216e-02  3.36239045e-03 -2.83057578e-02
  6.50863862e-03 -2.05669692e-03  3.59340608e-02  5.01751117e-02
 -1.28377238e-02  5.64374868e-03  6.13505440e-03 -6.96247770e-03
 -2.94114789e-03 -1.97623167e-02 -3.32997530e-03 -6.50923839e-03
  1.46696074e-02 -2.26323511e-02 -7.23731741e-02 -7.96915870e-03
  1.86481170e-34 -1.82704590e-02  9.31678433e-03 -3.11242007e-02
 -7.30987340e-02 -3.37395556e-02 -4.27152626e-02 -2.83387285e-02
  3.98563640e-03  9.95403063e-03  3.05862874e-02  2.24996861e-02]"
Food_fortification,Adding essential micronutrients to staple foods to prevent nutritional deficiencies.,"[ 4.58864309e-02 -1.45179611e-02 -2.61802622e-03  6.09012693e-03
  5.06726764e-02  2.23689489e-02 -4.08551060e-02  2.12545265e-02
 -1.31861465e-02 -1.44567881e-02  6.68443888e-02  2.87487842e-02
  1.96701568e-02  3.99324410e-02 -9.48038977e-03 -1.27592981e-02
  1.07274670e-02  1.58965327e-02 -3.78457680e-02  3.09119634e-02
 -3.02882157e-02  2.13410351e-02  2.55594123e-02 -1.97542626e-02
 -6.01406284e-02  4.35792245e-02  2.05691550e-02  6.56209290e-02
  3.26140262e-02 -9.49244872e-02 -1.16352439e-02 -2.16358341e-02
 -3.81847732e-02 -9.62232277e-02  1.46667458e-06 -3.84551659e-02
 -4.45395708e-02  1.95142422e-02 -6.94423988e-02  6.83643445e-02
 -3.11406981e-02 -4.69854325e-02 -1.58477183e-02  1.78503096e-02
  2.93781608e-02  5.93129778e-03  5.31459376e-02  7.61363879e-02
 -2.98514608e-02 -8.61639529e-03  2.20618919e-02  1.01895053e-02
  5.23915812e-02 -2.39357464e-02 -1.41141023e-02  2.15452928e-02
 -1.41852470e-02  3.37083526e-02 -2.24315375e-02  4.80674356e-02
  5.88988839e-03  4.86477874e-02  3.77392396e-02 -5.47482166e-03
  1.42802475e-02  5.57382181e-02 -3.21618617e-02 -3.34799662e-02
  5.92683814e-03  6.18388020e-02 -2.03407221e-02  1.39713492e-02
  3.12772319e-02  3.85553911e-02 -1.10009480e-02 -2.05451511e-02
 -1.34646446e-02 -5.20208254e-02 -1.71607547e-02  5.38137415e-03
  4.76705730e-02 -2.43831147e-02  1.92869958e-02  5.20283636e-03
  2.74803527e-02  1.89100131e-02 -2.52152644e-02 -1.69967674e-02
 -4.47971448e-02 -4.45869677e-02 -9.57201272e-02 -2.71315710e-03
  2.34770514e-02  7.41603132e-03  8.24377313e-02 -5.04430719e-02
  6.29679188e-02 -3.13940383e-02  4.11068946e-02 -1.53493593e-02
 -5.01941377e-03  5.37713766e-02 -5.61699830e-02 -1.45324320e-02
 -1.94778834e-02 -3.88964675e-02 -1.19982781e-02 -1.14046428e-02
 -1.38360495e-02  6.07165024e-02  3.88440751e-02  1.03543736e-02
  3.91945057e-03  7.86395185e-03 -7.85190240e-03  6.63759653e-03
 -1.05790189e-02 -2.39866041e-02  5.26620634e-03 -2.34485995e-02
 -5.06522413e-03  1.87161155e-02 -3.93871171e-03 -1.46104498e-02
 -2.24929415e-02  8.02025795e-02 -1.27382781e-02  1.67616457e-03
  2.19457541e-02 -6.24190159e-02 -4.22692448e-02 -2.27290466e-02
 -2.20646746e-02  4.76397090e-02  1.73204690e-02 -2.77962983e-02
  2.82592960e-02 -2.09357752e-03  2.58317310e-03 -3.12457085e-02
 -4.84520160e-02  1.11521287e-02 -8.75766948e-02  2.37805210e-03
  1.70153994e-02 -1.84177160e-02  1.04603849e-01  3.58518474e-02
  5.07681668e-02  3.21721174e-02 -4.12427774e-03 -1.71157643e-02
  6.74888715e-02  5.15695922e-02  7.62261152e-02  3.58256102e-02
  2.65175160e-02 -6.68995529e-02  4.80280345e-04  3.51364873e-02
 -1.75645649e-02  1.25926202e-02 -2.51527280e-02 -1.45941796e-02
 -1.68183818e-02  4.75817919e-02  5.83662763e-02  1.48296682e-02
 -1.18428702e-02 -1.86322611e-02 -1.25630945e-02 -7.29117915e-03
 -1.10194450e-02  1.43991308e-02  8.50218982e-02  3.58957127e-02
 -3.29112587e-03  1.80016626e-02  2.12589223e-02  2.34682895e-02
  3.46970372e-02 -1.79509036e-02 -6.34506904e-03  3.16676013e-02
 -5.39506860e-02  3.04171592e-02 -1.70253087e-02  5.09026228e-03
  2.95667234e-03 -2.19685528e-02  2.83260271e-02  4.34212461e-02
  3.59195285e-03 -3.14161807e-05 -1.68180987e-02  1.38741964e-02
  4.80913147e-02  2.42600366e-02 -6.38966914e-03 -2.18312219e-02
  6.02536239e-02  3.86880748e-02 -2.61174161e-02 -3.62490676e-02
 -2.83853244e-02  1.28209812e-03  1.06782829e-02 -3.81070450e-02
  2.47136503e-02 -3.69346365e-02 -4.17890958e-02 -4.94665056e-02
  2.88146734e-03 -9.85367224e-03  6.68715499e-03 -1.46672362e-02
 -2.29474530e-03  6.06633304e-03 -1.24786329e-02  2.43889838e-02
  1.00385156e-02 -2.35278308e-02  1.75111722e-02 -4.57824059e-02
 -5.55146812e-03 -2.84436923e-02  4.43250351e-02 -3.10736764e-02
 -3.40681970e-02  7.66959339e-02  3.80031206e-02  2.00270228e-02
 -2.17810143e-02  5.18782586e-02  4.16437611e-02  2.51593796e-04
  1.82429720e-02  3.68223451e-02  9.36119724e-03 -1.26359481e-02
 -7.42833167e-02  1.36297103e-02 -4.73339520e-02 -9.43299942e-03
 -5.52765727e-02  2.45230682e-02 -1.84708536e-02 -3.29172798e-02
 -2.92868372e-02  4.76720072e-02 -2.23341566e-02 -1.75150763e-02
 -3.11677493e-02 -3.33625898e-02 -6.06097877e-02 -1.93134900e-02
  1.82130877e-02  1.35785099e-02 -7.88455084e-02  6.57538474e-02
  1.06820744e-02  3.83754335e-02  4.55620140e-02  5.37945423e-03
  2.61004139e-02 -7.04627335e-02  3.83826420e-02 -4.51973714e-02
 -2.11920310e-02 -1.96499508e-02 -1.49571076e-02  4.30320622e-03
  8.08311254e-03  6.29641041e-02 -1.79634504e-02  4.76430543e-03
  4.22571823e-02 -1.39000276e-02  1.21824648e-02 -1.99285001e-02
  2.13406160e-02  7.26114027e-03  3.19803134e-02  2.36464366e-02
  3.71055864e-02 -3.21394689e-02  5.31511940e-03  6.09132014e-02
  6.96941987e-02 -7.62666240e-02  5.48156500e-02 -2.58784480e-02
  7.44174747e-03  3.60054635e-02 -5.93586564e-02  1.91823002e-02
 -2.92650028e-03 -4.57859598e-02 -2.28851084e-02 -2.31694542e-02
 -1.16976015e-02  4.24667969e-02 -2.94405781e-02 -3.34706157e-03
 -6.12461055e-03  3.99421602e-02  2.55401600e-02 -2.23202743e-02
  7.64263049e-03 -6.25397637e-03  1.04522817e-02  3.45787928e-02
  2.35622516e-03  2.59936508e-02  2.97932215e-02 -2.04617027e-02
 -2.83138752e-02  1.50949182e-02  4.54191342e-02  4.58383225e-02
  1.62543543e-02 -3.98873240e-02  4.37977584e-03 -2.73100603e-02
 -2.63933241e-02 -3.01484689e-02 -1.36037031e-02  1.16269253e-02
 -1.29462421e-01 -4.92303409e-02 -2.97266655e-02  1.97999901e-03
  1.90832112e-02 -2.14304216e-02  4.51813973e-02 -1.39691541e-02
  8.51670187e-03  1.83595084e-02  4.91540087e-03 -2.58725844e-02
 -2.06675604e-02 -5.35620898e-02 -2.63968892e-02  3.63914855e-02
  9.46220756e-03 -1.92314503e-03 -1.21621843e-02  1.20268222e-02
 -6.11805394e-02 -8.62625428e-03 -2.11562868e-02 -6.74088253e-03
 -6.46746391e-03 -9.00767918e-04  2.55714785e-02 -2.92049721e-02
 -1.26989083e-02 -7.75706843e-02 -2.46718433e-02 -2.38198917e-02
  4.65073623e-02  5.37029169e-02 -3.70085128e-02 -8.42441544e-02
  8.12039748e-02  6.20147139e-02 -3.93606424e-02  2.92467233e-02
 -4.40694429e-02 -1.55261457e-02 -2.43854746e-02  5.87177463e-02
 -4.83562201e-02 -1.25556877e-02 -3.72829512e-02  2.39370447e-02
  4.21151966e-02 -2.62389169e-03 -2.15338133e-02 -9.50303301e-03
  3.33095901e-02  4.26136982e-03  7.91696459e-02  1.55186979e-02
  5.87187055e-03 -7.67385960e-03 -3.78296711e-02 -5.03007732e-02
  4.87214141e-02 -6.98784217e-02  4.75495262e-03  1.47839990e-02
 -8.41308981e-02  9.09873471e-02 -2.41955593e-02  5.66978753e-03
  5.18078133e-02  1.06973862e-02 -3.13424952e-02  3.04605402e-02
  3.06036882e-02 -6.20849384e-03  1.80802941e-02  2.23440435e-02
  3.84942926e-02  8.74057226e-03  6.83040172e-02 -1.98635869e-02
  7.36967176e-02 -2.30048615e-02  4.73517217e-02  2.32194886e-02
 -2.36625355e-02 -4.32248488e-02  8.32811296e-02 -2.15004422e-02
  1.18877888e-02 -2.21980945e-03  2.88249683e-02 -1.76067259e-02
 -7.04674274e-02  3.07006724e-02 -2.58679334e-02  5.13788201e-02
 -1.36245573e-02 -1.78125210e-03 -6.27449527e-03  7.81981740e-03
 -6.29665777e-02  3.86734456e-02  5.45196012e-02  4.06999253e-02
  7.04484619e-03 -6.33664057e-02 -4.22782637e-02  2.31415350e-02
  6.37865812e-02 -8.06461945e-02  2.77646147e-02  2.74231937e-02
  5.43680321e-03  4.20907773e-02  2.94116288e-02  1.80352596e-03
  3.20218094e-02 -6.72468245e-02  2.41198926e-03  2.54603643e-02
  6.56602904e-02  4.26790491e-03 -3.22918855e-02  7.58047029e-03
 -1.33603904e-02  4.88989837e-02 -2.14896668e-02 -1.47893224e-02
 -3.48599590e-02 -8.00184682e-02  1.11394022e-02 -3.35911214e-02
  1.96657721e-02  5.95559133e-03  4.50813212e-02  2.28506364e-02
 -1.41379377e-02  3.95924933e-02 -1.06459204e-03  5.43793216e-02
 -3.16065252e-02 -2.76572946e-02 -7.02859610e-02  2.87761521e-02
 -2.01379415e-03  1.76677573e-02  3.20145637e-02 -1.50095597e-02
 -4.03600670e-02 -1.32621825e-02 -3.34012471e-02  3.97733673e-02
 -1.35695636e-02 -9.40652005e-03 -1.69616248e-02 -2.90834736e-02
 -1.39920004e-02  1.75559451e-03 -2.73119453e-02 -2.90942062e-02
  3.92133743e-03  1.85002051e-02 -5.33153210e-03  5.43416627e-02
  1.65273044e-02 -4.41055968e-02 -2.39288360e-02  4.18142192e-02
  1.28099294e-02 -3.39667685e-03 -4.87623326e-02 -8.23484641e-03
  5.31976186e-02  5.35906572e-03  3.34584760e-03 -9.97471251e-03
 -2.71793939e-02  3.16098817e-02 -2.28712820e-02  1.81030445e-02
  2.49506794e-02 -3.94233204e-02 -1.30099263e-02 -1.69431679e-02
  1.96141396e-02  2.26337314e-02 -3.20505835e-02 -6.99313311e-03
 -1.74210891e-02 -6.46736547e-02  9.17134900e-03  1.77617799e-02
  8.49365257e-03 -3.70768718e-02  2.52960529e-02  5.01259193e-02
  4.67499113e-03 -4.40582633e-03  6.46665366e-03  2.81600785e-02
  2.48439168e-03  2.64470782e-02 -2.61959955e-02 -1.05487360e-02
  1.11556193e-02  9.58276074e-03 -1.02133146e-02  3.49677652e-02
 -5.87940067e-02  4.72905710e-02 -2.61453111e-02  1.77866388e-02
 -1.46106118e-03 -2.87252851e-02  2.90569998e-02  4.07439768e-02
  7.84708560e-02  1.32596381e-02 -9.43992585e-02 -5.44239208e-02
  2.74312254e-02 -2.83153206e-02  1.85330082e-02  3.98263372e-02
 -3.23138833e-02 -3.89683731e-02  4.59005088e-02 -5.06799696e-33
  4.09168079e-02 -5.73468134e-02  3.73134017e-02  9.54288393e-02
  5.38456179e-02  5.47434390e-02 -2.42795441e-02 -2.55647469e-02
 -1.87900681e-02  3.25614982e-03  1.73438992e-02 -5.92295983e-05
  1.18672876e-02 -2.23098919e-02 -1.01502733e-02  2.84807477e-03
  2.94920872e-03  1.45316040e-02 -1.14257522e-02 -5.34590408e-02
 -6.02731965e-02 -3.66928317e-02 -3.20802107e-02  2.91754007e-02
  4.52871472e-02 -3.78134884e-02  2.71960497e-02  2.68797297e-03
 -2.98304372e-02  2.83329375e-02  4.82080802e-02  9.19895247e-03
  7.14920647e-03  1.09406793e-02 -5.09736650e-02  6.01875149e-02
 -1.83658637e-02  3.81004661e-02 -3.88552062e-03 -4.36032675e-02
 -7.86731914e-02 -2.70577073e-02 -6.54606968e-02 -2.11496302e-03
 -2.76924903e-03  2.75542941e-02 -4.75283265e-02 -2.48343740e-02
 -2.07559136e-03 -1.03870602e-02  1.50134908e-02  9.37287416e-03
  2.55218893e-02  4.39018272e-02  1.83337424e-02  6.60091490e-02
  3.37174051e-02 -4.26423885e-02  7.41821378e-02 -1.74246896e-02
  5.03080897e-02  2.93234140e-02 -7.14540808e-03  3.37850116e-02
 -3.27476412e-02 -1.61527749e-02 -6.43493310e-02 -3.24211419e-02
  1.99554581e-03 -3.70701924e-02 -4.24243845e-02 -1.19538255e-01
  1.45891337e-02  5.53893000e-02  1.34742949e-02 -1.64520387e-02
 -2.53293868e-02  3.46501246e-02 -5.85434437e-02  6.16625231e-03
 -3.97280939e-02  5.73968980e-04  2.98018456e-02  7.85685889e-03
 -3.21705900e-02  2.98656002e-02 -1.28094638e-02 -3.01926723e-03
  6.10056259e-02 -2.71632113e-02 -3.58389467e-02  5.11831492e-02
  7.14673242e-03  6.51504546e-02  5.01665212e-02 -1.72003414e-02
  1.32798934e-02 -2.87008453e-02 -5.16967382e-03 -2.79178424e-03
 -3.42662409e-02  2.82915942e-02  2.77775172e-02  9.17964429e-03
 -3.37329134e-03 -1.58866588e-02  2.06497852e-02 -3.22059542e-02
  3.38156219e-03 -5.51444516e-02  1.18894670e-02  3.16146016e-02
  1.33762080e-02 -3.19447294e-02 -6.32903278e-02  1.96582321e-02
  2.48817559e-02  3.25354524e-02  2.40144301e-02 -6.63428605e-02
 -4.27013151e-02  2.82570384e-02  4.88770157e-02 -5.30161075e-02
  1.35436682e-02 -2.30254009e-02  3.46357450e-02 -2.32936814e-02
 -2.40996800e-04  5.01050018e-02  3.07938103e-02 -5.90249943e-03
  2.16298872e-07 -1.22483410e-02 -1.00139910e-02  4.85483743e-02
 -1.21172428e-01 -3.96210179e-02 -3.02663911e-02  1.48935663e-02
 -3.64052859e-04 -6.54961355e-03  2.16696449e-02  8.17156434e-02
 -4.71615791e-02 -3.23896073e-02  1.12874601e-02  3.02305929e-02
  1.47182206e-02 -3.67252380e-02 -1.97769492e-03  3.90333422e-02
 -1.95281748e-02  2.66733225e-02  1.32831344e-02 -1.48762418e-02
 -3.04055177e-02 -5.39517477e-02 -2.23785210e-02 -1.96849764e-03
 -2.33119205e-02  3.92758101e-02 -3.70220467e-02  4.29328671e-03
  2.35975031e-02  2.53713597e-02 -2.41431277e-02 -4.84380312e-02
 -7.32926577e-02 -5.13552949e-02  2.21050018e-03 -2.95197014e-02
  2.51331199e-02 -7.38220885e-02  3.85518447e-02 -7.15972623e-03
 -5.73138930e-02 -3.68948467e-02 -3.31565142e-02 -2.30992679e-03
  1.40928049e-02  1.75530240e-02  7.00602354e-03 -2.72483099e-02
  1.66560113e-02 -5.09489514e-03 -1.90460570e-02 -3.69942635e-02
  4.80151661e-02  2.70567760e-02  9.47048515e-03  5.29241934e-02
  2.93970481e-02 -1.67307202e-02 -1.58680491e-02  7.90505949e-03
 -3.80550176e-02 -9.06284079e-02  4.11667973e-02 -1.77408308e-02
  1.85460728e-34 -3.57024111e-02 -1.01804705e-02  5.96453808e-02
 -5.27003594e-02 -8.24497081e-03  4.67775762e-02 -6.63708225e-02
  1.51918773e-02  2.38379315e-02 -2.60880552e-02 -2.71725189e-02]"
Cash_transfers,Direct monetary or digital payments enabling households to purchase food locally.,"[ 2.19432265e-02  1.36879226e-02 -1.38986791e-02 -2.95696370e-02
  7.20054610e-03  2.23180130e-02  4.09666561e-02  6.06504120e-02
  3.42977196e-02  4.31613103e-02  6.31769374e-02  7.93606266e-02
  4.11013402e-02  5.90698645e-02  4.95183505e-02 -1.34722721e-02
  5.55956587e-02  5.77808060e-02 -3.83240171e-02  1.85263567e-02
  1.38533423e-02  1.52110681e-02  6.48676278e-03  1.70584787e-02
 -2.46275906e-02  1.09671876e-02 -2.71871430e-03  3.66331600e-02
 -8.52997322e-03 -3.41261290e-02  5.50658181e-02 -2.48452034e-02
 -4.86641265e-02 -1.24013741e-02  1.35151947e-06  1.29723269e-02
 -4.92241196e-02  1.10132331e-02 -1.17703050e-01  9.92429350e-03
 -1.20341247e-02 -4.59531955e-02  3.12931575e-02  3.05219423e-02
  1.00665027e-02 -5.24443574e-02  5.58199473e-02  6.97228452e-03
 -6.04520179e-02 -6.10226877e-02 -1.11601381e-02 -5.76659292e-02
 -5.14142700e-02  1.65836662e-02 -4.15094420e-02  8.62507969e-02
  3.50790843e-02  1.03808939e-02  1.00438064e-02 -2.67500756e-04
  2.73313355e-02  2.28786133e-02  8.17812141e-03  3.80947068e-02
  3.06647364e-02  4.22502235e-02  2.73125693e-02 -7.60690123e-02
 -2.01742910e-02 -5.72804222e-03  4.50366475e-02  3.51356319e-03
 -1.31529449e-02 -6.73169829e-03 -5.14187999e-02  3.61228101e-02
 -1.76814944e-02 -2.02717092e-02  1.26641020e-02  3.87842469e-02
 -3.12605426e-02  1.26519101e-03  3.68966125e-02  8.08306634e-02
 -6.13256823e-03  6.13006949e-02 -2.71131843e-02 -6.12622313e-03
 -3.81284170e-02  1.21152475e-02  1.29991584e-02  1.12178670e-02
  4.63687349e-03  3.01156915e-03  6.86217397e-02 -2.49120016e-02
  2.29125824e-02  2.17822678e-02  2.74810530e-02 -5.24914265e-02
  1.96577841e-03  2.15634666e-02 -4.52294201e-02 -1.49070276e-02
  3.85549851e-02 -6.80400804e-02 -5.91573380e-02 -2.29642708e-02
 -1.21768443e-02  7.46658966e-02  1.55370412e-02 -8.59907363e-03
 -3.94102298e-02  3.50930542e-02 -2.81563252e-02 -3.02299741e-03
 -4.66537662e-03 -1.15216970e-02  1.30917355e-02 -8.63082893e-03
  2.14912314e-02  6.15174845e-02 -4.37150756e-03 -2.21263617e-03
  1.04119144e-02  1.11850835e-01 -4.18561287e-02  1.13193756e-02
  3.10536660e-02 -1.42798349e-02 -1.25968689e-02 -1.98868662e-02
  1.61864795e-02 -7.15249730e-03  2.60307193e-02  6.33177860e-03
 -7.81797164e-04  1.08445166e-02  4.61390940e-03 -3.83806750e-02
  3.66383791e-03  1.04431659e-02 -2.38201302e-02 -8.57566111e-03
 -3.22475694e-02  1.08295092e-02  3.08723357e-02  3.25011052e-02
  2.09771991e-02  1.58730280e-02  1.06262742e-02 -5.64510822e-02
  5.83867095e-02 -2.14430392e-02  7.73964971e-02  3.29029113e-02
  2.42719278e-02 -7.64963627e-02  3.69001999e-02 -1.36793852e-02
  1.86012406e-02  2.29503866e-02 -1.58828236e-02  3.09887598e-03
 -3.90471630e-02  5.07785976e-02 -3.36856954e-02  4.01941054e-02
 -2.55242027e-02 -2.48561725e-02  4.91980882e-03  7.44412979e-03
 -4.10977304e-02  5.94925694e-02  8.92472416e-02  1.99178956e-03
  1.93153638e-02 -5.61693236e-02 -5.17553389e-02  9.86443236e-02
  2.49522869e-02 -7.03135431e-02  2.81499363e-02  2.89101023e-02
 -3.26431878e-02  4.31033745e-02  1.99127495e-02 -9.53842476e-02
 -3.52780893e-02 -3.95558169e-03 -1.94196701e-02 -4.22635041e-02
  8.75988454e-02  7.44383559e-02 -1.82379521e-02 -1.86782610e-02
  1.63672101e-02 -7.28577329e-03 -6.09926432e-02  3.30772018e-04
  2.75381971e-02 -7.36763626e-02  5.18486835e-02  1.33100860e-02
  2.32843924e-02  2.54175775e-02  5.34089170e-02 -4.38968139e-03
 -4.57089096e-02  2.67466269e-02 -5.87289967e-03 -2.95675546e-02
 -1.96971390e-02  2.33878158e-02  1.16127888e-02  2.37999540e-02
  1.70929860e-02 -1.33646335e-02  4.42721415e-03 -3.90174612e-02
 -3.06778103e-02  4.86209206e-02  8.26746002e-02 -2.80688368e-02
  9.06011090e-02  6.74248859e-03 -3.05424239e-02  2.90367920e-02
 -3.95552590e-02  2.63350811e-02  4.94277366e-02  3.06172781e-02
 -1.70153454e-02  3.32065560e-02 -3.70909683e-02  2.36613695e-02
  9.26788598e-02  9.71598998e-02 -3.09555582e-03  1.08095342e-02
 -3.96608412e-02 -2.43111188e-03  5.48497327e-02  2.39343289e-02
 -1.64694916e-02  3.54040451e-02  6.10947050e-03 -3.90596278e-02
 -5.53506352e-02  4.55475226e-02  1.40951923e-03  1.14659518e-02
  2.55176742e-02  3.00612431e-02 -1.43640945e-02 -5.29259890e-02
  2.16203686e-02 -8.44719913e-03  3.32001643e-03  9.98885930e-02
 -4.89698350e-02  2.25952901e-02  1.66335590e-02 -3.61113576e-03
  5.14827296e-02 -6.77404180e-02  7.06237042e-03  1.55239115e-02
 -1.26164909e-02  3.08926636e-03  2.06278712e-02  1.89743785e-03
  9.38854646e-03  1.84147526e-02  1.67644247e-02 -9.19581484e-03
  2.64413208e-02  4.13351879e-02  5.06622065e-03 -7.40634184e-03
  4.22845362e-03  3.63008939e-02  2.70488076e-02  3.36904079e-02
  1.40786283e-02  2.56400593e-02  1.37715470e-02 -2.89944001e-02
  1.16445953e-02 -9.18252841e-02  5.02841435e-02 -1.89791452e-02
  2.21880842e-02 -2.02768203e-03 -4.38366942e-02  1.86705887e-02
 -4.41416651e-02 -5.91472238e-02 -6.93334937e-02 -5.69023006e-02
 -2.79444214e-02 -5.25539704e-02 -1.86242070e-02 -3.76902744e-02
  1.27698695e-02  2.47360487e-02 -7.71307573e-03 -5.67877945e-03
 -1.54501712e-02 -1.77439433e-02  4.36672345e-02  5.16264476e-02
  3.26865651e-02  3.65618765e-02  1.67027544e-02 -1.39778098e-02
 -8.20185840e-02  2.54218373e-02  2.84855650e-03  4.90650348e-02
  4.12938278e-03 -5.48154190e-02 -2.19826009e-02  6.63915696e-03
 -1.01792719e-02  1.50492601e-02 -2.53759902e-02 -1.48127591e-02
  3.62569280e-03 -5.82287461e-02  2.92895250e-02 -4.48637232e-02
 -2.43696608e-02  3.44043151e-02 -1.37683451e-02 -1.95515081e-02
  1.10541657e-03  2.95275287e-03 -3.63218300e-02 -3.33809815e-02
 -5.20611927e-03 -5.49586117e-02 -4.11607441e-04 -3.01534086e-02
  3.47006470e-02  4.06643096e-03  2.86243460e-03  3.67482640e-02
 -1.56888980e-02  2.41094381e-02  4.69344668e-02  1.13504669e-02
  1.62176345e-03 -3.23150195e-02  2.36021988e-02  2.59471163e-02
 -1.11605771e-01  9.28892381e-03 -9.72771421e-02 -2.08747433e-03
 -2.16454547e-02 -1.11600552e-02  1.86154880e-02 -3.49371843e-02
  6.91235811e-02  8.15110728e-02  3.36591788e-02  1.14090936e-02
 -2.92346813e-02  1.90443918e-02 -2.22654212e-02  4.30798531e-02
 -4.64934222e-02  2.42678984e-03  2.15557329e-02  2.59966520e-03
 -6.31178776e-03 -6.23312080e-03 -1.53848259e-02  6.28706207e-03
  2.48917378e-02 -6.12784922e-02  5.39591387e-02 -1.53583074e-02
 -5.55550568e-02 -4.22083922e-02  3.82600166e-02 -6.99750558e-02
  4.88231853e-02  2.11642552e-02  1.19786020e-02 -2.52697356e-02
 -1.04300072e-02  5.07002920e-02 -1.27172600e-02  3.27136703e-02
  2.24801581e-02  8.21484905e-03 -3.66547517e-02  1.70003399e-02
 -1.79841146e-02 -3.13360542e-02  8.37430358e-02  6.55607553e-03
 -3.48548144e-02 -2.47939620e-02  7.26180524e-02  7.93889817e-03
  2.17724475e-03  2.45798454e-02 -2.84754466e-02 -2.31370814e-02
 -4.88640275e-03 -1.55126909e-02 -3.66950259e-02 -3.44502702e-02
  1.63456183e-02  7.54789487e-02  2.07627565e-02 -1.26773696e-02
 -3.81945483e-02  6.19760063e-03 -2.53294781e-02  1.43601475e-02
  2.56714877e-02  4.95309122e-02 -3.38899083e-02  3.23555805e-02
 -9.52807348e-03 -1.63005125e-02 -3.25277308e-03 -1.28654325e-02
  2.30054911e-02 -8.16008076e-02  4.66245860e-02 -1.26785124e-02
  3.03691383e-02  1.44097805e-02  1.06443921e-02  2.77193114e-02
 -2.72131339e-02 -3.24548855e-02  2.80647026e-03  1.79886743e-02
 -9.29371733e-03  3.03849410e-02  9.44801141e-03  1.91020593e-02
 -4.19317465e-03 -8.68662000e-02 -1.35220997e-02 -3.87585536e-03
  2.17060447e-02  1.43760154e-02 -1.41480947e-02  1.25322761e-02
 -3.57087366e-02 -9.68520418e-02  2.54905745e-02 -9.25855245e-03
  2.54781209e-02  2.81116441e-02  1.51207894e-02  9.77439922e-04
  1.63778272e-02 -7.35623762e-02 -1.93801068e-04  3.24291065e-02
 -1.66001671e-03  2.99954619e-02  3.32706124e-02 -8.55151471e-03
 -2.10552160e-02  4.60238419e-02  3.77286896e-02  4.08143885e-02
 -3.47515605e-02 -2.31995657e-02 -1.53223630e-02  2.40128133e-02
 -2.65368912e-02  2.37713940e-02  1.26603304e-03 -1.39344428e-02
  7.30731466e-04  6.09915890e-03 -7.06867222e-03 -3.94274853e-02
 -1.39884483e-02 -5.74662723e-02  6.76377956e-03  7.24880025e-02
  4.67870086e-02 -8.44493159e-04 -5.91776744e-02  3.65351550e-02
  3.53834219e-02  2.84787435e-02 -4.38955612e-02  4.73996848e-02
 -2.61697881e-02  2.18481123e-02 -2.21201908e-02  2.37964354e-02
 -6.04647137e-02 -1.89944785e-02  1.78692155e-02  3.33399735e-02
  2.45596142e-03  4.60723415e-02 -2.74776705e-02 -4.17296216e-02
  6.16339035e-02 -5.76852597e-02  5.90404384e-02  3.61409411e-02
 -5.26467152e-02 -4.43423055e-02  2.10023969e-02 -1.48554742e-02
 -1.77826546e-02 -8.34304374e-03  3.18802074e-02 -1.86734609e-02
 -5.23932502e-02 -2.51457505e-02  2.19386909e-02 -1.40499445e-02
  2.16693375e-02  5.68279158e-03 -7.26647377e-02 -1.68056004e-02
 -1.92669835e-02 -2.38654427e-02 -3.46537516e-03 -2.42503658e-02
  1.68237798e-02 -4.77881916e-02 -1.28518017e-02 -4.85485420e-03
 -1.10768592e-02  1.10321119e-02 -9.90665797e-03  3.46496864e-03
  1.57205500e-02  1.86279925e-04  1.47529831e-02 -3.17262337e-02
 -3.26603353e-02 -4.35114140e-03  8.64067115e-03  3.19911949e-02
 -6.29942045e-02 -1.99661236e-02 -4.86211926e-02 -5.62546670e-33
  9.36151110e-03 -6.64707199e-02  4.39444892e-02  7.89025892e-03
  1.49706742e-02  3.94551568e-02  1.77814427e-03 -6.17242511e-03
 -9.63907782e-03 -1.63309891e-02 -3.41049163e-03 -1.49404360e-02
  2.98636127e-02  3.53208780e-02 -2.58760042e-02 -2.08179150e-02
  5.56303712e-04 -7.57111702e-03  2.31024697e-02 -8.72385278e-02
 -4.95890044e-02 -2.12161299e-02 -1.34229008e-02  7.04143792e-02
  1.03496216e-01 -1.56423934e-02 -5.65952547e-02 -1.46315349e-02
 -1.97283016e-03 -1.25452532e-02 -2.52203625e-02 -2.67793126e-02
  1.16692092e-02 -9.04884841e-03  4.60240385e-03  7.34760985e-02
 -5.88572808e-02  1.03603974e-02 -7.95420259e-02 -1.84153914e-02
 -6.61362484e-02 -4.08184491e-02 -1.97147280e-02  9.31993127e-03
 -3.23716253e-02  5.62554486e-02 -3.23953778e-02 -2.13602632e-02
 -5.67204785e-03  3.93600063e-03 -8.50775093e-03 -2.45756619e-02
 -1.81119256e-02  1.18928097e-01  1.47888493e-02  6.08160123e-02
 -8.83494140e-05 -2.70581525e-02 -3.73451933e-02  5.04587451e-03
  2.92171016e-02  1.21449726e-02  2.80127767e-03 -5.61894700e-02
 -1.09955929e-02 -1.55578600e-02 -4.91953343e-02 -8.49430487e-02
  2.03241911e-02 -3.05293314e-02 -1.05269682e-02 -1.59509722e-02
  3.18164341e-02  2.84780040e-02  1.58489333e-03 -6.66095642e-03
  9.26035049e-04 -3.33319195e-02  1.79015845e-02 -4.26800661e-02
  4.55155270e-03  1.13492794e-02  1.94930322e-02 -1.93108581e-02
 -3.22928578e-02 -8.05975720e-02 -4.15160209e-02 -2.17379481e-02
  3.74022052e-02 -1.90293957e-02  2.95661557e-02  1.18481657e-02
 -2.30608825e-02  6.78299665e-02 -1.87545717e-02 -5.77655993e-02
  6.28150254e-02 -7.89262261e-03 -4.88443999e-03 -2.44866777e-02
 -2.09859870e-02 -1.65906735e-02 -1.67174302e-02  4.66299653e-02
  2.72902340e-04 -8.33196624e-04  7.00181630e-03  9.39448737e-03
 -3.93213294e-02  3.60149555e-02  1.75854936e-02 -3.49486582e-02
 -4.80713462e-03  3.24783996e-02 -1.81277785e-02 -6.07529916e-02
  1.69484038e-02 -2.26588920e-02 -1.41942911e-02 -3.65862027e-02
  1.50503945e-02  4.51488718e-02 -4.32571918e-02 -1.35748480e-02
  3.67285758e-02  5.32541499e-02 -3.17054093e-02  1.97452884e-02
  4.21094410e-02  1.62660074e-03  2.76775863e-02 -3.41704376e-02
  2.01541354e-07  4.97096917e-03  4.00434621e-02 -2.79980060e-03
 -2.54980326e-02 -1.82555579e-02  2.08434882e-03  2.32202895e-02
 -1.40173091e-02  2.59878975e-03  5.68332747e-02  6.13395758e-02
 -1.33696226e-02  8.61406699e-03  4.69298437e-02 -1.95534267e-02
 -3.59270945e-02 -2.49428097e-02  1.11002298e-02  1.98631268e-02
 -4.32030149e-02  2.34686118e-02  1.09005775e-02  2.02867407e-02
  1.10518122e-02 -2.54905205e-02  3.74517776e-02  9.82464012e-03
 -3.19413878e-02  2.17126869e-02 -1.00650564e-01 -3.66251394e-02
 -4.56178235e-03  4.42938283e-02 -6.24104440e-02 -7.99330883e-03
 -9.36581939e-02  3.36103351e-03  4.73335721e-02 -1.00910095e-02
  9.68937669e-03 -2.69374009e-02 -7.24800862e-03 -3.54325995e-02
  9.17238183e-04 -2.79659545e-03 -8.15603212e-02  8.72175023e-03
  9.78937000e-02  5.39285727e-02 -9.62265022e-03  9.19770915e-03
 -2.09801458e-02 -1.02842767e-02  3.51879327e-03  1.80973839e-02
  3.86639759e-02 -2.70163119e-02 -2.87176599e-03 -1.72594190e-02
 -3.36241387e-02  1.28913932e-02 -1.00448886e-02  1.05609866e-02
  3.69416401e-02 -6.52675778e-02 -9.15960409e-03 -9.45513416e-03
  1.54605620e-34 -1.86878927e-02  2.04961840e-02 -1.90352034e-02
 -3.67509201e-02  1.27966097e-02 -5.40315323e-02 -9.67840292e-03
 -4.61398214e-02  3.53797600e-02 -2.85908468e-02 -2.67919675e-02]"
Food_systems,"Food production, distribution, market linkages, and consumption ecosystem analysis and strengthening.","[ 3.31566595e-02  4.20057513e-02 -4.60288189e-02 -2.52830534e-04
  4.10329252e-02 -2.39565177e-03 -6.92444248e-03  7.59219343e-04
 -9.88186710e-03 -6.35340158e-03  3.64248306e-02  6.39184341e-02
  4.73154746e-02  4.61067595e-02  4.23561409e-02 -2.63192225e-02
  5.69965094e-02  2.97068842e-02 -5.47502972e-02  2.58428268e-02
 -1.00677675e-02  2.72265775e-03  3.25783603e-02 -6.85746595e-03
 -3.51704396e-02  3.57471183e-02 -1.17936917e-02  5.69853708e-02
 -3.21039222e-02 -2.36529950e-02 -2.01838948e-02 -1.49535602e-02
 -6.14007050e-03 -2.74661407e-02  1.55498878e-06  1.07800290e-02
 -5.47063239e-02  2.11570617e-02 -1.01260900e-01  3.37514207e-02
  2.26681177e-02 -1.42901624e-02 -1.60684809e-03 -8.47097719e-04
  1.85756739e-02 -2.58756056e-03  1.37489019e-02 -4.76849787e-02
 -1.32178823e-02 -2.34901961e-02  1.62088256e-02 -8.89798254e-02
 -2.28155814e-02  1.08920084e-02 -8.62150937e-02  1.86722875e-02
  2.96874586e-02  1.87042393e-02 -5.00985747e-03  9.05713905e-03
 -2.77553629e-02  1.55064315e-02  3.75727229e-02  1.11408150e-02
  5.49625345e-02  6.76139817e-02  2.00038068e-02 -5.65276593e-02
 -1.53640192e-02  3.98409255e-02  6.74163103e-02  8.50833766e-03
  2.70824321e-02  1.55076515e-02 -1.08396076e-02  5.47154285e-02
  6.84419065e-04  2.17245668e-02  4.18699309e-02 -2.01308448e-03
  3.61184105e-02 -1.51565429e-02  8.03378969e-03  2.17123553e-02
 -2.73766555e-02  1.25972345e-01 -3.68984267e-02  1.13631962e-02
 -6.41312078e-02 -4.22785468e-02 -3.81958112e-02  1.35476636e-02
  1.83729436e-02  2.56454740e-02 -6.38925983e-03 -1.06658908e-02
  5.22507690e-02 -2.05903724e-02  1.62438508e-02 -3.82623300e-02
 -8.06135237e-02  1.68300178e-02 -2.42939126e-02 -4.55075875e-02
  2.08826526e-03 -1.21014705e-03 -6.30074590e-02  6.89735916e-03
  5.46647003e-03  2.40167398e-02 -3.34590743e-03 -4.58243489e-02
 -2.08013989e-02 -1.66210607e-02 -9.34131816e-03  1.02486005e-02
  2.39161775e-02 -8.82150326e-03 -1.20998668e-02 -4.27658074e-02
  1.94746181e-02  7.92009085e-02  1.11135822e-02  2.88569368e-02
 -3.66828106e-02  7.42196366e-02 -6.73481002e-02  3.18755731e-02
  2.90030167e-02  5.96239697e-03 -1.35642709e-02 -1.64863691e-02
  4.22864640e-03  7.02496339e-03  1.77697912e-02  1.30496044e-02
  2.07387712e-02  2.53559127e-02 -5.82868829e-02 -3.38145830e-02
 -1.87867712e-02 -2.57741064e-02 -5.20269424e-02 -1.43375648e-02
  1.44469198e-02  6.10404415e-03  6.60581067e-02  5.13549596e-02
 -3.96510324e-04  5.24307564e-02 -4.48315740e-02 -4.65016514e-02
  5.46300262e-02  4.11354471e-03  3.18470746e-02  1.71025284e-02
  5.78013286e-02 -5.27223349e-02  3.78759168e-02  1.53943757e-02
 -9.84092709e-03  4.48127016e-02 -3.35132852e-02 -4.26630490e-02
 -2.63287872e-02  5.52062271e-03  5.58388047e-03  7.63475616e-03
 -6.09470867e-02 -4.03466001e-02  4.34609392e-04  1.98012702e-02
 -6.90188073e-03  2.92753149e-02  5.88348992e-02 -4.30320762e-03
  1.64542552e-02  2.44399812e-03 -1.44447573e-02  4.78590876e-02
 -4.55926843e-02 -1.02650346e-02  2.06894856e-02  1.18803093e-02
 -3.32470462e-02  2.61711739e-02 -3.33319977e-02 -3.14893015e-02
 -3.32061597e-03 -1.78545434e-02  3.27980667e-02  3.04003228e-02
  7.29693100e-02  1.07348124e-02  4.47564460e-02 -8.32953199e-04
 -9.23098251e-03  1.11857345e-02 -2.49416921e-02  1.69245841e-03
  5.32070473e-02  8.26845132e-03  7.01542795e-02 -3.57336625e-02
 -2.50113290e-02 -1.14918649e-02  2.18383037e-02  2.20138617e-02
 -7.99374189e-03  5.81713067e-03 -5.49983270e-02 -1.43055129e-03
 -3.99003327e-02  3.93509455e-02  1.93164703e-02  3.20441974e-03
 -1.99577902e-02 -2.55078897e-02 -2.76904833e-02  8.48904159e-03
  4.75323293e-03  1.19472397e-02  9.38143507e-02 -1.26593821e-02
  1.88255943e-02  7.42301047e-02 -5.14378659e-02  1.76689886e-02
 -4.50764745e-02  5.02124466e-02  4.38129194e-02  3.89202908e-02
  1.70319285e-02 -2.31086016e-02 -3.33214663e-02  4.23335955e-02
  7.31182843e-02  7.77408406e-02  1.28558278e-02 -3.09761837e-02
 -4.17700596e-02  2.43606977e-03  5.84896728e-02  2.09371615e-02
  5.25334664e-02  3.61160263e-02 -9.31586418e-03 -2.62075346e-02
 -1.90849490e-02  2.79352181e-02  2.74099596e-02 -1.52245164e-03
  1.57234073e-02 -8.62275716e-03 -2.11323313e-02 -9.15382281e-02
  1.76088344e-02  3.47513035e-02  2.30471864e-02  1.16401725e-01
 -7.42122978e-02 -1.70213319e-02 -3.58699448e-02  8.26316979e-03
  7.64236003e-02 -3.39538418e-02  4.21426110e-02  2.26938445e-02
  7.85422921e-02 -4.70262803e-02  6.02253899e-02  1.25402063e-02
 -3.90530974e-02  2.20218208e-02  6.64076284e-02  4.04138975e-02
  6.62770271e-02 -1.63242016e-02  2.65295729e-02 -2.75825057e-02
  3.39807048e-02  1.08323898e-02  3.66554484e-02  5.25241904e-02
  1.54365285e-03  2.95639541e-02 -8.01788876e-04 -9.25831422e-02
  3.11219729e-02 -9.68883336e-02  1.59151629e-02 -2.34586261e-02
 -1.25962021e-02  1.50892849e-03 -6.25391528e-02  3.29069607e-02
 -7.90300220e-03 -1.19125709e-01 -3.14862803e-02  1.53491823e-02
  2.70061884e-02 -3.53584625e-02 -2.59128828e-02  2.86047701e-02
  6.76078768e-03  2.84362230e-02 -1.18246553e-02 -2.96086632e-02
  1.62212104e-02 -1.43304216e-02  4.72555533e-02  2.41642911e-02
  1.53518403e-02  1.84825864e-02  1.64942928e-02  4.91323648e-03
 -2.06625219e-02  3.76165584e-02  1.31532992e-03  2.74170619e-02
 -3.92115861e-03 -5.12143075e-02 -5.49685284e-02 -2.19335733e-03
  9.61270835e-03 -1.66672058e-02 -4.69281338e-03  2.66723484e-02
 -4.44423482e-02  1.95966866e-02 -3.67071778e-02 -5.91773614e-02
 -2.13341974e-02 -1.40887713e-02  4.63828743e-02 -3.71437185e-02
  1.90210044e-02 -1.87066644e-02 -1.10384328e-02  8.68509524e-03
  1.63018685e-02 -1.10773677e-02 -3.27179246e-02  4.31652665e-02
  8.12230166e-03  1.15493750e-02  6.98341578e-02 -2.04979419e-03
  1.85152479e-02  2.34357845e-02  3.02532688e-02 -6.23282976e-02
 -3.45882364e-02 -2.49847732e-02  1.35752577e-02  5.62824197e-02
 -3.37273367e-02 -1.76760182e-03 -2.74735149e-02  5.06575778e-03
  2.73402296e-02 -1.38034606e-02 -4.49887291e-03  2.21102983e-02
  4.66196872e-02  3.35605778e-02  1.26757659e-02  2.36100331e-02
  5.76980077e-02  3.70451505e-03 -6.06334545e-02  6.66872486e-02
 -2.07486693e-02  4.31443192e-02  4.90514189e-03  5.96164502e-02
  3.93462926e-02 -2.27471627e-02 -5.15154526e-02  1.92488935e-02
  6.83537871e-02 -8.25415645e-03  5.26973456e-02  2.01757369e-03
 -3.46845426e-02 -5.80736175e-02  1.00819673e-02 -9.26626399e-02
 -5.86962188e-03  1.98307578e-02 -2.12019607e-02 -7.70725906e-02
 -4.35392782e-02 -2.86323624e-03 -2.77802963e-02 -1.26060871e-02
  1.20141860e-02 -1.70444958e-02 -1.16692660e-02  2.25195866e-02
  1.73941385e-02  4.57687862e-03  3.76963466e-02 -3.17799076e-02
 -6.43235594e-02  4.73654317e-03  4.72368933e-02  3.09170373e-02
 -3.56837846e-02  3.87663208e-02 -2.31480431e-02 -1.85582899e-02
  1.14373295e-02  5.00046834e-03  1.73527580e-02 -1.54690975e-02
 -8.75769125e-04  1.80512236e-03 -1.92373935e-02  4.21867659e-03
 -4.33552563e-02  3.01411916e-02 -2.11524088e-02  3.24710980e-02
 -3.35107744e-02  5.05253710e-02  3.57242790e-03  8.59330129e-03
  8.13107705e-04  3.05841751e-02  4.70893197e-02 -1.75981186e-02
 -4.16641347e-02 -1.09615535e-01 -4.41513732e-02  4.89524454e-02
  8.69993418e-02 -2.00079940e-02  2.07458753e-02  2.36587394e-02
  7.37400502e-02  1.12329982e-02  3.22930478e-02 -2.75162216e-02
  4.62903306e-02  2.70325392e-02 -5.19072711e-02  4.26078364e-02
 -2.91158706e-02 -1.12156495e-02  1.23742651e-02  4.24729586e-02
 -3.89716998e-02  5.47674336e-02 -1.47173675e-02  1.03709623e-02
 -1.67800579e-02 -1.73004474e-02 -2.87204757e-02 -4.16069143e-02
  2.72968300e-02  1.31282536e-02  4.68532043e-03  3.64511348e-02
 -8.79765768e-03 -1.20629687e-02  5.92426471e-02 -2.60126088e-02
 -4.93511092e-04 -2.83770612e-03 -3.21948677e-02 -5.10258041e-03
 -9.78090242e-03  3.44555490e-02  1.26037728e-02  9.64075513e-03
  2.53888387e-02 -1.80843305e-02  6.76356116e-03 -2.44733319e-02
 -2.90303435e-02 -1.34076495e-02 -5.28369891e-03  8.01033992e-03
  2.12311279e-03 -1.02690049e-02 -5.09672686e-02  1.18161761e-03
  6.85855793e-03 -1.61751807e-02  1.76171251e-02  2.18529813e-02
 -1.21076626e-03 -6.02554763e-03 -2.51144879e-02  2.81985719e-02
 -1.63840130e-02 -2.05240119e-02 -3.53232734e-02 -5.05050586e-04
 -4.91588004e-02  1.90135017e-02  4.72148741e-03 -9.95160043e-02
 -1.70995425e-02  1.24238217e-02  6.47029430e-02  1.62196644e-02
 -5.77257806e-03 -5.01181260e-02 -4.09892201e-03  2.68264823e-02
  8.32780749e-02 -5.06792255e-02  2.92481426e-02  1.80838648e-02
 -2.56390925e-02 -5.78069687e-02  2.91328914e-02 -3.25625241e-02
 -9.59636644e-03 -4.66753878e-02  4.63114567e-02 -3.37590650e-02
 -4.66219299e-02 -2.76426785e-02 -1.82551630e-02 -1.15001015e-02
  3.55866998e-02  3.15046199e-02  3.94520015e-02 -1.94054488e-02
 -1.54752228e-02  1.73611753e-02  5.51310461e-03  2.77236886e-02
 -3.22278664e-02 -2.74095703e-02 -9.48749855e-03  2.02353448e-02
 -1.57066733e-02 -5.36414459e-02 -4.12870720e-02 -6.41674688e-03
  2.67195031e-02  3.80189642e-02 -2.98226755e-02 -7.76215792e-02
 -2.39230823e-02 -1.41911069e-02  1.18042482e-02 -3.43394950e-02
 -1.23556748e-01 -2.07847357e-02  2.59806253e-02 -5.06277960e-33
 -2.69809142e-02 -9.97378454e-02  3.91348079e-02 -1.14431547e-03
 -3.79423499e-02 -3.18165426e-03  4.57740063e-03 -1.65367518e-02
  1.06056232e-03 -1.35341529e-02  1.96902137e-02 -3.89507487e-02
  1.61691085e-02  3.53261828e-02 -3.03942934e-02 -2.02538893e-02
 -6.45708069e-02  4.18651849e-03  1.15705915e-02 -5.80845810e-02
 -3.27974260e-02 -3.33184400e-03  1.92882344e-02  4.81080227e-02
  4.34461236e-03 -3.36017422e-02 -3.86804231e-02  6.98273862e-03
 -2.54537240e-02  6.36921916e-03 -4.59497515e-03  6.47773817e-02
  5.37948012e-02 -8.07177350e-02 -1.74452476e-02  3.26566049e-03
 -3.07911839e-02 -2.26998907e-02  1.32846367e-02 -5.35028912e-02
 -5.57255261e-02 -4.97779734e-02 -1.23581216e-02  7.07118660e-02
  4.45152409e-02  4.17921394e-02  2.06906293e-02 -4.93484316e-03
  6.60671853e-04  2.25459803e-02  2.21059173e-02  1.55588286e-02
  1.39135867e-02  5.39371334e-02 -8.49792548e-03  1.08728200e-01
  3.75648262e-03  2.75066905e-02  4.88186674e-03 -6.43279031e-02
 -2.06789766e-02  5.38813043e-03 -6.39428338e-03  2.91047301e-02
  3.98193486e-02  1.34582035e-02 -1.01936422e-01 -4.33967859e-02
  5.57292029e-02 -5.79160154e-02 -2.12000981e-02 -1.65631939e-02
 -2.75657792e-02 -5.35804890e-02 -6.80004582e-02 -4.25414406e-02
 -1.48523077e-02  3.30796652e-02 -1.80280320e-02 -5.34826368e-02
 -3.92108113e-02 -4.33429033e-02  6.17493801e-02 -1.03193289e-03
 -6.16766773e-02 -4.60085180e-03 -3.31145413e-02  4.48802002e-02
  3.39437053e-02 -2.05423596e-04 -2.32710261e-02  3.55559285e-03
 -1.62940659e-02  1.84423476e-02 -1.53723527e-02 -3.87484543e-02
  1.46947661e-02 -4.71444726e-02 -5.68929082e-03  9.26041882e-03
 -2.97232680e-02  1.38431033e-02 -3.16097178e-02  6.48527220e-02
 -2.90956572e-02 -2.16636565e-02 -4.95515503e-02 -1.28759083e-03
  2.70557459e-02 -9.18515492e-04  4.54695299e-02 -1.88401584e-02
  1.42965475e-02  1.28513817e-02 -3.45171876e-02 -1.71767510e-02
  1.01850578e-03  1.44596035e-02  1.95587836e-02  1.89730749e-02
  3.32046300e-02 -1.16245877e-02 -2.79703047e-02 -4.88870926e-02
  2.89081177e-03  2.30008792e-02  2.58975979e-02  1.04912091e-02
 -4.68848757e-02 -2.35048011e-02  7.29208114e-03 -2.02771034e-02
  2.21181594e-07  4.35041487e-02  6.54489128e-03 -3.89964180e-03
 -8.73183366e-03 -1.04638226e-02 -2.32396796e-02  2.66159084e-02
  4.87458669e-02 -7.08636642e-02 -4.48068678e-02  3.93263511e-02
 -3.94971259e-02 -1.79161150e-02  2.83973105e-02  6.21617353e-03
  5.41942418e-02 -4.49777469e-02 -3.97130521e-03 -2.21809205e-02
 -4.46146876e-02 -1.46698754e-03 -1.59735866e-02  3.89665226e-03
  5.09549305e-02 -3.55163068e-02  5.24070375e-02  5.42391650e-03
 -2.75407266e-02  3.73491943e-02 -2.97710150e-02  3.74624468e-02
  7.41015747e-03 -1.65570015e-03 -5.29506877e-02 -1.11568058e-02
 -1.47064691e-02 -4.13113572e-02 -1.43421702e-02  8.54633469e-03
  4.48095612e-02 -1.67041663e-02 -3.14804465e-02  3.11003625e-03
 -5.02947234e-02  1.13384286e-02 -6.27435222e-02  3.63745093e-02
  6.44094422e-02  1.21510811e-02  3.34222093e-02 -1.43594062e-02
 -4.44725482e-03  6.69328943e-02  6.07852489e-02 -5.07381894e-02
 -1.32339988e-02  8.79968330e-02 -1.17455609e-02  1.34722004e-02
 -2.01319945e-05 -5.41372709e-02  1.37595052e-03 -2.84693427e-02
  2.66927835e-02 -5.51841408e-03  1.27142183e-02  1.77462175e-02
  1.39684855e-34 -3.07395235e-02  1.51543766e-02  2.57885866e-02
 -3.84135582e-02 -4.08214144e-02  3.01856659e-02 -8.21636915e-02
 -3.94350365e-02 -2.55492446e-03  1.95377436e-03 -1.36771780e-02]"
Logistics_and_delivery_networks,"Storage, transport, corridors, and last-mile delivery operations.","[ 2.18363032e-02  1.48427235e-02 -1.13265421e-02  1.69069320e-02
 -2.23264843e-03  9.70153045e-03  6.19926266e-02  1.53217508e-04
 -8.01757276e-02 -5.16765565e-02  2.44053043e-02 -2.71653701e-02
  8.61448050e-03  2.27054320e-02  4.40297872e-02 -2.02647354e-02
 -2.42728833e-02 -9.17629246e-03 -8.01770836e-02 -3.80204106e-03
 -3.38927209e-02  1.44008715e-02 -6.55826274e-03  4.82050190e-03
 -1.62816159e-02 -8.63409694e-03 -4.10180613e-02  5.79132652e-03
 -3.07464227e-02 -5.39226085e-02  6.60713986e-02 -1.68116111e-02
  5.81760965e-02 -5.39193079e-02  1.44427281e-06 -1.68861523e-02
 -3.37456167e-02  8.79394636e-03 -1.00120991e-01 -1.51528334e-02
  2.89710872e-02 -3.83220986e-02  1.43153844e-02 -1.36525938e-02
  2.75015812e-02 -2.90799644e-02  5.14351465e-02  5.20791300e-03
 -3.44812796e-02  7.30120763e-03  2.30523292e-03  3.12950276e-02
 -7.54697472e-02 -1.31687988e-02 -2.98428629e-02 -6.23381957e-02
  3.84955504e-03  3.40257250e-02  3.62136699e-02  2.86266673e-02
 -2.82721519e-02 -6.23074099e-02  4.70709056e-03  2.38002576e-02
  2.98195239e-02  3.87853682e-02  1.02353375e-02  4.02775966e-02
 -1.19577050e-02 -4.46685310e-03  4.54204269e-02 -4.38527912e-02
  4.86107767e-02  6.65028095e-02 -4.70438302e-02 -7.67569840e-02
  5.22208342e-04 -1.36554670e-02  2.42990572e-02 -1.84095707e-02
 -6.81834072e-02  7.40629286e-02  2.05426607e-02  7.28996918e-02
  2.84283739e-02  1.29984170e-02 -1.40642645e-02 -2.85964403e-02
 -3.84156667e-02  3.74823287e-02 -1.89969782e-02 -5.10450527e-02
  6.40388802e-02 -2.79107448e-02  3.20642889e-02 -7.56843016e-02
  6.57341331e-02  2.68290564e-02  1.81811862e-02 -1.97106712e-02
  1.33492360e-02  2.65018139e-02 -3.18286195e-02  3.28506343e-03
  4.07682033e-03 -1.25344994e-03 -4.19278145e-02  1.36796804e-02
 -5.19035533e-02  2.29634903e-02  2.14828793e-02 -2.87820771e-02
 -6.75881431e-02  4.59233224e-02 -4.33785133e-02  1.51598528e-02
  5.03363321e-03  4.02168445e-02 -7.77860638e-03 -3.71327661e-02
  4.01829965e-02  2.38052309e-02 -1.13320006e-02 -1.70425363e-02
  1.80304032e-02 -7.26953708e-03 -8.97145271e-02  2.74967812e-02
  2.16248631e-02  7.89056346e-02 -1.11583164e-02 -1.80542772e-03
  2.51902826e-02 -8.63318704e-03  2.49704649e-03  1.87158473e-02
  1.00364704e-02 -6.43136539e-03 -6.90170676e-02  1.28088230e-02
  3.21443863e-02 -4.46225032e-02 -7.70188943e-02  3.22702341e-03
  5.12397941e-03  8.90110526e-03 -2.13427860e-02  4.93866578e-02
 -3.94480601e-02  1.53637696e-02 -2.94535700e-02 -4.81029339e-02
  5.38912639e-02 -1.57241970e-02  6.42464235e-02  3.20895459e-03
  3.81541401e-02 -5.84664159e-02  1.62339979e-03  2.92748623e-02
  2.99270600e-02  6.94150152e-03  1.44046079e-03 -2.86764614e-02
 -3.22970636e-02  1.96027644e-02  1.07624372e-02  2.64720004e-02
 -4.57082316e-02  9.66960937e-03  5.96827865e-02 -2.02088933e-02
 -4.93779853e-02 -2.10643327e-03 -2.92163435e-02  5.47799841e-03
  1.19575169e-02 -5.15492335e-02 -2.14311220e-02  1.97094353e-03
 -3.88643406e-02 -5.06211631e-02  1.34598222e-02  5.51536540e-03
  2.59955954e-02  3.35054612e-03  2.95560993e-02  2.21333448e-02
 -1.78859141e-02 -7.11196382e-03 -2.87734065e-03 -1.46224285e-02
  2.90440582e-02 -1.86095405e-02  2.09309198e-02 -4.90591628e-03
 -2.15828568e-02  2.93347798e-02 -7.34417513e-02  2.83756964e-02
 -2.43400913e-02 -2.63811015e-02 -6.64077252e-02  3.70554067e-02
  2.19819229e-02  3.82191837e-02 -6.14788532e-02  3.24763767e-02
  6.35835342e-03 -5.21966368e-02  5.87502047e-02  5.12217507e-02
 -1.25480276e-02 -2.42988691e-02  1.41018014e-02  6.24521598e-02
  4.54479270e-02 -7.26805776e-02 -4.71776687e-02  4.14835736e-02
 -2.38200612e-02 -3.70745957e-02 -1.29962787e-02  4.75316891e-04
  7.22851753e-02  6.61351532e-02 -1.28874416e-02  3.66052389e-02
 -3.63932066e-02  9.17858630e-03  6.87122811e-04  6.51866570e-03
  2.22108681e-02  3.40829045e-02 -3.88601678e-03  5.47706783e-02
  8.75060335e-02  1.81878686e-01  5.74765680e-03  8.18238184e-02
 -2.97289509e-02 -1.50561770e-02  8.80981423e-03 -8.09453521e-03
  2.91191600e-02 -1.82970800e-03 -1.51591040e-02 -1.97020099e-02
  4.70089801e-02  4.07661498e-02 -1.81724373e-02 -1.66456588e-02
  3.92540954e-02 -6.80187531e-03  4.54847552e-02 -1.27985943e-02
  4.03384790e-02  8.76704156e-02  6.41941950e-02  3.74290794e-02
  5.03378808e-02 -3.86522897e-02 -7.45595060e-03  2.19964683e-02
 -2.14163270e-02  9.32897720e-03  1.29294014e-02 -1.14249634e-02
 -5.29169524e-03 -2.14556158e-02  2.25350913e-02 -1.26115968e-02
 -2.61754636e-03 -7.79314898e-03  3.28739062e-02  3.87130193e-02
  1.33593725e-02 -2.48517953e-02 -5.06880023e-02  1.82716958e-02
 -1.16365263e-02 -1.15531981e-02 -2.82559786e-02 -1.71407294e-02
 -1.75744353e-03  5.79806464e-03 -9.18826740e-03 -1.74771603e-02
 -4.95783314e-02 -4.39733155e-02  7.66387908e-03 -1.87347103e-02
  2.86818035e-02 -8.19817334e-02 -3.30761634e-02 -4.27348912e-03
 -2.64016222e-02  2.07792800e-02 -2.98659913e-02 -4.01167339e-03
 -3.04287076e-02 -6.88499361e-02  1.02049401e-02 -1.20578834e-03
 -4.16361429e-02  3.74492332e-02  2.46516615e-02 -1.36176413e-02
 -4.10417728e-02  1.73772294e-02  5.11226207e-02  2.06266362e-02
 -2.91254744e-03 -3.57338227e-02  1.62196644e-02 -4.13103215e-02
 -7.21362745e-03  9.01785307e-03 -1.29341548e-02  1.47006065e-01
  1.43807949e-02  5.39119951e-02 -1.20845968e-02 -9.92337614e-03
 -4.83212899e-03 -1.74097274e-03  1.96664445e-02  9.05428489e-04
 -8.07025004e-03 -3.48902941e-02  9.65112075e-03 -4.90936264e-02
 -4.69095856e-02  4.95338440e-02  3.58105749e-02 -4.48968150e-02
  7.80847808e-03 -7.01544359e-02 -7.23551400e-03 -1.50604313e-02
  2.96693742e-02 -5.36687374e-02  3.27083170e-02  5.75643405e-02
  4.80760373e-02 -2.16896739e-02 -7.65043590e-03 -6.07296415e-02
 -3.06131653e-02  1.39251724e-02  7.76557671e-03  6.97023347e-02
 -3.53385992e-02 -9.17663332e-03 -2.38213204e-02  4.44947556e-02
 -1.08706821e-02  4.45331782e-02  4.13165763e-02 -1.38888310e-03
 -3.45228612e-02  3.79805756e-03  1.20968362e-02 -5.23802899e-02
  2.10452955e-02  5.09020463e-02  5.06826267e-02  2.54464988e-02
 -1.19218824e-03  3.17234918e-02 -1.15449131e-02 -6.52567064e-03
 -3.55640277e-02 -5.33132926e-02 -1.55308284e-02  3.10992431e-02
  3.95628326e-02  5.24493419e-02 -1.90897903e-03 -3.60214594e-03
  3.17294411e-02 -1.22574158e-02  5.26192524e-02  3.35575431e-03
 -1.69445947e-02 -3.34584676e-02 -5.88208102e-02 -6.78072423e-02
  2.00677533e-02  5.36101460e-02 -3.00407223e-03  3.56068625e-03
 -2.65796147e-02  3.05532105e-02 -1.17555941e-02  2.84098904e-03
 -2.78893113e-02  2.17220909e-03  1.15531255e-02 -2.15446316e-02
  5.76945059e-02 -2.94159949e-02  3.63591202e-02 -2.21618339e-02
 -6.42257137e-03 -3.10707763e-02 -2.30410639e-02 -2.04098970e-02
  2.77868868e-03 -2.02013105e-02  2.27240715e-02  3.75373289e-03
  9.62227583e-03  3.51423137e-02  2.83321855e-03 -2.22854987e-02
  2.28972454e-02 -6.96604140e-03 -7.07333535e-03 -3.75306793e-02
  1.56178884e-02 -4.10620570e-02  2.56367661e-02 -3.22256275e-02
 -1.99534595e-02 -2.07491741e-02  5.51934429e-02 -4.59094048e-02
 -2.70002540e-02 -9.49100405e-02  9.90053918e-03 -4.84521315e-02
 -4.36286740e-02  3.45858634e-02  2.22098138e-02  2.06675958e-02
 -2.59007663e-02 -4.42580543e-02 -7.28385663e-03  2.90018739e-03
 -3.97639312e-02  1.40261662e-03  5.52715324e-02 -3.66053544e-02
  1.87037641e-03 -7.10355416e-02 -4.01474833e-02 -2.62640603e-02
 -5.46532758e-02  1.27983158e-02  2.63810456e-02  3.15989405e-02
  4.57008667e-02 -5.09421155e-03  1.62493698e-02 -9.51186568e-03
 -2.45474130e-02 -3.29323038e-02 -2.57426035e-02  2.23562047e-02
 -1.41500831e-02  4.62600701e-02 -1.56029873e-02  9.56873782e-03
  5.39930910e-03 -5.53560406e-02 -2.73451470e-02 -7.39945844e-03
  1.45898741e-02 -2.06217375e-02 -3.86180170e-02  1.35901161e-02
 -2.54569948e-02  9.62052669e-04  4.15003896e-02  1.64536592e-02
 -4.39126715e-02 -1.28133297e-02  7.64199882e-04  5.15010953e-03
 -3.21914628e-02 -5.40558295e-03  3.04877684e-02  6.28929632e-03
 -5.38844103e-03  1.31482407e-02 -3.43521475e-03  3.37831192e-02
  2.25249119e-02  1.91162080e-02 -4.54528518e-02  1.59428213e-02
 -3.52763683e-02  7.89456442e-02  8.16727653e-02  4.23710383e-02
  8.74022841e-02 -2.24450734e-02  1.01153401e-03 -1.32736703e-02
 -1.52689973e-02  5.42206615e-02  9.22702160e-03 -6.43698052e-02
 -9.16322134e-03  5.93232960e-02  2.89742183e-02  2.90756915e-02
  6.86123222e-03  3.81451249e-02 -4.13132310e-02 -4.55210172e-03
 -2.51302253e-02 -5.81105463e-02 -2.78100595e-02  2.61884946e-02
 -3.50694172e-02  2.37297034e-03 -5.95870167e-02 -3.91794965e-02
  3.51422071e-03  5.97314257e-03 -1.00210756e-02  4.28311750e-02
  8.19330066e-02 -6.79203570e-02  5.40645188e-03  2.67288019e-03
 -2.44344603e-02  8.16850550e-03 -4.14242931e-02  6.01827353e-02
 -4.40484956e-02  5.23240073e-03 -5.14692161e-03  2.06862129e-02
  2.60176044e-02  1.44085595e-02  8.81091058e-02  1.17809670e-02
 -4.51042615e-02  6.89247157e-03  7.17222020e-02  2.49352213e-02
  2.54378952e-02 -1.77521873e-02 -1.61081739e-02 -4.20888700e-02
  3.13665755e-02 -1.74898803e-02  1.28593687e-02 -8.36918950e-02
 -3.94795984e-02  3.34101506e-02  4.73505221e-02 -5.72905861e-33
  4.93968837e-02 -1.18268490e-01  2.82290373e-02  1.52984168e-02
 -5.60933352e-02  1.20161846e-02  5.21731097e-03 -2.20337808e-02
 -4.46123537e-04 -4.26595509e-02  6.27096510e-03  1.52596855e-04
  3.39284353e-02  1.44701013e-02  2.57038008e-02  3.52783278e-02
 -3.80313769e-03 -2.07415242e-02 -1.53310839e-02 -4.68385965e-02
 -1.20264841e-02  2.56031249e-02  5.00490190e-03  9.46086198e-02
  3.36151011e-02 -1.50304819e-02 -3.17886844e-02  3.52514982e-02
  6.56454414e-02  6.16545614e-04 -3.23854052e-02 -3.65571231e-02
  1.20278308e-02 -6.33455068e-02 -1.00492844e-02  6.03654198e-02
  2.05158088e-02 -6.69871783e-03 -4.43817722e-03 -2.74739638e-02
 -4.05925252e-02 -4.68745902e-02  9.31511575e-04  2.01488528e-02
 -3.17733623e-02  5.88019192e-03 -5.33622578e-02  9.28500667e-03
  4.50338330e-03  6.04710206e-02  7.39316503e-03 -3.30587551e-02
 -5.41256070e-02  5.57665154e-02  4.78396304e-02  6.61020204e-02
  1.98239367e-03 -1.11447433e-02  1.46088947e-03 -3.99562009e-02
 -5.21766655e-02  4.74320464e-02 -2.00029537e-02 -6.76481724e-02
 -1.45947654e-02 -1.38851078e-02 -6.61744475e-02 -3.19203548e-02
  2.44485270e-02 -2.62570642e-02  1.56857390e-02  6.64348602e-02
 -3.71457860e-02 -5.67634068e-02 -6.05663583e-02 -7.27751851e-02
  3.63272950e-02 -1.82053708e-02 -2.42468920e-02 -1.05971294e-02
  3.82517092e-02 -3.65143679e-02 -6.36456981e-02  1.81412175e-02
 -5.65590244e-03 -2.19808047e-04 -2.93536242e-02  2.37778062e-03
  2.09362339e-03  1.85224768e-02 -2.92854384e-02  2.85449401e-02
  1.06866136e-02  4.23203968e-02 -3.50489654e-03  5.77432662e-02
 -8.25812574e-03  1.82743743e-02  8.32088571e-03  1.63361020e-02
 -1.57816190e-04  8.49324316e-02 -6.45156801e-02 -1.37115950e-02
 -2.88951746e-03  1.25446124e-02  1.15634119e-02  1.35925170e-02
  2.69543193e-03  4.95234020e-02  3.23466547e-02  2.41982602e-02
  6.58672377e-02 -3.05710733e-02 -7.69324880e-03  2.79223430e-03
 -4.63052606e-03  1.42412316e-02 -2.93217003e-02 -3.21437349e-03
  2.56675761e-02  6.74969107e-02  2.68414747e-02 -8.54807813e-03
 -2.23976672e-02  3.01720127e-02 -5.46712102e-03  2.42005545e-03
  6.90072309e-03  1.79611575e-02 -3.45482603e-02  2.14799289e-02
  2.03448295e-07  3.83046903e-02  4.87660132e-02  4.94264066e-02
  5.13161086e-02  2.06820690e-03 -4.50711437e-02  2.05423702e-02
 -9.15086363e-03  7.37899169e-03  2.96093971e-02  2.50887722e-02
  1.28380656e-02  3.49807902e-03 -1.49762202e-02  5.59964543e-03
  1.74138993e-02  1.80563945e-02 -3.08258310e-02 -1.39190024e-02
  1.75872091e-02  3.84185947e-02  5.15342616e-02 -2.54258681e-02
 -3.66912712e-03 -7.18285218e-02  3.11687663e-02 -2.88901124e-02
 -7.32928813e-02  5.11049330e-02  2.76691956e-03  3.78633440e-02
  2.04447862e-02 -1.98323149e-02 -3.76573354e-02 -1.44741265e-02
 -5.56468777e-02 -1.84547063e-02  1.04083586e-02  1.92684121e-02
 -6.91128969e-02  8.22540652e-03 -6.20028600e-02 -3.72995026e-02
  3.36011276e-02 -3.02667338e-02 -1.16493665e-02 -1.71366869e-03
  8.02858546e-03  3.39214914e-02 -3.42095643e-02 -3.97536717e-03
  2.53697019e-02  1.66541263e-02  4.32144403e-02 -1.08370148e-02
  2.05389690e-02  4.22398783e-02  2.15386394e-02  2.95638852e-02
  6.71351776e-02  6.41614711e-03 -1.74023844e-02 -1.05071301e-02
  4.22922783e-02  4.11096886e-02  4.52407971e-02 -4.85805869e-02
  1.16673072e-34  1.27224009e-02 -1.04352236e-02 -2.09091343e-02
  1.12443194e-02  3.07792425e-02 -8.51004664e-03  6.97991159e-03
 -2.64896024e-02 -2.45877355e-02 -7.18473643e-02 -4.62759398e-02]"
Emergency_relief,"Immediate food support, survival aid, and rapid crisis-response service delivery.","[ 1.78928766e-02 -6.90979660e-02 -5.41063352e-03 -3.83850969e-02
 -8.27055331e-03  3.74682695e-02  1.46297654e-02  2.03196201e-02
 -1.98429506e-02 -7.54260272e-02  8.43386203e-02 -2.07017418e-02
  1.03577704e-03  1.07358452e-02  2.96232086e-02 -1.82253383e-02
  2.40219012e-02 -1.71112374e-03 -3.29234567e-03  2.48356368e-02
 -9.00145527e-03  3.11729033e-02 -2.45671775e-02  3.99095916e-05
  3.21360640e-02  9.58117377e-03 -8.67676735e-03  1.35361159e-04
  2.65238620e-02 -7.74950087e-02  2.21521687e-02 -1.80144161e-02
  5.41715231e-03 -9.39624086e-02  1.59304807e-06 -7.90895149e-03
 -8.16095062e-03  1.84038957e-03 -1.18867509e-01 -6.78423196e-02
  1.69157889e-02 -9.68158022e-02  1.80656593e-02  4.03106064e-02
  1.37587916e-02 -7.51719549e-02  2.73175389e-02  1.68455988e-02
 -5.46585582e-02  2.13686582e-02  1.05343917e-02  8.26357305e-03
 -7.94169381e-02 -1.93002187e-02 -4.34795916e-02  1.01065859e-02
 -3.44945565e-02 -4.22094837e-02  9.15895179e-02 -1.23847323e-02
  4.15023156e-02  4.63975407e-02 -5.92308911e-03  7.59399384e-02
  5.28387632e-03  4.47753631e-02 -4.02631238e-02 -3.01127024e-02
 -4.67916429e-02  2.64378805e-02 -3.58651504e-02  7.61822099e-03
  2.85577513e-02  3.35254073e-02 -2.92204227e-02  1.67507511e-02
  2.07947958e-02 -6.51723295e-02 -1.11362035e-03 -3.81610468e-02
 -6.08016970e-03  6.94967285e-02  3.00676022e-02  1.89675502e-02
  3.87139618e-02  3.91281433e-02 -4.05912995e-02  6.38032053e-03
 -2.75843535e-02  4.00537960e-02 -7.62642249e-02 -2.59275623e-02
 -1.17002137e-03  2.94279512e-02  2.87841167e-02 -4.77639623e-02
 -1.01240026e-02  6.48852764e-03  1.33794835e-02 -5.78682348e-02
 -2.08237376e-02  1.14880316e-02 -2.45030280e-02 -3.66054401e-02
 -3.16000320e-02 -5.48184477e-02 -7.27672176e-03 -4.67977859e-02
 -4.39674444e-02  3.57491560e-02 -4.89362516e-02  6.84242845e-02
 -1.25565315e-02  7.45423958e-02  2.78512575e-02  4.82790843e-02
  2.34084707e-02 -1.53560564e-02  4.89707589e-02 -4.29297070e-04
 -1.62370261e-02 -1.45300839e-03 -3.76903429e-03  4.32963520e-02
  3.25721353e-02  4.88181738e-03 -3.84775102e-02  5.80185913e-02
  2.66458988e-02 -1.09802689e-02  2.47900980e-03 -4.10427898e-02
  2.84352172e-02 -5.06372133e-04 -9.67962295e-03 -1.02420105e-02
 -1.90736279e-02  2.70117400e-03 -8.01747292e-02  4.56787460e-03
  1.79568157e-02 -2.40832884e-02 -3.18164788e-02  7.93142989e-03
  4.60720854e-03  7.40900934e-02  1.79170854e-02  6.24317825e-02
  3.06606982e-02 -3.72632556e-02 -2.76787542e-02 -3.23082730e-02
  3.82542051e-02  3.24528217e-02 -5.85077936e-03  4.88858931e-02
  1.42612942e-02 -1.72342788e-02  6.61646435e-03 -1.68187898e-02
  8.11437797e-03  3.25416541e-03 -3.55008394e-02 -1.60993468e-02
 -5.34110926e-02  4.29752059e-02  2.90195388e-03  5.39872656e-03
 -1.04359090e-02 -1.43584739e-02  4.77251131e-03 -7.45127425e-02
  6.07744209e-04  1.91349201e-02  3.18048820e-02  5.56077212e-02
 -2.21931543e-02 -1.04895215e-02 -4.09361906e-03  2.36207694e-02
 -4.14459072e-02 -3.63984965e-02 -3.19427997e-02  3.26633044e-02
  2.36627292e-02  3.41267437e-02  7.60454684e-03  3.98588739e-02
 -4.54674810e-02 -2.05036178e-02 -3.07300016e-02  1.30513916e-02
 -4.13898230e-02  3.13460231e-02 -1.52552193e-02 -4.95770108e-03
 -1.11053288e-02 -2.17199847e-02 -4.07061875e-02  2.38415655e-02
  1.09949419e-02 -2.12510321e-02 -6.57665506e-02  9.48680937e-02
 -8.38093739e-03  1.23325810e-02 -3.21170613e-02  2.33709235e-02
  3.75118069e-02 -4.76227179e-02  2.47857943e-02  7.74653330e-02
  3.15165333e-02  1.07255923e-02  1.20217940e-02  3.30273509e-02
  3.81863900e-02  1.25313299e-02 -2.66831722e-02  3.58469635e-02
 -5.48315942e-02  8.52349773e-02 -5.89328744e-02 -2.62254514e-02
  6.35647252e-02 -6.52342662e-03 -3.19068283e-02  6.15137490e-03
 -2.19054949e-02 -2.90898103e-02  5.17094359e-02  2.11054478e-02
 -4.23518068e-05 -2.76173800e-02 -7.86429446e-04  5.51483259e-02
  3.17829698e-02  5.43991700e-02 -5.91299571e-02 -1.68026313e-02
 -6.20030388e-02  8.48864298e-03  1.35650672e-02 -1.39131779e-02
 -1.89044029e-02  2.63362322e-02  1.11957006e-05 -1.85477193e-02
  1.78150367e-02  8.12268034e-02 -3.03362887e-02  1.86892319e-02
  1.16831111e-02 -2.10561673e-03  3.55320796e-02 -6.89625666e-02
  3.57153863e-02  9.98129952e-04  3.29926834e-02  2.69639511e-02
 -3.10576130e-02 -2.05457322e-02  2.02257428e-02 -2.31914427e-02
 -1.96436010e-02 -1.33303981e-02  3.45156416e-02  2.09603761e-03
  3.08079831e-03 -1.16693787e-02  2.66806278e-02  2.10703667e-02
  3.44768837e-02 -3.17425560e-03  1.79327317e-02 -4.35138345e-02
  9.94937215e-03 -7.77143333e-03 -2.15882882e-02 -1.08071407e-02
 -4.46970901e-03 -1.20863179e-02 -1.80444792e-02  2.94750761e-02
  8.09606106e-04 -4.43652570e-02  2.55080359e-03 -7.67574534e-02
  5.08161336e-02 -3.95279452e-02  5.14868982e-02  8.68440513e-03
 -1.52753694e-02 -9.81249586e-02 -3.07359779e-03  1.31024886e-02
 -9.64808557e-03 -1.02770835e-01  5.26324892e-03  2.95289629e-03
 -3.55507433e-02  3.83718591e-03  5.85649014e-02  4.34286147e-03
 -5.07901795e-02  5.02383290e-03 -2.18570381e-02 -5.87423239e-03
 -5.98228648e-02  1.79706290e-02  5.15223248e-03  4.22906363e-03
  3.48734707e-02 -5.31104915e-02  1.45705789e-02 -2.63131578e-02
 -3.41210328e-02  6.83386158e-03 -2.63592396e-02  3.52575518e-02
  6.20024931e-03  4.52799068e-05 -3.67822908e-02 -9.16069467e-03
 -2.58703157e-02 -2.67330725e-02 -3.09457574e-02 -4.43833061e-02
 -3.26797925e-02 -2.11281572e-02 -4.64134559e-04 -3.55176926e-02
  1.22391926e-02  2.56328285e-02  3.26375738e-02  1.95652973e-02
 -6.04281314e-02 -7.32105002e-02 -1.41181545e-02  2.65308898e-02
  2.66082920e-02 -6.96700439e-02 -1.14748953e-02  2.62947986e-03
  4.56098951e-02 -1.89473256e-02 -5.09214401e-02  2.08064541e-02
 -9.18062255e-02 -8.43645167e-03  5.24256453e-02  5.73697984e-02
  1.09623298e-02 -1.68915174e-03 -2.34766863e-02  5.05966693e-02
 -4.49076034e-02  7.82848615e-03 -9.16810334e-03 -6.08484121e-03
  5.62110879e-02  4.79348749e-02  5.81146143e-02 -5.05761020e-02
  5.04385643e-02  3.41907181e-02  2.05972735e-02  3.63329984e-02
 -1.06528327e-02  2.08800212e-02  1.41872875e-02  4.69734147e-02
 -1.33530134e-02  2.34773941e-02  1.03647413e-03 -3.29143070e-02
  1.88899171e-02 -1.52243562e-02 -5.53955771e-02  2.85769291e-02
 -8.74683843e-04  1.44748716e-02  5.57404384e-02 -6.91988226e-03
 -2.95384228e-02 -2.09314451e-02 -1.88435875e-02 -1.13052242e-02
  5.00474237e-02  5.33452816e-02  4.50871652e-03 -4.86177206e-02
 -6.05683401e-02  4.60696258e-02  3.99706103e-02  1.75986141e-02
 -2.89540123e-02  1.38762901e-02 -1.86207611e-02  2.95459647e-02
  1.70550998e-02  2.56367624e-02  3.08994446e-02 -1.41768334e-02
 -4.00236435e-02  6.20574737e-03  2.43300432e-03 -4.17187363e-02
 -5.75889694e-03  4.62462865e-02  2.85301972e-02  4.13968079e-02
 -2.13516713e-03  1.45665649e-02  1.45981796e-02 -3.58854830e-02
  9.04612057e-03  2.00886582e-03  7.72416731e-03 -5.48575185e-02
 -1.18164066e-02 -1.16068264e-02 -3.55881639e-02 -8.39873552e-02
 -2.09911056e-02 -3.30057479e-02  3.91368335e-03  4.23077308e-02
 -1.00333309e-02 -6.53597247e-03 -2.28271186e-02 -1.66505650e-02
  3.03679630e-02 -2.13957280e-02 -1.89245660e-02 -6.60778061e-02
  1.26838393e-03 -6.03460670e-02 -4.45232764e-02 -3.52488086e-02
  1.50885498e-02  2.50191670e-02  3.62985395e-02 -2.20155176e-02
 -3.76010165e-02 -4.79719117e-02  2.19983477e-02 -1.17494417e-02
  1.86927617e-02  2.96512842e-02 -1.07742455e-02 -8.51378776e-03
 -9.09891073e-03 -2.06261072e-02  4.07749638e-02 -2.33578868e-02
  1.24820732e-02  3.56032401e-02  1.80585273e-02  4.59617190e-02
  3.78598319e-03  2.65075490e-02 -1.90643687e-02 -7.27887265e-03
  3.84101458e-03 -2.70860363e-02  5.51932268e-02 -1.15063861e-02
 -2.17056908e-02 -2.26932131e-02 -3.78398970e-02 -6.80251000e-03
  7.84040056e-03  3.11296042e-02  1.31673187e-01 -6.78924248e-02
 -1.95297264e-02 -8.66236910e-03 -2.60795169e-02  6.37836102e-03
 -1.12208417e-02  1.31638385e-02  1.04194218e-02 -3.63737941e-02
 -1.55350324e-02 -7.27601210e-03  2.36489251e-02 -6.04670169e-03
  1.46683119e-02  4.55040224e-02 -1.83645524e-02  5.39019033e-02
  3.35031077e-02 -4.01280262e-03  1.98140200e-02  2.13937741e-02
  2.07920149e-02  1.56974643e-02  6.12928979e-02  9.86707676e-03
  1.13464016e-02  3.61373313e-02 -1.12068253e-02  4.15544659e-02
 -1.37470551e-02  1.36363013e-02 -3.79977911e-03  5.58230914e-02
  1.40241580e-02  3.91359255e-02 -8.38951394e-03  1.55886617e-02
 -2.56214477e-03 -7.67803192e-02 -1.01904559e-03  2.66183224e-02
 -2.25910824e-02 -2.17526089e-02 -1.22049581e-02 -5.19993668e-03
 -5.03594335e-03 -3.64843085e-02  9.50061367e-04  3.63634736e-03
  4.58787605e-02 -2.90485448e-03  2.38666050e-02  3.95294279e-02
 -3.25034223e-02  6.67688028e-06  1.44662394e-03 -8.93399026e-03
  1.00495918e-02  9.76321008e-03  2.25809347e-02 -7.27908034e-03
 -2.32939180e-02  4.50544879e-02 -2.17328838e-04  1.61429122e-02
 -5.14545441e-02  1.59844831e-02  4.37499769e-02  6.80652505e-04
 -4.21874486e-02  3.60527746e-02  1.42057156e-02 -7.05766901e-02
  1.14395292e-02 -1.92696005e-02 -1.70046762e-02  3.43558751e-02
 -2.20618024e-02  3.85643425e-03  5.82581908e-02 -5.79680492e-33
  5.67708649e-02 -7.48560205e-02  2.76842155e-02 -1.39170503e-02
  1.21145649e-02  7.14284033e-02  2.71307770e-02  3.10284737e-02
 -4.76152822e-02 -5.94738536e-02  2.38927230e-02  7.37785501e-03
  2.29151901e-02 -2.91169807e-02  7.10483547e-03 -7.88362976e-03
 -2.45058667e-02  3.32074352e-02 -3.35038751e-02 -4.80491929e-02
 -8.88527080e-04 -1.84614386e-03 -3.90825644e-02  4.81598638e-02
  1.48039749e-02 -3.70427705e-02  3.98217738e-02 -6.06173724e-02
  6.85992592e-04 -2.10338272e-02 -3.21556032e-02 -2.53446139e-02
  1.11996233e-02 -1.68494526e-02  1.22363148e-02  7.52753690e-02
  8.04722216e-03  6.35919487e-03  4.84252833e-02 -7.07473531e-02
 -7.69718885e-02 -3.98067720e-02 -3.01896743e-02  3.06108259e-02
  2.89014839e-02 -9.45243314e-02 -4.16713431e-02  4.54284623e-03
  1.26369027e-02  4.00200821e-02  2.48620659e-02  2.07992122e-02
 -2.56788936e-02  1.95035990e-02  2.51849387e-02  1.10319853e-01
 -3.06559931e-02  5.32066599e-02  3.37596610e-02 -1.69523153e-02
 -2.17806865e-02  6.40340745e-02 -2.57601496e-02 -5.96285015e-02
 -5.68164177e-02 -4.35567601e-03 -8.20774809e-02 -2.02204343e-02
 -3.29257026e-02 -1.23106185e-02  3.43565596e-04  3.97118889e-02
  5.64929433e-02  5.30629903e-02 -4.29101922e-02 -1.86163858e-02
  1.83921400e-02  3.49690877e-02 -2.32033967e-03 -1.45219136e-02
  1.10725490e-02  1.64037049e-02 -3.67437974e-02  3.57982032e-02
 -1.36188157e-02  1.28011708e-03 -5.60333394e-03  5.89740239e-02
  1.96121447e-02 -5.56410057e-03 -4.63327114e-03  7.27915764e-02
  1.05540948e-02  8.74617845e-02  6.71864673e-02  2.28455439e-02
  8.24802294e-02  4.82625440e-02  5.96667081e-03 -1.74596076e-04
 -5.39791323e-02  8.90573710e-02  1.05275633e-02 -2.82305107e-02
 -1.13947392e-02 -3.29593569e-02 -2.42636316e-02  7.58576766e-03
  4.54223193e-02 -1.39209703e-02  2.07003038e-02  1.89580233e-03
  3.60742994e-02 -3.10281403e-02  2.33402941e-02  1.32322395e-02
  2.90839653e-02 -5.63741438e-02 -9.34582017e-03 -8.34068432e-02
  2.36429069e-02  2.13211682e-02 -4.07509096e-02 -9.13038757e-03
 -8.31786171e-03  2.16319915e-02 -1.07216816e-02  5.38725667e-02
 -6.20527267e-02  1.05753401e-02  1.99245717e-02  2.31949911e-02
  2.15565578e-07  5.65516725e-02 -4.07634815e-03  6.55340776e-02
 -5.62897585e-02  7.26228813e-04 -6.51199594e-02  2.11453214e-02
  2.79241093e-02  1.30465729e-02 -5.74555574e-03  8.77970308e-02
 -1.35287289e-02 -1.52825098e-02 -2.14085609e-04  2.26562284e-02
 -3.42097171e-02  3.09094065e-03 -2.93289218e-02  1.72218345e-02
 -5.16728163e-02  4.67678495e-02 -1.22763508e-03 -5.77842630e-02
  9.75671504e-03 -5.47991209e-02  2.22352729e-03 -1.10030896e-03
 -7.02254176e-02  1.00584077e-02 -2.75788363e-02  6.38289470e-03
  5.78148253e-02 -5.58424070e-02 -7.64684938e-03 -1.47327231e-02
 -5.19676544e-02  3.91111225e-02  5.93080483e-02  9.14734206e-04
 -5.15473261e-03 -6.59872591e-02  2.53270846e-02 -1.09249400e-02
 -2.79188138e-02  4.94610406e-02 -6.14756644e-02  1.80510953e-02
  9.63224992e-02 -6.19703606e-02  4.75893170e-02 -7.64978528e-02
  4.91283461e-02 -2.09904127e-02  5.01622334e-02  5.64240571e-03
  1.88768236e-03 -3.80758420e-02  1.86591074e-02  1.60499699e-02
  6.48865327e-02  2.21510530e-02 -6.22805506e-02 -3.61735709e-02
  4.47348244e-02  4.37546149e-03 -4.76680184e-03 -2.39960495e-02
  1.19615906e-34 -1.19280014e-02 -3.96680459e-02 -1.80661138e-02
 -2.55707782e-02 -6.64246967e-03  4.91819670e-03 -5.18432558e-02
 -6.07946003e-03 -1.40851308e-02 -3.96784954e-02 -1.25220586e-02]"
Monitoring_evaluation_and_learning,"Programme tracking, learning loops, indicators, and evidence-based improvement systems.","[ 1.76594406e-03 -1.56943523e-03 -9.81620327e-03 -2.30099466e-02
  2.06267089e-02  6.02441235e-03 -6.16035238e-02 -8.65887944e-03
 -2.76173428e-02  2.24448629e-02  6.48291409e-02  7.39543810e-02
  5.90185402e-04  6.95557594e-02  1.55216465e-02 -4.10373434e-02
  1.78579986e-02 -2.19572838e-02 -4.74020652e-02  4.28704955e-02
  3.26372087e-02  3.22937258e-02 -3.18590254e-02  4.43341695e-02
  5.78747317e-03  2.15074350e-03 -3.77457067e-02  2.02834397e-03
  3.02800979e-03 -6.14220984e-02 -1.53627219e-02 -2.38482431e-02
 -2.93298112e-03  5.41545041e-02  1.45613205e-06  2.98719816e-02
 -2.36284770e-02  7.48709077e-03 -5.76323122e-02  3.24686728e-02
  1.80624500e-02 -2.71487422e-03  1.87874865e-02 -8.67945887e-03
  1.17657958e-02  1.55932242e-02  1.68915596e-02 -6.65415227e-02
  2.39021443e-02 -3.35677527e-02  1.63068064e-02  4.02992368e-02
 -4.88985144e-02  8.29979684e-03 -3.62659991e-02 -4.11658362e-02
 -1.65800862e-02  4.74623330e-02  6.47332817e-02 -4.91452636e-03
 -1.12049822e-02 -6.59039523e-03  1.16621912e-03 -1.74045358e-02
  5.25154509e-02  1.25161456e-02 -1.81725435e-02 -6.03983877e-03
  7.83011899e-04  5.79099916e-03  1.99548174e-02 -6.32854458e-03
  3.33490339e-03 -4.37315777e-02  4.16452251e-02 -2.27663368e-02
 -6.88344017e-02 -4.95395176e-02  9.60422400e-03 -1.92332305e-02
 -1.48302233e-02  6.74812077e-03 -1.87988998e-03 -2.76287273e-02
  4.04561237e-02 -1.11594284e-02 -1.27083426e-02 -7.59513751e-02
  2.96644541e-03  6.47883117e-02  8.34464580e-02  2.55099833e-02
  2.08782554e-02  2.20959429e-02  2.77061965e-02 -1.12669645e-02
  2.81250905e-02  1.46311540e-02  2.07586284e-03  4.25269566e-02
  3.15687880e-02 -3.84664373e-03 -3.84063609e-02  1.10787535e-02
 -2.77578551e-03  3.52791399e-02 -2.67609525e-02  4.91005089e-03
 -3.33303399e-02  6.30278140e-02 -6.74766302e-02  9.51279327e-03
 -6.58230344e-03  4.83757891e-02  1.11522079e-01 -1.78302056e-03
 -4.75716852e-02  3.82338986e-02 -7.50866299e-03  7.59313926e-02
  6.68072724e-04  1.46203134e-02 -3.41536105e-03  4.97635119e-02
  2.98615843e-02  5.08453846e-02  8.33256077e-03  1.87961813e-02
 -2.74603460e-02  3.70128602e-02  7.46903708e-03 -4.07203436e-02
 -3.97036448e-02  5.81639968e-02  5.71982898e-02 -3.19408737e-02
  3.68908942e-02  4.10096909e-05 -3.01229171e-02 -2.60204747e-02
  6.75913924e-03  3.79567705e-02 -1.38947263e-03 -4.32940312e-02
 -6.46267161e-02 -2.84931809e-03  1.71602983e-02  4.97734882e-02
  2.99885008e-03 -3.95717612e-03 -3.92656960e-02 -2.46748421e-02
 -6.84308261e-02  1.18321292e-02 -2.21957192e-02  2.46837810e-02
  2.42338646e-02  1.94716919e-02 -1.26160346e-02  5.74870547e-03
  6.04515139e-04 -1.24784354e-02  2.76439879e-02  4.26306063e-03
  2.28811409e-02  3.43787745e-02  7.94881396e-03 -4.29417901e-02
 -3.70299653e-03  3.80501058e-03 -8.69649351e-02 -3.53653878e-02
 -1.99384373e-02  1.24969736e-01 -3.22241187e-02 -2.77891308e-02
  4.91278432e-02 -7.01135397e-02 -7.50137353e-03 -3.30251083e-02
  1.14058307e-03 -2.44444292e-02  3.30349756e-03  3.41543518e-02
  5.08470088e-02  3.59462462e-02 -1.83559023e-02 -2.02664975e-02
 -5.06289452e-02 -2.04677060e-02 -2.39616223e-02  5.02623133e-02
 -3.55274603e-02  5.81811406e-02  6.41756579e-02 -2.74449214e-02
 -3.96179222e-03 -6.69830739e-02 -2.31432598e-02  1.84723089e-04
  2.73815449e-02 -8.26277360e-02  1.13845170e-02  7.23485202e-02
  2.08869800e-02 -7.35895634e-02 -4.23531644e-02 -5.81784286e-02
 -2.47922093e-02 -6.79107755e-02 -4.92029637e-02 -1.66945923e-02
  9.08343494e-03  5.76607734e-02 -2.80736051e-02  7.67808361e-03
 -2.37708855e-02  5.57307191e-02 -5.39378114e-02 -5.79476077e-03
 -4.43933234e-02  1.40673816e-02 -3.96690108e-02  5.55519760e-02
  1.57001279e-02  2.09836364e-02 -1.88506711e-02 -5.41783720e-02
  5.96229918e-03  6.64104149e-02  1.54726557e-03 -6.38017897e-03
  1.16625009e-02  3.48956287e-02 -4.29168623e-03 -1.95056386e-02
  3.52017097e-02 -7.41004711e-03  5.79989552e-02 -2.64363065e-02
  1.11691467e-02 -4.26614024e-02 -1.34190628e-02 -5.85808652e-03
  4.32944931e-02 -1.46480249e-02  4.57542017e-02  4.03782167e-02
  5.35818972e-02 -3.84487286e-02 -4.24336530e-02 -2.82398686e-02
 -2.42273156e-02  1.00045884e-02  4.48622770e-04  9.68666188e-03
 -3.10363453e-02 -1.68569610e-02 -5.67928841e-03  3.01279165e-02
  3.27356122e-02 -2.52909604e-02 -1.94007587e-02  2.33076420e-02
 -4.62523475e-03 -4.91868779e-02  4.05368675e-03 -5.17359152e-02
 -1.17194420e-02  5.16781211e-02 -7.00788572e-03  2.81046610e-03
 -3.86390388e-02 -1.18970743e-03 -8.78577679e-03  1.78773757e-02
 -4.52662110e-02  4.96274270e-02 -1.29594151e-02 -2.65246257e-02
  5.33073768e-02 -2.91761402e-02 -4.83649299e-02 -4.25801333e-03
 -1.93998609e-02  3.60515229e-02  1.85096767e-02 -7.57281249e-03
 -7.64576197e-02  9.13507678e-03  2.26677191e-02 -5.28994985e-02
  9.08067264e-03 -2.17732321e-02  3.94202508e-02  2.36238241e-02
  7.52696767e-03 -3.40358331e-03 -7.52831027e-02  2.84402948e-02
  3.67424637e-02 -4.95862626e-02 -5.68587258e-02 -3.97463068e-02
 -1.40695833e-02  1.02201682e-02  3.92120034e-02 -2.86380164e-02
 -1.68625135e-02 -3.03918999e-02  3.25823016e-02  4.74762684e-03
  1.73067693e-02  2.84693968e-02  4.37974604e-03  1.88571401e-02
 -8.67114961e-02 -7.33282790e-02  1.64425261e-02 -2.61550341e-02
  4.89852577e-03 -8.46358016e-03 -2.48565208e-02 -5.56365121e-03
  1.60466470e-02 -4.93069291e-02 -1.17685730e-02 -7.98315566e-04
 -1.09890820e-02 -2.20800042e-02 -1.19826291e-02 -4.83748652e-02
 -7.63734570e-03  2.41486505e-02 -8.81615654e-03  1.70223825e-02
 -3.55629958e-02 -2.74283588e-02 -6.19374998e-02  2.11333781e-02
 -3.13221440e-02  4.66158353e-02 -6.18872680e-02  2.94644255e-02
  2.36357544e-02  2.09482294e-02 -2.84934007e-02  6.42306134e-02
 -8.99637304e-03 -9.45482031e-03  9.36649516e-02  7.81723484e-02
  9.97214392e-03 -4.86462377e-02  4.48038280e-02 -1.17295824e-01
 -6.50195628e-02 -1.34897977e-01  4.06240784e-02 -9.53041464e-02
  1.67043898e-02  1.26171168e-02  1.85857620e-02  1.44967623e-03
 -4.94953655e-02  1.68993585e-02  5.45364385e-03  7.64457975e-03
  4.92819585e-03  4.13608737e-02  4.79366677e-03 -4.14159009e-03
 -2.78804004e-02  5.04113594e-03 -3.54007096e-03 -5.65555990e-02
  7.24735219e-05 -6.12023100e-03 -4.37067412e-02  3.12664472e-02
 -1.93150826e-02 -2.24410500e-02  3.18036973e-02 -1.66038591e-02
  7.88956881e-02 -8.04341808e-02  2.09880155e-02  1.73030570e-02
  1.52089400e-02  1.30263278e-02  8.87725316e-03 -7.45714903e-02
 -3.30360644e-02  5.76596744e-02  3.23365256e-02  1.95979942e-02
 -4.96925488e-02  1.93181094e-02  1.46861291e-02  2.78082192e-02
  7.52317905e-02 -5.06408215e-02 -4.40190099e-02 -3.52671333e-02
  1.60851376e-03  6.36325777e-02  7.11387470e-02 -5.20637780e-02
 -1.23269362e-02 -2.76109166e-02 -8.95941537e-03 -3.51422206e-02
 -1.23286787e-02 -1.95543077e-02  5.45691177e-02 -7.37900659e-03
 -2.91681616e-03  1.18047902e-02 -1.02978498e-02 -3.92239019e-02
  3.80133541e-04  5.37014939e-02  4.12950143e-02 -3.08673512e-02
  2.73063835e-02 -2.08410900e-02  1.83121394e-02 -3.22049251e-03
 -8.36515054e-03  1.51853706e-03  2.33466793e-02  7.55753890e-02
  2.87754796e-02  2.45401803e-02  3.12402528e-02 -4.21024673e-02
 -1.98297482e-02 -6.99041337e-02  5.52290715e-02  3.56965661e-02
 -6.70932001e-03  6.84436858e-02  4.91038859e-02 -1.04596224e-02
  3.48439440e-02  6.10847725e-03 -6.94830297e-03  1.17104233e-03
 -2.56571509e-02  4.96562757e-02  1.54375434e-02 -6.63429499e-02
 -5.72424196e-02 -2.70553883e-02  4.36142413e-03  2.92920996e-03
 -5.51505499e-02 -4.50431295e-02  3.20521779e-02  5.32693453e-02
  6.85858056e-02  1.75651573e-02 -4.34474982e-02  5.36864772e-02
  6.73184469e-02 -9.07771662e-02 -5.53461649e-02  9.54008549e-02
 -1.30056962e-02 -2.33363523e-03  1.46238199e-02 -1.02095893e-02
 -2.90306974e-02  1.04937248e-03  2.48208884e-02  8.44133366e-03
 -2.89397407e-03 -3.58302742e-02  2.32785642e-02  8.41554906e-03
 -7.05644581e-03  3.46717685e-02 -4.74625155e-02 -5.65816052e-02
 -5.51861748e-02 -2.06007920e-02 -7.97770917e-03  1.18895564e-02
  3.87604977e-03  1.97661854e-02  2.63541657e-02 -4.82182065e-03
 -6.85326941e-03 -2.59711333e-02 -6.22109547e-02 -2.17124564e-03
 -6.01834878e-02  1.56759191e-02 -3.06717232e-02  7.22204596e-02
  2.04015500e-03  1.49789173e-02 -3.29975486e-02 -1.96690746e-02
 -4.46323818e-03  1.60001870e-02 -4.40944638e-03  7.30400532e-02
 -9.43796150e-03  1.56248324e-02  5.90578653e-02  2.07942277e-02
 -7.61148240e-03 -2.36310735e-02 -1.91177502e-02 -4.39730054e-03
 -2.94152163e-02  7.64276981e-02 -2.88821943e-02  2.36185230e-02
  6.91366289e-03 -2.06068344e-02  1.23182952e-03 -2.44646687e-02
  3.06953136e-02 -1.31533556e-02  5.59397787e-03 -1.57642253e-02
 -5.24641946e-02  3.47324926e-03 -3.47917266e-02 -2.53046304e-02
 -2.68751662e-02  1.65691413e-02  3.11240833e-02  4.80075274e-03
  6.05617613e-02  5.89912720e-02 -2.39105746e-02  2.46773027e-02
 -5.25611918e-03 -1.76532438e-03 -1.20964097e-02  4.82409727e-03
  4.54765186e-02 -3.60228680e-02 -2.67910468e-03 -7.33696343e-03
  5.31923166e-03 -7.36405980e-03 -8.62332061e-03  1.36778010e-02
  1.38305873e-02  2.57393927e-03  2.59954249e-03 -4.25978655e-33
 -4.46046144e-02  1.64115394e-04  2.19230019e-02  3.74091752e-02
 -2.76184995e-02  1.79530922e-02  5.23587316e-03  4.70987298e-02
 -1.77421737e-02 -1.92766152e-02  4.48723622e-02  3.55629772e-02
 -4.36392101e-03 -9.42237489e-03  8.73549655e-02  3.30252871e-02
  3.41154635e-02  7.53862858e-02  2.10418198e-02 -3.45232375e-02
 -3.63757014e-02  3.17738089e-03  8.79987031e-02 -2.44037267e-02
  2.57634185e-02  3.06255370e-02  6.27198163e-03 -1.70012433e-02
  4.57437225e-02  1.13865901e-02  2.28166506e-02 -2.48849150e-02
 -2.40399707e-02 -6.20140620e-02 -1.71063177e-03 -2.13834699e-02
  1.54186646e-02 -1.33581338e-02  5.69175277e-03 -3.63810137e-02
  3.70323285e-02  1.83105450e-02  2.80002467e-02  5.75075252e-03
 -1.43776592e-02  8.52835458e-03 -2.67942250e-03 -2.26180479e-02
  3.41649842e-03  1.45128639e-02 -3.68092060e-02  3.27669308e-02
 -4.98268381e-02  6.22842461e-03 -3.65954824e-02  2.04651784e-02
 -3.00548342e-03 -2.47237775e-02 -5.23452908e-02  3.09925200e-03
 -6.77602552e-03  2.86215395e-02  2.49773525e-02  4.45427671e-02
 -7.07293302e-02 -3.39531563e-02  8.45699012e-03  8.03782232e-03
  3.48647572e-02 -3.03600896e-02  6.15135245e-02 -3.85518931e-02
  7.46741667e-02 -2.79202275e-02 -6.92693703e-03  7.43119121e-02
 -3.46177421e-03  2.95554996e-02 -2.88266037e-02  1.12604210e-02
 -6.38602115e-03  3.06548644e-02 -5.93863428e-02 -5.29570179e-03
 -3.79660702e-03  4.79033170e-03  1.45734176e-02  1.73191056e-02
  7.33211264e-02 -1.92365367e-02 -5.95083721e-02  5.84014691e-02
 -2.33309958e-02  2.09369585e-02  5.28240390e-02 -6.58112532e-03
 -3.82052287e-02  5.09227291e-02 -3.65580171e-02  6.58908999e-03
 -9.44979414e-02  8.67444277e-03 -4.81671048e-03  6.47980645e-02
  6.18365742e-02 -5.39288390e-03 -3.97048611e-03 -2.19419189e-02
 -3.16760466e-02  1.28227957e-02  5.71893109e-03  3.06145586e-02
 -3.55026275e-02 -6.79951534e-02 -1.10564390e-02  3.01151187e-03
 -9.06728394e-03  7.86818862e-02 -1.23343933e-02 -5.62497377e-02
 -5.28235510e-02 -3.06251608e-02  3.45310126e-03 -3.74068171e-02
 -1.27338134e-02 -2.38392912e-02  8.58242810e-03  3.77093405e-02
 -2.43672337e-02 -7.54293799e-03  2.92047095e-02  1.04013886e-02
  1.89680620e-07  2.14128830e-02  2.25356556e-02  4.38147560e-02
 -3.10000908e-02 -1.95259638e-02 -2.28065923e-02 -2.41802875e-02
  1.33196078e-02  6.80156574e-02  1.32922791e-02  2.66750231e-02
 -2.43190862e-02 -5.42431921e-02  5.92035092e-02  5.97415157e-02
 -8.10980573e-02  1.16961831e-02  9.39174928e-03 -4.97083068e-02
 -1.57122146e-02  3.61741334e-02  1.73223075e-02  4.01358381e-02
  3.34483944e-02  1.03199752e-02 -4.07900587e-02 -3.17335464e-02
  4.57111262e-02  9.20993090e-03 -2.29208004e-02 -5.15777676e-04
  3.34511362e-02  1.32432068e-02  4.33314033e-02  5.25195012e-03
 -2.83608995e-02 -4.29675132e-02 -8.90315324e-03 -2.38406938e-02
  6.58520311e-02 -1.21417036e-02 -2.04262231e-02  1.94426402e-02
  1.51572526e-02  8.10687058e-03 -2.69690044e-02  6.12568147e-02
  2.67260503e-02 -1.51694976e-02 -3.55768427e-02  4.17240299e-02
  2.88944729e-02  2.37721857e-02  9.29958187e-03 -4.62061353e-03
 -1.62865408e-02 -6.44170716e-02 -4.36202297e-03  4.95558418e-02
  1.38588855e-02  1.66358035e-02 -4.56410088e-02 -1.08281529e-04
 -2.02433094e-02 -7.10275918e-02 -2.45150924e-02 -4.20371676e-03
  1.25530284e-34 -1.73499640e-02 -1.48110325e-02  4.29652184e-02
 -2.93833837e-02 -3.96684185e-02  1.42930001e-02 -4.45728796e-03
  1.88489202e-02  3.35128345e-02  4.57354635e-02 -1.55468220e-02]"
Gender_equality,"Gender-responsive programming improving equitable access, empowerment, and inclusion in food assistance.","[ 4.71988367e-03  7.44373724e-02 -1.32195447e-02 -2.07017967e-03
  5.85834086e-02  3.44576724e-02 -1.70520935e-02 -1.83001067e-02
 -2.53868476e-02  4.75869281e-03  7.82626048e-02  1.90870126e-03
  1.20310327e-02 -1.37042133e-02  3.88989970e-02  8.20504874e-03
  1.12502426e-02  5.34650311e-02 -3.63863148e-02  3.03815082e-02
  5.44176903e-03  3.46105248e-02  1.86667852e-02  6.64621070e-02
 -2.03788485e-02 -1.12382518e-02 -5.12125678e-02  5.53951152e-02
 -3.61026749e-02 -2.39071194e-02  4.55690548e-02  2.30497159e-02
 -4.33949865e-02 -7.25921616e-02  1.81397832e-06  7.13014789e-03
 -1.23393014e-02  5.93317002e-02 -1.05865248e-01  2.44696587e-02
 -2.28828415e-02 -1.00313284e-01 -1.49894757e-02  4.81082276e-02
  8.90496001e-03 -3.31471823e-02  3.58385928e-02 -2.27588788e-02
 -1.11928983e-02 -7.46509954e-02  1.67543869e-02  2.63237935e-02
 -6.73440769e-02  2.25884132e-02 -2.79069468e-02  1.56989377e-02
 -2.55498048e-02 -3.53379697e-02  6.14229217e-03 -3.96645889e-02
 -2.53512710e-02  2.26680841e-03 -6.34373259e-03 -1.21196089e-02
  2.31495406e-02  4.33122367e-02 -3.73625644e-02 -7.37856189e-03
 -6.59554219e-03  1.10724652e-02  4.94424850e-02  8.94754082e-02
 -9.51656699e-03  1.79857165e-02 -1.81230046e-02  2.00976115e-02
 -1.88454688e-02 -4.73296866e-02  5.36545180e-03 -1.92816835e-02
 -2.37718951e-02 -3.98403266e-03  4.47461382e-02  2.03643716e-03
 -2.87878338e-05  7.91327804e-02 -3.08001209e-02 -1.29761128e-02
  2.93143559e-03 -2.03510579e-02 -1.48913497e-02  1.54176736e-02
 -1.57662388e-02  5.48831560e-03  3.73507179e-02 -8.81589856e-03
  2.89457925e-02 -2.35364400e-02  2.40239454e-03 -2.02611573e-02
  1.71998199e-02  4.66986522e-02 -5.25329961e-03 -6.27922639e-02
  3.04464754e-02  1.48651209e-02 -5.89736132e-03 -1.58793721e-02
 -3.73518318e-02  2.16956865e-02 -2.73452550e-02  4.51223459e-03
 -2.59297621e-02  3.28135822e-04 -4.36653122e-02  3.81142311e-02
 -4.40887921e-03 -2.97876494e-03 -3.35510857e-02  4.58398322e-03
 -5.35475202e-02  4.64731082e-02 -1.98038504e-03  4.71274778e-02
  1.33487694e-02  3.09147295e-02 -1.27009721e-02  2.59111058e-02
 -5.81254857e-03 -4.21911739e-02 -4.41692173e-02 -2.86297370e-02
 -2.61411313e-02 -5.16619300e-03  2.49038674e-02 -2.08893176e-02
 -8.48537125e-03 -3.12952548e-02 -5.37776053e-02  1.57519784e-02
 -9.50078014e-03  3.63549753e-03 -1.32448515e-02 -6.80976883e-02
 -1.91210173e-02  5.24517819e-02  6.87802359e-02  5.00559881e-02
  3.10130864e-02 -1.14391278e-02 -6.18716609e-03  2.54522320e-02
  1.42547354e-01 -3.06037050e-02  8.60776678e-02  3.01629268e-02
  4.40165289e-02  1.98275950e-02  1.10197728e-02  3.96327174e-04
 -2.12930683e-02  2.97404621e-02 -4.45727482e-02 -2.21865922e-02
 -2.22705733e-02  5.79521284e-02  2.60638762e-02  3.39183956e-02
  2.03181547e-03  1.75274145e-02 -3.30261374e-03 -3.65279391e-02
  2.03063004e-02  1.05971709e-01  1.25685865e-02  7.29822367e-02
  7.72004062e-03  3.48722003e-02 -1.33194467e-02  1.87019259e-02
 -1.79332811e-02 -5.73065951e-02 -3.27636041e-02  8.30658711e-03
  4.24566641e-02 -4.03617462e-03 -4.67289938e-03 -1.91590935e-02
 -2.42328234e-02 -3.05103734e-02 -1.21904435e-02  1.80361457e-02
 -1.63837224e-02  1.63408294e-02 -3.06417588e-02  3.38054150e-02
 -3.68391001e-03 -1.43884597e-02 -2.73595992e-02 -6.63703680e-02
  2.15908159e-02 -4.32812460e-02  1.51116168e-02  3.76413129e-02
 -1.61496140e-02 -5.59783466e-02  6.19014390e-02 -1.20994532e-02
  1.06090577e-02 -1.49029437e-02 -1.58589967e-02  2.12003905e-02
  8.89197364e-03  2.04993207e-02 -3.62213999e-02  4.01211008e-02
  4.68775444e-02  4.30463403e-02  2.65105125e-02  2.40807552e-02
 -1.30968448e-02  4.60837036e-02 -1.49778361e-02  3.24331596e-02
  4.55967076e-02 -2.28712126e-03  5.34615517e-02 -3.18801007e-03
 -1.47507498e-02  5.80775440e-02  4.54352386e-02  4.15971242e-02
 -4.37471271e-02 -1.80030540e-02  2.33860239e-02  6.29058713e-03
  1.62148736e-02  9.53295268e-03 -5.83706535e-02 -2.74599809e-02
 -4.58735973e-02  4.00876179e-02  4.86285575e-02  1.71131250e-02
  8.08348283e-02  3.03890053e-02 -3.24455239e-02 -3.89465950e-02
 -3.45006515e-03  6.36970922e-02  5.16095571e-03 -1.09773770e-03
 -1.79269444e-02 -6.05030358e-02 -4.44909446e-02 -3.33322166e-03
  9.48345661e-03 -2.85632722e-02 -3.80815305e-02  5.02283052e-02
 -6.67979568e-03  2.70478930e-02 -7.55640864e-03 -2.62659676e-02
  3.77980843e-02 -1.14475228e-02 -3.67084034e-02  1.81354675e-02
 -5.34111401e-03 -2.83037424e-02 -4.61595319e-02 -5.86396903e-02
  3.34234126e-02 -7.76316086e-03  2.47587301e-02  9.93322115e-03
  4.64795250e-03  4.42508142e-03 -1.70147140e-02 -2.12117448e-03
  3.25769261e-02  2.96729710e-02 -1.41095025e-02  1.74772087e-02
  1.26673905e-02  3.24576162e-02  2.46695448e-02 -4.08410616e-02
  1.71437413e-02 -1.15438610e-01  8.35916847e-02 -3.13684382e-02
  5.25444979e-03 -4.14736979e-02 -3.82528119e-02  7.67206922e-02
 -1.53537299e-02 -6.99221715e-02 -5.91587126e-02  4.41176109e-02
  3.65429744e-02 -1.35685159e-02  4.81130779e-02 -1.13828317e-03
  2.24094000e-02  1.87604856e-02 -2.04590932e-02 -5.16517758e-02
  2.79709836e-03 -5.78672886e-02  2.99630389e-02  1.13937734e-02
  3.61759849e-02 -4.49207500e-02  1.96975898e-02 -5.73346913e-02
 -9.02368873e-02  5.20803267e-03 -6.39848644e-03 -1.85230784e-02
 -1.23356255e-02 -1.56863732e-03 -5.84059954e-02  3.17469065e-04
  2.72793986e-04  1.05102751e-02 -1.66899581e-02 -8.73862877e-02
  1.40052186e-02 -3.76806520e-02  3.33222531e-04 -3.83735783e-02
 -1.21557117e-02 -5.76664228e-03 -3.22235711e-02 -4.29511592e-02
 -1.50074717e-03  3.59218493e-02 -5.14667705e-02 -2.41682585e-02
 -1.44511461e-02 -1.45424874e-02 -5.05917035e-02  5.46834990e-02
  5.17281182e-02  4.49786372e-02  2.12443937e-02  5.77712804e-02
 -6.91707209e-02  7.09851906e-02  1.48648592e-02  6.77041560e-02
  2.11980511e-02 -5.04260659e-02 -4.38265055e-02 -3.68845575e-02
 -4.61468473e-02  4.08533216e-03 -2.41768155e-02 -2.28965413e-02
  2.04716865e-02 -2.59433519e-02  3.39522287e-02 -1.81283187e-02
  7.03982413e-02  7.06219450e-02  2.39686090e-02  4.27484186e-03
  1.85034443e-02 -1.15047004e-02 -2.12679375e-02  3.63062434e-02
 -3.02783381e-02  1.97870582e-02 -1.13940239e-02 -2.83364672e-02
  1.39107578e-03 -1.31518086e-02 -2.42937561e-02  2.47453731e-02
  2.13777963e-02 -4.08501551e-02  2.52781417e-02  1.38766756e-02
  2.67740879e-02 -9.62300301e-02 -1.60229597e-02 -7.88101852e-02
  3.60978348e-03  4.37989272e-02 -1.97747652e-03 -2.09278129e-02
 -8.07139128e-02  6.01062104e-02  1.47624100e-02  7.42485002e-03
  1.25459023e-02 -2.50287610e-03 -9.60801076e-03  2.45401096e-02
 -1.43975625e-02  2.26074513e-02  4.26307321e-02  1.98571896e-03
 -6.40045255e-02  5.26287267e-03  2.72937510e-02  2.28576586e-02
 -5.83483139e-03  1.02115221e-01  6.80324528e-03 -2.00701971e-02
 -8.65261722e-03  7.91935902e-03 -5.23034334e-02 -9.03902873e-02
 -1.37851983e-02 -2.16058325e-02  2.76127597e-03 -1.43159600e-03
  6.22723252e-03  8.77438020e-03 -3.31935175e-02  6.88745454e-03
  2.11486686e-02 -3.81088108e-02 -4.96761985e-02  2.66883466e-02
 -2.98651611e-03  3.83187309e-02  4.51039299e-02 -1.53221854e-03
 -1.12266485e-02 -4.19359766e-02  4.98384163e-02 -8.04388896e-03
  3.80220152e-02 -5.41201904e-02  2.28092857e-02  5.41342720e-02
  1.90077554e-02  3.57220769e-02 -8.95957928e-03 -2.95978040e-02
  1.22143026e-03  3.19149834e-03  3.86130400e-02 -1.87335834e-02
  1.73079944e-03 -2.76376009e-02  4.10401747e-02  7.08855037e-03
 -8.61261785e-02 -1.06375515e-01 -1.15521559e-02 -4.74164309e-03
  1.34461261e-02 -8.14081635e-03  8.66704900e-03  2.40737256e-02
  2.37312983e-03  3.71034490e-03  2.58125309e-02  4.83648553e-02
  3.85098122e-02 -5.52554019e-02  8.23243782e-02  3.69694903e-02
  4.06374931e-02 -5.09183574e-03  1.11349039e-02  5.48682688e-03
  1.67219117e-02  2.64260117e-02  4.34723869e-02 -4.21365201e-02
 -2.55368631e-02  6.59209490e-03 -3.54944565e-03 -2.76713073e-02
 -1.68944057e-02 -1.68404523e-02 -1.54403578e-02 -8.55010971e-02
 -4.24437486e-02 -4.35886625e-03 -3.57378367e-03 -4.90566827e-02
 -8.23130179e-03 -3.24227288e-02  2.40266304e-02  3.57587039e-02
  2.38630548e-02 -3.95426936e-02 -3.85761559e-02  3.26627791e-02
  1.20749129e-02  3.76454629e-02 -3.08538005e-02  5.10812774e-02
 -6.21504858e-02  1.08865928e-02  5.89189958e-03  1.31879037e-03
 -3.36817466e-02  1.03410531e-03  2.20735162e-03  9.66562890e-03
  9.99576878e-03  2.26525832e-02 -6.41860738e-02 -2.32282560e-02
  2.83119157e-02 -1.08535169e-02 -3.18076164e-02 -5.11574442e-04
 -2.98699010e-02 -3.19309123e-02 -2.86045130e-02 -3.48987654e-02
 -1.46196646e-04  7.77969090e-03 -3.95048555e-04 -2.74187438e-02
 -6.36740727e-03  3.36750410e-02 -1.28987003e-02  3.15274410e-02
 -6.68645725e-02 -3.05240564e-02  6.17110096e-02  2.37410869e-02
 -2.77594198e-03  4.40596929e-03  4.92350645e-02 -5.58392406e-02
  5.50378785e-02 -3.84676903e-02 -3.47043425e-02  4.30378616e-02
 -4.93444577e-02 -5.07917302e-03 -2.92392168e-02 -1.33849010e-02
  7.58829247e-03  8.07198230e-03 -3.28067020e-02 -3.47876251e-02
  7.97418877e-03 -6.24939688e-02 -2.30663363e-02  5.10918722e-03
 -2.38265730e-02 -3.38924043e-02  7.44491071e-02 -4.97427700e-33
  2.48485315e-03 -5.52824028e-02  7.12432573e-03 -8.46782140e-03
  9.75034549e-04  2.05142926e-02  4.31238860e-02  1.29885937e-03
  1.52358077e-02 -3.14172767e-02  3.77427116e-02  2.57708840e-02
 -1.36149873e-03  1.50354225e-02 -1.97537914e-02  2.66183168e-03
 -2.54427752e-04  5.99084683e-02 -1.12132672e-02 -1.05319105e-01
 -1.15802757e-01  1.39820892e-02 -1.66150741e-02  3.97999287e-02
  8.27233270e-02 -5.81688881e-02  1.81438066e-02 -1.64873526e-02
  3.36556882e-02 -1.86336655e-02 -1.49429897e-02  3.07656825e-02
  2.53361370e-03 -4.86628227e-02  2.58933045e-02  8.49724635e-02
 -4.13105264e-02 -3.06990910e-02 -3.05423941e-02 -3.94693799e-02
 -4.06488329e-02 -3.79688740e-02 -3.11007276e-02  8.89793634e-02
 -3.37816253e-02 -1.90692190e-02  2.57113166e-02  2.26272028e-02
  7.84633681e-02  1.32307157e-01 -1.15178702e-02 -2.07951153e-03
 -3.38777974e-02  2.29448099e-02  3.31563759e-03 -8.93792231e-03
  2.10798699e-02 -5.06570213e-04  1.77260190e-02 -3.08466479e-02
 -1.22957854e-02 -7.37584475e-03  5.65863997e-02  3.30966450e-02
 -4.07140702e-02 -5.15681654e-02 -1.97877567e-02 -2.77491901e-02
 -1.94082614e-02 -5.68835698e-02 -2.07184479e-02 -7.75841996e-02
  2.32664067e-02  4.96196561e-02  2.48095356e-02  1.55535648e-02
  1.09158447e-02 -1.31484363e-02  3.50721856e-03 -9.65343509e-03
  6.04930706e-03 -2.07306482e-02 -2.69872341e-02 -7.12554203e-03
 -5.47171496e-02 -5.78081496e-02 -8.72654468e-03  2.71698553e-02
  1.62578467e-02 -1.77656151e-02 -5.13685010e-02  3.97711918e-02
 -5.09959944e-02  7.07872808e-02  1.77608524e-02  1.16384216e-03
  3.62488404e-02 -7.57943392e-02  3.44530046e-02  1.98858622e-02
 -7.45282173e-02  6.49724826e-02 -8.71749315e-03  4.52671498e-02
  7.26255588e-03  7.46845920e-03 -3.24833058e-02 -2.15395316e-02
 -1.01051079e-02 -3.24998237e-02  6.53118128e-03  3.17597799e-02
  6.66723400e-03  4.27763537e-02 -5.40764593e-02 -4.09770086e-02
  1.41750276e-02  3.66638647e-03  2.32686102e-03  2.39135255e-03
 -5.32966619e-03 -3.05153336e-03 -3.23482417e-02 -2.87953950e-02
  1.86079962e-03  2.56489944e-02 -2.00140961e-02  3.21011283e-02
  2.00426788e-03  1.35605773e-02  4.18993607e-02 -7.94334151e-03
  2.25160179e-07  1.43901752e-02 -1.44377137e-02  6.59028664e-02
 -4.21917951e-03 -3.09004970e-02 -3.18789892e-02 -1.78221650e-02
  8.62936601e-02  1.82477310e-02  5.02543040e-02  1.43189477e-02
 -3.93355824e-03 -2.90756412e-02  1.99846700e-02  2.76768766e-02
  3.60532999e-02 -2.26850975e-02  5.58129176e-02 -1.74183324e-02
  1.14017781e-02 -6.98141195e-03  2.27473360e-02  1.31012104e-03
  2.14127265e-02 -1.76968612e-02  2.55716257e-02 -8.24157428e-03
  1.31731236e-03  2.67633125e-02 -2.84508499e-03 -7.01134205e-02
  3.17991935e-02  3.49185765e-02 -6.68956572e-03 -1.43423164e-02
 -1.83832031e-02 -5.68287726e-03  2.86088698e-02 -1.19750400e-03
  4.50407714e-03 -1.24297263e-02  2.91966293e-02 -2.49749534e-02
  4.18045558e-03  1.69890020e-02 -1.76245719e-02  2.08988395e-02
  1.04787380e-01  4.49342914e-02 -6.64861640e-03  2.96346843e-02
  8.38323310e-03  1.11229559e-02  3.72454524e-02  2.50398628e-02
  7.97836110e-03 -2.57590972e-02  1.08560491e-02  7.70170195e-03
 -8.24883804e-02 -3.28573375e-03 -2.68437825e-02 -2.27471106e-02
  8.78269132e-03 -3.04461457e-02  2.30274629e-03  2.12851595e-02
  1.46887719e-34 -2.06386540e-02  3.35013792e-02  2.31826454e-02
 -5.14657609e-02 -3.44657712e-02 -2.70313416e-02 -3.23147625e-02
  9.36663896e-03  4.61179130e-02  6.31074458e-02  9.46176145e-03]"
Procurement,"Sourcing, contracting, purchasing, and supplier coordination for food, goods, and services.","[ 2.56276410e-02  1.53893894e-02 -8.52925144e-03 -4.21169177e-02
 -1.97555590e-02 -8.51639546e-03  3.75110842e-02  2.66303495e-02
 -3.15658450e-02 -1.08055966e-02  2.21294165e-03 -2.74535120e-02
  6.23477437e-02  5.18803522e-02 -7.47445552e-03 -9.07198992e-03
  1.40257506e-02  1.90996528e-02 -1.00116335e-01  2.08311453e-02
 -6.71643903e-03  2.42051333e-02 -3.06998156e-02  3.90911661e-03
 -4.82673645e-02 -3.73561159e-02 -9.65627900e-04 -3.14942561e-03
 -3.23753916e-02 -2.15595998e-02  7.58784786e-02 -7.74954120e-03
 -3.78711484e-02 -6.31845891e-02  1.57957209e-06 -1.94098521e-02
 -8.30667391e-02  4.88971174e-03 -7.07566813e-02  5.84318638e-02
 -1.04436763e-02 -7.09614307e-02  2.65403017e-02  3.59780304e-02
  1.00931575e-04  5.34622138e-03  4.55283560e-02  2.05590427e-02
 -3.17888744e-02 -2.62618214e-02  2.19101310e-02  5.67793380e-03
 -5.27792089e-02 -2.81526316e-02 -1.15643099e-01 -5.55146486e-02
  3.40154953e-02  6.78617368e-03  4.23993580e-02 -6.32534828e-03
 -2.21841857e-02 -3.30419093e-02 -8.49132612e-03  3.82051282e-02
  1.84745379e-02  4.00685370e-02  4.82280273e-03 -1.57168135e-02
  1.55721148e-02  3.86216752e-02  1.04118310e-01 -3.81485140e-03
  1.96400676e-02  5.36555983e-02 -2.02526432e-03  1.07397800e-02
 -2.27263682e-02 -5.85891353e-03 -6.47731218e-03 -5.69179654e-03
 -1.56528410e-02  2.43382584e-02  2.01572254e-02  4.66250628e-02
 -2.54585873e-03  6.19359054e-02 -3.03192437e-02 -3.37794647e-02
 -7.37821832e-02 -9.39301308e-03 -5.56760700e-03 -3.30634862e-02
  4.41314615e-02  2.43764203e-02 -2.98402924e-02 -3.74679640e-02
  4.04622518e-02  5.20931184e-02  4.90089431e-02  5.13843074e-02
 -9.41701010e-02 -1.44728622e-03 -3.77314463e-02  1.48284119e-02
  1.12733776e-02 -1.24272667e-02 -4.90946807e-02  2.66320612e-02
 -3.31555270e-02  5.69845252e-02  7.69216847e-03 -1.23437187e-02
 -6.83700815e-02  8.95475689e-03 -5.01430072e-02 -1.41275898e-02
  1.13641806e-02  1.22001581e-02 -3.30291651e-02  2.15010494e-02
  1.05734654e-02  5.02438992e-02 -3.13728824e-02 -1.21219864e-03
 -4.16024141e-02  3.01753660e-03 -3.97608094e-02  2.94793677e-02
 -5.25002787e-03  5.21435849e-02 -2.14286800e-02 -1.59619711e-02
  2.96997987e-02 -1.34571679e-02 -2.60338690e-02  2.72881817e-02
  3.82680632e-02  6.51339665e-02 -3.96504141e-02 -4.61823773e-03
  1.60837825e-02 -1.47674521e-02 -8.03404450e-02 -6.71569374e-04
 -1.02920947e-03 -7.78070604e-03  3.43875424e-03  2.50785705e-02
  1.74905881e-02  5.40125789e-03 -4.50391732e-02 -1.55876065e-02
 -3.09943464e-02  2.51261797e-03  1.20831095e-02  3.81218903e-02
  8.28090534e-02 -7.57916421e-02 -1.74951460e-02  6.26994669e-03
  1.59108527e-02  3.85666080e-02  4.72968929e-02 -7.95998797e-03
 -4.13557105e-02  3.12531628e-02  5.82262725e-02  1.40772555e-02
  1.99567247e-02 -4.69991453e-02  1.42128766e-02 -1.49357291e-02
 -4.78057228e-02  3.35143842e-02  4.43671755e-02 -2.34372192e-03
  3.79977226e-02 -2.35585719e-02 -2.36402806e-02  4.70563173e-02
 -7.95939937e-03 -6.37680590e-02  8.82097892e-03  3.13092880e-02
  1.92724802e-02  3.35694216e-02 -2.95932069e-02  9.80231259e-03
 -3.50317098e-02 -1.39357531e-02  1.76367369e-02 -3.73345939e-03
 -6.86200336e-03  7.07396353e-03 -2.11808532e-02  2.32924707e-02
 -1.59382224e-02  2.29303427e-02 -7.11101890e-02  2.39659101e-02
  1.35324607e-02  1.88222509e-02  8.35629087e-03  5.43917492e-02
  1.44800218e-02  7.45682605e-03 -1.70107577e-02  1.77132171e-02
 -1.62169840e-02  4.00294624e-02 -4.16500010e-02  1.32437171e-02
  1.60197925e-03  3.57045159e-02  1.29746906e-02  4.34244052e-02
  5.08421857e-04 -1.03828488e-02 -5.24432324e-02  1.67096946e-02
 -5.50413840e-02  8.38215351e-02  1.91988666e-02 -4.21729917e-03
  7.11960718e-02 -1.64846908e-02 -1.32282469e-02  4.13090102e-02
 -8.08187854e-03  2.34314539e-02  6.02205321e-02  3.46174277e-02
  1.80295054e-02  3.53680514e-02 -3.74486335e-02  4.51245680e-02
  7.05803335e-02  1.34614393e-01  2.32954323e-02  5.22433072e-02
 -3.41610238e-02 -7.17018843e-02  3.11210398e-02 -1.10521736e-02
  6.74753040e-02  1.34807425e-02 -2.65212655e-02  6.60680514e-03
  8.64429306e-03  3.60390954e-02  4.76282835e-02  6.75999420e-03
 -7.97848799e-04  4.34177043e-03  1.04814637e-02 -6.34181052e-02
  2.16415487e-02  3.49067040e-02  4.36525010e-02  5.55280931e-02
  4.93209958e-02 -2.64015067e-02 -8.97638849e-04  1.56844277e-02
  3.52687761e-02 -1.81128066e-02  2.35317852e-02 -2.00434442e-04
  1.66291315e-02 -1.00657847e-02 -4.68734745e-03  2.16197539e-02
  1.57569663e-03 -5.94156608e-03  5.05934353e-04  1.71550103e-02
 -1.44630466e-02 -1.78524163e-02 -4.13851142e-02 -1.01539278e-02
  3.02037634e-02 -4.27507497e-02  2.31506620e-02  2.69271825e-02
  7.57307513e-03  2.20554625e-03  5.61066903e-03  4.97180084e-03
 -8.26949254e-02 -3.46364193e-02 -1.21721504e-02 -4.64824550e-02
  5.12259528e-02 -6.82629123e-02 -8.62562843e-03  4.10443731e-02
 -4.03613113e-02 -1.39255133e-02 -5.03015779e-02 -3.80768217e-02
 -1.82084739e-02 -9.90520641e-02  2.59727389e-02 -3.45471017e-02
 -2.28940267e-02  5.11501357e-02  2.63138134e-02 -1.16410442e-02
  1.06805600e-02 -9.04909614e-03  3.96447331e-02  2.87931878e-02
  1.52329365e-02  1.45441461e-02  4.04865071e-02 -6.74892031e-03
 -1.02795428e-02 -1.81628149e-02 -1.09103927e-02  1.00642569e-01
 -2.39980407e-02  5.32422261e-03 -5.04518747e-02 -1.31029394e-02
  1.67050343e-02 -1.14416722e-02 -2.26687305e-02 -4.58570123e-02
 -5.55777065e-02 -5.31527214e-02 -2.58351117e-02 -5.60856648e-02
 -5.10090515e-02  3.77171710e-02  7.06783757e-02  4.48285714e-02
 -2.55025420e-02 -1.99992843e-02 -7.77730858e-03 -1.57866888e-02
 -4.87117184e-04 -1.60401575e-02 -1.33219194e-02  9.36283991e-02
  7.14322627e-02  4.81567718e-02  5.80861196e-02  2.59335525e-02
 -2.97765005e-02  2.37943027e-02  2.83279475e-02  4.26908843e-02
 -9.05754510e-03 -7.18347915e-03 -3.91822569e-02  4.29869108e-02
 -5.40945567e-02 -3.23225074e-02 -5.27951308e-03  3.51662957e-03
 -4.86611947e-02 -2.87493765e-02  6.47645742e-02 -4.50084023e-02
  4.25617583e-02  2.94105802e-02  2.72964649e-02  8.59793834e-03
  2.54481602e-02 -7.56717566e-03 -5.34491129e-02  1.42647317e-02
 -1.79187041e-02 -2.49985028e-02 -1.45545732e-02  3.91076356e-02
  2.21696552e-02 -6.92444015e-03 -6.20683171e-02  2.08228696e-02
  7.44810142e-03 -3.03673055e-02  1.02837510e-01 -1.65354852e-02
 -1.05971396e-02 -2.77854633e-02 -3.54587510e-02 -7.90023282e-02
  7.36689661e-03  1.39956791e-02 -8.48340057e-03 -4.29141261e-02
 -7.64638186e-02  2.91493330e-02  2.19807886e-02 -4.25915644e-02
  1.64429862e-02  9.55850538e-03  1.34583027e-03 -1.24207642e-02
  3.50500122e-02 -3.47056873e-02  5.00316173e-02 -4.60234992e-02
 -6.70485618e-03 -4.56218086e-02  5.47253713e-02  1.41029013e-02
 -3.46909985e-02  3.12507749e-02 -1.12448623e-02 -3.78401913e-02
 -3.24586816e-02  2.74587180e-02  2.12520864e-02 -3.22479978e-02
  7.94668595e-05  5.05783521e-02 -3.65898050e-02 -5.39514720e-02
 -2.06699502e-02 -1.39794545e-02 -2.30005831e-02  2.20645536e-02
  2.80827843e-02  4.56649326e-02  7.74408225e-03  3.26112434e-02
  6.21037092e-04 -3.88638377e-02 -1.04878452e-02 -9.93214920e-03
 -2.04163361e-02 -2.35208087e-02 -1.96704473e-02  3.40358354e-02
  6.25855327e-02 -4.21685092e-02 -3.39907557e-02 -3.51254269e-02
  1.34676173e-02  5.17372563e-02  1.26068350e-02  2.38818955e-02
  1.55461906e-02  1.40716638e-02 -4.00187597e-02  2.84291599e-02
 -2.80356482e-02 -7.17245415e-03  4.88193594e-02  2.94839148e-03
  4.34217835e-03 -3.70225310e-02  1.90391559e-02 -1.81893609e-03
 -4.11949530e-02 -1.37283504e-02 -7.38651352e-03 -5.21023795e-02
  3.70187238e-02  3.11681088e-02 -3.96144483e-03  7.79822376e-03
  4.20433767e-02 -1.32512957e-01  4.95562591e-02 -2.21534483e-02
  3.78909358e-03 -2.64731180e-02  1.23007558e-02 -7.65580731e-03
 -2.83049140e-02  1.80866774e-02  3.49849984e-02 -2.32837647e-02
  1.49346441e-02 -3.21257561e-02  8.63488857e-03  4.57011536e-02
 -1.77470222e-02 -1.79487225e-02 -1.54962926e-03  2.96243262e-02
 -1.29566174e-02 -1.23451538e-02  1.23492200e-02 -2.07212186e-04
  4.40845033e-03 -9.18544736e-03  3.95965856e-03 -4.23270604e-03
  1.18681891e-02  4.89511080e-02  2.03216281e-02  6.17810562e-02
  7.69212544e-02  1.55706471e-02  3.61025007e-03 -3.10827289e-02
 -1.20951748e-02  8.33109766e-03  1.54943429e-02 -6.03615046e-02
 -1.44690890e-02  4.44778912e-02  2.82763392e-02  2.34066844e-02
  1.69131102e-03  1.41356643e-02  2.17410852e-03 -2.29335320e-03
  7.51381647e-03 -1.04204021e-01  2.01590527e-02 -3.28118913e-02
 -5.21867424e-02 -2.81304512e-02 -1.45130418e-02 -4.28674892e-02
  1.64817888e-02 -2.04379931e-02 -1.61833374e-03 -4.39024903e-02
  3.43974009e-02 -4.04483601e-02  1.56794023e-02  2.10442506e-02
  1.62138194e-02  4.50895056e-02 -5.10772318e-02  6.96646562e-03
 -5.33638149e-02  1.01002268e-02 -1.21155297e-02  6.12531183e-03
 -5.43279201e-03  3.39086875e-02 -7.23428605e-03  2.35286336e-02
 -4.91341464e-02  2.00088322e-02  8.31677243e-02 -2.34824955e-04
  2.84621343e-02 -9.27013904e-03 -4.30678055e-02  5.93793252e-03
 -7.12087890e-03  2.84282938e-02 -7.32940808e-03 -3.04123890e-02
 -2.92142816e-02 -1.55458767e-02  6.73388541e-02 -5.42655653e-33
 -4.78063273e-04 -1.30380884e-01  5.59397303e-02  2.23295614e-02
 -3.46029140e-02  1.12552186e-02  2.61069387e-02 -1.11279963e-02
 -3.05360034e-02 -5.59465326e-02  5.78872906e-03 -1.77443605e-02
  3.13688219e-02  2.69975490e-03  2.17833146e-02 -3.77852446e-03
 -2.24264339e-02 -1.12582380e-02  1.05905756e-02 -6.42483160e-02
 -7.10641518e-02 -5.20996656e-03  1.78616717e-02  5.28500639e-02
  4.05867696e-02  1.27785595e-03 -5.01359180e-02  1.86426621e-02
  2.83582546e-02  1.07766110e-02 -1.77790802e-02 -2.08917782e-02
  7.99505692e-03 -9.12102405e-03  1.64167210e-02  4.19578254e-02
 -3.92356291e-02  3.99743300e-03 -2.48018932e-02 -2.37912256e-02
 -4.26086783e-02 -2.69335844e-02 -5.75236790e-03  2.13019643e-02
 -3.03661404e-03  3.77679523e-03 -3.78079340e-02 -3.39323729e-02
 -3.82625870e-02  6.72133639e-02 -3.39261070e-02 -3.27131860e-02
 -2.03946978e-02  3.19512375e-02  2.65490972e-02  1.19444065e-01
 -9.96682700e-03  4.80309781e-03  1.77098869e-03 -2.51543242e-02
 -4.18428630e-02  4.01695855e-02  8.84831138e-03 -8.55279155e-03
 -4.86510806e-03 -4.13015150e-02 -8.70749056e-02 -4.94028926e-02
  1.90304536e-02 -8.34774449e-02 -2.30136961e-02  1.02185994e-01
 -2.71321312e-02  1.14818513e-02 -1.02840558e-01 -2.54165065e-02
  1.55866519e-02  1.31705077e-03  1.70872733e-02  1.74863301e-02
 -6.29819650e-03 -2.50682794e-02  3.34919617e-02  6.63609523e-03
 -2.74382741e-03 -5.14374413e-02 -3.40733081e-02  7.45341480e-02
 -2.45428295e-03  3.45422961e-02 -1.78659353e-02  1.02661200e-01
 -5.80017176e-03  4.83294278e-02 -4.97378176e-03  4.38470580e-02
  1.24668200e-02 -2.13892516e-02  7.41543993e-03  1.32892001e-03
 -5.96161783e-02  4.45309877e-02 -3.04599740e-02  3.81096639e-02
 -5.10069542e-03  1.33672524e-02 -2.06411723e-03 -3.66497561e-02
 -1.35536324e-02  5.48335537e-02  3.36763822e-02  2.51370855e-02
  5.05619310e-02 -3.42117697e-02 -2.57522741e-04 -2.07570158e-02
  6.59938483e-03 -9.97516047e-03 -1.13427248e-02 -6.49514198e-02
  2.21598949e-02  1.36616845e-02 -5.26947267e-02 -1.77314710e-02
 -1.82859395e-02  4.55285870e-02  2.25212462e-02  5.62276095e-02
  1.30722849e-02  3.09971776e-02 -9.83457360e-03 -1.36145493e-02
  2.13224013e-07  1.98925827e-02  6.49090335e-02  2.57216543e-02
  3.32214609e-02  2.40985374e-03 -3.75562124e-02  8.46763328e-03
  2.44482118e-03 -2.87431628e-02 -4.28913608e-02  5.78437820e-02
 -3.21024880e-02 -1.33471272e-03  3.61982360e-02 -5.87379793e-03
 -7.05350786e-02 -2.65924912e-02 -2.53954809e-02 -3.80004607e-02
 -9.21024904e-02 -1.42052732e-02 -9.73257329e-03 -2.83554737e-02
  5.74058108e-03 -1.77089293e-02  1.82872210e-02 -1.97213814e-02
 -4.06402498e-02  4.43083458e-02  1.39511442e-02 -6.29623188e-03
 -3.11109121e-03  2.11567190e-02  4.19250038e-03 -1.58073362e-02
 -3.11895944e-02  4.16996926e-02 -2.47704070e-02  3.07880100e-02
  1.65244583e-02 -1.53296599e-02 -6.89460561e-02 -3.77465598e-02
 -5.47315273e-03 -2.33967882e-02 -2.52479073e-02  3.51318903e-02
  4.68469746e-02  1.39408568e-02 -4.96729417e-03  4.12003370e-03
  2.99011003e-02  1.26955751e-02  2.76997685e-02 -2.18374166e-03
  4.02203724e-02  3.82920988e-02  1.59059733e-03  4.99704033e-02
  5.26062846e-02  4.53512324e-03 -2.57253945e-02 -5.58068976e-03
  2.40664855e-02 -8.70971102e-03  3.97485718e-02 -2.32965313e-03
  1.31497008e-34 -9.98313655e-04 -6.26357049e-02  2.97830403e-02
  5.52909300e-02  1.19407792e-02 -3.44822444e-02 -1.13894776e-01
  2.82607018e-03 -1.26585457e-02 -3.32864933e-02 -3.86275128e-02]"
Partnerships,"Strategic alliances with governments, UN agencies, NGOs, and private companies.","[ 5.93295433e-02  3.91077697e-02  1.63023348e-03 -4.76413593e-02
  4.46899002e-03 -4.06998098e-02  5.61295450e-02  1.95186529e-02
  5.60175292e-02  1.03729432e-02 -8.82495567e-03  1.86067279e-02
  5.91474883e-02  8.20778683e-02  2.09590532e-02  4.80333669e-03
  3.17016505e-02  8.68702028e-03 -4.75042760e-02  1.46365464e-02
 -2.21274979e-02  4.28790692e-03 -4.56027308e-04  2.10498944e-02
  4.00543474e-02 -4.71158624e-02 -4.47659269e-02  2.78687868e-02
  1.96748748e-02  4.16012248e-03  3.86056229e-02 -3.35332341e-02
 -2.72723418e-02 -3.10883261e-02  1.39280132e-06 -4.46488820e-02
 -7.33221769e-02 -2.64020860e-02  1.29870698e-02  1.46147925e-02
 -1.53448777e-02 -1.40687199e-02 -1.61622167e-02  3.35314088e-02
 -4.15123925e-02 -5.55272065e-02  3.69842947e-02 -4.37780917e-02
  7.94263324e-04  4.20877412e-02  9.99832246e-03  4.79185302e-03
 -2.07072496e-02 -1.93460342e-02 -1.45559430e-01  1.24965534e-02
  2.57581547e-02 -2.14741565e-02 -5.11393358e-04  1.96439084e-02
  3.53576541e-02  1.20724011e-02 -6.77106576e-03 -4.15637484e-03
  3.63956839e-02  3.73854078e-02 -1.40133174e-02 -4.46391702e-02
 -2.95090908e-03  1.04649516e-03  7.09469765e-02 -1.68914930e-03
  1.88030154e-02  2.70296186e-02  4.93036620e-02  4.41839620e-02
  3.06788720e-02 -1.55089395e-02  2.51650717e-02  5.75281978e-02
  4.37001623e-02  4.22592051e-02  4.61499766e-03  4.43760641e-02
  2.95799319e-02  1.24541754e-02 -3.54568660e-02  2.04172190e-02
  2.30927784e-02 -5.00548072e-03 -9.16749297e-04 -5.45115620e-02
  5.32575930e-03 -2.46154591e-02  9.68210120e-03 -3.11657432e-02
  6.70760777e-03  7.35525414e-02  3.78734097e-02  2.50971317e-02
 -5.20252958e-02 -8.71446915e-03 -1.26508735e-02  3.71813439e-02
 -1.48671716e-02 -8.38252828e-02 -5.01741655e-02 -9.45480191e-04
 -2.79358942e-02  9.11907014e-03 -1.91263705e-02  1.82844214e-02
 -4.30712663e-02  5.07606156e-02 -2.18383092e-02 -2.90146302e-02
 -4.49689440e-02  5.83563894e-02  1.58952468e-03  5.32879010e-02
  2.04938222e-02  3.93352732e-02  4.64626364e-02 -4.12891712e-03
 -6.25951262e-03  6.22447319e-02 -3.02928612e-02  2.05577202e-02
 -2.83496454e-02 -2.01088022e-02 -4.62922362e-05 -2.09330935e-02
  2.21384112e-02 -2.06790846e-02 -1.07179582e-02  3.78164761e-02
  1.51693663e-02  3.97371016e-02 -5.92440441e-02  1.95391122e-02
  1.19712837e-02  1.14100073e-02 -1.57901905e-02  6.83745136e-03
 -7.66708469e-03 -4.06394713e-03  1.32741872e-02 -4.92180809e-02
  9.26684064e-04 -5.65010197e-02 -5.30669577e-02 -2.97999233e-02
  2.70516705e-02 -2.00419389e-02  3.19273770e-03  4.81104292e-02
  2.64252350e-02 -2.67673545e-02 -3.43938395e-02 -6.69906009e-03
  8.78141355e-03 -3.55847855e-03 -2.03716941e-02  1.64531562e-02
 -6.28017494e-03  3.14219370e-02  6.66091889e-02  2.76191793e-02
 -1.40332794e-02  8.20527785e-03 -3.51616815e-02 -1.13173556e-02
  5.53967897e-03 -7.65376445e-03  2.18046252e-02 -3.24120298e-02
  6.17325678e-02 -2.99869627e-02 -3.74350622e-02 -1.34559134e-02
 -2.03872621e-02 -7.39888847e-02 -2.17447840e-02 -2.96836756e-02
  1.02927601e-02  3.46435308e-02  1.16035547e-02  6.41408414e-02
 -3.20002176e-02 -2.78854801e-04  2.11213306e-02  5.97621948e-02
 -8.96281935e-03 -5.76277217e-03  2.38844622e-02 -2.05751546e-02
 -2.15001907e-02 -2.12661307e-02 -5.15591390e-02  6.85098406e-04
  4.99018319e-02 -2.82955524e-02 -1.89036969e-02  3.61436382e-02
 -6.26366353e-03 -9.60576162e-03 -3.19804847e-02 -2.57143169e-03
 -8.13886672e-02  1.27364276e-02 -2.43731793e-02  4.76788320e-02
  8.30012606e-04  2.02041678e-02  3.46684307e-02  3.33302207e-02
 -1.52398823e-02  2.10483409e-02 -2.57793274e-02  7.33563751e-02
 -2.74174344e-02 -8.29700148e-05  4.82102931e-02 -2.90570664e-03
  6.07166626e-03  3.54516916e-02 -2.82709952e-02  1.59205887e-02
 -8.67750496e-03  2.95133051e-02  3.15037556e-02  3.73212323e-02
  2.48339884e-02  3.05785425e-03  5.04328078e-03  3.21869808e-03
  1.09331347e-01  1.00631736e-01  3.37289460e-02 -3.54132839e-02
 -3.23000662e-02 -3.01201046e-02  3.20288874e-02  3.43028791e-02
  3.80317681e-02  1.09173469e-01  2.11365391e-02 -4.46552318e-03
 -1.42178787e-02  1.95846092e-02 -1.75518803e-02  3.18242274e-02
  2.23441212e-03 -1.84538253e-02 -3.04288752e-02 -5.16171716e-02
  3.54849850e-03  4.07870635e-02  2.34929975e-02  8.11153054e-02
  4.26291414e-02 -4.87123728e-02 -1.16615342e-02  2.22394969e-02
  9.39895492e-03 -2.20906250e-02 -3.40190716e-03 -5.03614470e-02
  1.35100987e-02 -4.68634395e-03  1.56986322e-02  8.09840672e-03
  1.26884002e-02 -2.76986174e-02  4.33239602e-02 -6.91580353e-03
 -3.18534765e-03  2.66790856e-02  1.36739891e-02 -1.60575770e-02
  1.99365374e-02 -2.20514294e-02 -2.65962407e-02  3.18813734e-02
 -1.95410494e-02  1.80079322e-02 -6.26648823e-03 -4.79814634e-02
 -2.01222133e-02 -2.43234057e-02 -2.61974130e-02  8.70067813e-03
  7.68432440e-03 -7.07956403e-02  9.45899263e-03  5.78320138e-02
 -5.18903546e-02 -4.37079743e-02  4.15894343e-03  1.48563003e-02
 -7.52291828e-03 -3.29378210e-02  9.09391884e-03  8.21546931e-03
  2.99573317e-02  1.71324443e-02 -3.25111970e-02  6.73121214e-03
  2.34910026e-02 -2.33205110e-02  1.91669688e-02  4.00376767e-02
  7.19335750e-02 -1.64137129e-02  3.17284763e-02 -3.82006317e-02
 -1.85575150e-02 -9.79967490e-02  3.71978171e-02  7.07086474e-02
  3.09631471e-02  3.80172879e-02 -7.23004192e-02 -3.84362042e-02
  1.80792250e-02  1.40094664e-02 -4.16292362e-02 -3.44685428e-02
  1.11066233e-02 -7.11557642e-02 -2.15084404e-02 -5.82515895e-02
 -5.04824147e-03  2.19266005e-02 -2.44147256e-02  4.24579196e-02
 -8.44511669e-03 -2.44670901e-02  2.72444636e-02  3.77719203e-04
  8.31034407e-03  5.95137756e-03 -6.50271326e-02 -3.35699902e-03
  1.41526097e-02  8.86781514e-03  1.70267764e-02  5.57359941e-02
 -3.08312457e-02  3.51169780e-02  2.85454877e-02  5.52481376e-02
  3.60081531e-02  3.32181668e-03 -2.83018947e-02  1.68495737e-02
 -3.72727178e-02 -1.26680462e-02  5.88676371e-02 -8.17435794e-03
 -7.49948025e-02 -2.91457470e-03 -4.34569716e-02 -3.17701735e-02
 -4.04434651e-02 -2.63615344e-02  3.75990644e-02  8.92489590e-03
  1.59770239e-03 -3.80994007e-02 -2.07015866e-04  2.32578721e-02
  5.87241910e-02  1.37168681e-02 -3.27389650e-02  2.26646159e-02
  1.39277484e-02  1.21060377e-02 -2.56284866e-02 -8.10084678e-03
  3.54190543e-02 -4.56907004e-02  3.96230668e-02 -3.21572721e-02
 -9.47014689e-02 -2.06716508e-02 -4.80612926e-03 -5.87099269e-02
  5.10652142e-04  1.30129177e-02  1.99096426e-02 -2.71191774e-03
  3.83743607e-02  4.48943451e-02  2.65101250e-02 -3.38890925e-02
  2.68032239e-03 -3.08762435e-02 -3.26062106e-02 -2.87279040e-02
  6.88405149e-03 -4.27581631e-02  2.66459007e-02 -7.12237582e-02
 -4.06498238e-02 -1.05644763e-02  6.75307959e-02  3.54889929e-02
  7.95744639e-03 -1.68749914e-02  2.65297219e-02  1.66622940e-02
  1.97899956e-02  1.48186525e-02 -3.84572684e-03 -4.16584685e-02
  1.59812195e-03  7.06997663e-02  1.06801488e-03 -5.74877225e-02
 -2.42951536e-03 -1.80541687e-02 -3.58576328e-02 -2.25354806e-02
  3.03137191e-02  2.48569585e-02  1.69236790e-02 -1.86516962e-03
  1.91990826e-02 -1.07798614e-01 -5.85248414e-03  1.78894717e-02
  2.49104425e-02  3.49370427e-02 -1.19483816e-02  4.71355319e-02
  6.50275359e-03 -1.17135616e-02 -8.03126022e-02 -1.36484094e-02
  1.58447996e-02  7.72698522e-02 -7.14849588e-03  1.64777488e-02
 -1.85695216e-02  4.97137234e-02 -2.04461394e-03  7.68247098e-02
 -4.95938063e-02 -1.02159018e-02  1.46774538e-02  1.28158797e-02
 -4.17077951e-02 -1.03034526e-01  9.92678292e-03 -3.63597157e-03
 -6.96144626e-02 -1.44582801e-02 -1.98247447e-03 -2.97648110e-03
 -4.76775430e-02  2.18735076e-02  2.07255594e-02  3.32139507e-02
  7.73126855e-02 -2.18059365e-02  4.59680669e-02 -1.81358904e-02
 -2.92220619e-02 -1.64744370e-02 -9.23247449e-03 -3.41071002e-03
 -2.87256371e-02  3.46340835e-02 -5.56764230e-02  2.51681246e-02
 -1.80146769e-02 -1.76931787e-02 -2.00503487e-02  4.26133350e-02
 -6.94437325e-02  5.47132418e-02 -8.66389647e-03  3.20061482e-02
 -7.68454699e-03  2.65718196e-02  2.08452567e-02  5.11060469e-03
 -1.51383262e-02  1.14488490e-02  4.10701111e-02 -2.63340445e-03
  5.26848854e-03  4.01877500e-02 -5.60452864e-02  2.02190690e-02
 -9.05214250e-03  7.64482319e-02 -2.36575701e-03  4.82897423e-02
  3.25224549e-02 -1.27738679e-03 -2.60179266e-02  4.88492521e-03
 -2.06815545e-02  2.44906247e-02  3.99519410e-03 -1.07122576e-02
  3.23072374e-02 -1.67750125e-03  2.35823728e-02  5.75127378e-02
 -4.01524943e-04 -6.56326786e-02 -1.88073777e-02  2.32097581e-02
  5.24039892e-03  2.20014360e-02 -3.45690809e-02 -3.08885146e-02
  6.03013998e-03  1.79704206e-04 -5.36636710e-02 -3.67292203e-02
 -3.66844460e-02 -3.45437527e-02  5.31217223e-03  9.29730304e-04
  7.05397862e-04  1.38394476e-03 -3.50145809e-02 -6.00568019e-02
 -2.12088274e-03  3.71238142e-02  2.54788455e-02 -3.22417403e-03
  4.33058888e-02  5.43739572e-02 -1.93421892e-03  6.12031259e-02
 -1.35824764e-02  2.07621790e-02 -1.70998983e-02 -1.93301197e-02
 -6.20132573e-02  3.02405637e-02 -4.34637778e-02 -2.51396745e-02
  4.87812236e-02  1.92373414e-02 -3.19289044e-02 -5.69906048e-02
 -1.00712419e-01 -5.05057275e-02  7.63019100e-02 -5.39516054e-33
  4.59268987e-02 -3.20331603e-02  4.94943447e-02 -1.02707520e-02
 -7.94347152e-02  2.59030648e-02  2.94178575e-02  4.90185898e-03
 -7.08354414e-02 -2.59889998e-02 -7.94853549e-04 -3.39862914e-03
  3.37757021e-02 -2.53962446e-02 -1.68795045e-03  3.07391044e-02
 -3.67057994e-02  2.70314272e-02 -2.13854876e-03 -8.49019811e-02
 -7.07064345e-02 -2.49982458e-02  3.55950221e-02  3.75551428e-03
  1.70017555e-02  2.86204759e-02 -6.47045746e-02  2.76395697e-02
  4.61834632e-02 -3.50155658e-03 -1.90764759e-02 -7.66830072e-02
 -1.68212503e-02 -9.10219848e-02  4.31772061e-02  3.56242657e-02
 -1.84019879e-02  2.96212491e-02  3.02912984e-02 -2.81239133e-02
 -6.56595603e-02 -2.15846151e-02 -5.57886884e-02  1.06282346e-02
  6.25099614e-02 -2.94927806e-02 -3.05661038e-02 -5.25167808e-02
 -2.08406076e-02  8.68574083e-02 -2.75836419e-03 -2.27780174e-02
  1.39710994e-03  1.10215694e-01 -3.65818515e-02 -3.20711508e-02
 -4.83025871e-02  2.04520989e-02  2.57960730e-03 -1.75239742e-02
 -2.66061611e-02  5.45404516e-02  5.61480857e-02 -1.62364412e-02
 -4.69622435e-03  4.18277346e-02 -9.59151313e-02 -6.58921599e-02
  1.68508245e-03 -3.46850492e-02 -1.16947722e-02  4.19302918e-02
 -1.48207135e-02  5.49598634e-02 -1.14870176e-01  1.44663276e-02
  1.97322983e-02  5.65816136e-03  4.73563373e-02 -1.43426992e-02
 -4.39545624e-02 -2.01948709e-03  6.18977845e-02  1.91478692e-02
 -7.62083940e-03 -3.94863151e-02 -4.36626859e-02  5.85706485e-03
  3.30894999e-02  1.64369829e-02 -2.69582644e-02  1.17398992e-01
  3.41956131e-03  3.08546703e-02  2.52006645e-03  3.10265198e-02
  1.42345317e-02  6.13239966e-03  1.94409268e-03 -1.46071266e-04
 -2.65169125e-02  1.47286346e-02 -3.31026539e-02 -3.35561931e-02
  5.29551180e-03  1.53815998e-02 -3.05450186e-02 -9.94550716e-03
 -3.69598866e-02  2.86453366e-02 -6.34223456e-03  1.61836743e-02
  2.21218122e-03 -1.34013221e-01 -3.62506844e-02 -2.50086728e-02
  2.10494585e-02  1.89031253e-03  9.37888399e-03 -4.92635369e-02
  1.13153877e-02  1.01700546e-02 -2.98407115e-02 -3.11545227e-02
 -2.64407061e-02  3.95060368e-02  8.03393051e-02  1.22335181e-02
  8.41623696e-04  3.74076399e-03  1.64791718e-02 -1.63314566e-02
  2.04505184e-07  1.22093791e-02  2.75337026e-02  2.04679556e-02
 -1.51653206e-02  1.18564619e-02 -1.18300142e-02  2.61694733e-02
  3.20267864e-02 -3.56474295e-02 -4.36049961e-02  2.00817753e-02
 -2.20259894e-02  1.64966360e-02  1.39415022e-02 -8.70026764e-04
  1.88895147e-02  2.24643499e-02 -9.48753767e-03 -3.52480598e-02
 -5.85984401e-02 -2.89579835e-02 -8.18374101e-03 -1.50698815e-02
  1.33657875e-02  2.43839528e-02 -8.24777782e-03  1.47345665e-04
 -2.06584726e-02 -1.43678980e-02  2.18530502e-02 -5.17130755e-02
 -2.87609808e-02  2.24254020e-02 -3.97046208e-02 -2.89861131e-02
 -3.04737538e-02 -1.10417139e-02  2.08653603e-02  2.58379932e-02
  2.71840543e-02 -4.38602082e-02 -3.41657363e-02 -4.21859100e-02
 -1.35732153e-02 -6.30732113e-03 -2.41754460e-03  1.11993467e-02
  3.74539979e-02 -6.64288038e-03  4.64826673e-02 -1.82226263e-02
  4.14363965e-02  1.73603911e-02  5.10819443e-02  1.71410609e-02
 -3.37456875e-02  2.97956634e-02  1.84723176e-02  1.76989026e-02
  1.96092948e-02 -4.12913505e-03  1.51606686e-02 -2.00113077e-02
  4.67496850e-02  3.38586532e-02  7.05218986e-02  1.60105601e-02
  9.16620246e-35 -5.31859137e-02 -1.21301010e-01  2.67882161e-02
  2.59013730e-03  1.83116030e-02 -5.48228296e-03 -8.60702917e-02
 -1.55701058e-03 -2.69158967e-02  1.69335660e-02 -4.13872674e-03]"
HIV_and_tuberculosis,Food and nutrition support for populations affected by HIV/TB.,"[ 4.12018858e-02 -1.20216776e-02 -1.73566975e-02  2.81857774e-02
  5.70995994e-02 -1.06034782e-02 -3.96353714e-02  7.52409128e-03
  3.53384875e-02 -3.04669514e-02  5.18082269e-02 -7.41778463e-02
 -5.90690644e-03  4.64278981e-02  1.00478390e-02  7.96961423e-04
 -3.21886525e-03  2.07861024e-03 -2.10758112e-02  3.97646502e-02
 -2.83157434e-02  2.09918153e-02  1.39918160e-02  2.65364535e-02
  3.87675390e-02  2.90774293e-02 -3.12898010e-02  4.54029031e-02
  3.43397185e-02 -8.64341930e-02 -1.78281013e-02 -8.59615393e-03
 -7.06186816e-02 -7.07545280e-02  1.45703928e-06  2.62804348e-02
 -2.94146780e-02  6.61496120e-03 -1.14605121e-01  3.52917276e-02
  5.31735793e-02 -2.70025097e-02  2.42604851e-03  5.08085079e-02
 -2.80216504e-02 -1.90695636e-02  8.63931924e-02  4.72642109e-02
 -1.57099832e-02  1.45378271e-02  3.63304019e-02 -2.10544589e-04
 -3.36535200e-02 -6.40425924e-03 -8.27529747e-03 -3.12466957e-02
 -9.68914479e-03  4.70431261e-02  2.93350238e-02  5.04704863e-02
  6.62704837e-03  2.29024291e-02 -2.20014676e-02  2.20468920e-02
  2.03759354e-02  7.49077499e-02 -2.79007982e-02 -6.61976933e-02
  1.55349076e-02  2.15964317e-02  5.16698603e-03  3.22543941e-02
  3.92430946e-02  4.22416665e-02 -3.18146162e-02  3.23802291e-04
  9.88758449e-03 -4.80131358e-02 -5.64409085e-02 -2.67171115e-03
 -4.05092090e-02  7.56870955e-03  3.30663733e-02  1.13435807e-02
 -2.05739751e-03 -1.06326025e-02 -2.27994192e-02  2.05056611e-02
 -5.99472597e-02 -1.52648808e-02 -1.11396931e-01 -2.40354743e-02
  1.97903439e-02  2.97388732e-02  2.29692664e-02 -8.03473312e-03
  9.66882259e-02 -3.46716680e-02  6.35258900e-03 -5.30948862e-02
 -3.53227891e-02  4.90167458e-03 -8.32122862e-02 -6.06617378e-03
 -3.42027172e-02 -6.76900223e-02 -2.91455835e-02 -2.98430007e-02
  2.07332224e-02  1.49600999e-02  3.64752999e-03  1.27610676e-02
 -2.58792304e-02 -3.08875889e-02  6.24768017e-03  3.43966335e-02
 -1.28264679e-02  1.02865333e-02 -1.59231629e-02 -3.51627208e-02
  5.24946256e-03  3.68979573e-02 -2.10965089e-02  1.00393556e-02
  2.85984371e-02  5.49167842e-02  2.25583147e-02  1.90779138e-02
  3.47993150e-02 -4.80264202e-02 -2.27626208e-02 -7.75483176e-02
  3.68460221e-03 -2.66423635e-02  5.19810356e-02 -3.09413928e-03
 -3.20878136e-03 -1.62314512e-02 -6.03780383e-03  1.07875597e-02
 -4.89269681e-02 -5.62443305e-03 -4.32859622e-02  2.84669045e-02
  3.38079482e-02  1.79552920e-02  7.50661120e-02 -6.85917120e-03
  3.40018086e-02  4.46923040e-02 -3.00793536e-02  3.16356332e-03
  1.01461425e-01  1.91634875e-02  8.85695219e-02  1.49920247e-02
  2.34604012e-02 -7.82533213e-02 -3.90711389e-02  5.93760386e-02
 -5.44200949e-02 -7.01517984e-03 -7.90363625e-02 -5.35853505e-02
  1.64897665e-02  4.54543121e-02 -3.11775063e-03  1.32828625e-02
  6.30344078e-02 -2.82313232e-03 -7.30756894e-02  2.79796664e-02
 -1.28789665e-02  3.51256914e-02  5.53444400e-02 -2.56050713e-02
  2.24560499e-02 -1.97465792e-02  1.86435431e-02  4.67562638e-02
 -5.93904522e-04 -2.89801024e-02 -4.32998966e-03  4.36096601e-02
 -1.21156358e-04 -3.13970959e-03 -1.05776703e-02 -1.65868318e-03
 -2.55732052e-02 -1.93732269e-02  8.42596125e-03  2.14983225e-02
  5.21366037e-02 -2.43052524e-02  4.33483068e-03  1.45709459e-02
 -1.67375803e-02 -2.11099442e-02  3.24565284e-02 -5.09554893e-02
  4.83822003e-02 -3.02746780e-02  6.64358260e-03 -1.03799324e-03
 -2.72908732e-02  2.13896874e-02 -3.71030904e-02 -2.08923221e-03
 -8.08181299e-04 -1.76825299e-04 -4.24919352e-02 -1.02772042e-02
 -3.95743102e-02 -5.55458851e-03 -5.99897513e-03 -1.58513580e-02
  1.45976304e-03  1.55949527e-02  3.05006839e-03  4.00232635e-02
  2.28870250e-02  5.30944057e-02 -6.42386824e-03 -1.90458931e-02
  1.48493629e-02  4.86402493e-03  3.71446982e-02 -1.99169433e-03
  3.96446623e-02  5.65846600e-02  6.73349798e-02  3.60720754e-02
 -8.42897668e-02  1.95102021e-02  3.40849906e-02  4.40174937e-02
  2.77499799e-02  2.22920738e-02 -3.94533128e-02  2.93224026e-02
 -3.68043333e-02  3.65415327e-02  2.24342681e-02  3.28340381e-02
  2.94659324e-02  3.44105437e-02  6.70098513e-03 -7.70102069e-02
 -4.13855463e-02  8.46816003e-02  2.13588513e-02  1.17697343e-02
  2.12533753e-02  2.79137259e-03 -4.04557325e-02 -2.94151511e-02
 -2.88394969e-02 -2.96056960e-02  3.39641399e-03  4.78781648e-02
 -3.03804819e-02  2.26280130e-02  9.36900359e-03  1.33489706e-02
  1.94410942e-02 -4.54867724e-03  2.49990169e-02 -8.09649602e-02
  3.23234871e-02 -2.83399262e-02 -1.55297434e-02 -2.37820596e-02
  8.19914341e-02  3.72618809e-02  1.21324668e-02 -5.00546992e-02
  1.50927156e-02  2.34062970e-02 -3.43800969e-02 -5.49952909e-02
  7.39699416e-03  2.84184106e-02  3.65611049e-03  7.40754604e-02
  1.05287647e-02 -6.47417307e-02 -3.59883308e-02 -4.65951208e-03
  3.02384794e-02 -3.35662775e-02  2.44475529e-02 -3.07526011e-02
 -5.80455828e-03  2.52182726e-02 -7.40370452e-02  4.46154689e-03
  2.15587299e-02 -4.16577011e-02  4.24450776e-03 -1.98566783e-02
  5.69158532e-02  3.90183888e-02 -1.74135417e-02  2.38918364e-02
 -2.45580487e-02  1.56772963e-03 -1.07639395e-02 -4.59868759e-02
  3.60254757e-02  1.67500637e-02  3.17426398e-02  2.67135426e-02
  1.13791674e-02  7.69725628e-03  1.03819370e-02  3.36813740e-02
 -4.41947393e-02  7.84000847e-03  6.46456936e-03 -2.66148541e-02
 -1.54859088e-02  1.42525639e-02 -3.16143185e-02 -4.52991277e-02
 -1.12176472e-02 -6.31897768e-04 -1.47792418e-02 -2.56433431e-02
 -6.54991269e-02 -6.96776994e-03 -3.36516672e-03 -2.55629774e-02
  3.27567011e-02 -1.33439172e-02  2.60114111e-02 -1.52351167e-02
 -1.41621325e-02 -2.51899995e-02 -5.89996018e-02 -2.60478668e-02
 -4.99911681e-02 -1.19728306e-02 -1.06886332e-03  4.91657015e-03
  1.26151480e-02 -3.27370949e-02  8.35540798e-03  6.23412132e-02
  2.29986198e-02  4.18929756e-02 -2.26310641e-02  8.65211897e-03
  2.06517708e-02 -7.56473690e-02 -8.78994528e-04  2.71671787e-02
 -2.03963909e-02 -6.14300817e-02  3.15131340e-03 -1.03641115e-02
 -5.57232201e-02  2.41226871e-02 -4.26626354e-02  2.53138482e-03
  3.76680158e-02  2.58553699e-02  1.54926609e-02  3.11757941e-02
 -1.21216020e-02  5.21920109e-03  2.59942915e-02  9.26786661e-02
 -2.62357108e-02  3.32221426e-02 -4.09417134e-03 -2.09440128e-03
  2.39942465e-02 -8.72945413e-03 -6.64676130e-02 -4.34052348e-02
  4.31742892e-02 -9.78968963e-02  2.18406711e-02 -2.22060587e-02
 -4.15359065e-02 -6.28770068e-02 -4.87400107e-02 -1.05979793e-01
  8.32666606e-02  5.79894055e-03 -3.74624468e-02  8.21908638e-02
  7.28939939e-03  6.66609183e-02  1.25001157e-02 -2.78836954e-02
  5.80435917e-02  1.32667199e-02  1.27097312e-03  1.72057915e-02
  3.65131944e-02  4.53797691e-02  1.21044181e-02  1.40805542e-02
 -1.22515252e-02  2.73291282e-02  8.12166631e-02  5.38067939e-03
  6.58456609e-03  5.92348352e-02 -1.60787776e-02  1.58509910e-02
  9.87831783e-03 -1.95303876e-02  7.69709889e-03 -1.92867201e-02
 -4.47787009e-02  1.94462482e-02  2.00122781e-03 -4.57020849e-02
 -1.55590968e-02  9.20999038e-04  1.20259784e-02 -2.52060927e-02
 -3.54838409e-02  1.29590901e-02 -2.52842493e-02  7.04620034e-03
 -1.35138603e-02 -9.10632312e-04  6.18128479e-02  4.42671366e-02
  5.31521626e-03 -4.21265624e-02 -4.89701377e-03 -4.40115370e-02
  3.71182635e-02 -7.92579278e-02 -9.45302937e-03  1.04463352e-02
  3.47161479e-02  3.22796032e-02 -1.31139793e-02 -4.39010151e-02
  1.03278868e-02 -4.54089008e-02  3.98910558e-03 -2.04550829e-02
  8.92791245e-03  1.70612633e-02 -1.90198235e-02  3.05811875e-02
  1.80578642e-02 -2.97872256e-02 -5.32637239e-02  5.76172881e-02
  7.03495890e-02 -3.89577448e-02  1.29318908e-02  8.65352061e-03
  4.59511718e-03 -2.73731304e-04 -6.62461389e-03  2.21535917e-02
 -2.06337087e-02 -3.23812813e-02 -3.87335867e-02  4.00198856e-03
 -7.07860440e-02 -6.40580878e-02  1.74863134e-02  6.80277171e-03
  8.22587684e-03  2.01579537e-02  6.04573414e-02 -2.07899828e-02
 -5.59298396e-02 -3.54702212e-02  3.80646177e-02  6.21538237e-03
 -3.92391793e-02 -8.81740940e-04 -2.59509608e-02 -5.50037101e-02
 -3.33159380e-02 -2.32248157e-02 -2.80674957e-02 -4.63960132e-05
 -2.49488540e-02 -8.84670857e-03 -1.78240631e-02 -1.71707626e-02
 -4.48298268e-02 -3.80761623e-02 -4.38600630e-02  3.18829529e-02
 -7.47649744e-03  1.27066495e-02  3.06864344e-02  2.20465269e-02
  8.32743719e-02 -1.28330076e-02  2.87849717e-02 -4.64502163e-02
 -2.22200900e-02  1.42597118e-02 -1.12392548e-02  3.83522473e-02
 -1.60756812e-03 -5.19141629e-02  2.40387004e-02 -3.52453673e-04
  2.06793230e-02  1.79360285e-02 -3.15329581e-02 -3.54303792e-02
 -4.45769764e-02 -4.47820649e-02 -3.03710019e-03 -5.12192287e-02
  8.56088288e-03 -3.57810892e-02  5.04286997e-02  5.74441021e-03
  1.69862546e-02  4.25328910e-02 -3.65161113e-02  3.15053505e-03
  9.19726957e-03 -8.55853409e-03  2.90833805e-02 -5.05114347e-02
  5.32938913e-03  4.37086448e-02 -1.07009513e-02  3.78632508e-02
 -4.53628153e-02  1.20197318e-03 -4.61362563e-02  6.17785379e-02
  3.56752090e-02 -1.18317315e-02  6.64612502e-02 -4.04009372e-02
  2.66370270e-02  2.02980824e-02 -3.15848961e-02 -5.49132787e-02
 -1.10271503e-03 -3.85045893e-02  2.41175406e-02  3.67041267e-02
 -1.82253995e-03  1.10011818e-02  3.95800658e-02 -4.74394953e-33
  9.02500190e-03 -4.87462990e-02  5.61824292e-02  3.82092968e-02
  5.08253388e-02  4.46119495e-02 -1.32867210e-02 -4.77835946e-02
 -7.69733116e-02 -3.36175226e-02  4.01277989e-02  1.17232213e-02
  2.36069672e-02 -1.76840536e-02  3.90517898e-02 -8.15557595e-03
 -1.94427334e-02  4.38628830e-02 -7.44685670e-03 -2.65294202e-02
 -4.51321974e-02  1.30346334e-02  1.08205378e-02  3.18465307e-02
  7.82754645e-02 -3.25807333e-02  1.86489746e-02 -2.54401397e-02
  1.61903761e-02 -3.67716029e-02 -5.56455515e-02 -2.61939280e-02
  2.22667586e-02 -1.12388097e-02  2.10168008e-02  3.87683734e-02
 -8.00890476e-03 -1.41048757e-02 -9.19296499e-03 -5.86170331e-02
 -8.94806609e-02 -6.89727738e-02  3.74520123e-02  2.83684693e-02
 -2.70539448e-02  1.39502261e-03 -9.12573561e-03 -2.87354775e-02
  2.39253305e-02  6.63377391e-03  3.75506021e-02  5.30893952e-02
  3.32376435e-02  3.66182290e-02  9.74179246e-03  7.84459487e-02
 -2.73099449e-02  2.65544690e-02  5.38527854e-02 -4.54258844e-02
  4.60485509e-03  5.11606857e-02  2.84011085e-02 -6.10934664e-03
 -3.45673412e-02 -5.29671274e-02 -3.28780822e-02 -9.56380069e-02
 -2.91163884e-02 -7.05007017e-02 -2.63010338e-02 -1.06153665e-02
  1.24029107e-02  3.94121967e-02 -7.58754387e-02  8.70472658e-03
 -4.17446980e-04  3.60831395e-02 -5.51453140e-03 -6.86420547e-03
 -5.33939265e-02 -1.66875380e-03  4.74427044e-02  1.39480392e-02
 -5.20962067e-02 -1.39842965e-02 -1.71915032e-02 -4.14507352e-02
  2.36059185e-02  1.71819273e-02 -1.07321832e-02  4.74795699e-02
  2.43009832e-02  7.98603520e-02  2.69752145e-02 -1.38171539e-02
 -6.66716555e-03 -3.26549215e-03  4.18885276e-02  5.52702276e-03
 -4.17166166e-02  7.71396160e-02  1.33933034e-03 -2.96200328e-02
  1.52631281e-02 -2.73424722e-02 -1.51235899e-02 -2.44286656e-02
  4.37335297e-02 -3.17474045e-02  2.62292773e-02  3.27063836e-02
 -1.91276018e-02  2.13482976e-02 -1.66494772e-02 -1.00223990e-02
  4.40454781e-02  2.47270130e-02  3.70114930e-02 -6.58859760e-02
 -1.86338872e-02  1.87423062e-02  3.68826687e-02 -3.47497500e-02
 -5.48818102e-03  1.63096655e-02  2.59981994e-02  3.12537663e-02
 -4.89236899e-02 -2.05478687e-02  7.09279627e-02  2.32004896e-02
  2.24652752e-07  4.16615978e-02  3.59860323e-02  1.88368391e-02
 -3.97053845e-02 -7.60938376e-02 -4.71641757e-02  1.14770653e-02
  4.24409402e-04  2.64784135e-02  2.19445340e-02  6.08457923e-02
 -8.65910482e-03 -2.10626964e-02  5.35580851e-02  3.17315571e-02
  5.89989312e-03 -3.42790261e-02 -1.11097889e-03  8.71536881e-03
 -4.70070243e-02 -3.51593196e-02  4.74503301e-02 -1.88068934e-02
 -7.42396526e-03 -2.42205374e-02 -7.05549447e-03  2.68417951e-02
 -2.78251264e-02 -4.42379154e-02 -1.93654448e-02  3.28028910e-02
 -1.63833350e-02  1.57858133e-02 -5.65378591e-02 -8.40964243e-02
 -3.62857021e-02 -2.79583111e-02  2.60610878e-02 -3.78139578e-02
  3.82587612e-02 -5.92436865e-02 -4.23835069e-02 -2.70347726e-02
 -2.47202441e-02  1.90457907e-02 -1.91621911e-02  4.29507941e-02
  8.10914636e-02  1.17048947e-02  2.09429655e-02 -2.05937657e-03
 -5.96171521e-05  3.06933951e-02  2.61042379e-02 -3.61140147e-02
  3.71718332e-02  4.20717224e-02  2.38165222e-02  5.33088595e-02
  3.04168966e-02  1.53205348e-02  9.95646603e-03 -9.17024328e-04
 -2.95148473e-02 -6.47535920e-02 -9.27634444e-03  7.95755312e-02
  1.11652276e-34  4.29343013e-03 -1.74763557e-02  4.59164158e-02
 -2.54318137e-02 -3.75493839e-02  4.18328792e-02 -4.03603502e-02
  2.89487410e-02 -1.02754943e-02 -1.73526742e-02 -3.00126988e-02]"
Corporate_strategy,"Long-term strategic direction, organizational planning, and institutional priorities.","[ 4.40998636e-02  1.94625463e-02  2.03565899e-02 -3.14765200e-02
  3.69821093e-03  2.51399241e-02 -2.21020374e-02  4.42621857e-03
 -2.73424909e-02 -9.28376149e-03  3.12376935e-02  2.15595104e-02
  1.76953059e-02  5.40853031e-02  2.10549477e-02 -3.67659261e-04
  3.84958286e-04  3.69109423e-03 -1.86613705e-02 -5.83580555e-03
 -2.38575470e-02 -1.79785602e-02 -1.49970385e-03 -2.32870947e-03
 -5.16281184e-03  1.26478169e-02  1.06335767e-02  4.05575223e-02
 -1.36499247e-02 -6.46284446e-02  1.38485422e-02 -5.68010248e-02
 -1.35207428e-02 -7.30239972e-02  1.75968648e-06 -2.75538471e-02
 -5.13481833e-02 -2.04717182e-02  3.07739545e-02  2.96427999e-02
  3.76141481e-02 -2.30227094e-02 -5.89737296e-02  2.06416715e-02
 -1.65030994e-02  1.40732643e-03 -1.15509862e-02 -4.30813134e-02
 -6.08737506e-02  1.79672670e-02 -5.20318700e-03 -6.37943521e-02
 -6.40733764e-02 -3.05795819e-02 -1.20180696e-01 -3.65080498e-02
  6.83499326e-04 -1.95264146e-02 -6.28342554e-02  5.60813285e-02
  1.76881012e-02 -3.43662724e-02 -3.31051052e-02 -2.42128293e-03
  4.20860648e-02  4.65631336e-02  6.99455738e-02  9.13240109e-03
  1.57878119e-02 -1.38637191e-02  8.86940509e-02  1.85441822e-02
  2.62456834e-02  3.91188785e-02  8.31588730e-02 -2.81389114e-02
  1.75600294e-02  1.01444339e-02  3.66781577e-02 -1.02183055e-02
  3.38615514e-02  2.69218236e-02 -1.34509522e-02  9.06752702e-03
 -1.75869057e-03  1.42426891e-02 -2.29728054e-02 -3.91144492e-02
 -1.36377951e-02 -1.54254939e-02  1.70737877e-02 -1.80556916e-03
  1.45334266e-02  3.35494615e-02  4.13760915e-02 -1.37613099e-02
  4.75257412e-02  9.33014527e-02 -2.58465912e-02 -4.65946086e-02
 -2.28517894e-02  1.48948748e-02  3.94247957e-02  2.37133857e-02
 -4.40332294e-03 -2.98906751e-02 -4.41049635e-02  1.84535906e-02
 -5.86789735e-02  4.54309210e-02  2.97033377e-02  1.76392291e-02
  1.58404335e-02  3.80250067e-03 -2.88856570e-02 -2.58050617e-02
 -1.39043597e-03  1.33016822e-03  9.71886795e-03  5.19005358e-02
 -5.15391938e-02  4.05845642e-02  2.93289870e-03  1.05272494e-02
 -3.36401351e-02  7.27393180e-02 -5.56319468e-02  3.68369892e-02
 -1.54162720e-02  8.35464746e-02  1.10978249e-03 -2.99129523e-02
 -1.13667583e-03  4.25895192e-02  1.65724326e-02  3.81337330e-02
  1.55492583e-02  3.60632613e-02 -2.30153240e-02 -2.60278918e-02
 -1.65754445e-02  2.62886612e-03 -8.38551857e-03  3.32161561e-02
 -4.28998396e-02  1.84809566e-02  2.87816394e-03  5.48069514e-02
  2.88865925e-03 -1.11859953e-02  1.42264841e-02 -4.26226258e-02
  3.42511050e-02  5.79720223e-03  3.45973074e-02  3.54441032e-02
  2.16069594e-02 -4.12476063e-02 -2.92188711e-02  3.41568626e-02
  6.14476576e-03 -3.19535173e-02 -4.62994128e-02 -4.54754988e-03
 -2.48063207e-02  2.05760431e-02  5.33535518e-02  2.14991672e-03
  1.97797064e-02  3.27423513e-02 -2.97620613e-02 -1.60268731e-02
 -2.41400283e-02  7.60138184e-02  3.16405459e-03  4.15620161e-03
  3.19742560e-02 -6.39132336e-02 -1.02685066e-02 -5.31558804e-02
 -7.19377398e-02 -1.00710779e-01 -5.76260965e-03  1.46392989e-03
  1.92368068e-02  4.01208475e-02 -1.44974785e-02 -4.83929925e-02
 -8.20705574e-03 -8.59684963e-03 -7.12494738e-03  4.35135327e-02
 -6.82314411e-02  3.72002609e-02 -6.33448642e-03  1.69941820e-02
 -2.65178028e-02  1.37600526e-02 -6.05957396e-02  2.60069687e-02
 -3.06750741e-02 -1.00646876e-02  2.43686419e-03  8.15635026e-02
 -2.06460841e-02  2.39894707e-02 -6.38232660e-03 -3.26502770e-02
 -1.23634161e-02  8.30489770e-03  3.63662392e-02  2.89629158e-02
 -2.28660014e-02  3.23960371e-02  8.53308756e-03  3.20379324e-02
 -2.01658122e-02  4.60163467e-02 -6.77082241e-02  8.61222446e-02
 -3.04893516e-02  2.61572096e-02  1.74416453e-02  3.08136661e-02
  8.79252981e-03 -2.01646090e-02 -5.78524880e-02  1.41054681e-02
 -8.29797331e-03  2.36842204e-02 -3.91365495e-03  4.26534936e-02
  9.71521996e-03  1.36350123e-02  2.04839185e-02 -1.02541717e-02
 -4.61459393e-03  1.06179409e-01  5.10901213e-02  2.13081017e-03
 -4.39062864e-02 -6.65168166e-02 -1.95010435e-02  2.86918376e-02
  1.04825117e-01  4.65001315e-02 -2.33891271e-02  2.46588457e-02
 -7.57795619e-03  3.37759480e-02 -1.29858749e-02 -1.88859645e-02
 -5.89399785e-03 -8.84521846e-03 -5.32430084e-03  3.53734568e-02
 -2.71919724e-02 -9.55324341e-03 -6.64714817e-03  5.91164790e-02
  4.50468287e-02 -2.89316643e-02 -4.23535444e-02  4.06899676e-02
  2.25466248e-02 -3.84733528e-02  2.03256831e-02 -4.96401526e-02
 -1.70006864e-02 -2.62834039e-02 -5.44373179e-04  3.66805382e-02
 -2.84879617e-02 -1.38208615e-02  7.84432516e-03  3.45586464e-02
  4.98200580e-03 -4.22422448e-03 -5.47614088e-03 -1.13544622e-02
  4.61458601e-02 -4.29113694e-02 -6.46318821e-03  2.97676190e-03
  7.51459831e-03 -4.70483564e-02  3.05483658e-02  1.91767223e-03
 -8.81023332e-02  5.04791588e-02 -1.51029201e-02 -3.47862802e-02
 -1.12559041e-02 -1.51402047e-02  1.39872227e-02 -6.87118433e-03
 -1.19222207e-02 -2.15103924e-02 -2.80181486e-02  5.79640605e-02
  1.88208930e-02 -4.73010428e-02  3.27190664e-03 -3.64060253e-02
 -1.20167304e-02  2.80429721e-02 -8.48918129e-03  7.22171180e-03
  2.53388193e-02 -4.60753441e-02  2.52937805e-02 -2.23615533e-03
  6.05378300e-02 -7.26084113e-02 -4.96322438e-02 -1.12284236e-02
 -5.97319007e-02 -7.15389326e-02 -1.04034458e-04  6.48891479e-02
  5.03281802e-02  3.08173895e-02 -6.03958704e-02  4.21846583e-02
  3.21634337e-02 -2.25866698e-02 -2.56347805e-02 -4.79881652e-02
  5.56830019e-02 -8.03477243e-02 -1.36266500e-02 -6.22139089e-02
 -1.56642552e-02 -1.96490325e-02 -5.83820092e-03  9.31180082e-03
 -2.29227990e-02 -1.19845420e-02  1.44892046e-02  1.05212396e-02
 -2.98405662e-02  2.94374824e-02 -8.87614500e-04 -1.26362853e-02
  2.88858060e-02 -2.61226818e-02  2.62073483e-02  4.68848422e-02
 -1.33578749e-02 -5.76229347e-03  2.85964757e-02  2.21011247e-02
 -3.47914035e-03 -3.32896225e-02 -7.35186599e-03 -3.06344088e-02
 -4.22379598e-02  1.68299433e-02  7.04283118e-02 -1.01929698e-02
 -4.41375971e-02 -8.95277318e-03  1.96645875e-02 -7.58283585e-02
 -1.15498146e-02 -3.58513370e-02  2.33743526e-02  3.01806964e-02
 -7.76477344e-03  5.65146329e-03  1.65024512e-02  4.56277393e-02
 -3.02644372e-02  7.15101138e-03 -2.28247270e-02  7.46523887e-02
  3.46410461e-02 -7.89341331e-03  1.74555518e-02  3.32004018e-03
  4.74264584e-02 -2.56853309e-02  3.61274257e-02  2.96455994e-03
 -1.30844675e-02 -2.02953797e-02 -1.29368240e-02 -4.81820703e-02
 -1.53323840e-02  3.59840542e-02 -1.51619781e-02 -3.43440324e-02
 -1.68021377e-02  8.18347111e-02 -1.20101273e-02  1.20584723e-02
  4.05658931e-02  7.97102507e-03 -5.80368191e-02 -3.92617136e-02
  2.07282435e-02 -4.02037874e-02  6.34360220e-03 -9.64305422e-04
  1.89753734e-02 -7.64800683e-02  5.00821657e-02  5.08236233e-03
 -1.44615630e-02  1.02877012e-02  8.62307176e-02 -6.76264614e-02
  6.84337784e-03  4.72173430e-02 -1.18131330e-02 -4.75081466e-02
  1.12324394e-02  3.75915542e-02 -7.64178054e-04 -4.63665314e-02
  4.55410890e-02  3.34105901e-02 -5.83803952e-02 -2.07486562e-02
 -1.02031911e-02  2.55286451e-02  4.72028591e-02 -6.76946994e-03
  1.62391178e-02 -4.59115133e-02  2.86819730e-02 -1.74397305e-02
 -4.16744761e-02  6.38074055e-02  5.79206459e-03  7.75771290e-02
 -8.43284931e-03 -2.93672625e-02  3.10786199e-02  1.20891398e-02
 -4.41992022e-02  6.17727414e-02 -2.30889246e-02  6.54406706e-03
 -1.19173611e-02 -6.63759783e-02 -2.95131821e-02 -6.61712606e-03
 -1.81406233e-02  1.69603880e-02  6.16422929e-02  2.73715835e-02
 -2.46507674e-02 -7.88927749e-02  4.71477062e-02 -4.45269747e-03
 -4.42337245e-02  1.66559033e-02  8.54803994e-03  4.90433946e-02
  1.13727981e-02  2.36765984e-02 -2.19220836e-02  6.14567362e-02
  4.59138826e-02  6.86032549e-02 -1.86620082e-03  1.25273783e-02
 -9.52848047e-03 -5.18636825e-03  6.97351694e-02 -3.98135930e-02
 -5.24533726e-02  2.40897154e-03  1.20284883e-02  1.55757787e-02
  1.23763969e-02  8.99027195e-03  4.63151149e-02  2.41643861e-02
 -1.79170705e-02  1.92007776e-02 -2.51403879e-02 -1.11128706e-02
 -3.01405415e-02 -5.90655096e-02  8.54204036e-03  1.23056676e-02
  4.39628996e-02 -2.29625814e-02  5.48234694e-02  5.92412148e-03
 -7.82081950e-03  1.64007358e-02  5.60557051e-03 -6.83577806e-02
 -1.38017703e-02  3.80401090e-02  1.85634326e-02  1.13145635e-03
  4.65342551e-02 -1.92430634e-02 -3.91054377e-02  5.19215390e-02
 -2.66517531e-02 -1.82374177e-04 -2.11777575e-02  4.74427193e-02
  1.43877259e-02  1.50127131e-02 -1.86289428e-04  2.99117900e-02
 -1.96424257e-02 -9.61231217e-02  2.82613356e-02 -2.55480818e-02
 -3.22854035e-02  1.25335399e-02 -2.47600917e-02 -3.76782045e-02
  1.40029285e-02  7.53309950e-03 -3.10863256e-02 -3.90846562e-03
 -2.05123164e-02  3.33773158e-02 -8.50181002e-03 -2.56912056e-02
 -6.82167383e-03 -3.39641096e-03  2.51904335e-02  3.56272911e-03
 -7.06590042e-02  6.84569180e-02  1.17119821e-02 -2.37927819e-03
  5.05453572e-02  6.15265332e-02  1.77078228e-02 -2.21539498e-03
 -6.10254034e-02  3.30873206e-02 -1.06825382e-02 -2.51084976e-02
 -4.89296019e-02 -5.48382178e-02 -4.73305173e-02 -3.16564739e-02
  7.28788078e-02 -2.09446307e-02 -1.45282848e-02 -2.89396401e-02
 -3.06482576e-02 -2.26956215e-02  1.45572713e-02 -5.35739191e-33
  2.01394744e-02 -2.28078831e-02  3.57991792e-02 -5.33241779e-02
 -6.50724247e-02  2.12420989e-02  6.49370428e-04  2.73363870e-02
 -1.03560112e-01 -4.11810949e-02 -4.22097966e-02 -4.46955953e-03
  3.70265171e-02  1.39455190e-02  5.24559394e-02 -1.17479684e-02
 -6.01198003e-02  8.13893415e-03  2.03060061e-02 -8.28162804e-02
 -1.63259357e-02 -1.39174648e-02  7.77231380e-02  1.00741886e-01
 -4.91935248e-03  2.87794396e-02 -5.17689114e-06 -4.08670306e-03
  4.08826955e-02 -1.56153096e-02  8.73876561e-04 -8.46778676e-02
 -1.59678347e-02 -1.51778013e-01  1.60165112e-02  1.93754975e-02
 -3.83966393e-03  1.61102153e-02 -9.69003420e-03 -3.02530583e-02
 -4.52822112e-02  1.76017471e-02 -2.23829430e-02  4.55870368e-02
 -4.55788523e-02 -3.36624049e-02 -3.53468992e-02 -4.25478676e-03
 -2.30247658e-02  7.65306726e-02 -4.84956913e-02  6.25045318e-03
 -1.95811111e-02  9.88602862e-02 -6.90875482e-03  1.44300498e-02
 -2.97153424e-02 -3.10177207e-02 -7.40487501e-02  5.14475023e-03
 -9.81465951e-02  3.55667956e-02  1.35741038e-02  6.00093268e-02
 -4.01216038e-02  2.54928283e-02 -3.51049230e-02  7.84277320e-02
 -4.67410282e-04 -4.99995761e-02 -1.30181629e-02  4.38088132e-03
 -3.83907929e-02 -2.57423855e-02 -2.35480685e-02 -1.28613003e-02
 -2.96781138e-02  1.07413903e-02  3.14045772e-02  2.35199165e-02
 -1.82223208e-02  2.56948918e-02 -1.28166203e-03 -2.07549911e-02
  4.55189086e-02 -2.14248244e-02 -5.47557510e-03  5.34332879e-02
  1.59858447e-02  1.52770355e-02 -2.86279134e-02  7.26070553e-02
  4.35878597e-02  3.59986797e-02 -1.90085955e-02  4.11846489e-02
 -3.45715620e-02  2.34958883e-02  2.87516713e-02  2.84622200e-02
 -7.72127137e-02  4.81695384e-02 -1.08185653e-02  4.83434983e-02
  1.65121667e-02  1.64955687e-02 -4.13966626e-02 -2.85352152e-02
 -1.07078943e-02 -4.73308191e-03  5.19856811e-03  3.80640104e-03
  1.68683529e-02 -1.08908668e-01 -2.12968197e-02 -5.95190609e-03
  1.45682460e-02  6.22205697e-02  1.98143888e-02  3.25472630e-03
  6.75970167e-02  3.86564732e-02  6.74520805e-02 -3.19662429e-02
 -3.58370580e-02  5.26174493e-02  1.84113104e-02  2.61965357e-02
 -2.43558623e-02 -1.68235768e-02 -1.51482960e-02 -2.09210217e-02
  2.39151490e-07  4.23008725e-02  3.20413932e-02  3.33916731e-02
  2.73915436e-02 -1.72155548e-03  1.40212113e-02  6.40632212e-03
 -8.10172874e-03 -1.04898904e-02 -7.49602728e-03  4.16061506e-02
 -1.68065783e-02 -2.98228748e-02 -3.94887337e-03  8.22248776e-03
 -7.62500837e-02 -4.89614031e-04 -1.86927244e-02 -1.69513393e-02
 -2.34901495e-02  2.85193231e-02  1.84845496e-02 -4.11150604e-02
 -1.12520000e-02 -1.78051996e-04  2.92386431e-02  2.37545371e-02
 -1.42082358e-02  3.96441072e-02 -1.83152352e-02 -3.36027630e-02
 -1.93382464e-02 -2.70286705e-02 -2.25635078e-02  1.00970753e-02
 -5.99122569e-02 -3.25086084e-03  2.69266684e-02  4.44098492e-04
 -1.59610342e-02 -4.36907075e-03  1.69818457e-02 -1.33066867e-02
 -1.52547071e-02  6.14998816e-03 -3.62754390e-02 -7.44978432e-03
  1.93937980e-02 -6.26441911e-02  3.86824496e-02  4.15341035e-02
  2.80028824e-02  6.03131810e-03  3.52800265e-02 -1.55371688e-02
  2.11924221e-02 -1.85372494e-02  5.23556082e-04  4.86040674e-02
  3.34797502e-02  6.47372939e-03 -1.79677620e-03  8.53322167e-03
  5.81484698e-02  3.74644771e-02  3.17538828e-02 -2.46113054e-02
  1.47738093e-34 -1.61953364e-03 -6.99365214e-02  1.46809395e-03
 -7.82906562e-02  5.72374091e-03 -8.86929780e-03 -3.18984389e-02
 -7.54177617e-03 -4.04958706e-03  3.75929922e-05 -3.28308828e-02]"
School_meals,In-school food distribution improving child nutrition and learning outcomes.,"[ 1.19037637e-02  2.71739438e-02 -1.64261702e-02  1.80612281e-02
  3.92911881e-02 -2.71532405e-02  2.63574552e-02  1.24973739e-02
 -1.74673665e-02  2.17026263e-03  6.17769063e-02 -3.82609293e-02
  8.24019406e-03 -2.52374485e-02  5.14883548e-04 -2.07434632e-02
  2.20326297e-02  1.38926087e-02 -2.83310991e-02  6.55223355e-02
 -3.39083672e-02 -4.59862547e-03  3.37889045e-02 -1.05426414e-02
 -5.30919991e-02  4.95354831e-02 -1.04591083e-02  6.13144264e-02
 -9.51964874e-03 -6.03346303e-02  3.74059156e-02  3.72538269e-02
 -6.50498867e-02 -1.19362082e-02  1.24276380e-06  2.78331283e-02
  9.57201514e-03  4.33931872e-02 -9.70844030e-02  6.11684732e-02
 -6.69961283e-03 -8.30549300e-02 -7.71046092e-04 -1.22558596e-02
  1.25087928e-02  9.50259529e-03  3.66128422e-02 -2.21337695e-02
 -4.17783894e-02 -4.94112968e-02  1.24738049e-02 -5.78584112e-02
 -4.70269881e-02 -6.88251480e-03 -6.16276666e-05  3.16725709e-02
 -2.01644953e-02  3.43639627e-02  3.67757156e-02  9.34071187e-03
  1.32334735e-02  3.05752382e-02  4.37897108e-02  1.33328997e-02
 -1.66153512e-03  4.10065241e-02 -3.14130560e-02 -6.34878967e-03
 -3.87146771e-02  4.00413089e-02 -2.28009764e-02  2.18339171e-02
  4.25903164e-02 -2.39570569e-02  1.82641931e-02  1.69295426e-02
 -1.46709392e-02 -4.88995248e-03  1.42811527e-02 -2.50784792e-02
  3.11132725e-02 -2.21794192e-02 -3.05426810e-02 -2.88525247e-03
  4.04288284e-02  5.13414629e-02 -1.71741974e-02  1.03777172e-02
 -5.14450558e-02  3.01531013e-02 -2.17466969e-02 -1.54541610e-02
 -1.60704982e-02  3.17890905e-02  6.86636716e-02 -2.82628252e-03
  2.91585829e-02 -1.23388441e-02  1.83831528e-02 -3.33209708e-02
  3.42081711e-02  2.96579897e-02 -2.76560225e-02 -3.96206267e-02
  2.84605213e-02 -4.11183313e-02 -1.78509075e-02  5.83689995e-02
 -7.03672469e-02  8.08018595e-02  3.09725776e-02 -6.26203418e-03
 -1.05033498e-02 -7.83819053e-03 -4.00351547e-02 -1.24147814e-03
  2.01343987e-02  5.61359385e-03 -2.10155547e-03 -5.27511165e-02
  2.99153589e-02  2.28057709e-02 -3.12713045e-03  4.10986226e-03
  1.71269495e-02  7.68780857e-02 -2.52720471e-02  1.49745150e-02
  1.03422962e-02  1.80628020e-02 -3.86311673e-02 -3.99089372e-03
 -3.35030407e-02  3.76736149e-02  3.68897766e-02  3.60052846e-02
  2.23733317e-02  1.30675954e-03  1.91609282e-02 -3.13503034e-02
 -1.25545589e-02 -2.46822648e-02 -4.58493270e-02 -5.49707264e-02
 -1.69395506e-02  1.72570981e-02  6.12060837e-02  8.27801879e-03
  2.60208100e-02 -1.10802585e-02  5.60425455e-03 -7.56446049e-02
  1.23714089e-01  2.44063959e-02  5.28997369e-02  2.14296468e-02
  4.73812893e-02  2.16151029e-02  3.99207585e-02 -1.60276815e-02
 -3.24408934e-02  2.50528404e-03 -3.66954058e-02 -2.77088843e-02
 -1.61232781e-02  7.35959262e-02 -7.37276999e-03 -3.82712856e-02
 -1.33864926e-02 -1.27878226e-02 -5.42911254e-02  2.25591231e-02
 -5.03933690e-02  2.28026845e-02  4.11578119e-02  7.86553079e-04
 -1.69268139e-02 -4.73800339e-02 -1.10593528e-01  3.00159249e-02
  3.84072512e-02 -1.77702326e-02 -3.58438864e-02  8.51060674e-02
  1.59371528e-03  6.80327369e-03 -1.22493720e-02 -1.33849066e-02
 -7.02633569e-03 -5.23347547e-03 -1.47445733e-02  3.64940311e-03
  4.46999744e-02  3.60430144e-02  4.42404998e-03 -4.89021651e-02
  1.41173461e-02  2.61106510e-02 -1.98847055e-02 -9.06166062e-03
  6.96285963e-02 -1.00662159e-02  4.71114516e-02 -1.58099420e-02
 -3.90184671e-02 -4.82696593e-02  4.75061405e-03  1.97834466e-02
 -2.00581714e-03 -3.55706997e-02 -5.93192838e-02 -3.32683232e-03
 -9.49350558e-03  4.65721339e-02 -3.59382518e-02 -1.47879776e-02
  5.20915352e-02 -1.95723586e-02  1.96818449e-02  2.55360287e-02
 -2.29570754e-02  2.13891864e-02 -1.03891431e-03 -2.11743824e-03
 -1.83815286e-02  3.05496752e-02  3.48733291e-02 -1.48516409e-02
 -7.55190030e-02  4.88356426e-02  1.80812944e-02  2.12984029e-02
 -3.90332863e-02  3.24531943e-02  7.12792501e-02 -3.86797711e-02
 -5.71809784e-02 -1.64974737e-03 -5.76652633e-03  1.11410003e-02
 -2.53780484e-02 -4.13300022e-02  4.56410181e-03  3.02593969e-02
  8.30698665e-03  1.78335663e-02  4.17658836e-02  3.45195867e-02
 -3.33529664e-03  3.19368988e-02 -2.87088053e-03 -4.53414358e-02
 -3.78005095e-02 -1.37852924e-02 -6.63691014e-02 -4.65559363e-02
  3.51663418e-02  1.26591604e-02 -1.17750070e-03  6.77844062e-02
 -3.31330821e-02  1.09824762e-02  3.35316025e-02 -3.39017063e-02
  3.17746475e-02 -2.37123854e-02 -7.91778881e-03 -3.38493474e-02
  2.41696034e-02 -5.28529659e-02 -1.69003941e-02  1.93668529e-02
  2.65713595e-02  2.89609674e-02  2.64243763e-02 -4.53465879e-02
  5.69442753e-03  3.52382548e-02  3.00230663e-02 -1.70944035e-02
 -1.23009318e-02  1.30050881e-02 -1.85260437e-02 -5.26657328e-04
  1.56680122e-03 -1.91999637e-02  2.33466867e-02 -2.09311210e-02
 -3.31993005e-03 -4.50457633e-02  6.24123700e-02 -2.13012788e-02
  2.02799346e-02  5.30233793e-03 -7.54240602e-02  6.15010075e-02
 -2.21197517e-03  4.17002104e-02 -3.84119898e-02 -1.78525727e-02
  4.70351875e-02 -1.60314515e-02 -1.80819109e-02 -3.15676816e-02
 -2.28542350e-02  5.82340732e-02  6.34192955e-03 -4.21313755e-02
 -9.86207370e-03  1.41948815e-02  5.89330569e-02  2.93815788e-02
  4.65409458e-02  2.53085122e-02  1.81343872e-03 -1.92542952e-02
 -7.72113129e-02 -5.09095937e-02 -4.18723328e-03  5.93272224e-02
 -9.14896838e-03  9.55781620e-03 -1.89026576e-02  9.07961559e-03
  2.89366245e-02 -5.06773405e-02  1.62716504e-04 -1.79180354e-02
 -4.72015217e-02 -3.66968364e-02 -3.09015978e-02 -2.15018876e-02
 -7.99090951e-04 -3.54056247e-02  1.56687722e-02 -1.27353491e-02
 -2.55013686e-02  1.52731044e-02 -3.54699679e-02 -7.21656829e-02
 -2.40643956e-02 -2.03859042e-02 -6.46348819e-02  2.77056936e-02
  3.61351259e-02  5.26284380e-03 -2.01275176e-03 -2.28152461e-02
 -4.51817289e-02  2.13168301e-02  1.39570516e-02  1.86095219e-02
 -3.06307767e-02 -9.40767489e-03  1.80182904e-02 -5.61480760e-04
 -7.23047042e-03 -2.79218890e-03  3.22558805e-02 -2.31151320e-02
 -3.92218046e-02  7.25481510e-02  1.67893544e-02 -1.30997691e-03
  5.62959909e-02  5.16433567e-02  3.14380378e-02  9.27259326e-02
 -1.54622570e-02  3.45702656e-02  2.67958138e-02  3.15853208e-02
 -3.20808683e-03 -7.81190768e-03 -1.95579175e-02 -2.36889590e-02
  1.58865489e-02  4.09523770e-02 -3.75292264e-02 -3.46508473e-02
  1.27329584e-02 -1.56126469e-02  3.31898555e-02  2.27123592e-02
 -8.33513774e-03 -3.16300727e-02  9.07989591e-03 -3.08552738e-02
  1.29324310e-02  2.35144645e-02 -2.14803983e-02 -3.70574258e-02
 -4.69892137e-02  3.12186070e-02 -5.66101931e-02  4.41088714e-02
  5.34752123e-02 -4.00930410e-04 -7.38128927e-03  1.01697845e-02
  1.39117176e-02  1.93179119e-02  2.72602048e-02 -5.70276678e-02
 -4.40068617e-02 -4.03367691e-02  4.21910025e-02 -1.70583483e-02
 -2.46035866e-02  1.32654107e-03  3.57215875e-03  3.35645117e-02
 -4.96723987e-02  2.23443415e-02  3.41079868e-02 -3.23661156e-02
 -2.76452582e-03 -1.91563535e-02 -3.57636884e-02 -3.51371802e-02
 -2.93091424e-02  4.15850542e-02  2.57056300e-02  7.27829188e-02
 -1.25362293e-03 -8.11726321e-03 -2.89656688e-03  7.37949759e-02
 -1.19066434e-02  9.59561393e-03  3.55214104e-02  6.91125542e-02
 -2.38766167e-02 -8.12342539e-02  2.40944326e-02  4.16585729e-02
  4.74905595e-02 -9.19709057e-02 -3.11231404e-03  4.61085476e-02
  7.25398362e-02  2.25812551e-02  2.30410248e-02 -6.40342245e-03
  2.22379100e-02 -2.05977849e-05 -1.59517750e-02  4.54855040e-02
  6.65679481e-03 -1.43045532e-02 -8.59280396e-03 -4.04701903e-02
 -4.31678519e-02 -6.75515318e-03 -3.99674242e-03  2.64539905e-02
  2.31609046e-02 -6.94115087e-02 -3.82548645e-02  1.47688556e-02
  2.21933518e-02  7.63690239e-03  1.84388459e-02  3.93653400e-02
  3.60377133e-02  4.56076674e-02  8.47744464e-04  2.80771591e-02
 -4.74973442e-03 -5.33812679e-02 -9.46838036e-02  8.31336826e-02
 -4.79354188e-02  1.34227136e-02  3.74132507e-02 -3.58327292e-02
 -6.16016425e-02 -4.02759612e-02 -3.81455012e-02 -2.48617828e-02
 -8.18777271e-03 -1.45471962e-02  3.82377878e-02 -9.12305191e-02
 -5.33404350e-02 -2.18194053e-02 -7.32616484e-02  1.27227409e-02
  4.14119028e-02 -3.47822718e-02  1.30377980e-02  3.33972275e-02
 -1.30147394e-02  3.32467072e-02 -7.30216084e-03  5.73459268e-02
  6.63801804e-02  2.68722828e-02 -4.26578447e-02 -7.44271092e-03
  2.73728613e-02  5.44149876e-02 -2.64477916e-03 -2.06112042e-02
 -1.77935418e-02  6.64790124e-02  6.71381177e-03  3.30494270e-02
  4.75713089e-02  1.10955592e-02  1.33790234e-02 -5.13850106e-03
  2.75816340e-02 -4.91654091e-02 -1.36335464e-02 -2.19929218e-03
 -9.18246508e-02 -6.39082864e-02  1.22183291e-02 -1.03579890e-02
  1.95224144e-04 -1.90422330e-02  4.52430584e-02  3.55922477e-03
  2.17255745e-02  4.27770130e-02 -4.50500287e-02  3.16288769e-02
  2.83843633e-02 -5.24359383e-03  1.19374404e-02 -3.20893363e-03
  8.09247419e-03  3.63117382e-02  5.50389476e-02  4.79276404e-02
  2.14847494e-02  1.51450525e-03 -2.32217368e-02  3.09355892e-02
 -3.08693689e-03 -7.66025065e-03 -8.34024232e-03 -4.48362296e-03
  1.18517671e-02  3.86004266e-03 -4.74831946e-02 -2.01264899e-02
 -3.00457026e-03 -2.20888741e-02  3.28678153e-02  4.46031168e-02
  7.03844288e-03 -8.20751116e-02  2.96627954e-02 -4.75666801e-33
  5.94459614e-03 -4.00711298e-02  1.46335475e-02  3.33350450e-02
  5.50209545e-02  5.26100397e-03  2.27431525e-02  2.57251319e-02
 -3.24954055e-02 -4.26416844e-02  2.13834830e-02 -1.43281128e-02
  3.41314939e-03  8.22184724e-04  4.11876664e-02 -4.42996174e-02
 -5.55804446e-02  2.42006127e-02 -1.06369965e-02 -6.71631992e-02
 -5.18004596e-02 -3.89725231e-02  3.82259339e-02  7.02220574e-02
 -2.07026489e-02 -7.27523863e-02  7.50209317e-02 -2.99007278e-02
 -2.05967929e-02 -2.46332902e-02  7.39257142e-04  2.86187902e-02
  3.35379690e-02 -2.82663852e-02  6.28334284e-03  7.04021156e-02
  1.46595836e-02  9.47218295e-03 -2.93073934e-02 -2.60194950e-02
 -6.97339699e-02 -6.24830350e-02  2.08669975e-02  5.24358712e-02
 -2.79028434e-03 -1.04596745e-02 -3.24999820e-03  2.28233561e-02
  1.98297277e-02  4.86755036e-02 -2.16517020e-02 -2.17732508e-03
  4.01537662e-04  1.58810411e-02  4.09245491e-02  6.51455820e-02
  6.80783838e-02 -2.20311731e-02  2.05140132e-02  3.35001983e-02
  4.08970416e-02  1.71369724e-02 -1.17567861e-02  2.27070656e-02
 -4.60421890e-02 -5.89023985e-04 -2.94708367e-02 -1.11346180e-02
 -1.75989792e-02 -6.26804307e-02  3.68368551e-02 -8.78469646e-02
  3.64357233e-02 -2.35652663e-02  2.36546192e-02 -6.13186359e-02
 -2.87033282e-02  8.86662584e-03 -4.16346677e-02 -7.18228444e-02
 -4.53952551e-02 -1.06555326e-02 -1.13446666e-02 -3.49659845e-02
 -1.91058423e-02  1.53285107e-02 -9.32859443e-03  1.01105070e-05
  2.60424297e-02 -2.51205452e-02 -3.92459705e-02  3.20602693e-02
  1.23189241e-02  1.10215560e-01  7.52445916e-03  2.91675664e-02
  6.21663071e-02 -2.03501340e-02 -1.29416576e-02 -6.23306679e-03
 -8.47866535e-02 -1.39461430e-02 -2.88339611e-02  2.66612023e-02
 -2.23177187e-02  1.52506139e-02 -1.16549563e-02 -5.74231446e-02
  4.78596315e-02 -1.24821821e-02  3.10135782e-02  2.76168380e-02
  6.44667521e-02 -3.30906734e-02 -3.26629430e-02  5.27265575e-03
  5.44164097e-04  1.32146422e-02  1.75986290e-02 -5.95470034e-02
 -4.10368443e-02  3.43431160e-02 -8.15584231e-03 -8.60213786e-02
  5.19859977e-02 -6.02423307e-03 -3.47034112e-02  1.89638659e-02
 -2.16731597e-02 -4.13962500e-03  5.24703115e-02 -7.91700035e-02
  1.98697805e-07  1.47781726e-02  8.53244122e-03  2.23508626e-02
 -6.24755882e-02 -4.93824072e-02 -4.82991822e-02  4.28952882e-03
  1.67049114e-02  6.32072836e-02  2.23132446e-02  1.27055328e-02
  4.59187757e-03 -2.13536788e-02  1.67572610e-02  3.36806066e-02
  1.33414669e-02 -1.11581441e-02  3.13299261e-02 -1.98741211e-03
 -3.98806483e-03  1.26235140e-02  7.69852242e-03  5.21114841e-02
 -4.01420444e-02 -4.79628220e-02  5.00173718e-02 -4.44500968e-02
 -9.53119155e-03  2.39826739e-02 -1.69333927e-02 -1.21796941e-02
  3.93813214e-04  5.76644950e-02 -4.76743206e-02 -3.59297507e-02
 -6.08962998e-02 -4.42887060e-02 -9.43562482e-03  2.25990973e-02
  4.68810648e-02 -4.34371643e-02  8.31241626e-03 -3.79553102e-02
 -4.17521596e-02  2.19599139e-02 -8.06580931e-02  7.53131360e-02
  1.03524365e-01  6.02661306e-03 -2.84612324e-04 -3.81361917e-02
  6.77569117e-03  6.68820441e-02  2.46116258e-02 -3.51471417e-02
 -4.22745524e-03  6.43399879e-02  4.08458002e-02  1.61087252e-02
 -1.76206958e-02 -4.85496456e-03 -4.29099314e-02 -2.90626232e-02
 -6.65998533e-02 -7.71707669e-02  3.92774232e-02  1.73884742e-02
  7.37719018e-35 -9.84782167e-03 -1.47037245e-02  5.35189100e-02
 -6.14390634e-02 -1.93538307e-03  1.49206314e-02 -5.20963930e-02
  7.47206202e-03  1.04603292e-02  1.21362861e-02 -1.23556759e-02]"
Nutrition,Interventions improving dietary intake and preventing malnutrition.,"[ 3.16448957e-02  3.69507410e-02  2.59479694e-03  1.93910878e-02
  4.08887751e-02  9.84441116e-03 -1.45595963e-03  2.19657850e-02
 -4.22813483e-02 -2.34028269e-02  7.50884861e-02 -1.33713335e-02
  2.11113002e-02  2.95938160e-02  1.50764631e-02 -5.73519096e-02
  6.90352246e-02  5.01462317e-04 -2.43184138e-02  4.29016389e-02
 -2.76845861e-02  3.23554128e-02 -1.43553419e-02 -3.60697694e-02
 -2.52512246e-02  3.24084423e-02 -1.34903667e-02  6.68804720e-02
 -3.21604013e-02 -4.91077304e-02  2.51039770e-03  2.20452193e-02
 -2.74778232e-02 -5.08769974e-02  1.70276837e-06  1.20284595e-02
 -3.48859578e-02  3.31762359e-02 -6.44346625e-02  9.57643241e-02
  3.55087370e-02 -1.06442034e-01  2.87830271e-03  1.49716521e-02
  4.43015657e-02 -4.28683357e-03  5.81927933e-02  8.60394314e-02
  8.57555028e-03 -1.03196735e-02  3.67811657e-02 -4.98146787e-02
  6.90760883e-03  1.35622649e-02 -5.13957255e-02  4.24006246e-02
 -4.76491787e-02  2.47657206e-02  1.29399197e-02  9.27534886e-03
  9.08044726e-03  2.52824631e-02 -1.36766555e-02  1.13140820e-02
  7.74597237e-03  4.16424572e-02 -3.33702713e-02 -5.16270325e-02
  2.76730191e-02  3.46845351e-02  2.31823213e-02  3.97179462e-02
  4.79504317e-02  1.57001161e-03  4.92233085e-03  1.02450540e-02
  3.36682796e-02 -5.45069575e-02 -4.19329852e-02 -2.29141973e-02
  7.51697719e-02 -2.66525466e-02  1.29870651e-02  6.79353485e-03
  6.46399753e-03  3.41563560e-02 -8.35790299e-03  1.50832406e-03
 -3.75457816e-02 -9.83507466e-03 -2.68178638e-02 -6.75822748e-03
 -2.45776903e-02  1.85068827e-02  3.13173681e-02 -1.69287287e-02
  6.92116767e-02  8.29552580e-03  2.34663356e-02 -7.55485743e-02
 -1.71853055e-03  9.05081537e-03 -2.76290104e-02 -2.55040303e-02
 -3.17930691e-02  9.36733210e-04 -1.35571859e-03  2.77200881e-02
  7.21157237e-04  1.18232526e-01  4.75812517e-03 -1.67632010e-02
 -4.78952825e-02 -3.40013541e-02  2.01094314e-03  1.72251649e-02
 -1.09112347e-02 -1.23145953e-02 -2.32640952e-02 -4.66475561e-02
 -5.57928637e-04  2.60068253e-02  3.08326147e-02 -3.11415223e-03
 -1.07863862e-02  1.00791037e-01  6.74960436e-04  4.78082756e-03
  1.87964588e-02 -4.80572172e-02 -3.37847769e-02 -1.14789943e-03
 -1.58205477e-03  8.55150260e-03  3.48537937e-02  2.96722986e-02
  9.61926486e-03  4.41653421e-03 -5.55784404e-02 -2.82423734e-03
 -4.09516394e-02  5.31028630e-03 -6.39756620e-02 -4.87114377e-02
 -6.02417684e-04 -2.99548544e-02  1.01029493e-01  5.32333255e-02
  4.37243879e-02  3.90566960e-02 -4.86983592e-03 -1.09557100e-02
  6.68632761e-02  1.52529133e-02  9.12004113e-02  4.05764207e-02
  5.23530394e-02  1.11202430e-02  2.82168929e-02  1.72018111e-02
 -1.23434169e-02  2.95127258e-02 -5.98460995e-02  1.03454534e-02
  2.79940255e-02  6.55141175e-02  4.29170318e-02 -4.10343781e-02
 -1.01769716e-02 -1.46160321e-03 -3.97421904e-02  1.20393615e-02
 -2.89938282e-02  4.37077470e-02  4.45881449e-02 -1.24480017e-02
 -5.41168917e-03 -7.91127328e-03  1.20413126e-02  1.81587506e-02
 -7.33516365e-03  1.47667155e-02  2.12292857e-02  3.80306393e-02
 -2.29117628e-02  3.14979590e-02 -1.05492370e-02 -2.83723846e-02
 -8.65754858e-03 -2.03588419e-02  3.78688872e-02  6.95261825e-03
  5.12099080e-02 -2.78215259e-02  7.70267623e-04  2.77464502e-02
 -1.14665274e-02  1.91750117e-02  1.35821747e-02 -8.78898054e-03
  6.14143349e-02 -1.07286861e-02 -2.09993403e-02 -4.87810075e-02
 -1.31138936e-02 -1.78635716e-02  2.00003609e-02 -1.21812904e-02
  3.50041837e-02 -6.22364022e-02 -5.50010912e-02 -3.38467956e-02
  1.07437605e-02  4.96209878e-03 -2.36629788e-02 -1.42357340e-02
 -1.97418802e-03 -1.20223062e-02  1.27396686e-02  2.97285262e-02
 -2.88369674e-02  7.60649592e-02 -2.80922148e-02 -2.19748039e-02
  8.85673519e-03 -3.27682532e-02  2.75377017e-02 -2.28436124e-02
 -1.28693040e-02  6.26553670e-02  4.58351336e-02  4.47782427e-02
 -7.02855662e-02  5.45444936e-02  3.02386135e-02 -8.28034803e-03
  4.21822118e-03 -3.25524397e-02 -4.57606949e-02 -3.60361412e-02
 -4.72680703e-02  7.93646369e-03 -2.17113132e-03 -1.08237835e-02
 -3.05224769e-02 -9.66389850e-03  9.73676704e-03 -2.75552068e-02
 -3.66649032e-02  6.81365058e-02 -3.67548317e-03 -1.50796967e-02
 -1.58021469e-02 -1.04337353e-02 -3.66635509e-02 -2.13133786e-02
 -1.85432043e-02 -1.33174211e-02 -5.07596172e-02  5.68263158e-02
 -1.43899210e-02  6.32755458e-02 -2.09793486e-02  5.40964045e-02
  6.36994392e-02 -5.78561611e-02 -1.00683803e-02 -6.64719492e-02
 -1.17617836e-02 -3.35750915e-02 -2.67543569e-02 -2.92431843e-02
  5.62933944e-02  4.03951071e-02 -9.43961274e-03 -5.09400330e-02
  7.58289685e-03  2.43875887e-02  3.83300707e-02 -5.23403473e-02
  4.50149849e-02  3.87412906e-02  2.57518310e-02  4.28534709e-02
  1.65514741e-02 -6.41871318e-02  2.46037506e-02 -1.43732047e-02
  6.19304553e-02 -6.53117895e-02  5.22098057e-02 -5.43515794e-02
  8.82666837e-03  1.11908093e-02 -4.31232788e-02  3.53437997e-02
 -1.35153895e-02 -6.24936484e-02 -1.30591623e-03 -2.91425884e-02
  1.52990110e-02  1.82671640e-02 -5.67491986e-02 -4.93077887e-03
 -1.67834349e-02  2.47633643e-02 -2.63217203e-02 -6.39089495e-02
  2.28831470e-02 -4.17538807e-02  2.80606318e-02  8.13673213e-02
  1.80241093e-02 -1.43220043e-02  4.25662473e-02  1.44923180e-02
 -1.08356841e-01  9.49226320e-03  2.81692874e-02 -4.49046399e-03
  7.69477990e-03 -9.81472991e-03 -2.53366362e-02 -7.43282679e-03
 -2.59139277e-02  2.86435559e-02 -2.49228943e-02 -5.59408311e-03
 -9.06605795e-02 -1.35042146e-02 -5.81161957e-03  1.71601065e-02
  6.02869841e-04 -7.14233087e-04  4.90879938e-02  2.57198773e-02
  6.99321032e-02 -3.02363355e-02 -3.05327978e-02  8.47656839e-03
 -5.38365208e-02 -8.12074263e-03 -4.67855074e-02 -2.09108945e-02
  3.25041302e-02 -3.87014970e-02 -1.90594327e-02  1.12395287e-02
 -7.63889849e-02  2.05492117e-02  6.23386027e-03  5.96169429e-03
  4.77174483e-03 -1.86512731e-02 -6.57059858e-03 -6.59283325e-02
 -4.43300977e-02 -4.40268144e-02 -2.00830773e-02 -1.73453838e-02
  9.32754762e-03  5.34335598e-02 -7.60235935e-02 -4.28664759e-02
  2.81046405e-02  3.09672467e-02 -2.54216581e-03  2.81415526e-02
  1.85869318e-02  2.06864178e-02  2.67517474e-03  7.87206814e-02
 -3.59111056e-02  9.76056512e-03 -3.64029966e-02  4.61627590e-03
  2.79172361e-02  6.19203597e-02 -2.35174745e-02 -9.71949194e-03
  2.37373207e-02 -2.35936753e-02  3.12733389e-02 -9.94482450e-03
  7.84241501e-03 -4.58050929e-02  1.62560716e-02 -5.12393937e-02
  6.05738722e-02 -3.02246194e-02 -5.26744919e-03  1.49899721e-02
 -3.95200215e-02  7.09995553e-02 -2.08189301e-02  9.11533274e-03
  4.02402505e-03  1.01199085e-02 -2.49227174e-02  3.21471393e-02
  2.84838006e-02  1.08048338e-02  3.08052450e-02 -3.38285863e-02
 -6.25099475e-03  5.88266850e-02  2.66322587e-02 -2.54871100e-02
  3.19341831e-02  2.39336654e-03  1.55170225e-02  3.05428784e-02
  8.65357928e-03 -1.50274718e-02  6.46280646e-02 -4.57791947e-02
  2.80337688e-03  2.81556062e-02 -9.59706679e-03 -6.50481209e-02
 -5.16644008e-02  4.92246673e-02 -3.81206274e-02  3.73414643e-02
 -1.31853502e-02  1.01499017e-02  2.27734670e-02  1.09222252e-02
 -5.18774465e-02  3.12762447e-02  9.39470604e-02  3.34866941e-02
 -1.60052124e-02 -6.32419959e-02 -3.28635350e-02 -5.20956516e-03
  2.70866845e-02 -7.99016282e-02  2.06241887e-02  3.81143428e-02
  1.41818710e-02 -3.53686213e-02  6.15680401e-05 -2.18240358e-02
  4.52510491e-02  3.50113818e-03  2.08020657e-02  3.77099328e-02
  4.42625284e-02 -1.75467990e-02 -4.51217452e-03 -3.28374021e-02
 -7.68245608e-02 -7.96966720e-03 -8.56528711e-03  3.11102103e-02
 -1.33648757e-02 -2.81203724e-02  1.98603626e-02 -4.63068821e-02
  1.85639933e-02 -1.02665527e-02  2.64284182e-02  2.50848103e-02
  1.79101024e-02 -5.57446806e-03  1.42592909e-02  4.75748405e-02
 -3.33241671e-02 -1.70060992e-02 -3.45845185e-02  5.45895807e-02
  2.18713516e-03  4.54195254e-02  4.10103463e-02 -5.96665442e-02
 -4.79276776e-02 -5.95707744e-02 -6.63847430e-03 -1.35883959e-02
 -1.59267876e-02  3.80377658e-03  1.08853297e-03 -5.57995923e-02
 -4.74791862e-02 -1.59236696e-02 -5.69102541e-02 -1.62301678e-02
  3.49774212e-03  3.14682238e-02  6.63842447e-03  3.88554409e-02
 -3.00633302e-03 -4.93636802e-02 -7.69710839e-02 -3.69048398e-03
 -1.99190043e-02  4.74848822e-02 -7.53920106e-03  1.00692082e-02
 -1.12143680e-02  2.36167554e-02  1.83729455e-02 -2.16667186e-02
 -6.78345636e-02  1.77588370e-02 -2.75333114e-02  4.44848323e-03
  8.32325779e-03 -1.40713751e-02  1.79818235e-02 -1.09138666e-02
  1.37212519e-02 -5.36110892e-04 -2.27887407e-02 -4.36155982e-02
  3.01493844e-03 -2.23561283e-02 -2.85901632e-02  7.71899475e-03
  6.94577396e-03 -2.33077630e-02  5.78962378e-02  1.37476660e-02
 -3.17649394e-02  4.59100232e-02 -1.99920740e-02  2.64529837e-03
  2.49176752e-03  7.76831247e-03 -1.67268906e-02 -2.38001253e-02
  7.35069886e-02  1.77135225e-02 -1.42774805e-02 -3.64294238e-02
  7.26376195e-03  2.13740133e-02 -6.51702285e-02  3.15620080e-02
  4.93476503e-02 -2.95436028e-02 -5.28418180e-03 -6.86924497e-04
  2.14924593e-03  3.40300724e-02 -4.24369164e-02 -8.92921835e-02
  2.89990585e-02 -2.59100311e-02 -3.29633057e-02  4.71792789e-03
 -2.96033416e-02 -1.73882023e-02  1.25438124e-02 -4.90124721e-33
  6.12892769e-02 -3.23886983e-03  5.78413941e-02  7.02859461e-02
  4.63590138e-02 -4.94934106e-03  8.03994015e-03 -8.84020294e-04
 -2.54426636e-02  1.58486646e-02  5.93686337e-03 -6.63734647e-03
  1.71804111e-02 -6.52162032e-03  1.01136453e-02 -5.70251467e-03
 -6.86587114e-03 -1.03616556e-02 -4.03913483e-02 -4.59869280e-02
 -5.28337248e-02 -4.66827415e-02  4.36466839e-03  3.37997898e-02
  4.28647213e-02 -4.74948548e-02  8.39012396e-03 -1.76477991e-02
 -8.12608749e-03 -4.11648676e-02  1.80408247e-02  1.24742920e-02
  6.78131962e-03 -3.86725888e-02 -1.37726553e-02  5.05561493e-02
  3.41731608e-02 -3.31182331e-02 -9.61817510e-04 -3.33332978e-02
 -7.19612688e-02 -4.57522571e-02  1.22787952e-02  4.43204008e-02
 -7.70981144e-03  1.98900271e-02 -3.17585059e-02 -3.51264365e-02
 -7.06495671e-03  5.05319498e-02 -1.68512631e-02  3.75382975e-02
  2.17775051e-02  1.92754138e-02  2.40273643e-02  6.81076497e-02
  2.12225709e-02 -2.16239784e-02  4.44519892e-02  2.32947787e-04
  2.86142211e-02  2.27482524e-02 -6.15146346e-02  2.85981558e-02
 -4.04075570e-02  3.12112784e-03 -5.35795502e-02 -4.00378257e-02
  2.47936882e-02 -1.75640304e-02 -1.97701086e-03 -7.26767257e-02
  1.18956175e-02  2.66461261e-02 -1.16501353e-03 -3.63995023e-02
  4.49446030e-03  4.20399010e-02 -5.31775728e-02 -1.42005889e-03
  2.28046626e-02  1.45387035e-02  1.19469138e-02  5.57504920e-03
 -4.98962551e-02 -7.70393107e-03 -3.07068098e-02  1.10095069e-02
  1.08140651e-02  1.45105757e-02 -1.79261658e-02  6.46011382e-02
  1.30373361e-02  6.79962113e-02  4.73369285e-02 -7.46775838e-03
  3.09808478e-02 -2.25389060e-02  1.10321920e-02 -8.68979935e-03
 -2.78027784e-02  2.98536103e-03  1.42541593e-02  4.32193950e-02
  4.42539714e-02 -8.47726036e-03  1.28841645e-03 -6.17800690e-02
  3.74856405e-02 -7.07568973e-02 -1.83186226e-03  3.34575363e-02
  3.84858716e-03 -2.91463267e-02 -8.38071704e-02  2.74409782e-02
  1.95183177e-02  1.57075040e-02  1.45910122e-02 -4.48493026e-02
 -6.64701909e-02 -3.77699500e-03  4.48303809e-03 -3.90281156e-02
 -4.76784568e-04  1.64832082e-03  3.18171866e-02  4.63168696e-03
 -1.03189358e-02  2.52864622e-02  9.92870778e-02 -9.98121686e-03
  2.32867905e-07 -5.00808358e-02  2.05964968e-02  2.30404232e-02
 -9.87577513e-02 -3.35651934e-02 -3.16182598e-02  8.94202676e-04
  3.46205160e-02  6.58075605e-03  6.87692389e-02  5.85808642e-02
 -3.10838372e-02 -2.66515277e-02  2.81666014e-02  3.42768431e-02
 -1.43254490e-03 -3.13201807e-02  8.59846734e-03  1.18953576e-02
 -4.30061258e-02  4.53548059e-02  5.59497662e-02 -6.31326204e-03
 -2.00669076e-02 -6.76613301e-02  1.72294676e-02  9.44264815e-04
 -1.96337085e-02 -3.01231407e-02 -3.51487771e-02 -1.89931411e-02
  4.78017032e-02  6.42231107e-02 -1.69360116e-02 -1.03408061e-01
 -8.41189101e-02 -5.14333695e-02  2.77876258e-02 -1.75154097e-02
  5.50346375e-02 -7.23453686e-02  6.77727163e-02 -2.76480336e-02
  1.98546089e-02 -3.33201736e-02 -5.65435067e-02  2.18913052e-03
  7.22512677e-02  2.45985426e-02  1.13671338e-02 -2.05025375e-02
  2.76724789e-02 -4.66743903e-03  2.44411826e-02 -2.72330865e-02
  1.99497566e-02  6.17391504e-02  1.55420573e-02  8.37976187e-02
  2.03090440e-02 -2.18601674e-02 -3.44283134e-02 -2.56561581e-03
 -6.83833286e-02 -9.72885564e-02  3.38713154e-02  1.42214242e-02
  1.31553086e-34 -4.41272603e-03 -1.12000164e-02  2.30197515e-02
 -6.97632357e-02 -1.79051124e-02  2.15734150e-02 -7.07107782e-02
  2.18967386e-02  1.14273676e-03 -3.09360139e-02  7.91161414e-03]"
Migration,Food security support for displaced or migrating populations.,"[ 3.40241706e-03  3.75047401e-02 -3.87426838e-02  6.90248795e-03
  2.85786809e-03 -1.40909310e-02 -5.33672469e-03 -2.02315859e-02
  1.40024945e-02  1.23849669e-02  1.09636426e-01 -1.05328374e-02
 -5.18764509e-03 -2.98260581e-02  2.88297702e-02 -2.39542183e-02
  3.93108949e-02 -1.13594262e-02 -2.92233396e-02  4.53796461e-02
 -3.88626494e-02  3.15887406e-02  2.41579711e-02 -2.72443984e-03
 -2.61815405e-03  3.51285115e-02 -4.87799607e-02  4.91338894e-02
  3.34958779e-03 -3.53958197e-02  2.75420006e-02 -1.12958811e-03
  1.59113097e-03 -9.18522999e-02  1.46080470e-06  2.11503785e-02
 -2.83805262e-02  1.57946199e-02 -6.09837808e-02 -2.94516142e-02
 -5.19391429e-03 -1.06774017e-01 -1.46998847e-02 -2.22487887e-03
  2.26945132e-02 -3.23722102e-02  2.42375340e-02 -3.49588953e-02
  3.31086852e-02  2.62012631e-02  3.24394628e-02 -6.30906671e-02
 -5.83675504e-02  5.10752834e-02  1.67483115e-03  4.02704515e-02
 -3.60357296e-03 -2.70468201e-02  3.96106541e-02 -6.35746494e-03
  2.83880346e-02  4.47401926e-02 -7.68564222e-03 -1.03203151e-02
 -4.30225686e-04  6.77863322e-03 -7.15033785e-02 -5.67262061e-02
  1.29438620e-02  2.01244373e-02  6.79913629e-03  6.22571483e-02
 -1.13153309e-02  5.06554171e-02 -2.64860392e-02  1.13418158e-02
  3.78754325e-02 -1.53133757e-02 -4.41883598e-03 -1.70797389e-02
  5.43540269e-02  8.20299983e-03  2.87327971e-02  8.54664203e-03
 -4.13310602e-02  9.06772986e-02 -1.74705721e-02  7.15067191e-03
 -4.81309742e-02 -1.38624515e-02  3.51900537e-03  2.30449848e-02
  4.58267294e-02  4.07139547e-02  6.69787917e-03 -1.74357314e-02
  2.18464602e-02 -5.48729189e-02 -3.70724015e-02 -3.79860774e-02
  1.11103011e-02  3.26730348e-02 -1.07401937e-01 -3.70341614e-02
 -1.48097742e-02 -3.82670946e-02  3.32756410e-03 -4.11502644e-02
  1.02136396e-02 -2.83184857e-03 -2.52230223e-02  4.64238524e-02
 -3.09062060e-02 -1.10119330e-02 -3.30231362e-03  6.59455657e-02
 -2.95596127e-03  2.83941217e-02 -2.47554854e-02 -4.49307356e-03
 -8.79436545e-03  2.25838311e-02 -3.49368900e-02 -4.19421634e-03
 -3.13160801e-03  7.52316639e-02 -2.77558770e-02  1.01999762e-02
  2.30821483e-02 -4.33938615e-02 -9.87166259e-03 -2.14889999e-02
  1.28208771e-02  1.63628976e-03  1.84186758e-03  1.71478670e-02
  3.68096717e-02 -5.80116222e-03 -1.19559892e-01 -4.24808357e-03
  4.17169044e-03 -6.73638145e-03 -1.60318129e-02 -1.98383909e-02
  3.76228453e-03  2.32021417e-02  3.49632166e-02 -1.20893354e-03
  2.86735576e-02  5.03199883e-02 -4.81137484e-02 -4.07346860e-02
  5.94243258e-02 -3.89398541e-03  2.65517719e-02  4.78518270e-02
  4.36217785e-02 -4.10978384e-02 -3.24939787e-02 -1.47852097e-02
 -6.83701970e-03 -1.94288819e-04 -3.94355953e-02 -4.72758152e-02
 -7.48033822e-02  6.96211755e-02 -7.56744621e-03  2.41422858e-02
  2.03216113e-02 -3.38525400e-02 -8.24761484e-03 -1.56392921e-02
  2.90217362e-02  3.66951227e-02  5.48962615e-02  6.21240586e-02
 -2.91853156e-02  3.89810055e-02  4.66664648e-03  6.11400791e-02
 -7.41724297e-02 -1.85359959e-02  3.64638865e-03  3.74416001e-02
 -1.26885287e-02  1.33643521e-03  2.10726317e-02  2.64975354e-02
  1.05496095e-02 -1.54823717e-02 -1.74884481e-05  4.28343900e-02
  4.14286973e-04 -1.78742071e-03  2.70598056e-03  1.12902680e-02
  5.29236011e-02 -3.18938121e-02 -4.05699462e-02 -3.08042336e-02
  4.69662109e-03  3.21482047e-02  1.66927427e-02 -6.41733874e-03
 -2.22471263e-02  9.95413773e-03 -1.50040500e-02 -1.48834465e-02
  4.85284254e-02 -4.96387258e-02 -7.64094200e-03  5.36361523e-02
  1.93451867e-02  6.51132222e-03 -1.87507439e-02  7.04773739e-02
  3.72292139e-02 -8.95361975e-03  1.31135685e-02  4.88971360e-02
  3.48294750e-02  1.30840838e-02 -9.47818067e-03 -1.78653654e-02
  5.78626096e-02  7.13513121e-02  2.15732642e-02 -1.79628767e-02
 -2.34179311e-02  2.32901191e-03  2.83941962e-02  6.40574843e-03
 -3.63086797e-02  3.16699431e-03  4.09794562e-02  4.32710052e-02
  5.39613515e-02  5.19014783e-02 -1.09756878e-02 -1.93291288e-02
 -3.79057862e-02 -5.02123497e-04 -5.83992060e-03  2.14411169e-02
  2.00794805e-02  8.50076154e-02 -2.11333297e-02 -1.47993760e-02
  6.23078607e-02  6.35982975e-02  4.30438481e-02 -1.97849199e-02
  4.08652239e-02  1.03000691e-02  4.26510116e-03 -7.92701021e-02
 -4.18707449e-03  5.89574166e-02 -3.47549692e-02  6.84867650e-02
  5.51285048e-04  1.52382243e-03 -1.03080329e-02 -2.99562383e-02
  3.07504106e-02 -3.01641803e-02  4.35801484e-02  5.63454702e-02
  3.64512019e-02 -3.28586772e-02  1.25960661e-02 -2.91793738e-02
  2.14529485e-02  1.88320335e-02  5.59419096e-02 -3.95571701e-02
  2.90831644e-02  5.95652033e-03 -4.63213846e-02 -1.42986653e-02
 -3.62147540e-02  4.88777533e-02 -1.75215919e-02  5.84956445e-02
  3.46084801e-03 -2.15424933e-02 -2.22552568e-02 -4.92277928e-02
 -4.38354304e-03 -5.98995388e-02 -5.05598262e-03  4.80125891e-03
  3.62836085e-02 -1.76574141e-02 -4.58538048e-02  1.65725090e-02
 -5.80149470e-03 -1.09869644e-01 -5.54904109e-03 -1.05915740e-02
  1.76953953e-02 -2.63595544e-02 -8.30073934e-03 -6.44849986e-03
 -1.31800342e-02  1.78663395e-02 -2.25309562e-02 -2.15980671e-02
 -1.80984978e-02 -6.37454912e-02  1.55488430e-02  1.60172917e-02
  1.40773645e-03 -6.75701350e-02 -1.02477893e-02  3.12204193e-02
 -4.66085076e-02  5.88803142e-02  3.61776166e-02  4.29438427e-02
 -1.52032468e-02  2.79786135e-03 -3.20888087e-02 -9.52566043e-04
  1.30983386e-02  2.08248328e-02 -2.61576809e-02 -5.39705642e-02
 -2.57983394e-02 -2.13483553e-02  1.41225541e-02 -1.55300302e-02
  3.12490482e-02  8.20142962e-03 -1.93864498e-02 -7.80294761e-02
 -1.17497994e-02 -9.91332009e-02 -6.20540455e-02 -2.63800789e-02
  5.77498320e-03  7.60662882e-03  8.76811892e-03  3.11893858e-02
  3.39048281e-02  5.62653504e-03 -2.15542261e-02  5.45030646e-02
 -1.43219838e-02  1.54746054e-02  5.74199893e-02 -1.81041285e-02
  2.43077762e-02 -5.40782288e-02 -1.65028498e-02  4.43896875e-02
 -4.00396362e-02  1.03490958e-02 -5.67452656e-03 -1.50254155e-02
 -1.16463080e-02 -1.31141916e-02 -2.52566170e-02 -1.07612321e-02
  5.58344834e-02  7.36672431e-02  3.59464698e-02  1.56001691e-02
 -2.71998753e-04  2.28840988e-02  2.28723194e-02  4.47907485e-02
 -3.27114537e-02  9.80576780e-03 -1.68752577e-02  6.17386028e-02
 -1.37465065e-02 -8.71751830e-02  2.00658198e-03  3.40930410e-02
  2.67677456e-02 -2.96744872e-02  4.39464152e-02  3.57924961e-02
 -4.67547067e-02 -4.42685708e-02 -5.08435187e-04 -5.75932451e-02
  2.61684246e-02  7.34790489e-02  7.40937144e-03 -1.11171324e-02
 -7.86051378e-02  2.35086139e-02  2.04150341e-02  1.17121264e-02
 -2.02247165e-02 -3.29374932e-02  3.38389887e-03 -5.91624342e-03
  2.68654525e-02 -1.55240083e-02  1.42183146e-02 -4.97451164e-02
 -7.09381402e-02  5.67067899e-02  5.55498898e-02  2.88156569e-02
  2.75154691e-02  1.19623393e-02 -2.01831642e-03 -4.25327495e-02
 -2.66256277e-02  2.85647251e-03 -2.49139033e-03 -1.55416830e-02
 -3.13349329e-02  2.76122727e-02 -3.76683734e-02 -3.69543545e-02
  2.01804098e-03  1.84180513e-02  2.89294142e-02 -1.74904075e-02
 -3.27408966e-03  2.54916791e-02  1.10198129e-02  5.54666147e-02
 -2.51762457e-02 -4.09653876e-03  4.72229011e-02 -1.42885267e-03
 -4.77882400e-02 -7.05308244e-02  1.06073553e-02  3.59244645e-02
  7.94539377e-02 -9.13562849e-02 -3.14373188e-02  5.67156216e-03
  6.13922738e-02  3.65093462e-02  3.59555706e-02 -9.55557730e-03
  2.60369238e-02  9.44020040e-03 -8.08667857e-03  1.73614770e-02
  3.08243074e-02 -5.37590906e-02  2.11407561e-02  2.06454396e-02
 -7.84806628e-03 -2.47051697e-02  3.81517261e-02  3.71366590e-02
 -1.05390931e-02 -4.14515547e-02 -1.02869356e-02 -3.35787679e-03
 -2.06190348e-02  2.67374925e-02 -1.03146238e-02  5.10902051e-03
 -3.88673972e-04 -2.89687365e-02 -6.18665107e-03  2.36925036e-02
 -2.71251164e-02 -5.64061897e-03 -4.89153713e-02 -2.52078380e-02
 -1.10992873e-02  6.94874898e-02  4.63436060e-02 -2.67370567e-02
 -1.14104385e-02 -5.47046494e-03  7.11445883e-03 -1.42329279e-02
 -3.59360613e-02  8.92275188e-04  6.70626611e-02 -6.59943670e-02
 -9.44488961e-03 -2.59836596e-02  4.74947458e-03 -8.59554764e-03
 -2.64989976e-02 -2.08261870e-02 -1.90394185e-02  5.10716327e-02
 -1.63179834e-03 -2.08687186e-02 -1.95408724e-02  2.65461626e-04
  2.70936824e-02  1.39765171e-02 -2.12988947e-02  7.29010021e-03
 -2.49552429e-02  1.95298884e-02  4.91347956e-03  9.79349390e-03
 -6.21914230e-02  2.15433929e-02 -1.09969582e-02 -7.94972002e-04
  3.88753077e-04  2.46815961e-02  5.52787557e-02  8.44273902e-03
  4.38717678e-02 -8.88066441e-02 -6.83775079e-03  2.59210486e-02
 -2.40694918e-02 -1.85317006e-02  4.72742645e-03 -4.32951050e-03
 -2.05692593e-02 -1.29712922e-02  2.40254607e-02 -1.79405734e-02
 -5.53635880e-02 -9.49817803e-03  2.47219228e-03  4.34322134e-02
  3.30600590e-02  1.72622933e-03 -1.83780342e-02 -2.33488586e-02
 -1.62577331e-02 -1.51357120e-02  5.16928248e-02  3.54401283e-02
 -3.92408036e-02 -1.21334074e-02 -7.76625704e-03  3.97030711e-02
 -5.27154142e-03 -3.96379940e-02 -1.96965709e-02  6.30659517e-03
 -2.08635088e-02  3.29810344e-02 -2.76774224e-02 -6.45582825e-02
 -9.67591535e-03 -5.09927375e-03 -2.31201276e-02 -3.48223769e-03
 -7.41432682e-02  3.30078490e-02  1.03546465e-02 -5.32334004e-33
 -1.58418808e-02 -8.82806033e-02  3.42502296e-02 -4.38280515e-02
  2.44782236e-03 -2.92248670e-02 -1.48762674e-05 -5.96201327e-03
 -5.85180409e-02 -6.57736063e-02  1.67936850e-02 -9.49737336e-03
  4.32550348e-02  2.09899377e-02 -5.92863075e-02 -7.93325342e-03
 -7.96855018e-02  5.56154139e-02 -7.04369089e-03 -9.00703520e-02
 -4.17467654e-02 -3.88444848e-02  2.21946444e-02  6.84660450e-02
  4.94690016e-02 -2.91347113e-02  1.11901294e-02 -6.08634651e-02
  1.49901547e-02 -7.66336992e-02 -3.46163064e-02  1.60966143e-02
  1.06881345e-02 -2.32484452e-02  2.03263760e-02  3.22425514e-02
 -6.96085859e-04 -1.67772584e-02 -3.55968960e-02 -6.10099733e-03
 -7.38792270e-02 -7.54464343e-02 -1.29837906e-02  3.40480767e-02
  4.31745537e-02  4.04080488e-02 -1.34594943e-02 -4.94689867e-03
  1.96123589e-02  1.00332215e-01 -6.66057225e-03  2.08678097e-02
 -4.79618311e-02  9.12381336e-02 -1.37368459e-02  1.12222515e-01
 -1.79563686e-02  1.60594340e-02  4.30181958e-02 -5.49562573e-02
 -7.75261736e-03  5.60672246e-02  1.25635024e-02 -1.04912696e-02
 -1.91777162e-02 -4.25284766e-02 -5.91044948e-02 -7.80033544e-02
  4.09260504e-02 -5.13132140e-02 -4.01083045e-02 -5.44448271e-02
 -4.08459362e-03  3.22331823e-02 -4.81309816e-02 -5.02973087e-02
  3.10944971e-02  3.28172408e-02 -3.43739614e-02 -3.55824269e-02
  2.50457786e-02 -2.64580362e-03  2.02637427e-02  2.44258251e-02
 -3.25060040e-02 -9.49587524e-02 -1.37949912e-02  2.90308986e-02
  3.69086489e-02 -2.11908016e-02 -1.17286388e-02  4.90441807e-02
 -2.81993719e-03  1.18051469e-01  6.78100809e-02 -3.82521525e-02
 -1.50765781e-03 -3.75984311e-02  2.02085786e-02  6.37387857e-02
  3.69721418e-03 -9.68629774e-03 -3.19161336e-04  4.79991874e-03
  3.25102620e-02 -3.66639695e-03 -7.84494728e-03 -9.68934037e-03
  5.24470257e-03  2.34589968e-02 -2.71811187e-02  4.63796742e-02
 -3.43824364e-02  5.71228601e-02 -6.33486137e-02 -4.66876179e-02
  1.51011273e-02 -5.31661995e-02  6.37886673e-02 -1.53993051e-02
  3.05281579e-02  4.29239981e-02  8.02967139e-03 -3.21495011e-02
 -1.27364527e-02  2.25884262e-02  9.26547777e-03  7.03972355e-02
 -3.38345282e-02  1.65481959e-02  4.68725339e-03 -1.31789930e-02
  2.06796969e-07  2.63537951e-02 -2.80290167e-03  2.33123992e-02
 -9.68507454e-02 -2.09869333e-02 -6.04196563e-02  3.50733660e-02
  4.51185592e-02  7.35016121e-03  2.07123421e-02  1.94173660e-02
 -1.64445937e-02  2.85788588e-02  2.25730389e-02  1.35201188e-02
 -7.88880698e-03  3.38843465e-02  1.24824764e-02 -4.62658964e-02
 -2.68531926e-02  5.03209792e-02  2.59113200e-02 -2.95455214e-02
  2.03367062e-02  3.00475862e-03  5.17899059e-02 -2.90335109e-03
 -7.49662891e-02 -4.83605079e-03 -3.44100296e-02  5.01677804e-02
  2.39614956e-02 -6.27148710e-03 -9.29572806e-02 -1.91228855e-02
 -5.02913110e-02 -4.16021096e-03  3.42511460e-02 -3.11500626e-03
  1.71899446e-03 -5.46246357e-02 -5.39515400e-04 -1.38700809e-02
 -6.61576986e-02  3.17718051e-02  4.17239126e-03  2.81506777e-03
  4.59229462e-02 -9.59984772e-03  6.32801605e-03  2.44763065e-02
  4.17328812e-02  2.27897782e-02  2.09310986e-02  5.74165210e-03
  1.19741326e-02 -8.92665330e-03  1.76785886e-02 -3.00536980e-03
 -1.74508477e-03 -6.22844882e-03  2.05711573e-02 -3.91188376e-02
  3.27155343e-03 -3.07751317e-02  1.21985320e-02  5.70782833e-02
  1.04344042e-34 -2.37483624e-03 -1.48261443e-03 -2.67268810e-02
 -5.81745505e-02  8.72222986e-03  2.62729842e-02 -7.14600682e-02
 -3.54411546e-03  2.92643234e-02  5.11665642e-02  4.73257750e-02]"
Emergency_Preparedness_and_Response,Contingency planning and rapid emergency activation.,"[-8.55710357e-03 -6.83299527e-02  5.25645120e-03 -4.30479050e-02
 -3.43265235e-02 -1.98884439e-02  2.04913188e-02 -7.99876917e-03
 -7.20560923e-02 -3.70596386e-02  6.90327510e-02  1.23916147e-03
 -4.95994054e-02  7.18054101e-02  9.63678490e-03  2.42904481e-02
 -1.06531912e-02 -3.78058478e-02  1.83654502e-02  1.81790476e-03
 -2.23077834e-03 -2.86331084e-02 -4.65501584e-02  1.23195525e-03
  1.78865213e-02  9.58611537e-03 -3.29880081e-02  2.36727688e-02
  3.82509492e-02 -5.46822026e-02  3.04689500e-02 -6.36474509e-03
  1.35769537e-02 -5.21071292e-02  1.54552527e-06 -3.11784409e-02
 -2.23550890e-02 -3.80469747e-02 -6.12766854e-02 -1.07156392e-03
 -3.34568396e-02 -6.81936666e-02 -2.29594503e-02  2.75759883e-02
 -4.22527492e-02 -3.60260755e-02 -6.94379210e-03 -1.97526794e-02
 -2.62089763e-02  3.42852585e-02 -1.33247450e-02  1.57027282e-02
 -3.49274427e-02 -2.08757892e-02 -1.13646731e-01 -4.60361429e-02
 -2.13130806e-02 -3.79617885e-02  5.88843524e-02 -3.31477560e-02
  4.19771597e-02 -1.61902849e-02 -1.92118995e-02  4.31143716e-02
  7.68611347e-03  3.85256782e-02 -6.60555158e-03  2.72505693e-02
 -4.92272787e-02 -2.17774007e-02  1.15869893e-02 -4.20011999e-03
  5.45827523e-02 -1.59481994e-03 -3.09064928e-02 -7.86411925e-04
 -1.63251888e-02 -6.14879951e-02 -1.33154942e-02 -3.74714211e-02
 -2.45643873e-02  4.60644215e-02  2.35994570e-02 -2.28499295e-03
  4.54364754e-02  2.81376448e-02 -3.47854234e-02 -2.05961727e-02
 -3.83256637e-02  1.43675581e-02 -1.01085138e-02 -2.95715425e-02
  1.02064828e-03  3.81644592e-02 -1.93855502e-02 -5.46601936e-02
  9.21919942e-03 -1.72390684e-03  4.28067930e-02 -7.29694292e-02
 -1.56569500e-02  2.98698898e-02  1.09325415e-02 -3.30255069e-02
  3.64311878e-03  2.53230520e-02 -4.05714475e-02 -1.35946963e-02
 -3.60713154e-02  2.71274056e-02 -7.47513175e-02  3.15261222e-02
 -2.80613881e-02  3.80862551e-03  3.84269580e-02  1.97135899e-02
 -2.72769518e-02  1.18345432e-02  4.28963155e-02 -2.80124657e-02
 -3.15450579e-02  1.40876453e-02 -2.67678965e-02  1.37086324e-02
 -1.70975979e-02 -2.73299310e-02 -3.89125980e-02  4.96191010e-02
 -6.47147186e-03 -1.58795412e-03  1.29524255e-02 -5.07174768e-02
  3.33490111e-02  6.93501066e-03 -4.34453115e-02 -2.01781914e-02
 -3.32487561e-02  1.00638159e-02 -8.28237161e-02  4.63154679e-03
  1.96026154e-02 -2.30991957e-03  2.30691489e-02 -2.64834259e-02
 -1.55990245e-03  1.05531923e-02 -2.13912819e-02  7.83283785e-02
 -5.61968982e-03 -4.07980010e-02 -2.67972308e-03 -3.26828994e-02
 -4.78678234e-02  3.44062038e-02 -9.70762037e-03  3.17739621e-02
 -5.15440991e-03  1.56025989e-02  3.03126778e-02  1.62078999e-02
  4.05527232e-03  4.34793066e-03  1.96809135e-02  4.03179461e-03
 -3.87303904e-02  1.60545018e-02  2.32822131e-02  1.67736243e-02
 -2.60707997e-02  1.49178607e-02  1.99866369e-02 -8.06127489e-02
 -5.79381688e-03  1.63075719e-02 -9.86547954e-03  1.93681326e-02
 -4.17736322e-02 -3.43083628e-02  5.24045490e-02  5.96733280e-02
 -8.20623413e-02 -2.95820422e-02 -2.35670153e-02  2.18677707e-02
 -3.82399000e-02  4.80127856e-02  1.46512967e-02  6.12642728e-02
 -5.83954640e-02  2.33041197e-02 -4.74602915e-02  1.35081140e-02
 -3.94790880e-02 -6.20337250e-03 -2.23771613e-02 -1.99035611e-02
  1.68241060e-03 -2.58204378e-02 -3.08676660e-02  6.23501986e-02
 -1.79559167e-03 -3.87251973e-02 -9.22954604e-02  8.78715962e-02
  1.80451591e-02  3.49048106e-03 -8.67107511e-02  1.74758304e-02
  2.98341867e-02 -6.69809431e-02  2.75366288e-02  6.55874908e-02
  4.42907512e-02 -4.02574753e-03  1.10424021e-02  2.14648563e-02
  3.55213545e-02  2.98095532e-02 -1.34515995e-02  2.69554500e-02
 -6.50103465e-02  1.08432427e-01 -3.08427867e-02 -7.54731195e-03
  2.58867163e-02 -2.74507999e-02 -5.75602055e-02  9.82774980e-03
  1.65535405e-03 -2.94643734e-02 -1.40174925e-02  1.64774675e-02
  1.34355817e-02 -1.07726464e-02 -2.71167476e-02  1.94037501e-02
  5.65827154e-02  4.71803099e-02 -3.43798213e-02 -1.28644584e-02
 -2.99257040e-02 -2.36363579e-02  1.04856696e-02 -2.33749449e-02
  7.95208942e-03  4.38415073e-02 -1.83648672e-02  1.92517620e-02
  8.94694030e-03  3.11906748e-02 -4.69920561e-02  3.15836295e-02
  9.32422583e-04 -1.15473624e-02 -9.30928905e-03 -2.23454041e-03
  2.08877381e-02  1.80448201e-02  8.89168214e-03  4.03117351e-02
  1.63334385e-02 -1.66134108e-02 -2.37668841e-03 -2.62938514e-02
 -7.15194363e-03  1.36144059e-02  1.68532021e-02 -4.22703065e-02
 -2.05869265e-02 -2.30138823e-02  3.25386897e-02  8.33790470e-03
 -1.67142395e-02 -2.59261299e-02  2.60292590e-02  6.28715241e-03
  3.33724655e-02 -2.26209406e-02 -4.83118783e-05 -3.62355821e-02
  3.87763116e-03 -5.27649522e-02  1.18447952e-02  4.18503350e-03
  5.75135835e-03 -5.00389300e-02  4.41609211e-02 -7.19677433e-02
  1.70725882e-02 -3.45002189e-02  3.18048298e-02 -2.91058943e-02
 -1.24483285e-02 -1.00199409e-01  5.12311840e-03 -2.82103568e-03
  3.34185688e-03 -9.94595215e-02 -2.03472525e-02  4.06996487e-03
  5.02383970e-02 -8.35038372e-04  3.92815135e-02  3.83768119e-02
 -4.05819714e-02 -2.63494775e-02 -3.61490250e-02 -4.34107892e-03
 -5.91145530e-02  3.63927372e-02 -1.09960074e-02  3.98836620e-02
  2.97507476e-02 -9.04609561e-02  9.70855169e-03 -5.53489886e-02
 -2.05376055e-02 -5.04120328e-02 -5.32114832e-03  5.93682192e-02
 -1.19899353e-03  1.76530201e-02 -3.78738507e-03  1.29010519e-02
 -1.45084839e-02 -2.03381795e-02 -2.14587878e-02 -4.22087424e-02
  7.82752782e-03 -3.23801972e-02 -5.42342057e-03  8.13207997e-04
  2.28836685e-02  1.61244702e-02 -2.24564206e-02 -1.37701696e-02
 -4.08495814e-02 -4.85788547e-02 -9.39013262e-04  3.07154320e-02
  2.10265182e-02 -4.21064310e-02  1.97936893e-02  2.16173455e-02
 -1.13202045e-02 -7.62185361e-03 -4.48265038e-02 -7.24359648e-03
 -4.22719643e-02 -3.50511856e-02  5.56183122e-02  2.86965203e-02
 -2.66169161e-02 -2.50381269e-02  1.15238903e-02  4.07109372e-02
 -1.86586771e-02  2.45330576e-02  3.25794145e-02 -2.41685323e-02
  3.19830999e-02  2.33175755e-02  6.61305487e-02 -6.92119971e-02
 -2.28199251e-02  2.46475060e-02  2.29223520e-02  5.16404063e-02
 -2.90410779e-02  4.87762205e-02  1.08492551e-02  4.63196710e-02
 -2.74380366e-03  7.80209154e-03  2.15373049e-03  1.60112455e-02
 -2.85841292e-03 -6.19010814e-02  9.80802719e-03 -8.09173193e-03
  8.94328393e-03  5.34895137e-02  3.87146622e-02  1.66112427e-02
  1.74414032e-04 -3.38002555e-02 -1.32208159e-02  2.09628586e-02
  1.22315492e-02  6.75065890e-02 -1.55052794e-02 -1.60584301e-02
 -3.22924405e-02  2.02367529e-02  2.34178565e-02  1.96264014e-02
 -7.94479437e-03  1.26285832e-02 -5.82866743e-03  1.14272973e-02
  2.51607206e-02 -4.71567363e-02 -1.29027991e-02  8.67211912e-03
 -1.55554863e-03 -4.96740453e-03  9.77688120e-04 -2.31679697e-02
 -1.78071633e-02  4.26298678e-02  2.66261026e-02  5.18351980e-02
  6.26179576e-02  4.24645003e-03 -2.58194804e-02  1.83572508e-02
  4.06649597e-02  1.32257147e-02  2.67846929e-03  1.93918254e-02
 -5.78718558e-02  4.60855924e-02 -1.29195070e-02 -6.89657703e-02
  1.72560643e-02 -4.86332029e-02  2.78795511e-02  3.78559232e-02
 -3.29741873e-02 -2.51969751e-02 -4.49199416e-02 -2.20766291e-02
  3.17558870e-02  3.81963067e-02 -5.89788370e-02 -5.92663251e-02
  1.47078615e-02  1.16349896e-02 -4.92569320e-02 -1.22124096e-02
 -4.07928936e-02  2.47889496e-02  5.33575900e-02 -3.79238371e-03
 -5.54488488e-02 -6.79103583e-02  4.92994301e-02  2.97146756e-02
 -2.76333485e-02  4.51216139e-02 -1.49277030e-02  1.47786457e-04
  4.10285266e-03 -3.07210628e-02  3.64643559e-02 -2.87578050e-02
  1.10677127e-02  1.95567589e-02  1.54954316e-02  7.59465620e-02
  1.18742324e-02  3.15743461e-02 -5.08191399e-02  6.40630350e-03
 -2.31693685e-02  3.63695063e-02  5.81029337e-04 -5.77647872e-02
  2.67487820e-02 -1.68511719e-02  2.96328054e-03 -1.00482842e-02
  1.20558850e-02 -3.21025355e-03  8.53852183e-02 -2.04693228e-02
  2.47614756e-02 -5.62236868e-02  1.08436998e-02 -2.24286411e-02
  1.84957236e-02  2.15642862e-02 -2.32025031e-02  1.19454809e-03
  2.54799868e-03  1.05050094e-02  1.46461027e-02  2.22295057e-03
  3.30460481e-02  7.16610923e-02 -3.84911820e-02  1.55460043e-02
  3.01808137e-02 -6.30305987e-03  3.15613709e-02 -2.63986718e-02
  2.69742254e-02  2.68726074e-03  8.60866457e-02 -1.14027481e-03
  4.61603701e-02  2.66323984e-02  2.35239435e-02  4.97515276e-02
 -8.40453617e-03 -3.57024930e-02  3.07436865e-02  2.71169525e-02
  4.44029924e-03  1.00370403e-02 -1.75068229e-02 -5.12431329e-03
 -4.80410978e-02 -1.04792267e-01  4.54754010e-02  6.28856868e-02
  2.50922386e-02  4.00924273e-02 -2.50621811e-02 -4.74112071e-02
  1.82047319e-02 -2.21467093e-02 -2.10797377e-02  5.50910772e-04
  5.00188097e-02  7.96648860e-03  3.25172208e-02  6.22160500e-03
 -1.54526590e-03  1.97807867e-02  2.48512737e-02  3.15510891e-02
  2.23842673e-02  1.05446521e-02  1.60757136e-02 -4.66699116e-02
 -4.63237148e-03  1.02155194e-01  8.53420608e-03  6.84200646e-03
 -8.49326774e-02  5.31841554e-02  8.60754326e-02  4.05129865e-02
 -2.22729482e-02 -8.66093859e-03  2.43498944e-02 -6.75416589e-02
  1.58470664e-02  4.55225911e-03  7.04049878e-03  1.69972535e-02
  2.95353285e-03  6.36913627e-03  2.42161173e-02 -5.67828718e-33
  4.21488881e-02 -4.89226803e-02  3.83392125e-02 -6.39282465e-02
 -6.33197511e-03  2.19996162e-02  1.47538586e-02  5.55155054e-02
  2.57930742e-03 -3.74602862e-02 -3.54381278e-02  5.16699720e-03
  2.57751904e-02 -2.24826820e-02 -1.48888922e-03 -1.02747290e-03
 -2.63200961e-02 -2.62622396e-03 -2.38998681e-02 -4.34577242e-02
  2.92905252e-02  1.52849564e-02 -3.51451039e-02  9.07262135e-03
 -5.16867153e-02  1.74112618e-02  2.74459627e-02 -2.76195686e-02
  2.07544751e-02  9.81655065e-03 -1.27289435e-02 -1.60082728e-02
  1.76184978e-02 -1.90561600e-02  1.66794583e-02  4.82109860e-02
  2.85347085e-02  2.47137737e-03  1.81340482e-02 -7.18024820e-02
 -2.94038095e-02 -1.13341846e-02 -5.69692533e-03  3.67949270e-02
 -1.88781030e-03 -5.02648763e-02 -2.80402806e-02  3.43153365e-02
  2.35889852e-02  1.80412065e-02 -2.33091433e-02  1.34448083e-02
 -4.84273918e-02  4.35869731e-02  1.80069301e-02  7.55922496e-02
 -2.92331632e-02 -3.96870896e-02 -2.30534729e-02 -1.22289797e-02
 -4.05186303e-02  4.49577942e-02 -4.58458923e-02 -8.18931032e-03
 -5.58406934e-02  5.27053587e-02 -5.08801602e-02  2.04041954e-02
 -2.17410810e-02 -3.04843280e-02 -1.37535790e-02  5.01865000e-02
  3.18320431e-02  8.34726021e-02  2.34571751e-03 -4.01417091e-02
 -3.91102135e-02  2.26822924e-02 -2.59284908e-03  3.84194800e-03
  5.72450124e-02  1.03002749e-02 -3.10273133e-02  2.53914557e-02
  4.53035943e-02  3.80586311e-02 -1.94493495e-02  5.54128513e-02
 -2.43749004e-02  4.66636149e-03 -1.14633627e-02  9.22680721e-02
  7.79517367e-03  7.57266060e-02  6.76349252e-02  6.08365983e-02
  2.48261858e-02  6.00003265e-02 -1.21932570e-02  3.91934514e-02
 -7.47765675e-02  6.77658990e-02 -2.02677436e-02 -3.23774666e-02
 -6.37233211e-03 -2.10586786e-02 -5.52798025e-02  5.22339009e-02
  3.05655915e-02 -4.92217718e-03  1.48206539e-02  2.85447277e-02
  3.06046512e-02 -1.12199016e-01  4.38992344e-02  1.10636875e-02
  1.15264254e-02 -6.58997074e-02  1.32551659e-02 -1.34306207e-01
  6.75448477e-02 -1.59378983e-02  1.92396324e-02  1.72927044e-02
  5.23213344e-03  5.72984181e-02  6.67745061e-03  7.28165312e-03
 -9.34260562e-02  1.06625240e-02  6.21320633e-03  4.05698568e-02
  2.12932505e-07  3.79083939e-02 -2.39125011e-03  5.96210249e-02
  9.85351205e-03  1.94541328e-02 -2.67522819e-02 -2.09259484e-02
  3.97497937e-02  4.29629013e-02 -2.65614707e-02  8.27442482e-02
  2.81378832e-02 -5.01020737e-02  9.38406028e-03 -1.71459222e-03
 -1.84839312e-02  1.51778134e-02  2.86242347e-02 -2.06503887e-02
 -3.83553393e-02  7.11530000e-02 -1.23631116e-02  7.10005453e-03
  4.31047473e-03 -2.34243628e-02 -1.36104750e-03  3.39444610e-03
 -4.78003919e-02  2.88799852e-02 -1.13442903e-02  2.15228889e-02
  6.40584305e-02 -6.54498041e-02  4.09531072e-02  8.72722454e-03
 -3.88318971e-02 -2.41580256e-03  5.11920005e-02 -6.89194677e-03
 -1.75456759e-02 -5.19124903e-02 -5.05113117e-02 -4.43964936e-02
  9.98648698e-04  3.17597240e-02 -5.57007641e-02  1.06203013e-04
  1.09802209e-01 -7.99971595e-02  3.76827531e-02 -3.33828181e-02
  2.85040624e-02  4.92406217e-03  8.46733078e-02 -7.44197145e-03
  5.64131420e-03 -1.88398547e-02  1.76765230e-02  5.61593510e-02
  1.01290256e-01  1.06927333e-02 -5.95176630e-02 -2.96174325e-02
  6.71434551e-02  4.17453150e-04  3.20944153e-02 -2.80209072e-02
  9.43718663e-35 -4.76934342e-03 -8.78223311e-03 -4.74108607e-02
 -6.82702335e-03  8.95096269e-03  2.79026460e-02 -6.42415974e-03
 -2.07909811e-02  3.63578903e-03 -1.16753494e-02 -2.61677708e-02]"
Climate_risk_management_insurance_and_financing,Risk financing addressing climate-driven food insecurity.,"[-8.46651662e-03  5.58533594e-02 -4.88659507e-03  2.43791435e-02
  1.37349321e-02  6.07541483e-03  1.13853002e-02  1.34133883e-02
  5.12054265e-02  1.08492346e-02  5.30648194e-02  3.88088413e-02
  1.61145651e-03  2.34331544e-02  6.86307400e-02 -9.14114248e-03
  6.25419393e-02 -5.31677641e-02 -3.37933302e-02  1.15830144e-02
  1.22892922e-02 -1.78178865e-02  2.75814105e-02 -2.18883045e-02
 -3.86555381e-02 -2.90684449e-03 -1.99189764e-02  2.54093930e-02
 -1.46745471e-02 -2.79415492e-02  2.68954169e-02 -8.23839474e-03
 -3.89368795e-02 -5.81254102e-02  1.48038976e-06  1.62419572e-03
 -8.75166580e-02 -3.36473845e-02 -3.18248756e-03  3.78283784e-02
 -2.49013901e-02 -2.97892205e-02  1.19103016e-02  1.27672614e-03
 -4.47287336e-02  6.88253995e-03  4.76941168e-02  1.03153521e-03
 -9.10253357e-03 -5.73829450e-02  3.56217176e-02 -3.28904390e-02
  1.05278390e-02  1.98796429e-02 -7.18875378e-02  3.76033150e-02
 -1.64774228e-02 -2.44330172e-03 -3.52487806e-03 -1.85456162e-03
 -3.36314784e-03  8.65502357e-02  1.10798562e-02  1.16234692e-02
  1.29815517e-02  2.73940489e-02 -1.22720320e-02 -2.35662926e-02
 -4.60146777e-02 -1.66448448e-02  3.29434574e-02  2.71643493e-02
 -1.87047049e-02  1.74698569e-02  5.90019599e-02 -2.65543871e-02
  2.14585811e-02 -2.45900322e-02  1.12539008e-02  4.40937690e-02
  7.14420453e-02  1.07486686e-02 -9.28831287e-03  5.46331815e-02
 -1.78472381e-02  8.96421373e-02 -3.79614457e-02  9.90864169e-03
 -3.92160676e-02 -1.44162495e-02 -3.00620534e-02 -5.73133258e-03
 -4.46276134e-03 -2.61740945e-02  2.71304734e-02 -3.42765916e-03
  1.23869032e-02 -4.63568000e-03 -2.39678901e-02 -9.88249034e-02
 -2.36227605e-02 -9.62053484e-04  3.22815473e-03 -1.79827418e-02
  5.85206933e-02  8.31828918e-04 -3.60683315e-02 -1.04783364e-02
  5.40067616e-04  1.89743657e-02  1.94419660e-02 -9.70471092e-03
  2.10135635e-02 -4.55219857e-02  9.34639387e-03  4.11305428e-02
  4.44054045e-02 -2.70848791e-03 -2.83992458e-02 -5.70732094e-02
  5.13088750e-03  2.12444458e-02  1.09230652e-02  1.65917389e-02
  2.54538748e-03  5.85793741e-02  8.16419907e-03 -4.79732938e-02
  5.10770157e-02 -3.39781232e-02 -3.89751792e-02 -3.41377370e-02
  2.44450197e-02  7.20706815e-03  2.30585486e-02  6.23644181e-02
  2.04985756e-02 -2.44494565e-02  1.81576032e-02 -9.96168330e-03
 -7.03338347e-03  7.57423695e-03 -8.27688426e-02 -1.06435400e-02
 -4.55672331e-02  1.47275599e-02  1.20359277e-02 -2.53376346e-02
  1.24710510e-02  2.16196887e-02 -3.49598862e-02  5.48004685e-03
  3.59626673e-02 -3.64140496e-02  1.37588186e-02  4.43611592e-02
 -1.21369148e-02 -4.27152738e-02  5.39372489e-02  3.17501090e-02
 -3.01748402e-02  4.21213396e-02 -3.04091778e-02  5.68151753e-03
 -1.42107084e-02  5.33648729e-02  4.37991358e-02  2.67336820e-03
  2.88716089e-02 -1.40817184e-02  2.82835662e-02 -5.29818386e-02
  8.04123655e-03  5.54306284e-02  8.04211721e-02 -1.02133816e-02
 -3.48576717e-02 -1.25461230e-02 -4.86416034e-02  6.78962767e-02
 -2.56288443e-02 -3.88918929e-02 -2.94447411e-03  2.31104679e-02
 -7.46342763e-02 -7.30196340e-03  5.07445149e-02 -4.18048538e-02
 -2.04676297e-02 -6.66641491e-03 -1.62425060e-02  3.39112878e-02
 -7.30398111e-03  4.18171026e-02 -4.22446690e-02 -1.11670839e-03
  5.29405102e-02 -4.28843172e-03 -3.02055711e-03  5.30667044e-03
  5.97116575e-02  7.32176425e-03 -2.41824705e-02 -6.33865129e-03
 -5.89319021e-02  1.74798425e-02 -1.21105267e-02  1.13920532e-02
 -2.48920601e-02 -4.96550240e-02 -2.20929389e-03  1.13672540e-02
 -2.20941603e-02  5.66891134e-02 -2.03865804e-02  4.30071205e-02
  1.16403466e-02  3.47461216e-02 -4.57710661e-02  1.63365155e-02
 -5.86554557e-02  2.70555187e-02  3.27738076e-02 -1.44793531e-02
  1.46946320e-02 -1.10711306e-02 -6.20977879e-02 -3.92158842e-03
  2.89033540e-02 -2.77422108e-02  5.03011532e-02  1.55503228e-02
 -3.04733180e-02  4.73288558e-02 -2.66271550e-02  5.64674400e-02
  6.53506117e-03  3.80277373e-02 -6.30239584e-03 -2.07978431e-02
 -6.55033290e-02 -3.98252383e-02  5.21069393e-02  1.45652844e-02
  1.91516299e-02  8.98355469e-02 -4.10223119e-02 -2.14585513e-02
 -4.02462371e-02  5.77269308e-02  6.98024631e-02  8.28975625e-03
  1.83516834e-02  1.42833348e-02  1.25564969e-04 -6.11224584e-02
  1.35852536e-02 -8.25579744e-03 -1.66697092e-02  6.80470914e-02
 -5.03861979e-02  2.67358273e-02 -1.10233538e-02  3.90089094e-03
  5.57541475e-02 -1.93033237e-02  1.75269749e-02  1.54010262e-02
  4.88236621e-02 -2.47707590e-02 -2.29421873e-02 -9.75602493e-03
 -1.49657158e-02 -8.58082343e-03  2.42669675e-02 -3.72361206e-02
 -1.67299025e-02 -1.43151702e-02  4.41523939e-02 -3.31508964e-02
  3.72838154e-02  6.06428385e-02 -2.31473683e-03  3.97745334e-02
  5.64876525e-03  4.61302102e-02  4.34562489e-02 -7.88985658e-03
  2.80306153e-02 -3.20630483e-02  2.32994929e-02  2.89072227e-02
  3.26305511e-03  3.21325473e-02 -7.57762119e-02 -1.57571808e-02
 -4.55114208e-02 -5.53859435e-02 -9.78404749e-03  2.71170381e-02
 -3.99529785e-02 -1.51119241e-02 -3.39359678e-02  4.56649764e-03
 -1.15574393e-02  9.68985085e-04  1.34989899e-02  2.85071856e-03
 -3.36864926e-02 -4.67456281e-02  1.82936192e-02  2.20172424e-02
  7.54042417e-02  2.87711639e-02  2.01472603e-02 -1.97903905e-02
 -3.93145271e-02 -6.95379917e-03  2.64015067e-02  8.64243433e-02
  8.71750154e-03 -4.12637182e-02  4.06928873e-03 -3.90256457e-02
  1.63727589e-02 -2.61276159e-02 -5.13221808e-02  5.42212185e-03
  8.85201991e-03 -3.08577679e-02 -4.39005755e-02  2.09462387e-03
  4.38831002e-03 -8.56457162e-04  6.99233869e-03 -2.70482898e-02
  5.48786558e-02 -4.48340103e-02 -1.59727763e-02  9.51284915e-03
  2.19592801e-03 -2.46241074e-02  2.14692205e-02 -1.65131781e-02
 -2.72417665e-02  5.18401079e-02  3.03128120e-02  3.96794407e-03
 -5.20279221e-02  2.73344591e-02  6.59263656e-02 -1.28470603e-02
 -1.44460369e-02 -8.76060501e-03 -1.38637656e-02 -1.01505993e-02
 -6.31586760e-02 -4.80400436e-02  2.09498666e-02 -2.32775994e-02
  5.31365909e-03 -3.88500988e-02  3.81390974e-02 -6.42860867e-03
  3.75243090e-02  6.11157790e-02  2.57717166e-02  4.71676290e-02
  3.25156525e-02 -1.34562682e-02 -5.00189047e-03  5.23035862e-02
 -5.36678731e-02  4.26385775e-02 -1.50629301e-02  6.58603162e-02
  8.35096650e-03 -8.31576157e-03  4.39668074e-02 -4.22965474e-02
  1.38291344e-02 -4.94410866e-04  1.24065792e-02  4.60122041e-02
 -6.68995753e-02 -3.76133695e-02 -1.55348303e-02 -6.45829216e-02
  3.57047580e-02  6.10878207e-02 -1.05995405e-02 -1.22575108e-02
 -2.75181457e-02  3.80883738e-02  1.74511354e-02  5.77975437e-03
  1.07528754e-02 -1.47515349e-02  1.46971014e-03  2.57792287e-02
 -9.95938573e-03 -1.21268509e-02  1.17636703e-01  9.63303912e-03
 -4.16425876e-02 -1.45990457e-02  6.82051256e-02  6.82500144e-03
  2.44150460e-02  7.77280927e-02 -1.75548121e-02 -2.73427591e-02
 -1.34753427e-02  1.91713646e-02  2.64049266e-02 -3.88759151e-02
 -4.60770167e-02  1.45337619e-02 -1.08799164e-03 -2.16258466e-02
 -9.33468435e-03  3.75356413e-02  1.43525014e-02 -1.79781243e-02
  3.17976326e-02  8.93944576e-02 -1.46182040e-02  2.54890621e-02
 -4.53934446e-02  1.78076979e-02  5.85382096e-02 -7.55968094e-02
 -3.48359756e-02 -7.68823102e-02 -7.93908238e-02  4.44802605e-02
  2.48588473e-02 -5.33984229e-02  2.72514448e-02  8.77410099e-02
 -1.07679144e-02 -4.99182520e-03 -9.09613352e-03 -1.73573792e-02
  6.39664382e-03  3.34622078e-02  1.91714475e-03 -3.13065597e-03
  1.95903424e-02 -2.37333979e-02 -4.76806657e-03  2.12862529e-02
  1.72835356e-03  2.55300757e-02 -3.93091654e-03 -1.41775357e-02
  7.84602016e-02 -6.68130890e-02 -4.75837812e-02 -1.73691548e-02
  1.87442359e-03  4.86235693e-03  7.71926902e-03  2.23760139e-02
  2.83219926e-02  2.90588047e-02  3.21601965e-02  2.95588188e-02
  1.00060524e-02  2.71215197e-02 -2.72159409e-02 -2.89270971e-02
  1.15865367e-02  7.13440180e-02  1.48399100e-02 -2.63982806e-02
  3.82790044e-02 -3.15097682e-02 -2.44788062e-02  7.54348468e-03
 -3.78231481e-02  3.07008848e-02  1.63718648e-02 -6.76522627e-02
 -1.74862072e-02 -6.74669584e-03 -2.61953343e-02 -2.73852665e-02
 -3.04484051e-02  5.03380457e-03 -8.98961350e-03  3.18833478e-02
 -1.46122472e-02  1.55699290e-02 -6.22820929e-02  7.22106546e-02
  2.47183274e-02  6.91290349e-02  4.85569285e-03 -9.06068832e-04
 -2.32522115e-02 -6.25191769e-03  3.10365688e-02 -4.49614599e-02
  6.27316162e-03 -4.53141704e-02  6.15190305e-02 -3.14560235e-02
 -1.36171728e-02 -2.53639165e-02 -5.20047639e-03  2.96506844e-03
 -6.12145150e-03 -4.69487943e-02  6.26927661e-03  2.90573277e-02
 -6.17821589e-02  1.16515728e-02  9.91743989e-03 -3.30219939e-02
 -8.92279297e-03 -7.35778362e-04  6.80430606e-02 -3.89816016e-02
 -5.23084588e-02  3.16137448e-02 -3.43278088e-02 -1.56609584e-02
  1.29335485e-02  2.66434578e-03  3.67240161e-02  1.50970537e-02
 -1.76622737e-02 -3.37300859e-02  2.35807840e-02 -4.49241176e-02
 -4.29585502e-02 -7.20017180e-02  1.23058644e-03  5.51355071e-02
 -2.19119545e-02 -1.95797961e-02  3.70202921e-02  9.46799386e-03
 -3.32704596e-02  2.62372196e-02 -5.00868857e-02 -7.54198804e-02
  4.82285302e-03  7.81487208e-03  4.82558869e-02  1.66777652e-02
 -7.85911530e-02 -5.81542477e-02 -2.60884147e-02 -5.99073835e-33
 -2.03057355e-03 -3.70941721e-02 -1.58572681e-02  2.11965907e-02
  2.99692731e-02  7.62174278e-02  4.49527288e-03  3.69804970e-04
 -2.58711050e-03 -2.52670441e-02 -1.40386797e-03 -8.36763531e-03
  3.70080434e-02  4.24920116e-03 -8.39387125e-04 -4.21703644e-02
 -7.13719428e-02 -1.98485199e-02  4.90890332e-02 -8.70095268e-02
  2.11080047e-03 -1.65476240e-02  1.32140769e-02  3.43853235e-02
  7.29886815e-02 -2.75602043e-02 -8.29801150e-03 -5.70447817e-02
  2.24248450e-02 -4.91485968e-02  1.08548282e-02 -2.76934326e-04
  1.46231391e-02 -7.33621493e-02  8.89377855e-03  3.12803946e-02
 -1.76224094e-02 -3.18352655e-02 -1.48496171e-02 -4.40445058e-02
 -4.28451337e-02 -5.19503988e-02 -3.41663435e-02  5.08490317e-02
  2.72752419e-02  2.69343033e-02  2.50880490e-03 -3.57120018e-03
  7.43050408e-03 -1.06857633e-02  1.43928183e-02  4.00917977e-02
 -1.95886567e-02  4.41383682e-02 -2.81924009e-02  1.01028688e-01
  4.68680123e-03  4.40171175e-03  1.51714617e-02 -3.82667854e-02
 -1.33300750e-02  4.79911454e-02 -1.30105531e-02  4.70596999e-02
 -2.38967407e-02  1.98394284e-02 -9.99475569e-02 -2.74446309e-02
 -1.73863489e-02 -9.29655954e-02 -1.33592393e-02 -7.18773752e-02
 -1.98756363e-02  6.78884089e-02 -1.71210803e-02 -2.11984683e-02
 -2.73688743e-03  3.55271362e-02 -2.52101347e-02  1.38263116e-02
 -5.99955255e-03  5.41544612e-03  2.02545971e-02  9.45859961e-03
 -8.53236765e-02 -7.41131157e-02 -3.31733227e-02  5.65070100e-02
  1.67670455e-02 -2.52257790e-02  3.33126113e-02  6.57693818e-02
  3.23475758e-03  9.87295508e-02  1.35136233e-03 -1.95616018e-02
  1.05928825e-02 -1.92146134e-02  1.45056155e-02  6.47114515e-02
  2.98946425e-02  1.34863211e-02 -9.88711719e-04  5.97254187e-02
 -1.69634651e-02 -2.96359160e-03  7.50916228e-02 -1.63296685e-02
  5.20091280e-02  2.29121023e-03 -1.98273621e-02  2.00547483e-02
  4.04039398e-03  4.91810329e-02 -5.97046204e-02 -4.15856242e-02
  9.70840175e-03 -4.38401364e-02  3.07600908e-02  1.62033588e-02
  4.08230945e-02  1.99717842e-02 -6.77006468e-02 -1.57103110e-02
  2.92429104e-02  6.23435080e-02 -1.18777622e-02 -2.93197967e-02
 -6.43035695e-02 -2.72139907e-02  5.57774268e-02  1.99955478e-02
  2.18010840e-07  1.49972131e-02  1.69162229e-02  5.36503689e-03
 -6.28359318e-02 -2.91219298e-02  2.34283656e-02 -8.42943089e-04
  5.50078601e-02 -1.16062947e-02  2.66959034e-02  6.76716398e-03
 -1.92163903e-02 -1.73751209e-02  1.91395730e-02  4.73319739e-02
 -4.70274016e-02 -1.67654492e-02  3.44243348e-02 -3.43475156e-02
 -8.24960396e-02  2.76642498e-02  2.72906409e-03 -1.07513713e-02
  4.09445539e-02 -1.88488103e-02  5.06739505e-02  3.66338231e-02
 -6.78157359e-02  3.61216371e-03 -9.57555547e-02 -1.89987533e-02
  3.57750133e-02  4.20168303e-02 -2.97713876e-02 -5.15567586e-02
 -7.45905861e-02 -2.49528810e-02  3.20049515e-03  6.32613823e-02
 -6.31242320e-02 -4.43129241e-02  2.05272133e-03 -2.76201386e-02
 -5.16607612e-02 -3.26120108e-02 -1.48574496e-02 -2.11828686e-02
  3.26500833e-02 -7.80071924e-03  5.76648936e-02 -1.30613036e-02
  8.71558674e-03  4.18518893e-02  6.03641681e-02 -2.07625199e-02
 -1.70019884e-02  5.01180440e-02  2.28397045e-02 -2.85050105e-02
 -6.18190020e-02 -7.37990486e-03  5.56084886e-02 -2.55440567e-02
  5.76215447e-04 -3.94845493e-02 -6.94319420e-03  3.88572961e-02
  1.38586204e-34  1.36880139e-02 -3.81558165e-02 -2.54738927e-02
 -5.96789084e-02 -1.70744490e-02  3.13162021e-02 -6.39870837e-02
  2.34343521e-02  1.26544181e-02 -1.70979630e-02  3.61705548e-03]"
Analyses_and_assessments,"Data-driven food security, nutrition, markets, risks, and programme performance analysis.","[-4.31753844e-02  1.24945983e-01 -3.63454185e-02  3.70374625e-03
  1.63921546e-02 -1.40897622e-02  1.19279241e-02 -5.74699417e-02
 -5.90738701e-03  3.00931092e-02  9.41575840e-02  2.31268127e-02
  3.29568908e-02  5.27650341e-02  4.77653518e-02 -1.97393913e-02
  5.56437261e-02 -1.80848073e-02 -3.39221135e-02  4.27908860e-02
 -2.10985094e-02 -2.34093182e-02  2.41327956e-02  4.13534157e-02
 -7.75225535e-02  4.85582836e-02 -3.19736972e-02  6.75489008e-02
 -4.03255746e-02 -8.17602947e-02 -7.31235952e-04 -1.23109492e-02
 -3.07632498e-02 -6.71129599e-02  1.41458497e-06 -1.15960799e-02
 -5.70338108e-02  5.03539816e-02 -5.48624992e-02  5.69801144e-02
 -2.42196652e-03 -6.47149235e-02  2.04729773e-02 -5.01314038e-03
  1.22322533e-02  1.59036517e-02  2.43811812e-02 -5.32227345e-02
  2.45673792e-03 -2.60218978e-02  2.43323781e-02 -4.14742269e-02
  1.06628034e-02 -2.97707994e-03 -1.96591318e-02  1.45851886e-02
  1.33016184e-02  2.13921349e-02  8.28728173e-03  7.13298796e-03
 -5.93154924e-03  6.97687417e-02  3.04889656e-03 -1.47127481e-02
 -4.20253910e-03  1.94647610e-02 -2.98087555e-03 -4.97466475e-02
 -7.88503978e-03  3.95909064e-02  6.28160685e-02  7.12315813e-02
 -1.46564106e-02 -8.98978207e-03  2.02704389e-02  5.48591418e-03
  2.60450207e-02 -1.57650020e-02  1.69671618e-03  1.79576799e-02
  3.63451727e-02  2.89889034e-02  1.55457258e-02  7.30527751e-03
 -2.13754978e-02  9.11370069e-02 -3.88226733e-02 -2.41044499e-02
 -1.93480719e-02 -3.35451327e-02 -2.72173602e-02  2.87474804e-02
  8.32910929e-03  1.79869235e-02 -2.16827565e-03 -1.85160954e-02
  6.80320710e-02 -3.67356241e-02  3.12569402e-02 -6.79707900e-02
 -1.21450117e-02  2.54574157e-02 -5.08954674e-02 -2.21312996e-02
  4.76816744e-02 -8.42686743e-03 -5.61434124e-03  2.49456428e-02
  2.56223567e-02  4.87767421e-02 -1.98071287e-03  1.24848140e-02
  2.69654281e-02 -4.20002453e-03  1.27310026e-02  4.61792685e-02
 -1.16838254e-02  6.87256409e-03 -1.67225935e-02 -5.00167869e-02
  2.80788168e-02  4.20248732e-02 -1.64830368e-02  3.23853716e-02
 -7.27023408e-02  2.99269482e-02 -2.61447690e-02  3.07445116e-02
  1.63403731e-02 -4.14679609e-02 -1.45157976e-02 -5.64313717e-02
  1.19250538e-02  4.88128746e-03  2.41792500e-02  8.19103047e-02
  3.02221682e-02 -6.51623309e-03 -7.93539956e-02 -1.84612833e-02
 -6.73626065e-02 -2.52853632e-02 -8.97746459e-02 -2.42434591e-02
  5.56769371e-02  6.63460977e-03  5.01072668e-02 -9.08404181e-04
  2.17931792e-02  4.79226261e-02 -5.56213409e-02 -6.61334314e-04
  5.38415350e-02  5.02580591e-03 -2.41186679e-03  2.68274304e-02
  3.25050429e-02 -5.10258693e-03 -4.68669366e-03  3.96140032e-02
 -1.32709956e-02  1.24857239e-02 -2.10940558e-02 -1.46510219e-02
 -1.60687938e-02  2.76613142e-02 -4.28366568e-03  1.84813458e-02
  2.03295983e-02 -5.07939421e-02 -4.23222035e-02 -3.88612039e-02
  8.76540784e-03  4.67384420e-02  8.50253776e-02 -5.73754776e-04
  2.97574960e-02 -5.50688058e-03 -1.09354677e-02  3.64121161e-02
 -1.61487963e-02 -5.96018061e-02  3.07644773e-02  9.32332687e-03
 -3.52248475e-02  2.12737806e-02  1.26496460e-02 -1.92362145e-02
  2.36725267e-02 -4.12458852e-02  3.16607244e-02  5.40579036e-02
  2.23987736e-02  1.77605860e-02  4.03905548e-02 -3.92850861e-02
  4.36412022e-02 -4.95370999e-02  6.86917175e-03 -2.14932356e-02
  2.06360482e-02 -4.36584651e-03  1.56770200e-02 -2.58993972e-02
 -3.00588161e-02 -4.98406589e-02 -8.16186611e-03 -1.08042583e-02
  7.24925846e-03 -5.97418807e-02 -5.58036417e-02 -1.54479584e-02
  2.91664042e-02  9.93841141e-02 -2.34359670e-02  4.75880224e-03
  1.95477810e-02  3.88720213e-03  3.60165234e-03  2.09141169e-02
 -2.66907178e-02  4.33052890e-02 -8.52853991e-04  1.62003227e-02
  4.83164145e-03  4.32949290e-02  1.84643622e-02 -5.21524251e-03
 -2.19825283e-02  3.67557444e-02  4.34484445e-02  8.49609263e-03
 -3.25981528e-03  1.60825979e-02  5.02465367e-02 -3.43532190e-02
  7.79241323e-02  2.94952858e-02  2.62440406e-02 -5.57729006e-02
 -1.01127448e-02  7.31132319e-03  2.79277703e-03  1.94306411e-02
  1.52701708e-02  3.79619934e-02 -5.99511229e-02 -3.95410657e-02
  5.45264222e-02  1.66021194e-02  5.22828214e-02 -2.68678064e-03
  1.66730955e-02 -2.45216154e-02  1.29766052e-03 -4.10152040e-02
 -1.28422827e-02  3.77838276e-02 -1.75916441e-02  5.59648834e-02
 -5.67077175e-02 -3.08493781e-03  3.43170166e-02  2.93325931e-02
  1.16173457e-02 -3.83327566e-02  3.81153375e-02  9.15565994e-03
  2.61152424e-02 -2.03213422e-03 -9.27780569e-03 -1.02922888e-02
 -1.14439987e-02  1.07019600e-02  3.38993184e-02  1.05536673e-02
  1.53468410e-02 -3.02874427e-02 -2.46312376e-02  5.73462388e-03
  2.53533907e-02  2.47603096e-02 -1.83344744e-02  3.19513232e-02
 -2.90045165e-03 -1.29310982e-02  4.11901325e-02 -2.57351436e-02
  3.96644734e-02 -4.12067622e-02 -2.23448221e-03  6.59055403e-03
 -5.13106622e-02 -1.94518976e-02 -3.90828438e-02  1.79260466e-02
 -6.87308013e-02 -9.25004035e-02 -2.75822747e-02  2.71032155e-02
  5.12204431e-02 -8.20391718e-03 -2.40228530e-02  1.94106195e-02
 -6.83870390e-02  4.33082022e-02 -7.91377202e-03 -6.02779612e-02
  3.02546518e-03 -2.12800726e-02  3.42030227e-02  3.39282826e-02
  4.23249640e-02  1.39612071e-02  2.20261328e-02 -4.58211973e-02
 -8.83902609e-02  3.62075306e-02  4.61341888e-02  5.50377704e-02
 -4.01611580e-03 -5.27094379e-02 -3.00996285e-02 -1.87587105e-02
 -8.97555705e-03  4.35835980e-02 -2.85093766e-02  6.87860884e-03
 -5.21583147e-02  1.83156263e-02 -4.24226038e-02 -2.60903873e-02
  4.10552472e-02  5.09133795e-04  3.37566435e-02 -2.76081730e-02
 -7.11233402e-03 -2.41814721e-02 -4.10323925e-02 -1.45679917e-02
 -4.00272794e-02 -1.40035292e-02 -2.10927371e-02 -1.67822298e-02
  3.29934619e-02  7.25231366e-03  6.05097935e-02  9.37728118e-03
 -7.93251581e-03  6.04671538e-02  5.17288744e-02 -4.44560312e-02
  1.35780005e-02 -5.25442697e-02  1.47771956e-02 -3.87778953e-02
 -5.27102649e-02 -7.26046264e-02  3.20033613e-03 -1.65018551e-02
 -5.02617937e-03 -2.02956572e-02 -1.11480337e-02 -5.67715475e-03
 -1.16813136e-02  5.57636321e-02 -5.95880393e-03  7.53929093e-02
  5.76507039e-02  2.58945432e-02 -1.42013617e-02  2.53489390e-02
 -1.24012269e-02  2.62058955e-02 -1.84930656e-02  3.66049185e-02
  1.19127939e-02  2.69943234e-02 -6.02534451e-02  3.17907031e-03
  2.89323572e-02 -3.10726147e-02  2.93321423e-02  1.01919752e-02
  2.34025866e-02 -1.00640528e-01 -3.80429439e-02 -8.04673210e-02
 -1.30814239e-02  6.06467612e-02 -3.09413690e-02 -1.67410783e-02
 -5.13849743e-02  2.05913074e-02 -8.23960290e-04 -6.17954694e-02
  6.62559737e-03  2.60036532e-03  1.23383699e-03 -1.37361195e-02
 -1.05198262e-04 -2.31292602e-02  2.83796359e-02  2.27386001e-02
 -9.51693673e-03  2.51922980e-02  4.31721471e-02  3.84364650e-02
 -3.98757271e-02  2.75791101e-02 -9.72838700e-03  1.29662687e-04
 -5.84438397e-03 -8.68678559e-03  6.63073361e-02 -1.24463821e-02
 -2.49508787e-02 -1.15834149e-02  3.87258944e-03  2.17385401e-04
 -4.85432241e-03  3.48882824e-02  4.61616926e-02  2.31938176e-02
 -1.22871986e-02 -2.49947347e-02 -8.72244185e-04  6.51646256e-02
 -1.66386720e-02  1.98984500e-02  5.10376692e-02 -3.38738896e-02
 -1.54373758e-02 -4.56952602e-02 -3.15926857e-02  4.99635302e-02
  7.70480707e-02 -8.10557455e-02 -3.49797718e-02  6.67140707e-02
  2.84171924e-02  3.73823754e-02  3.83923240e-02 -1.77090988e-02
  9.15724039e-03 -8.43225233e-03 -2.57265307e-02  2.92412378e-02
  1.88890677e-02  1.68099981e-02  1.80838592e-02  2.46800184e-02
 -4.51347306e-02  4.32491042e-02  1.57380418e-03  2.91248737e-03
  1.36385988e-02 -1.25564978e-01 -4.06033695e-02 -2.69635525e-02
  4.01627608e-02  1.14305774e-02 -2.27243244e-03  4.37461659e-02
  5.02042938e-03  2.76928972e-02  7.87033886e-02  3.03549822e-02
 -4.08570431e-02  8.71474203e-03 -1.49181131e-02 -5.92914410e-03
 -4.65568900e-02  5.42126261e-02  2.40960922e-02  6.69681653e-03
  3.20281368e-03 -5.71421236e-02  2.82195527e-02  1.18130753e-02
 -3.28683630e-02  8.20678324e-02  4.46044430e-02 -8.95769671e-02
 -3.49757895e-02  4.02403902e-03 -5.69554344e-02 -1.07301930e-02
 -2.34482307e-02 -3.39986570e-02  4.25980389e-02  3.29870544e-02
 -3.50443311e-02 -5.97751215e-02 -4.65606973e-02  1.05503555e-02
 -1.33984862e-02  3.01563554e-02  1.38544142e-02  1.69970617e-02
  1.45292981e-02  1.79765187e-02  2.48641856e-02 -3.96657959e-02
 -1.77485738e-02  1.65226571e-02  4.74412702e-02 -2.79603675e-02
 -4.08687368e-02  1.19321644e-02 -1.01820531e-03  8.91490094e-03
  4.87466715e-02 -3.67797241e-02 -2.75857337e-02 -3.27160805e-02
 -3.21199782e-02 -8.78742337e-03 -2.39442363e-02 -2.56752688e-02
 -2.83052819e-03 -2.41587888e-02  6.45013154e-02 -1.15433224e-02
 -1.97505560e-02  4.05623764e-02 -4.73934561e-02 -2.95203384e-02
  1.35193802e-02  3.70745175e-02  2.29156278e-02 -4.60597128e-02
 -4.43475842e-02 -2.02898905e-02  1.92778111e-02 -1.68529898e-02
 -1.43652735e-03 -5.84991788e-03 -1.54680237e-02  8.77051242e-03
 -1.27641223e-02 -5.05240858e-02 -1.74606852e-02  4.43036947e-03
  1.89418718e-03  3.10805570e-02 -7.81762302e-02 -4.64807600e-02
 -5.07258694e-04  6.15847996e-03 -2.37690099e-02 -1.84156820e-02
 -7.80664682e-02 -2.91440040e-02  3.50617096e-02 -5.14076520e-33
  1.98038737e-03 -4.32995632e-02 -2.36839131e-02  4.45678756e-02
  1.66931376e-03  2.54778992e-02  3.33609432e-03 -2.82653738e-02
 -2.70771496e-02 -5.04200459e-02  1.55051509e-02  9.30929650e-03
  2.62664091e-02  3.62092815e-02  1.24347499e-02 -5.70300892e-02
 -7.45168328e-02  3.51584218e-02  6.41310308e-03 -1.04194283e-01
 -4.24997732e-02 -8.85678362e-03  2.20879465e-02  3.91973294e-02
  6.85233548e-02 -5.44588938e-02 -3.37318107e-02 -1.35411266e-02
  3.59670743e-02 -2.63564307e-02  1.89244952e-02  1.55725405e-02
  5.28819906e-03 -7.64758214e-02 -2.60083284e-02 -1.84318032e-02
  1.37614729e-02 -8.33914429e-03 -1.86813138e-02 -5.81711233e-02
 -3.54859345e-02 -1.66219976e-02  2.36124024e-02  6.02935702e-02
 -1.47120794e-02  3.17485109e-02  5.44601498e-05 -2.67395359e-02
 -6.21191179e-03  1.74551681e-02 -3.89300380e-03  2.17121909e-03
 -4.87113893e-02  4.43085805e-02  3.12006678e-02  9.62669998e-02
  1.41645418e-02  3.01598962e-02  4.08865288e-02 -2.24103071e-02
  2.19757557e-02 -2.99794250e-03  2.70117410e-02  7.38299713e-02
  3.19545083e-02  1.34832738e-02 -1.45431068e-02 -4.56698313e-02
  4.54737134e-02 -3.87812443e-02 -3.42127979e-02 -2.69257762e-02
 -1.14769945e-02  5.18030636e-02 -2.26502605e-02 -4.73511405e-02
 -7.69469440e-02  5.51215522e-02 -5.88718951e-02 -4.14816961e-02
 -5.45869358e-02 -5.46706608e-03  3.31324600e-02 -1.68148950e-02
 -4.86948006e-02 -3.36598270e-02 -1.66162346e-02  3.14849392e-02
  2.64198594e-02 -4.15363386e-02 -3.96284163e-02  1.05993919e-01
  2.85281427e-03  4.99071553e-02  3.07310373e-02 -4.60679382e-02
 -9.46074910e-03  1.02967685e-02 -7.42966018e-04  4.22886610e-02
 -3.95498909e-02  2.10052896e-02 -2.21418999e-02  7.67835453e-02
  3.78641225e-02 -1.94085836e-02 -1.68171749e-02 -1.98521167e-02
  2.10011769e-02 -1.89506505e-02 -2.35145004e-03  1.25029236e-02
 -2.31356360e-02 -1.74220782e-02 -2.59598754e-02 -3.28324176e-02
 -3.06329550e-03  1.61648970e-02  4.09991331e-02  2.38377675e-02
  1.16312504e-02 -8.39553773e-03 -7.98731856e-03 -6.16168790e-02
  7.16172392e-03  3.98437632e-03  8.43545794e-03 -2.05697790e-02
 -4.20258455e-02  3.95862199e-02  3.93187217e-02 -1.43111246e-02
  2.12333418e-07  9.02344286e-02 -9.29399580e-03  1.57234725e-03
 -7.00049102e-03 -2.89890245e-02 -1.83365066e-02 -6.35208841e-03
  5.28256558e-02 -2.42607147e-02  7.70304678e-03  7.44318739e-02
 -4.63315770e-02  3.07614775e-03  6.32377192e-02  4.11609821e-02
 -4.39242739e-03 -1.43140322e-02 -1.10805500e-02 -7.47267753e-02
 -3.64463218e-02  3.35463546e-02  2.66123172e-02  1.91483553e-02
  2.64115147e-02  2.45195394e-03  5.61027508e-03  1.06647220e-02
 -6.74939454e-02 -4.64087911e-03 -2.31840778e-02  1.65725965e-02
  2.05381848e-02  3.85252796e-02 -1.90011151e-02 -4.64804992e-02
 -3.73849049e-02 -1.89052951e-02  2.15437158e-05  3.84255648e-02
 -1.47265606e-02 -5.88093475e-02 -1.99754946e-02  2.22651400e-02
 -5.45726232e-02  4.78615426e-02  1.78719405e-03 -8.41930159e-04
  7.04032034e-02  1.45145552e-02  3.68927941e-02  5.48401587e-02
 -9.99797601e-03  5.08377105e-02  1.80957466e-02 -4.80734073e-02
  1.40438862e-02  3.08464784e-02  5.04811704e-02  5.74365892e-02
 -2.24347766e-02 -3.43477242e-02 -4.84465547e-02  4.05635481e-04
 -5.12277568e-03 -3.49140577e-02 -1.45506095e-02  6.76543042e-02
  1.02221161e-34 -8.67843349e-03 -9.73796472e-04  2.58151852e-02
 -9.26425830e-02 -3.31750438e-02  3.64741012e-02 -3.21424603e-02
 -2.03750376e-02  5.61057404e-03  8.34515784e-03  1.08849267e-02]"
Supply_chain,"End-to-end supply planning, warehousing, transport, tracking, and optimization of food pipelines.","[ 1.94974449e-02  6.07729182e-02 -3.39009836e-02 -1.00509198e-02
  8.34392756e-03 -5.10312878e-02 -1.01377824e-02 -5.55946352e-03
  2.92460080e-02 -2.58108042e-02  9.08451974e-02 -1.63793974e-02
 -1.21577606e-02  9.67752337e-02  3.77280228e-02  2.95710959e-03
 -7.86759518e-03  3.49169783e-02 -6.22450933e-02  4.46995944e-02
 -2.47179624e-02  1.27813118e-02 -2.14019883e-02  4.88586817e-03
 -2.62014046e-02  1.22600002e-02 -4.54174876e-02  5.96493930e-02
 -3.09861619e-02 -8.86700377e-02  1.44553632e-02 -3.27864513e-02
 -5.28915040e-03 -2.34761368e-02  1.53314420e-06  7.82384630e-03
 -4.80972342e-02  1.11634787e-02 -8.10199901e-02  1.25616565e-02
  7.74213439e-03 -7.60724321e-02 -8.44618771e-03  3.82771231e-02
  2.44371258e-02  1.58690941e-02  3.80864665e-02 -1.39939254e-02
 -1.90076400e-02  2.62862374e-03 -7.76468124e-03 -4.56606001e-02
 -1.29155756e-03  2.09388789e-02 -3.88594419e-02 -6.81457892e-02
  2.34489068e-02 -3.85051742e-02  3.52097563e-02  4.46058176e-02
  9.32812132e-03  9.36073903e-03  3.36756408e-02  4.74698935e-03
  1.50421273e-03  2.10046619e-02 -4.77940356e-03 -4.02610190e-02
 -4.07350212e-02  3.99724618e-02  4.60111815e-03 -4.47545107e-03
  3.33581157e-02  5.80391847e-03 -1.80994961e-02 -1.11606821e-01
  2.30033454e-02 -2.41584722e-02 -6.53833430e-03 -1.07466597e-02
 -5.92651516e-02 -2.26533599e-03  1.98746212e-02  1.03938738e-02
 -8.04031454e-03  8.79892483e-02 -2.79705860e-02 -2.24137623e-02
 -3.81216966e-02 -7.84340221e-03 -1.68967731e-02 -4.00965884e-02
  5.90766557e-02  1.82080008e-02 -2.06568539e-02 -5.86846098e-02
  7.01634511e-02 -7.83582963e-03  7.76144676e-03 -1.86624471e-02
  7.01827649e-03  1.98934488e-02 -8.37392727e-05 -1.75718442e-02
 -1.96109060e-02  2.14064606e-02 -6.72307312e-02 -8.34638905e-03
 -4.88903560e-02  3.10665332e-02 -1.31359119e-02 -2.41803005e-02
 -5.47676533e-02 -2.91535724e-02 -7.92049021e-02  7.18415063e-03
  3.82679068e-02 -2.16606054e-02 -1.95673723e-02 -3.49458456e-02
  3.48921679e-02  5.61140701e-02  1.33005334e-02 -5.74773457e-03
 -3.65918092e-02  5.83879836e-02 -8.03026780e-02  1.84982643e-02
  8.41570832e-03  2.79813036e-02 -2.46213302e-02  3.21930684e-02
  1.88572817e-02  2.95081083e-02  1.41160712e-02  7.16605335e-02
 -2.83525139e-02  1.11595038e-02 -4.57105823e-02 -2.45112330e-02
 -1.17566288e-02 -3.34598981e-02 -5.39789349e-02  2.95595340e-02
  6.84086233e-02  2.77531886e-04 -6.32643932e-04  6.15137294e-02
  3.18896025e-02  2.29965746e-02 -2.70914808e-02 -6.31132275e-02
  1.15250565e-01 -7.53868651e-03  2.16070209e-02  3.89762688e-04
  3.74790244e-02 -8.20988882e-03  1.17843794e-02  5.47697507e-02
 -5.86369373e-02  1.17200129e-02  3.32005462e-03 -1.19949011e-02
 -4.56405282e-02  1.83419213e-02  2.19941586e-02  1.74224377e-02
 -1.95543598e-02  6.33224398e-02  4.84737046e-02 -1.27125373e-02
 -7.02963304e-03  1.19706411e-02  4.42723148e-02 -1.75827257e-02
  6.03137054e-02 -5.83788306e-02  3.17123719e-02  8.64618123e-02
 -3.67909037e-02 -6.90114498e-02  9.63421259e-03  3.19108330e-02
 -5.74962003e-04  1.49202009e-03 -3.33388858e-02  3.39885131e-02
 -8.32064822e-03 -1.10313958e-02  1.53177269e-02 -6.82954816e-03
  3.73969146e-04 -1.77935436e-02 -2.69695243e-04 -1.21157104e-02
 -3.29899080e-02 -2.04913504e-02 -8.13097507e-02  1.17165153e-04
  1.07765384e-02  6.52212873e-02 -1.63699817e-02  2.18461473e-02
 -2.09321361e-02  4.08280361e-03 -3.40593569e-02  1.30314222e-02
 -2.90728211e-02 -2.76774038e-02  8.22191592e-03  9.89727490e-03
 -9.26249102e-03  1.43362265e-02 -2.17970759e-02  2.84675490e-02
  2.50840764e-02 -3.72001491e-02 -4.13499288e-02  1.54782115e-02
 -4.27552015e-02  2.85662487e-02  5.04040644e-02  3.70970443e-02
  5.29577211e-03  7.71215418e-03  4.38316492e-03  3.95667106e-02
  5.73302945e-03  3.16741802e-02  7.21045285e-02  7.09062442e-03
  1.95752345e-02 -6.85498444e-03 -1.91534758e-02  2.02450361e-02
  7.90760666e-02  1.47350326e-01  2.75488999e-02  3.58194076e-02
 -5.25814109e-02 -4.14922461e-02  2.88286549e-03 -6.29212940e-03
  1.18133193e-02  2.78975312e-02 -4.01812568e-02  1.73903313e-02
  7.18252957e-02  7.76407029e-03  7.60393310e-03 -2.81250253e-02
 -1.11981500e-02  2.91494243e-02  4.18504812e-02 -8.56237859e-02
 -1.50464186e-02  4.00191993e-02  8.13177787e-03  7.44301602e-02
  2.25553829e-02  6.37224875e-03  5.97654318e-04 -3.54510024e-02
  1.76476073e-02 -1.81015730e-02  1.24644469e-02  1.05868969e-02
  4.04849090e-02 -1.81063376e-02  4.84116338e-02  3.60616855e-03
 -1.39513314e-02  1.17541058e-02  3.64037342e-02 -1.03969425e-02
  6.33541048e-02 -6.81997016e-02 -7.42859766e-02  2.39341217e-03
  3.01272403e-02 -3.06936428e-02  1.06877526e-02  1.62506122e-02
 -1.26608452e-02  5.77600021e-03 -1.09039461e-02 -3.71684805e-02
 -3.53034250e-02 -8.21014941e-02  7.06850737e-03 -3.88493128e-02
 -3.61355580e-03 -4.40513678e-02 -7.21984878e-02  1.76112894e-02
 -3.48282456e-02 -4.64026779e-02 -3.41386013e-02 -7.27370232e-02
  3.90554965e-02 -2.89047305e-02 -3.72611568e-03  1.96373127e-02
 -4.01651450e-02  3.60992476e-02 -2.03898754e-02 -9.51948459e-04
 -5.22885704e-03 -9.02109023e-04 -1.02286451e-02  3.44691910e-02
  2.59200130e-02 -8.99373926e-03  4.98366766e-02 -3.70213315e-02
 -1.82866026e-02  2.50022002e-02  4.15335000e-02  7.85910860e-02
 -4.03225422e-03  1.69187449e-02 -2.07526106e-02 -3.51883061e-02
  5.46795549e-03 -1.77126005e-02 -3.35268583e-03 -4.71246801e-02
 -4.41228561e-02  2.14205036e-04  6.04458619e-03 -7.58262053e-02
  4.23744525e-04 -1.13632046e-02  7.11603090e-02 -6.06372133e-02
  1.56484731e-02 -4.82515842e-02 -1.50937531e-02 -3.86308990e-02
  1.53330266e-02 -4.57297564e-02 -7.18622841e-03  8.12648535e-02
  3.14057842e-02 -1.73613112e-02  6.13163784e-02 -1.13198953e-02
 -5.16562872e-02  2.82134339e-02  2.70408634e-02  1.69349145e-02
 -3.19150984e-02 -2.29192562e-02 -3.12739867e-03  4.53132503e-02
 -1.84792876e-02 -5.42803481e-02  2.42235931e-03  1.22207860e-02
  2.02079434e-02  3.98972631e-03  2.09397636e-02 -1.64027158e-02
  1.07273702e-02  6.68027326e-02  7.16746366e-03  5.10590896e-02
 -8.68534786e-04  4.05868925e-02 -2.25381460e-02  2.41176039e-02
 -4.81695831e-02 -5.36328852e-02  2.99111195e-02  9.40570608e-03
  2.86155008e-02  7.19491094e-02 -1.09144617e-02 -5.54057071e-04
  3.50171961e-02  7.07958871e-03  5.18958196e-02  6.44650236e-02
 -1.26239946e-02 -7.76720718e-02 -8.40632692e-02 -1.03362754e-01
 -2.17499118e-02  4.05888483e-02 -2.47261245e-02 -5.30502461e-02
 -5.45999594e-02 -2.46327035e-02 -6.44124439e-03 -1.75844021e-02
  5.72888926e-03  4.65176599e-05  2.52973400e-02 -1.43323215e-02
  2.31037885e-02 -2.29198709e-02  6.15251996e-02 -3.93885076e-02
  8.04089848e-03 -1.67512149e-02  3.32939215e-02  1.96844805e-02
  1.78873986e-02  6.52915090e-02  3.90450396e-02 -9.73620219e-04
 -5.47742844e-03  3.22562875e-03  1.40999937e-02 -1.83509719e-02
  1.01522915e-02  8.11162032e-03 -2.63934843e-02 -5.82336560e-02
 -1.41138425e-02  1.83374994e-02  5.40613718e-02  3.97901610e-02
 -1.86282266e-02 -3.53514142e-02 -1.42223400e-03  3.95500287e-02
  1.05694532e-02 -4.00076881e-02  3.21787894e-02 -5.32125607e-02
 -2.62166038e-02 -7.45304003e-02 -1.65719390e-02  4.60111573e-02
  7.81251192e-02 -6.62745610e-02  1.13102393e-02 -5.38130384e-03
  6.90364838e-02  2.68745348e-02  5.88678159e-02 -2.57355650e-03
 -3.33571061e-03  6.33949647e-03 -2.04929570e-03  2.69051325e-02
 -4.91641276e-03 -1.19754707e-03  3.10502201e-02 -4.68099676e-03
  1.32318493e-02  4.78537977e-02  1.61042400e-02  3.02176992e-03
  7.10002258e-02 -6.51033893e-02 -6.39863014e-02 -3.92513210e-03
  8.97947885e-03  2.38593630e-02 -3.60717229e-03  2.26738285e-02
  2.00650785e-02 -9.46051721e-03  5.47270896e-03 -2.29801502e-04
 -6.10499829e-03 -6.51292130e-02 -1.92929804e-02 -1.79155811e-03
 -3.03508453e-02  3.10254972e-02  7.31310174e-02  4.09232825e-02
  4.83308211e-02  5.54569885e-02 -2.18166299e-02  1.78687973e-03
 -2.92288605e-03 -4.99695018e-02  5.63800074e-02 -3.14269252e-02
  1.22355781e-02  3.06265522e-02 -1.96841303e-02 -2.01908834e-02
  2.94130808e-03  3.60438824e-02 -4.80886884e-02  6.17072824e-03
  2.07698047e-02 -2.85326689e-02  2.88853105e-02  3.50564495e-02
  7.24349096e-02 -4.70772423e-02 -3.79959354e-03 -3.88234034e-02
  1.11228311e-02  2.41567921e-02  4.40987945e-02 -2.19433494e-02
 -1.38426367e-02  3.60811427e-02  5.29672876e-02 -6.05282793e-03
 -3.31153087e-02  4.01038267e-02 -7.61585832e-02 -4.29194197e-02
 -2.04184093e-02 -6.77188560e-02  6.71214098e-03  3.72995734e-02
 -3.99888530e-02 -1.28660938e-02 -1.20926583e-02 -1.91156697e-02
 -7.31139490e-03  2.49625114e-03  3.09449472e-02 -2.34215781e-02
  5.27795739e-02 -3.74029838e-02  2.38130074e-02  1.34351077e-02
 -5.67199811e-02 -1.27504738e-02 -3.91939878e-02  5.30047379e-02
 -2.53687352e-02  2.14741323e-02 -5.14466455e-03  2.66448548e-03
  5.96049475e-04  3.13731306e-03  4.58857007e-02  1.93094695e-03
 -1.54476305e-02  2.12938199e-03  1.91376191e-02  3.53839174e-02
  2.75712460e-02 -6.09018328e-03 -4.55178283e-02 -3.37405279e-02
  2.29126643e-02 -2.92866342e-02  1.72947161e-02 -3.44134271e-02
 -3.23014893e-02  9.96707100e-03  4.46318183e-03 -5.40886901e-33
  1.36386901e-02 -1.04473121e-01  2.21092515e-02  4.92036482e-03
 -1.74067900e-04 -1.39214294e-02  1.89328771e-02 -2.14819890e-02
 -1.54023780e-03 -4.59372923e-02 -1.70239843e-02 -1.94862541e-02
  4.14392650e-02  1.97709762e-02  1.35305412e-02  1.60085130e-03
 -3.15087661e-02 -1.35881240e-02 -6.63826335e-03 -8.81003961e-02
 -3.11048497e-02  2.41216477e-02 -2.67273583e-03  1.23524792e-01
  1.75713673e-02 -2.71729175e-02  1.54884486e-02  5.24844714e-02
  2.90359091e-02  6.59696944e-03 -5.88885508e-03 -5.85422013e-03
  2.69857757e-02 -2.29193978e-02 -4.09766026e-02  1.91242173e-02
 -1.08217588e-02 -1.15715498e-02 -4.94411476e-02 -4.15813513e-02
 -5.11324182e-02 -2.77694780e-02  9.68712103e-03 -6.35162322e-03
 -9.55674332e-03  5.46119139e-02 -5.84597047e-03  3.28207761e-02
  3.08468211e-02  5.90078868e-02  1.43151190e-02 -4.32402045e-02
 -5.11890016e-02  4.96080481e-02  6.81578293e-02  1.24904342e-01
  4.33288664e-02 -4.29185070e-02  1.54690109e-02 -2.18698923e-02
 -8.50951299e-02 -5.05927615e-02 -2.89262645e-03 -1.34141902e-02
 -2.55738664e-03 -7.97283463e-03 -8.98701372e-04 -1.53376255e-02
  2.27941480e-02 -1.16437981e-02 -3.10799479e-02  1.75780861e-03
  5.54589182e-03 -6.44406155e-02 -4.24734280e-02 -4.60622571e-02
  1.53289288e-02 -1.34488121e-02 -8.08466971e-02 -3.25884670e-02
  7.55206170e-03 -1.88317504e-02  2.64748707e-02 -1.80793088e-02
 -3.90013605e-02 -4.34432440e-02 -2.85483133e-02  4.26378921e-02
 -4.59180679e-03  1.17464997e-02 -3.11688669e-02 -1.85629409e-02
  1.44497752e-02  9.00743678e-02  3.32472548e-02  1.96079556e-02
 -3.51924286e-03 -5.55137731e-03  2.02140342e-02  2.84916591e-02
 -6.37745019e-03  6.45111799e-02 -3.18297110e-02 -1.03689097e-02
  5.21003793e-04  4.99217445e-03 -9.09638777e-03 -3.02843023e-02
  1.76592972e-02  3.26625146e-02 -1.20977790e-03  1.68632995e-02
  4.08883132e-02  1.11474674e-02 -6.60308078e-03 -2.45932247e-02
 -1.00488029e-02  2.53624618e-02 -2.37724395e-03 -4.22711018e-03
  4.28266777e-03  8.34187418e-02  9.95744020e-03 -2.70528048e-02
 -2.59577986e-02  5.72856702e-03  4.37273970e-03  3.32628638e-02
  9.23944358e-03 -1.88541114e-02 -1.83562320e-02  8.05489440e-03
  2.12920284e-07  5.78869209e-02 -9.25759785e-03  3.89497168e-02
  5.85415773e-02 -2.40663625e-02 -3.71169820e-02  1.77857317e-02
  4.36621223e-04 -3.02417856e-02 -2.07621902e-02  4.53904010e-02
 -2.00523110e-03 -3.00454125e-02  2.51783822e-02  5.05252508e-03
 -2.80488078e-02  3.89515534e-02  2.13396680e-02 -3.12899612e-02
 -3.12223211e-02  2.49698181e-02  2.67971940e-02  8.96944944e-03
  8.56950507e-03 -3.73485833e-02  2.02551968e-02 -1.18411370e-02
 -7.90508613e-02  6.11638278e-02  2.24146657e-02  3.53569500e-02
 -4.08814140e-02  1.51772555e-02 -3.58071215e-02  1.63795538e-02
 -5.05892113e-02 -3.41468118e-02  6.83781086e-03  6.21118536e-03
 -5.59624061e-02 -1.56876482e-02  1.26519799e-02 -2.49883905e-02
 -4.65906858e-02 -1.29286405e-02 -5.08695543e-02  3.54184362e-04
  8.88095051e-03  1.45913288e-02 -3.85851376e-02  2.64511649e-02
  5.71655072e-02  8.73957127e-02  6.45415932e-02 -2.23080851e-02
  1.84740201e-02  6.51074201e-02  6.27138000e-03 -4.91417071e-04
  7.85372872e-03 -1.71808358e-02 -3.98638695e-02 -1.92045867e-02
  1.48387011e-02  6.44625491e-03  3.10259983e-02 -3.14334296e-02
  1.31222948e-34 -1.11243809e-02  9.38577764e-03  3.84094119e-02
 -4.07346003e-02  7.24158436e-03  3.00526097e-02 -9.12789255e-03
 -6.85444660e-03  1.28490175e-03 -4.14640345e-02 -5.08291982e-02]"
Food_safety_and_quality,"Standards, compliance, storage conditions, testing, and safe food handling practices.","[ 6.74351584e-03 -1.40437242e-02 -1.19843185e-02 -3.40910777e-02
  1.77288800e-02 -6.49519172e-03  2.17504799e-02  3.48193757e-02
  4.30791974e-02 -1.03583038e-02  3.33283208e-02  1.50250737e-03
  2.51520779e-02  4.98126633e-02 -1.31366949e-03  4.72709397e-03
  2.06987094e-02  4.17903885e-02 -3.48506682e-02  4.26077694e-02
 -3.06780431e-02  5.17445616e-03 -8.70930869e-03  1.23321973e-02
 -3.25935371e-02  7.42166303e-05  1.20320702e-02  1.62749812e-02
 -3.95074971e-02 -9.52121466e-02  3.40822004e-02 -2.13561635e-02
  1.60897728e-02 -4.64478545e-02  1.10767564e-06 -1.45795234e-02
 -2.47109011e-02  1.84663944e-03 -5.54353595e-02  1.86564159e-02
  9.53159668e-03 -7.32286349e-02 -2.37621390e-03  7.75384679e-02
  3.23846824e-02 -6.88298941e-02  5.47156334e-02 -1.93062183e-02
 -1.78723615e-02 -6.40255632e-04 -1.35627752e-02 -1.53093031e-02
 -7.04377964e-02  2.21776264e-03 -5.25629409e-02  6.32083369e-03
 -6.83440128e-03  4.37113494e-02  2.83115748e-02  2.61395033e-02
 -2.29310114e-02  1.08133061e-02  2.20497511e-02  9.85401776e-03
 -7.81325623e-02 -2.02829819e-02 -3.33567597e-02 -4.70955484e-02
  7.83010479e-03  4.28486019e-02  3.65579091e-02 -3.57490927e-02
 -1.20368460e-03  2.49308459e-02 -4.02479395e-02 -5.15018031e-02
  4.55271584e-05 -3.23491693e-02  8.22179206e-03  2.33515981e-03
 -1.80256069e-02  3.65441963e-02 -8.66932329e-03 -3.09015661e-02
  7.56977797e-02  7.53018335e-02 -6.23974996e-03 -5.53810075e-02
 -3.92674468e-02 -1.31123653e-02  7.90662318e-03 -2.06890027e-03
  2.26129051e-02  4.60871644e-02  5.91064990e-03 -5.29305264e-02
  1.54962866e-02 -3.39049734e-02  1.00805111e-01 -5.07907644e-02
 -4.75046262e-02  5.84974326e-03 -2.35111639e-02 -7.30973249e-03
 -1.89184789e-02  1.38617661e-02 -1.06918020e-02  9.55350976e-03
 -3.62244211e-02  2.53085867e-02  1.78297318e-03 -1.94337014e-02
 -1.37426211e-02  9.21214651e-03  1.50051285e-02  5.42975217e-03
  9.89892893e-03 -1.77410990e-02 -7.15683633e-03  1.28462920e-02
  3.91239524e-02  3.32094394e-02 -4.81066629e-02  4.37707128e-03
 -7.90980831e-03  5.36051393e-02 -8.26401711e-02  5.06932661e-03
  5.97498612e-03  4.17129695e-03 -2.13718321e-02 -1.49122039e-02
  4.23710570e-02  4.46685068e-02  2.47394107e-02  2.60447785e-02
  1.25254430e-02  3.01273651e-02 -3.38427275e-02 -2.10432876e-02
  4.67254175e-03 -1.45948837e-02 -4.53388579e-02  6.54056221e-02
  8.35783966e-03  6.39422657e-03  2.58745160e-02 -9.80682299e-03
 -1.27950264e-02  4.27844189e-02 -6.06923774e-02 -8.34071189e-02
  2.56568063e-02  3.30449338e-03  4.33451775e-03  3.87384593e-02
  1.73926484e-02 -6.36481866e-02 -3.47623453e-02  6.26644958e-03
  4.53163811e-04 -2.00583171e-02  3.19750644e-02 -5.98815195e-02
 -4.30795103e-02 -1.81152876e-02 -3.52487750e-02  2.16072332e-02
  8.27263389e-03  2.40527336e-02  1.51779447e-02  7.31636658e-02
 -1.69326284e-03  2.99379900e-02  2.05707252e-02  5.50291762e-02
 -1.86835800e-03 -2.35493202e-02 -1.37474285e-02  6.05329219e-03
  9.47113484e-02 -4.91053499e-02  2.26589455e-03  1.33529014e-03
  4.77585802e-03  5.63647486e-02 -7.13657215e-02  1.58426929e-02
 -3.62547189e-02 -5.61505109e-02 -2.60295589e-02  6.38995040e-03
  4.21417691e-02 -4.44061533e-02 -9.56655294e-03  2.63728369e-02
 -2.09232066e-02 -2.51702638e-03 -4.04727459e-02 -3.97738405e-02
 -1.06423274e-02  3.47569771e-02  6.26391768e-02  7.15995356e-02
 -2.24314798e-02 -1.30710728e-03 -4.34908234e-02 -1.52341677e-02
 -2.88324747e-02 -2.69956514e-02 -1.65490508e-02 -1.69295557e-02
  1.08343689e-02  3.39600109e-02 -1.56206125e-02  3.45496386e-02
  5.48950322e-02 -1.81370024e-02 -1.63242035e-02  5.19564338e-02
 -2.92254295e-02  4.31997776e-02 -1.84222870e-02  1.52264629e-02
  3.06816064e-02 -1.42730623e-02 -3.64529081e-02  1.30795827e-02
  1.01139406e-02  2.38015428e-02  6.44674301e-02  2.24598069e-02
 -1.31520061e-02  1.52350804e-02  2.63914242e-02  2.18379535e-02
  5.62967919e-02  1.20207116e-01  1.05368374e-02  1.55874118e-02
 -3.25857922e-02  3.65821557e-04  4.30197418e-02  5.69890486e-03
 -3.38998325e-02  6.12969622e-02  4.99738753e-03  1.57068893e-02
 -1.37169298e-03  1.37202004e-02 -5.33544458e-03 -3.16237379e-03
 -4.07778844e-03 -2.95390878e-02 -3.89476982e-03 -2.17189789e-02
 -2.25175004e-02  3.98320481e-02  3.97950821e-02  2.96376739e-02
  1.09403711e-02 -3.49676646e-02 -2.35397834e-03 -3.53926346e-02
  5.50049394e-02 -5.58087640e-02  3.47071439e-02 -3.78106423e-02
  1.66408829e-02 -2.64511816e-02  1.24988807e-02  7.38568837e-03
 -3.00108397e-04  1.01431161e-02 -5.66073135e-03 -2.36776806e-02
 -9.31831310e-04 -2.68090256e-02 -2.01710709e-03  1.53009512e-03
 -1.38023710e-02 -4.36354280e-02 -1.89897288e-02 -2.72148376e-04
  2.76377499e-02  3.55563238e-02 -2.84595490e-02  3.72024514e-02
 -9.36480332e-03 -7.49243284e-03  1.92986131e-02 -1.89628510e-03
  1.29139442e-02 -3.81250046e-02 -5.48656210e-02  2.89295148e-02
 -5.41494787e-02  3.64634097e-02 -2.86487937e-02  6.37421291e-03
 -4.73330058e-02 -4.87674866e-03  1.37377819e-02 -4.68471739e-03
 -3.27680595e-02  3.46592702e-02  2.45182961e-02  6.12821954e-04
  6.38326770e-03  4.73624066e-04 -3.08207789e-04 -7.37435278e-03
 -1.47279743e-02  3.40206102e-02  3.58034372e-02 -4.38504368e-02
  1.32525275e-02 -2.71474919e-03  1.13215223e-02  3.69982123e-02
  2.86041647e-02 -1.27765327e-03 -4.25809175e-02 -1.12134032e-02
 -2.76674493e-03 -2.09695101e-02 -2.41859704e-02 -7.95742683e-03
 -1.44125149e-02 -2.33550034e-02  8.68541747e-03 -3.18651758e-02
 -1.11808982e-02  2.47251038e-02  5.18610626e-02  3.80926989e-02
 -5.80534115e-02 -9.48217288e-02  6.05701143e-03 -5.82777411e-02
 -1.46002499e-02 -2.77605304e-03  2.00234391e-02  3.22590768e-02
  4.62771058e-02  5.38284471e-03  1.12021323e-02  6.00419529e-02
 -4.15264294e-02  5.77487834e-02  6.40624203e-03  1.33769552e-03
  1.72720235e-02 -1.51274027e-02 -3.19700874e-02 -3.71094905e-02
 -1.85677712e-03 -7.58460239e-02 -1.73017271e-02 -7.89556000e-03
 -4.33021970e-03  1.25964470e-02  4.08623600e-03 -2.64875889e-02
  2.51882356e-02  7.56317154e-02  6.41678693e-03  3.51050273e-02
 -2.45273151e-02  2.11596340e-02 -1.48079833e-02  3.58600952e-02
 -1.45075433e-02 -1.07052177e-02  7.59624224e-03  4.22836989e-02
  1.06131388e-02  3.49899195e-02 -4.91125584e-02 -1.03088319e-02
  2.90188324e-02  2.96373689e-03  9.18558612e-02 -4.13072109e-03
 -4.88898456e-02 -6.83494732e-02 -4.53352258e-02 -6.73403516e-02
  5.23447953e-02  3.17382962e-02  2.44033728e-02 -4.07163948e-02
 -1.19594179e-01  4.68636937e-02  9.94658750e-03 -3.33518907e-02
  1.43738791e-01 -4.09263857e-02 -4.83697765e-02  1.32704829e-03
  2.08575800e-02 -6.03543483e-02 -3.28615159e-02  1.81467049e-02
 -3.85717824e-02 -4.94663604e-03  8.64999071e-02 -2.44184732e-02
  5.51172625e-03 -1.58033445e-02  1.63310263e-02 -5.52342348e-02
 -1.74976103e-02 -3.80163006e-02 -1.68666262e-02 -4.73516583e-02
 -8.25977977e-03  2.70668864e-02 -5.37075382e-03 -8.91228486e-03
 -3.50488015e-02 -2.93787569e-02  7.93677405e-04  1.84024498e-02
 -2.12819651e-02  2.27345731e-02 -6.16854662e-03  1.68370809e-02
  1.33589711e-02  3.23566757e-02  2.24646609e-02 -1.81930084e-02
  2.43348023e-03 -4.18062769e-02  1.55938677e-02  6.44496977e-02
 -2.27338653e-02 -8.90406892e-02  1.46467378e-02 -1.69028789e-02
  6.29127100e-02 -8.44869204e-03  3.04817106e-03  1.90377906e-02
  1.19962741e-03 -2.64092106e-02  5.84279839e-03  1.10776015e-02
  4.43812124e-02  2.49339789e-02 -6.94432855e-03 -4.26005805e-04
  1.87871698e-02  5.34201711e-02  7.49724954e-02 -1.07939234e-02
  2.92688198e-02  8.21943209e-03 -7.69793522e-03  2.60243006e-02
  6.35052025e-02  3.38178985e-02  7.51613500e-03  1.35874618e-02
  3.27045135e-02 -7.20508844e-02 -4.12274301e-02  1.60221457e-02
 -1.90242548e-02  1.07930892e-03 -6.32619038e-02  5.60271437e-04
 -3.65501158e-02  9.24108177e-03  3.02222222e-02 -6.16643578e-02
 -6.76338095e-03  2.77862772e-02 -4.56175394e-02  3.51323597e-02
 -1.62014067e-02 -5.59234768e-02  1.50123434e-02 -2.69348454e-02
 -1.38290217e-02  1.91360489e-02  1.12348748e-02 -9.25032794e-03
  1.11081114e-03  9.88770090e-03  1.92501750e-02 -1.31886713e-02
 -1.33910459e-02  5.84747717e-02  1.03544574e-02  9.74812582e-02
  4.46584970e-02  1.95296779e-02 -3.03019751e-02  1.39668391e-05
  3.71782784e-03  7.60790240e-03  5.87577269e-05 -1.59558710e-02
 -6.32582605e-03  2.07372103e-02  3.47737931e-02  6.28421679e-02
 -2.30051880e-03  4.98559996e-02 -1.34678306e-02  2.36439351e-02
 -2.51766462e-02  3.06753945e-02 -1.63270608e-02  8.99805501e-03
 -7.43385404e-02 -2.99990084e-02 -2.14217557e-03 -1.51796993e-02
  7.33151380e-03 -1.17563410e-02  7.28756264e-02 -1.51570691e-02
  8.42964947e-02 -3.97642935e-03  3.06565631e-02  2.57213153e-02
 -5.46157286e-02  6.50158674e-02 -4.37606173e-03 -2.34874450e-02
 -3.55552994e-02  5.02407476e-02  2.14480031e-02  7.77144507e-02
  4.82318290e-02  1.93035398e-02 -2.63848575e-03 -5.24913408e-02
 -3.33510898e-02 -3.58606726e-02  4.83918265e-02  7.01774508e-02
  2.86728404e-02  5.53715695e-03 -4.97478992e-02  2.92581879e-02
  4.01701033e-02 -7.97413662e-02  3.51686105e-02 -6.95564523e-02
 -1.48222072e-03 -3.08745503e-02  5.36547340e-02 -4.78587795e-33
 -2.82591302e-02 -1.09248415e-01  2.75844838e-02  2.57537179e-02
 -2.05207826e-03 -1.33717444e-03 -2.47429572e-02 -4.23697606e-02
 -1.28681371e-02 -2.20053177e-02  9.91221145e-03 -5.46459248e-03
  2.91411839e-02 -5.89889474e-03  5.58829196e-02 -9.03222337e-02
  1.08297588e-02  2.65045348e-03 -9.69401561e-03 -1.17793106e-01
 -5.21103740e-02 -2.61811148e-02  2.03459314e-03  9.20417011e-02
  3.89834754e-02 -1.87222343e-02 -3.73000512e-03 -2.64981277e-02
  8.42806697e-03  2.61892546e-02  1.25224171e-02 -5.92654124e-02
  5.45501187e-02 -1.61004160e-02 -1.67201348e-02  8.66003782e-02
 -4.81440835e-02 -1.05453366e-02  8.33756872e-04 -2.31417026e-02
 -2.29062885e-02 -4.74420153e-02 -9.39371530e-03 -8.16137716e-03
 -7.24872621e-03  2.46696360e-02 -3.91592011e-02 -1.54576395e-02
 -1.07149305e-02  2.64298189e-02  3.03475596e-02 -3.50053981e-02
  2.28749234e-02  6.28918260e-02  6.51495904e-02  6.98318258e-02
  6.68846741e-02 -6.87550474e-03  6.80997446e-02 -4.62384932e-02
 -3.17952479e-04 -6.55175280e-03  2.21455656e-02  1.34566119e-02
 -2.57576201e-02 -2.94612199e-02 -7.77064040e-02  2.89396793e-02
  3.34772468e-02 -7.93663487e-02 -6.90183369e-03  2.67212372e-02
 -2.98431814e-02 -2.99895126e-02 -5.49383238e-02 -2.47885510e-02
 -1.11419754e-02  6.32501347e-03 -4.78782803e-02 -2.58046128e-02
 -7.64732510e-02 -3.20458971e-02  3.24020311e-02 -4.87886043e-03
 -4.97502126e-02  2.38429904e-02 -8.37750093e-04  3.40170600e-02
  3.64455655e-02  2.69591790e-02  1.96042913e-03  4.06993479e-02
 -3.02177388e-02  8.93045962e-02  4.98250127e-02 -1.97669701e-03
  7.88185522e-02 -2.48297323e-02  1.45773171e-02  1.60498284e-02
 -3.21373753e-02  1.62619557e-02 -2.85239480e-02  2.86867842e-02
  7.71235581e-03 -4.86162864e-02 -4.30974625e-02  2.41213050e-02
 -1.07092978e-02  3.15247960e-02  6.48068488e-02  2.75401212e-02
  6.82740193e-03 -5.64574711e-02 -2.74161734e-02 -3.99749093e-02
  5.09677939e-02  1.07530765e-02  3.69786983e-03 -2.58661862e-02
  3.94656658e-02  2.54207794e-02  4.07452062e-02 -4.68833297e-02
  3.35508995e-02  3.12802684e-03  5.04309572e-02  1.06176389e-02
  1.54019147e-02  2.98185516e-02  9.85318981e-03  6.24210387e-03
  1.84476164e-07  6.04124740e-02  5.32804132e-02  6.84442604e-03
  1.43468110e-02  2.01906301e-02 -6.07266426e-02 -1.77895762e-02
  2.46394034e-02 -3.69776823e-02 -6.39999635e-04  5.86451367e-02
 -2.43784897e-02 -2.88427528e-02  3.89110222e-02 -1.94547400e-02
 -7.62302950e-02 -3.29173952e-02 -3.85792516e-02 -3.80262802e-03
 -5.23691699e-02  1.80564225e-02 -3.10099944e-02 -6.57866597e-02
 -1.97732467e-02 -1.02412263e-02  8.47434066e-03  4.01050821e-02
 -4.78153303e-02  5.10805361e-02  1.81757174e-02  4.15754691e-02
 -3.07621527e-03  6.69633001e-02 -4.74255905e-02  2.19279877e-03
 -7.73137361e-02  4.86308290e-03  5.62376305e-02  2.29042489e-02
  6.80647278e-03 -1.13427266e-02 -7.43958205e-02 -3.49228978e-02
 -9.11921542e-03  1.84619445e-02 -3.11127445e-03  4.09956798e-02
  4.54794019e-02 -2.66828295e-02  3.01239151e-03 -1.78990774e-02
 -4.85452591e-03  5.35373911e-02 -3.24042067e-02 -4.49203840e-03
  2.50352081e-02  4.96497825e-02  3.18790972e-02  5.68385571e-02
 -3.49122249e-02 -1.04924217e-02 -6.02168813e-02 -2.13882532e-02
 -2.19845995e-02 -3.99965607e-03 -5.64913042e-02 -2.82700472e-02
  1.36240266e-34  1.35521423e-02 -7.64267445e-02  1.94959641e-02
 -3.81049253e-02 -2.10938808e-02 -6.41506957e-03 -6.81045279e-03
 -9.92024690e-03  3.01330141e-03 -1.30110849e-02  8.25613830e-03]"
Environmental_and_social_sustainability,Ensuring WFP programmes meet environmental protection and social inclusion safeguards.,"[-6.67212754e-02  5.69484904e-02  3.03548966e-02  2.81958804e-02
  3.43382806e-02 -1.36321736e-02 -3.99072021e-02  1.11482739e-02
  4.45304923e-02 -7.59840384e-03  4.91490588e-02  5.41896261e-02
  2.16398598e-03  2.94882637e-02  1.56935509e-02 -1.35032600e-02
  3.97505537e-02 -9.87586193e-03 -1.09812252e-01  4.85479645e-02
 -1.56051917e-02  2.06839805e-03  2.35549994e-02  3.90048027e-02
 -4.18028496e-02  7.39155989e-03 -1.86369121e-02  3.33363414e-02
 -1.85298361e-02 -1.68324951e-02  3.73741351e-02  1.94836278e-02
  2.69852113e-02 -5.93271479e-02  1.73474189e-06 -1.61146175e-03
 -1.59700657e-03  1.21804057e-02  4.26093163e-03  6.38262648e-03
 -5.76764978e-02 -7.00836405e-02 -4.07106243e-03  3.84046212e-02
  3.40114981e-02 -2.16848273e-02  4.03765924e-02  8.86272988e-04
  2.59968694e-02 -5.67004718e-02  1.52935861e-02  2.17098277e-02
 -1.60489473e-02  3.61991003e-02 -3.32892947e-02  2.79021356e-02
  4.54200199e-03 -7.09407032e-02 -6.13508932e-03 -3.83315161e-02
 -5.17880693e-02  6.70230091e-02 -4.41846065e-03  1.14129409e-02
  2.74868850e-02  4.95652808e-03 -4.94632386e-02 -5.31512871e-02
 -3.45633142e-02  3.66802774e-02  6.08104765e-02  8.36599339e-03
 -5.80393374e-02  1.48460642e-03 -1.96702802e-03 -4.01118360e-02
 -9.87507985e-04  4.26409853e-04  5.00698574e-03 -3.93084399e-02
  9.52924788e-03  8.67479667e-02 -4.87450510e-03 -1.23703340e-02
 -1.25426119e-02  8.01062509e-02  3.21143563e-03 -1.99096911e-02
  1.13817789e-02  1.47734135e-02  5.54995320e-04  3.07041239e-02
  1.09809041e-02  5.77846775e-03  5.32899387e-02 -8.38444103e-03
  8.30409396e-03  2.73117162e-02  2.50898413e-02  2.85139382e-02
 -2.35939752e-02  9.59443580e-03 -3.65672410e-02  1.69383902e-02
  5.29636368e-02  1.33534707e-02 -5.29596135e-02 -6.40263483e-02
  1.28222639e-02  2.91752443e-02 -1.45844249e-02  2.43095793e-02
  1.88295078e-02 -1.14214132e-02 -6.45058230e-02  3.06371367e-03
  1.43933445e-02  2.34139860e-02 -3.21376435e-02  2.71972083e-02
  1.05271325e-01  1.39671629e-02  2.56525856e-02  2.37944797e-02
  2.83962600e-02  2.74328347e-02  3.30970070e-04 -6.05899887e-03
 -3.75025794e-02  1.24914972e-02 -1.70245375e-02 -4.78314608e-03
 -5.33838244e-03  3.04618254e-02  2.40910277e-02  7.09668547e-02
  6.02019988e-02 -8.32193047e-02 -5.53137809e-02  8.83835088e-03
  2.16844454e-02  4.51203361e-02 -1.27731031e-02 -3.33171600e-04
 -6.81222230e-03 -2.53616236e-02  4.33394238e-02  8.10494274e-03
  1.09447455e-02  4.34310064e-02 -1.59271266e-02 -2.44961977e-02
  1.68140046e-02 -1.89620517e-02  8.23036674e-03  2.62682717e-02
  2.42224056e-02 -1.49951009e-02  1.67336818e-02 -9.16099991e-04
  4.08299849e-04  2.20245179e-02 -7.04007521e-02  1.82595197e-02
 -4.05480973e-02  2.14075502e-02  6.01662211e-02 -7.82507355e-04
  1.36530343e-02 -3.61941755e-02 -2.51821019e-02 -1.86816063e-02
 -2.13645399e-02  6.01072982e-02  8.49938486e-03  2.27500666e-02
  2.05321573e-02 -5.06009422e-02 -2.76646130e-02  6.13106322e-03
 -4.53640148e-02 -1.00986501e-02 -2.22398387e-03 -1.96320310e-04
  3.85190658e-02  1.98998721e-03  1.19639328e-02 -6.52681058e-03
  1.34812519e-02 -1.47672473e-02  5.46162250e-03  1.55766001e-02
  7.82222301e-02 -1.63826980e-02 -2.02545859e-02 -3.22917625e-02
 -3.81886251e-02 -2.23888326e-02  2.58124410e-03 -4.46950793e-02
  6.20787498e-03 -1.70349926e-02  7.19596446e-03  3.32633741e-02
 -4.88850735e-02 -5.11145294e-02  4.62192334e-02 -4.41526733e-02
 -6.38592094e-02 -3.44185047e-02  5.71744982e-03 -1.38747003e-02
  5.24528250e-02  2.26720776e-02 -4.24180739e-02 -3.97993661e-02
  2.45732144e-02  2.58315261e-02 -9.72817745e-03 -1.83402803e-02
  1.08713331e-02  1.84006859e-02 -7.54783899e-02  4.90257926e-02
  7.01519400e-02 -1.97525565e-02 -3.74867320e-02  1.07027749e-02
 -9.69055481e-03  4.89962958e-02  2.52497792e-02  2.15103589e-02
 -3.96652743e-02 -6.36058394e-03  4.47803661e-02 -2.32444704e-02
  4.35164385e-02  9.63580143e-03  1.71752032e-02 -3.95629033e-02
 -2.21896544e-02  6.84396848e-02  1.89471748e-02  3.69180255e-02
 -3.17615308e-02  6.01785257e-02  8.93836096e-03 -1.77517496e-02
 -1.36953946e-02 -2.09464617e-02  1.96399447e-02 -2.00588461e-02
 -3.90579365e-02  3.54253082e-03 -5.17801791e-02 -4.21494357e-02
 -2.54951455e-02  2.94990428e-02 -3.39703895e-02  5.56829423e-02
  6.44815946e-03 -4.64731781e-03 -1.26006373e-03  4.27984223e-02
  5.34790009e-02 -4.92435917e-02  3.56996283e-02 -4.06245887e-02
  5.57754450e-02 -2.83008860e-03 -2.96181440e-02 -3.41776311e-02
 -5.91280404e-03  2.31036730e-02  6.52301544e-03  4.52171359e-03
 -3.58193256e-02  1.62513554e-02  1.81905888e-02  1.92246344e-02
 -3.95467617e-02  4.74569127e-02  1.86542189e-03  3.37096304e-02
 -1.42018059e-02  5.00005484e-02  4.39245664e-02 -4.86942939e-02
 -2.01628041e-02 -3.11018899e-02  2.26848312e-02 -2.98450626e-02
  3.13489512e-02  1.00921057e-02 -3.07291243e-02  7.32047036e-02
 -2.36755386e-02 -1.30803818e-02 -3.58455651e-03  1.88131314e-02
 -2.73760059e-03  4.25005332e-02 -3.17555964e-02 -3.18100378e-02
  5.28416149e-02  5.49098700e-02  4.96642478e-02  2.87253689e-02
  2.02413518e-02 -4.19608317e-02 -2.93724500e-02 -2.27725878e-02
  2.64726877e-02  7.51725733e-02  1.37528535e-02 -2.15066206e-02
 -5.29424697e-02 -9.07035246e-02 -2.25868216e-03 -1.43808955e-02
  1.18564609e-02 -7.15288743e-02 -4.60127071e-02 -1.93596147e-02
 -4.90279123e-03 -4.39820532e-03 -1.90890543e-02  2.47363467e-02
  2.10004523e-02 -6.03506230e-02 -1.51379779e-02 -4.15211581e-02
 -1.11182621e-02  3.04222014e-03 -9.09814518e-03 -2.82570962e-02
  2.39999406e-02 -4.12893333e-02 -7.40193017e-03  2.27070879e-03
 -5.92357367e-02 -5.85460402e-02 -3.08516771e-02 -2.67540049e-02
  3.75943296e-02  5.56823201e-02 -5.23062013e-02  2.73668133e-02
 -2.09213831e-02  7.09205866e-02  2.52271425e-02  5.62344156e-02
 -1.03693968e-02 -9.50996857e-03 -9.16577410e-03 -8.70270804e-02
 -5.46932779e-02 -3.80199142e-02  4.81378324e-02 -7.94123858e-02
 -4.88255583e-02 -3.04986443e-02 -1.39396731e-02  4.65217186e-03
  2.53020655e-02  2.70614345e-02 -1.14444634e-02  2.07559392e-02
  1.91547554e-02 -1.39847388e-02  3.41984816e-02 -1.26248470e-03
 -1.01682721e-02  4.14774474e-03 -2.74763107e-02  7.70228496e-03
  3.41129936e-02  3.39925028e-02 -1.65676307e-02  1.10572632e-02
  2.21047783e-03  1.42529728e-02  1.22360084e-02  1.70816164e-02
 -8.02534912e-03 -3.88902910e-02 -5.96961891e-03 -6.58327937e-02
  9.21198651e-02  5.51556721e-02  2.94125266e-02  3.66724245e-02
 -4.38443832e-02  5.40737472e-02 -1.45561353e-03  1.62964370e-02
  4.03170548e-02  2.06399951e-02  3.57138626e-02 -2.42433660e-02
 -1.16800824e-02  2.22359840e-02  2.80971471e-02  1.83548350e-02
 -3.90105811e-03 -5.90458466e-03  6.65137619e-02  2.72723800e-03
 -6.15050690e-03 -2.60455012e-02  5.12914322e-02 -2.68623605e-02
 -5.18930890e-02 -3.24123283e-03  7.72908004e-03 -3.74717601e-02
 -5.30000031e-02  4.16707210e-02  1.13912625e-02 -3.48088183e-02
 -4.62086685e-02  4.48924452e-02  1.84003767e-02 -2.47012712e-02
 -3.88971083e-02  2.77533438e-02  2.05565663e-03  1.45813283e-02
  2.03967132e-02  1.62679423e-02  2.92485077e-02  5.67059871e-03
 -4.00971323e-02 -4.13275659e-02 -1.35514848e-02  2.63924450e-02
  3.63587439e-02 -8.13632160e-02 -2.33162083e-02  1.65387727e-02
  3.56164761e-02  4.77234237e-02  6.24136403e-02 -1.62232313e-02
 -2.55195815e-02  8.00324231e-03 -8.22274294e-03  2.03204472e-02
  3.96222286e-02 -1.89205501e-02  5.87130114e-02  4.61522816e-03
 -1.88056231e-02  3.71765986e-04  4.63002883e-02  1.61426067e-02
 -2.77842619e-02 -1.24152359e-02  5.73550351e-03 -6.94812974e-03
  6.99938508e-03  2.14208122e-02 -2.48949528e-02  4.05075438e-02
  9.97238755e-02 -5.18021435e-02  4.29098718e-02  6.86051250e-02
  1.02821607e-02  3.12366802e-02 -2.18319846e-03 -1.39095483e-03
 -4.84680617e-03  3.39287594e-02 -1.36651844e-02 -4.25033197e-02
  4.23523113e-02  8.79117325e-02  5.43911010e-03  1.92889385e-02
  5.56382760e-02 -2.14266144e-02 -2.83385552e-02 -8.42483267e-02
 -6.53202683e-02 -4.52407077e-03  2.51429845e-02 -6.50805887e-03
 -4.72856499e-02  4.78065759e-02  9.93258692e-03  3.37511934e-02
 -1.03621790e-02 -3.38958278e-02 -6.77655786e-02  4.37195487e-02
 -1.32918376e-02  6.75226375e-02 -1.97991692e-02 -3.68114077e-02
 -2.22845785e-02  1.21118128e-02 -4.85223979e-02 -2.23416425e-02
 -1.89516656e-02  8.81378353e-03  6.14969572e-03 -1.03813168e-02
  8.95822141e-03  2.63611935e-02 -8.93928632e-02  1.50997657e-02
  5.75251468e-02  5.68963448e-03  7.00942893e-03 -7.82542396e-03
 -5.16217798e-02  2.89571211e-02 -3.65269557e-02 -4.83090896e-03
 -1.27174379e-02  1.66120473e-02 -2.48689298e-02 -2.02033184e-02
  2.96939950e-04  5.73467650e-02 -1.16584105e-02 -2.18625180e-02
 -8.10906962e-02 -2.31414400e-02  4.91848886e-02 -2.10639811e-03
 -3.48540358e-02  1.05696544e-02  2.21851412e-02 -6.56805485e-02
  2.70992089e-02  1.02128386e-02 -3.57740931e-02  8.56201202e-02
 -4.36079465e-02 -5.79193980e-02  1.76946186e-02  1.21727502e-02
  1.58946030e-03  6.13699481e-02 -5.49405850e-02 -4.54000421e-02
  4.58169170e-03 -3.56480666e-02  3.01793385e-02 -5.02310619e-02
  9.98710468e-03 -5.03816316e-03  7.72211030e-02 -4.99455501e-33
 -2.67498866e-02 -7.98161514e-03  2.71726225e-04  4.20254702e-03
 -5.09642288e-02  1.58757325e-02  3.48474234e-02 -5.16848974e-02
 -3.03984946e-03 -2.12094956e-03 -6.31750980e-03  6.52464665e-03
  1.05932290e-02  1.34833660e-02 -9.32559557e-03 -1.63855907e-02
 -2.29141470e-02  8.90580192e-02 -8.65565985e-03 -9.72915515e-02
 -3.13689113e-02 -3.97283304e-03  1.70503594e-02  8.84231925e-02
  4.95587662e-02  2.60742716e-02 -2.50616781e-02 -4.38653352e-03
  4.68747914e-02 -2.24519148e-02  1.23892659e-02  8.14847369e-03
  9.22774803e-03  7.98024796e-03 -2.25541033e-02  1.13612518e-01
  1.60930920e-02 -3.90675068e-02  1.48531122e-04 -4.55201827e-02
 -9.02354568e-02 -3.89003055e-03  7.94482534e-04  4.12385426e-02
 -1.32005550e-02  2.97035906e-03 -2.24819183e-02 -6.73956648e-02
  1.43724661e-02  5.77344373e-02 -2.81076934e-02 -3.58948670e-02
  5.31260669e-03  7.63970464e-02 -3.59011479e-02 -2.75193024e-02
 -2.05548853e-02  5.38442731e-02  1.26090683e-02 -6.53786287e-02
 -4.61739711e-02 -2.15008948e-02  5.22958953e-03  2.06280891e-02
 -9.26739711e-04 -1.39357056e-02 -1.10606849e-01  6.89564971e-04
  5.24461381e-02 -5.57664447e-02  4.62400392e-02 -7.39114657e-02
 -2.81588212e-02  9.78618208e-03 -7.80118629e-02  3.20238620e-02
 -3.97261567e-02  2.24060640e-02 -4.73907823e-03 -2.12814249e-02
 -3.58212963e-02 -1.28017375e-02  5.78655638e-02 -1.00766588e-03
 -1.05528362e-01  2.60945670e-02 -8.47401749e-03  1.11658402e-01
  5.24764583e-02  2.80394359e-03 -2.99790241e-02  3.74231301e-02
 -4.43031006e-02  1.86263099e-02  6.52814135e-02  1.17875384e-02
  2.01546624e-02 -4.58763130e-02  1.96048729e-02  4.65013161e-02
 -1.95965376e-02  3.75517532e-02 -4.17363867e-02  3.05652022e-02
  4.31898534e-02  3.34199928e-02 -2.62263566e-02 -4.69574109e-02
 -4.45014685e-02 -1.98419578e-02 -4.03565578e-02 -1.31612681e-02
 -1.28794918e-02 -1.67980064e-02 -3.10549140e-02 -7.21308812e-02
  3.22570413e-04  2.93189217e-03  8.74768186e-04 -1.02968542e-02
  2.59565338e-02  9.38825496e-03  2.15426162e-02 -1.70239990e-04
 -1.30165648e-02  1.08933225e-02  6.80523589e-02  3.18013765e-02
  8.11199006e-03  9.27724130e-03  3.51556726e-02  4.24475828e-03
  2.10281328e-07  5.42664388e-03  3.48080844e-02  2.44178846e-02
 -2.93642413e-02 -2.24867333e-02 -3.13230306e-02 -5.05138636e-02
  3.61163728e-02 -3.18685360e-02  3.34393457e-02  4.86286096e-02
 -6.16207384e-02 -6.88868985e-02 -4.01141718e-02  2.91632582e-02
  4.41906303e-02 -2.63462197e-02 -4.79326211e-02 -6.74604699e-02
 -1.45766968e-02 -3.88773642e-02  2.58987695e-02 -2.05123052e-02
  3.45680863e-02  2.06187945e-02  3.20688868e-03  2.61195041e-02
  5.34460368e-03  2.98602469e-02 -4.15563956e-02 -1.43582728e-02
 -2.45001055e-02  4.35727350e-02 -5.20978065e-04 -5.26590347e-02
 -1.26801571e-02  1.28673073e-02  7.01657459e-02 -9.26188752e-03
  2.13369839e-02 -7.23247379e-02 -3.00599393e-02 -1.25583531e-02
 -1.84123460e-02 -6.79997122e-03  7.53166061e-03  2.08729524e-02
  5.86348921e-02  1.47599392e-02 -3.92648298e-03  5.35182375e-03
 -8.43980722e-03 -1.68595593e-02  3.54647152e-02  6.59851881e-04
  6.55007875e-03  1.78492256e-02  3.95926312e-02  6.54928759e-02
 -6.53604642e-02 -1.13584949e-02 -6.63652569e-02 -1.71008203e-02
 -1.19513879e-02  2.35590944e-03 -6.42068032e-03  4.63278731e-03
  1.73936143e-34 -2.48914752e-02 -2.12600045e-02 -5.10820188e-03
 -5.77921160e-02 -2.56485343e-02  5.00496058e-03  1.05460407e-02
  9.02162306e-03  3.49792801e-02  1.35087138e-02  4.64671068e-02]"
Information_Technology_and_Telecommunications_in_Emergencies,"Emergency IT systems, connectivity, and telecommunications enabling field operations.","[-2.00216863e-02 -4.84656133e-02 -1.15052499e-02 -4.89969030e-02
  3.56050469e-02  4.50413954e-03  2.33753901e-02 -3.10992934e-02
 -4.51931469e-02 -5.67312092e-02  5.76997511e-02 -3.12181152e-02
 -2.66962545e-03  5.98649010e-02  3.37598361e-02  1.51326191e-02
 -3.76557894e-02  2.18073558e-02 -1.46215511e-02  5.89642078e-02
  2.25477517e-02  2.30223499e-02  1.56703424e-02 -6.58426434e-03
  7.74697587e-03  5.25982529e-02 -4.78775799e-02  2.74376068e-02
  4.58828695e-02 -5.19485585e-02  4.01613824e-02 -5.53649627e-02
  2.31543332e-02 -4.27656136e-02  1.34491472e-06  2.57969927e-03
 -2.08258722e-02 -2.95637622e-02 -1.02666639e-01 -2.44588871e-02
 -3.74314785e-02 -3.28035727e-02 -1.96467172e-02 -2.68700626e-03
 -9.47318785e-03 -2.08053496e-02  5.86744547e-02 -1.67170190e-03
  1.06836157e-02  1.49815744e-02 -1.66952759e-02  7.93691725e-02
 -6.20264523e-02 -1.46702787e-05 -7.68107548e-02  8.20405409e-03
 -2.04978115e-03  1.64133366e-02  7.40953535e-02  1.77124720e-02
  6.44466579e-02 -4.47918624e-02  3.14126126e-02  5.56258112e-02
  1.33236451e-02  5.42295761e-02 -2.09560804e-02  3.06972601e-02
 -5.24164885e-02 -7.14245299e-03  1.96859855e-02 -6.67864531e-02
  2.70660408e-02  5.59234843e-02 -4.85869423e-02 -4.44057845e-02
 -9.94890090e-03 -6.95461854e-02 -6.95150299e-03 -8.38534068e-03
 -4.50918160e-04  4.19300310e-02  1.89784379e-03  1.85056273e-02
  1.58912763e-02 -1.67010762e-02 -1.19469790e-02 -3.50104980e-02
 -4.55231518e-02  9.10760276e-03 -3.35763358e-02 -2.40113530e-02
  3.42278890e-02 -6.20798301e-03 -2.00404245e-02 -5.53805120e-02
 -1.59425642e-02 -4.09058817e-02 -2.23984732e-03 -2.39256360e-02
  2.06587953e-03  2.43491065e-02  1.90569405e-02 -3.19738388e-02
  7.86334928e-03 -6.90419748e-02  1.66821852e-03 -1.35060288e-02
 -3.02592814e-02 -9.52661689e-03 -2.13370752e-02  1.79759529e-03
 -1.91836935e-02  3.12661231e-02  3.61731760e-02  5.96618727e-02
  1.11967139e-02  1.41571630e-02  7.19617903e-02 -1.57576483e-02
 -2.10683979e-02 -1.57563686e-02 -2.68460624e-02 -3.46477292e-02
  1.72854792e-02 -5.14779985e-02  1.50330644e-03  5.01927137e-02
  2.02429350e-02 -3.77444141e-02 -2.73596449e-03 -2.58848928e-02
  2.34359056e-02  1.07705938e-02 -4.13190238e-02  5.43972012e-03
 -2.14183540e-03 -9.94416513e-03 -5.86353727e-02  3.07265893e-02
  2.36889198e-02  2.69113053e-02 -2.75215860e-02 -2.66742725e-02
 -1.67460591e-02  2.59583667e-02 -2.09485628e-02  4.38758768e-02
  1.15818633e-02 -3.73406298e-02 -8.77517567e-04 -4.00374178e-03
 -6.50977120e-02  1.58516094e-02  3.73841822e-02 -1.92486064e-03
  3.69937532e-02 -3.93888913e-02 -1.75737441e-02 -3.15472148e-02
  2.43006255e-02 -3.45390779e-03  6.08028006e-03  2.75602397e-02
 -6.52843192e-02  4.68221791e-02  1.56803261e-02  1.37045691e-02
 -2.09606998e-02 -3.25073600e-02  1.55622559e-02 -3.61912549e-02
  1.09173283e-02  2.44781971e-02  1.61309242e-02  2.68905181e-02
  6.71230182e-02 -5.27224615e-02  1.00609083e-02  8.90216902e-02
 -4.89539467e-02 -8.85621235e-02 -1.97503367e-03  5.29782614e-03
 -3.59282903e-02  7.96432700e-03  3.29906084e-02  5.42532653e-02
 -5.79171889e-02  8.19398463e-03 -3.65306437e-02  5.33162442e-04
 -6.95203468e-02 -1.11085521e-02  3.03765722e-02 -6.69455975e-02
 -1.52621577e-02  5.70459338e-03  6.37013745e-03  4.10848111e-02
  2.84234975e-02 -2.73783468e-02 -4.02916670e-02  1.06076360e-01
  1.54438298e-02 -2.13787276e-02 -7.04943463e-02 -1.82296857e-02
  2.68426295e-02 -2.12938581e-02 -1.95743460e-02  4.85619009e-02
  2.83343885e-02 -2.44877357e-02  8.10789037e-03  4.06150818e-02
  4.86434586e-02  2.83961035e-02 -4.03440371e-02  4.98166606e-02
 -3.50516289e-02  6.98534260e-03 -2.40519159e-02  5.70388627e-04
  2.77151596e-02  1.70062017e-02 -4.90601361e-02  3.02362926e-02
 -3.15133892e-02  3.15244589e-03 -1.00619746e-02  2.61994987e-03
  1.88757293e-03 -2.15775687e-02 -2.17031594e-02  6.69718441e-03
  3.89316715e-02  1.15666449e-01 -5.16372249e-02 -5.31746075e-02
 -1.08669987e-02  4.06112559e-02  3.58354710e-02 -1.39778061e-02
  2.02810150e-02 -2.73245573e-02  1.95983648e-02 -2.85964971e-03
  1.90501902e-02  7.10560530e-02 -2.18946915e-02 -1.84253883e-02
 -4.57275286e-02  2.62555629e-02  1.34852538e-02 -4.03388441e-02
 -1.00183068e-03  6.33335188e-02  2.11036671e-03  4.45284583e-02
 -1.49381906e-02 -5.54058608e-03  1.21533768e-02 -3.83697636e-02
 -3.04499455e-02  3.97682637e-02 -9.12041124e-03 -3.71938907e-02
  7.09878514e-03 -1.64620783e-02  4.44733426e-02  8.07527453e-02
 -1.35137364e-02 -3.95610258e-02  6.11504633e-03  2.47463528e-02
 -3.83065268e-02  2.09635329e-02 -3.16760652e-02 -9.48617887e-03
 -1.43273575e-02 -2.89096050e-02 -2.80162711e-02  1.92012906e-03
  2.18390319e-02 -4.81872912e-03 -1.56638697e-02 -1.24503121e-01
 -4.93477806e-02 -2.42148340e-02  7.04611000e-03 -2.26839148e-02
  1.26922387e-03 -7.57479966e-02  1.88708771e-02 -1.61687322e-02
 -1.90842268e-03 -1.03945993e-01  1.01351030e-02  5.99781703e-03
  7.66968122e-03 -7.73034105e-03  4.03567478e-02 -1.22419810e-02
 -2.15395093e-02 -1.82383135e-02 -2.16327142e-02  3.45605658e-04
 -5.85746728e-02 -2.94662006e-02 -3.28410007e-02  4.45391163e-02
  4.28146087e-02 -5.38313314e-02  5.44454961e-04 -1.43147809e-02
 -3.69431227e-02 -1.68416020e-03 -6.74039358e-03  1.70912072e-02
  1.80495381e-02  3.90171558e-02 -5.38751483e-03  4.02989276e-02
 -9.06034932e-03 -2.82011330e-02 -4.61071320e-02 -6.66115992e-03
 -2.93491036e-02 -4.85361889e-02  2.44551618e-02  5.56279011e-02
 -1.14286042e-04  6.79958938e-03 -1.20850035e-03 -6.09259754e-02
 -7.05151483e-02 -1.03444859e-01 -2.16432344e-02 -1.68021321e-02
 -7.96593318e-04 -3.23859565e-02  1.43033750e-02  6.98415637e-02
  1.38987117e-02 -1.22326976e-02 -5.45380451e-02  7.16395536e-03
  1.50161637e-02 -2.09195958e-03  5.91643453e-02  4.95955348e-02
  2.13881675e-02 -7.72644859e-03  2.35086083e-02  6.95027858e-02
 -2.26501096e-02  9.44060273e-03  5.13876043e-02  1.85412392e-02
  3.11385505e-02 -1.40495440e-02  2.18141191e-02 -5.02985157e-03
 -4.89399582e-03  1.73380375e-02 -4.95008146e-03 -9.26989876e-03
  1.41712660e-02  1.61725152e-02  4.02057730e-02  3.07629015e-02
  1.52197145e-02 -1.03888474e-02  1.20796487e-02 -1.72689315e-02
 -1.52438302e-02 -2.82284804e-02 -3.49668153e-02  5.54859964e-03
  8.00488330e-03  2.71923002e-02  5.11858799e-02  1.74147226e-02
 -1.92345940e-02 -4.52085882e-02 -3.43749225e-02  1.53229106e-02
  8.10358487e-03  3.79598811e-02  1.02229510e-02  5.39277457e-02
 -5.42722791e-02  1.84466112e-02  2.07801275e-02  3.84367891e-02
  2.14487277e-02  1.59463920e-02  1.32858772e-02  1.05312681e-02
  2.27573011e-02 -1.80925075e-02 -3.64186764e-02 -2.80778352e-02
 -8.71317089e-03  5.13392426e-02  1.69151314e-02 -2.70923208e-02
 -3.62335779e-02  2.92960890e-02  7.37353740e-03  6.26742169e-02
 -2.72314250e-03  4.31730337e-02 -6.62297085e-02  6.77049253e-03
  6.50716480e-03 -1.42794335e-02  2.49654166e-02  3.55997565e-03
 -2.93849065e-04  2.23733876e-02  1.68213118e-02 -6.87190294e-02
  4.26348560e-02 -2.30241455e-02  3.92668322e-03  5.96517585e-02
 -3.95288058e-02 -4.98837344e-02 -6.64325431e-02 -4.14493009e-02
 -6.64923014e-03  3.21375951e-02 -1.34217627e-02 -5.42056561e-02
  6.13990389e-02  5.37856035e-02 -6.60574362e-02 -2.35460754e-02
 -3.00427247e-02  2.63223704e-02  3.60386632e-02 -2.46524606e-02
 -6.34846091e-02 -1.86415967e-02  1.44403288e-03  8.33282247e-03
 -3.36833745e-02  3.57636176e-02 -2.54649390e-02 -1.88953653e-02
  4.51602489e-02 -5.84620908e-02 -8.91775824e-03 -2.33043414e-02
 -2.56685056e-02  4.25193552e-03  3.46699208e-02  4.37521413e-02
 -5.67382667e-03  2.52913591e-02 -5.59920967e-02 -2.93785450e-03
  2.57708002e-02 -4.67069894e-02  6.48927167e-02 -8.88286754e-02
 -1.48677109e-02 -4.16899882e-02 -9.80927516e-03  6.77766372e-03
  2.24823654e-02 -6.68992847e-03  5.21745607e-02 -7.89695361e-04
  1.79881491e-02 -3.01210061e-02 -1.22595746e-02  1.57638192e-02
  3.31802620e-03 -2.94215456e-02  2.11367961e-02 -4.94910143e-02
  1.68010406e-02  2.45503057e-02 -1.55963730e-02  8.84856156e-04
  1.33519834e-02  3.02555878e-02 -4.67812866e-02  6.92595914e-03
  6.84180483e-02  2.57501863e-02  2.46059932e-02 -1.69587769e-02
  2.46773381e-02 -4.30450477e-02 -2.27980316e-03  3.05347121e-03
 -1.13799777e-02  2.21511945e-02  2.71351729e-02  1.64184533e-02
  1.37032138e-03 -6.18743012e-03 -1.66230015e-02  1.72245223e-02
  4.43464052e-03 -1.79490745e-02 -2.17616931e-02  3.67140248e-02
  2.27304827e-02 -5.66487685e-02  1.66378710e-02  7.68896416e-02
  3.04568913e-02  6.32641166e-02 -1.18806912e-02 -1.07070394e-02
 -1.42416377e-02 -3.23301852e-02  1.98800839e-03  2.81035341e-02
  9.31534097e-02 -5.83906984e-03  5.69130778e-02 -1.04483375e-02
  6.96496367e-02 -4.37384509e-02  5.52984104e-02 -9.65762604e-03
  5.62086748e-03 -2.34280117e-02  2.57990062e-02 -1.24506449e-04
  9.55465157e-03  6.07201234e-02 -1.83680449e-02  4.97621745e-02
 -1.70462187e-02  2.38897912e-02  4.21579257e-02 -9.65948711e-05
 -3.32467593e-02 -4.33087274e-02  3.85430269e-02 -3.09393462e-02
  2.36358382e-02  5.40817305e-02  3.68928947e-02  8.12877808e-03
 -2.40110084e-02  2.45891996e-02 -1.40623488e-02 -5.86763397e-33
  4.58472893e-02 -2.21306700e-02  1.97929312e-02 -1.57888960e-02
 -1.99247561e-02  6.34346753e-02  2.27671047e-03  4.07804139e-02
 -3.60777117e-02 -4.64392230e-02  7.90002476e-03  5.08444430e-03
  1.62079539e-02 -8.00845586e-03 -3.69723253e-02  3.50427963e-02
  3.75870895e-03  3.31332274e-02 -1.19001558e-02 -6.69184253e-02
  4.76191714e-02  2.55667511e-02  1.71833076e-02 -2.08383109e-02
 -1.62334070e-02 -1.93357058e-02  7.44357053e-03 -2.91858930e-02
  3.22900712e-02  4.07715375e-03 -4.92922850e-02  2.46576443e-02
  1.23725198e-02 -5.15055954e-02  2.97569972e-03  5.24779707e-02
  1.81072019e-02  4.02156673e-02  7.58046750e-04 -4.39466387e-02
 -1.48298480e-02 -1.01649482e-02 -2.56801466e-03 -2.77824104e-02
 -1.91356000e-02  1.15025900e-02 -1.64172482e-02  3.37609909e-02
  9.14115272e-03  2.49819830e-02  8.17863271e-03 -1.51753882e-02
 -5.54215908e-02 -9.44711574e-05 -1.68322939e-02  3.83880199e-03
 -6.88811094e-02 -7.46817968e-05  1.41851930e-02 -3.60450596e-02
 -1.79983936e-02  4.68241572e-02 -4.03953567e-02 -4.08902392e-02
 -4.15369496e-02  2.11387202e-02 -1.04355536e-01 -3.17243002e-02
 -6.84147477e-02 -2.06717029e-02 -1.38643477e-02  3.27814370e-02
 -9.16589703e-03  5.10750227e-02 -7.22208172e-02 -3.84954107e-03
 -5.80626316e-02  1.81629248e-02 -2.72754245e-02  9.44405235e-03
  4.58538570e-02  6.52114162e-03 -2.40015648e-02  4.62038666e-02
  6.49183095e-02  4.13029529e-02 -1.10835284e-02 -1.60418637e-02
 -9.81230754e-03 -2.01407131e-02 -2.25487538e-02  7.91811869e-02
 -6.17314782e-03  5.60116321e-02  7.06349239e-02  6.79735513e-03
  2.92000454e-02  3.45315523e-02 -6.32860605e-03  1.05908224e-02
 -7.55302086e-02  8.09574202e-02  3.64889449e-04  4.83601131e-02
 -3.31099965e-02 -3.09836818e-03  4.25405335e-03  3.92378606e-02
  2.16108281e-02  4.35367301e-02  2.85946131e-02  1.70469563e-02
 -1.18932603e-02 -1.66491978e-02  4.02695276e-02 -1.73872933e-02
  5.35080396e-02 -5.64311929e-02 -2.60876045e-02 -8.69596079e-02
  3.32204103e-02 -2.33756751e-02 -8.80580861e-03  3.19799557e-02
 -3.29596214e-02  5.48470877e-02 -9.62620601e-02 -2.23307833e-02
 -8.35831314e-02  4.48395088e-02  2.35243086e-02  1.03328759e-02
  2.13324711e-07  5.25617786e-02 -1.15702227e-02  7.76060149e-02
  4.04529497e-02  1.93010010e-02 -3.24106589e-02  3.22680175e-02
 -1.36637567e-02  3.21419165e-02 -1.11890743e-02  3.11231799e-02
  3.29619572e-02 -1.88596938e-02  6.17393246e-03  3.33941355e-02
 -4.96137068e-02 -1.55328391e-02  1.25554902e-02 -9.85220447e-03
 -2.79343966e-02  1.03360042e-01  1.07644023e-02  2.10402552e-02
  1.93945840e-02  1.18285557e-02 -1.23996027e-02 -4.55642678e-03
 -2.82959305e-02 -2.00718977e-02 -2.80777644e-02 -1.09239891e-02
  1.02472275e-01 -7.13200718e-02  4.41431999e-02  3.40922065e-02
 -6.66496977e-02  2.35296879e-02  4.18434963e-02 -5.67634553e-02
  2.97924075e-02 -5.51045835e-02 -7.85807744e-02 -2.10585631e-02
 -3.87183670e-03  1.40263652e-02 -9.66499653e-03  1.16207069e-02
  5.95528223e-02 -7.80983418e-02  3.00426614e-02 -6.18239678e-02
  7.08586024e-03 -1.10822571e-02 -1.19615896e-02 -1.76542420e-02
  2.66332719e-02 -1.19478758e-02  2.47421907e-03  4.55683619e-02
  1.03967190e-01  5.18108681e-02 -6.69471025e-02  2.58269329e-02
  3.09961010e-02  5.87817058e-02  2.35932525e-02 -6.84773363e-03
  9.57825973e-35  7.00064877e-04  3.25727612e-02  4.79288027e-03
 -1.90171637e-02  2.51377746e-02  2.14538313e-02  2.69738901e-02
 -6.30001351e-02 -1.07696820e-02 -4.51315660e-03 -1.25599382e-02]"
Sustainable_livelihoods_and_ecosystems,Livelihood support and ecosystem-protective programming improving long-term food security.,"[ 3.60231125e-03  7.97990412e-02 -1.17980279e-02  1.94639135e-02
  1.57091431e-02 -1.22804642e-02 -1.62487943e-02 -3.06476909e-03
 -6.09050971e-03  1.95109006e-02  1.12733677e-01  9.34621096e-02
  4.12551612e-02 -1.09501195e-03  3.53863202e-02 -1.91450212e-02
  3.68104912e-02  1.58007555e-02 -1.17186224e-02  4.95672822e-02
 -6.95155514e-03  2.82065012e-02  2.09771469e-02 -1.95321552e-02
 -5.39447814e-02 -4.27256990e-03 -1.50702316e-02  5.08521609e-02
 -5.67246415e-03 -6.56952560e-02 -9.04161949e-03 -2.66607385e-02
  1.66602079e-02 -7.35869706e-02  1.51086056e-06  1.22833457e-02
 -5.30085824e-02  2.51662601e-02 -7.57064521e-02 -1.02501772e-02
  2.44997907e-03 -8.26237053e-02  8.42008740e-03  2.06205957e-02
  2.41094194e-02 -2.73791384e-02 -1.08989570e-02 -3.63525264e-02
 -8.99117254e-03 -2.55356710e-02  2.97103096e-02 -4.84757833e-02
  2.41281115e-03  3.73536758e-02 -8.29867721e-02  5.40618561e-02
 -1.07783382e-03 -9.76370461e-03 -6.57217484e-03  1.23690888e-02
 -3.53113227e-02  5.03624231e-02  4.73546889e-03 -1.32667460e-03
  1.59596261e-02  5.10094352e-02 -2.28774771e-02 -4.31049988e-02
  7.54833873e-03  4.41167271e-03  1.13882804e-02  6.63348585e-02
 -4.48785871e-02  6.55370252e-03  8.40492826e-03 -3.29866260e-02
  4.66682995e-03  2.67721824e-02  4.38090004e-02 -3.77826318e-02
  8.15350115e-02  4.74013388e-02 -1.39994584e-02 -1.60694544e-04
  7.11647933e-03  9.62326825e-02 -4.22459617e-02 -2.01005139e-03
 -3.60895172e-02 -1.23054544e-02  9.86418407e-03  2.18325313e-02
 -1.41121102e-02  3.28893512e-02  2.20561102e-02 -2.26807222e-02
  2.15660725e-02  1.93996783e-02 -3.36553417e-02  1.15515003e-02
 -5.79616725e-02  6.72140121e-02 -8.96228999e-02 -5.28830439e-02
  1.15976417e-02 -3.90100330e-02  1.25884283e-02 -3.13050747e-02
  3.98619808e-02  4.97478880e-02  4.80211282e-04 -9.56926495e-03
  2.35024411e-02 -1.25195254e-02 -2.14454345e-02  7.30633782e-03
  5.03184721e-02 -3.29727866e-03 -3.70112732e-02 -2.80968845e-02
 -3.92900631e-02  6.56096563e-02  1.25645250e-02  2.62086838e-03
  7.41662132e-03  1.07926108e-01 -2.42597982e-02  1.13093238e-02
  3.53721008e-02 -5.67733385e-02 -6.32923990e-02 -1.34548591e-02
 -2.15788092e-02 -1.79317761e-02  2.43128724e-02  2.84884367e-02
  1.28208315e-02 -3.42753977e-02 -7.31294230e-02 -1.65182687e-02
 -4.00290489e-02  1.59493964e-02 -5.45245446e-02 -1.05561996e-02
  4.86859074e-03 -3.38318106e-03  5.62827252e-02  9.36094020e-03
  3.98610868e-02  3.12857591e-02 -1.81789268e-02  1.22255217e-02
  8.11820626e-02 -2.37602014e-02  2.12692712e-02  3.63296904e-02
  6.01532161e-02 -3.35623808e-02 -1.79323573e-02  4.37182188e-02
 -2.15721373e-02  2.20760144e-02 -7.44869187e-02 -2.30696201e-02
 -4.70852815e-02  1.84403304e-02  2.73919720e-02  4.20702249e-02
  2.89209541e-02 -1.06564537e-02 -2.45873313e-02  3.22615309e-03
  8.47391598e-03  7.17182532e-02  7.14227781e-02  6.56258017e-02
  1.11925136e-02  2.48187389e-02 -1.96209345e-02  6.25951439e-02
 -6.19570278e-02 -4.25886288e-02 -2.15650871e-02 -3.87347653e-03
 -5.88052012e-02 -1.46309119e-02 -1.27938194e-02 -2.65756361e-02
  8.59909225e-03 -1.63743105e-02 -8.49611033e-03  4.87052277e-02
  1.79877430e-02  3.70278843e-02 -2.02671625e-02 -2.01503444e-03
  3.01588159e-02 -4.13521193e-02 -5.32279462e-02 -1.54658509e-02
  7.49831423e-02 -2.23616306e-02  8.37532058e-03 -2.56185746e-03
 -5.03220558e-02 -6.77748211e-03  2.56974697e-02 -4.57335636e-03
  1.42683536e-02 -3.59198824e-02 -6.25475124e-02 -2.02954505e-02
  1.91403907e-02  4.91594560e-02  2.78936140e-03  1.72871037e-03
 -2.86617829e-03  3.81974839e-02  1.54395553e-03  2.56865807e-02
  1.33898519e-02  2.50048321e-02 -2.44461112e-02  1.47788590e-02
  2.98285438e-03  3.09227072e-02 -2.39694733e-02  1.65924930e-03
 -2.84791086e-02  4.91012558e-02  3.16821486e-02  2.81349868e-02
  1.04773873e-02 -4.38020658e-03  3.38029228e-02  4.55650724e-02
  4.44957167e-02  3.82477194e-02  2.72426172e-03 -5.80411516e-02
 -2.51656920e-02  2.83691939e-02  3.42397131e-02  4.21933234e-02
 -1.98283233e-03  4.51083705e-02 -1.69613007e-02 -2.09943913e-02
  2.49401219e-02  1.45204756e-02  3.66784036e-02 -2.86472123e-02
 -9.71483067e-03  2.30551288e-02 -4.01933938e-02 -9.87968892e-02
 -1.67160146e-02  3.16284932e-02 -7.69721642e-02  9.60069969e-02
 -6.51427582e-02 -2.37869155e-02 -6.37710020e-02  1.05608124e-02
  8.03145468e-02 -7.23005682e-02  2.50194110e-02  1.04310112e-02
  4.46848832e-02 -5.88273667e-02 -1.28083415e-02 -2.77954303e-02
 -3.16904858e-02  2.06036754e-02  4.40341756e-02 -3.74612748e-03
  1.97461881e-02 -3.38230748e-03  1.74462982e-02 -2.86636744e-02
 -5.95849473e-03  2.25902926e-02  1.89170595e-02  5.74696139e-02
 -1.88739635e-02 -4.90838975e-05  4.42482904e-03 -8.77625123e-02
 -1.56687293e-03 -9.24616754e-02  3.31609882e-02 -1.58770643e-02
 -9.35518835e-03  3.61832380e-02 -3.44571099e-02  6.71612248e-02
 -4.13748547e-02 -8.33985731e-02 -2.67749112e-02  1.47118913e-02
  1.87300052e-02  2.08982918e-02  3.43273394e-02 -1.17967995e-02
  7.41576077e-03  9.64967720e-03 -1.15550412e-02  5.08999452e-03
 -1.54797221e-02 -9.41071436e-02  3.82683240e-04  2.75534336e-02
  1.97487511e-02 -3.09127755e-02  3.98700908e-02 -9.14009055e-04
 -2.12823926e-03 -1.04217073e-02  3.90361920e-02 -7.99177401e-03
 -2.12934036e-02 -5.25554456e-02 -1.52388867e-02  1.04873162e-02
 -1.04283206e-02 -1.98584273e-02 -4.95284656e-03 -1.36563666e-02
  4.01584916e-02 -9.91122797e-03 -2.57814322e-02 -9.74677689e-03
 -2.71237623e-02  1.20405015e-02  2.92871352e-02 -6.77025616e-02
  1.02735832e-02 -8.59254524e-02 -5.03721833e-02  1.64384991e-02
 -1.65162869e-02 -6.08328218e-03 -2.82615423e-02  6.20518066e-02
  3.93865816e-03  4.46383357e-02  2.58899163e-02  5.32083437e-02
  1.11026363e-02  3.17372940e-02  5.36198132e-02 -2.50760503e-02
 -3.14257070e-02 -6.16077036e-02  4.25007986e-03  6.47862768e-03
 -6.46404028e-02 -5.39227854e-03  1.33101074e-02  7.92721007e-03
  2.97863595e-02 -4.64244112e-02  1.27358865e-02 -2.16189809e-02
  6.72978312e-02  5.32830842e-02  2.37120632e-02  4.34645489e-02
  2.69217305e-02  3.37003805e-02 -8.33972916e-03  7.22776055e-02
 -1.90426204e-02  3.98259647e-02 -7.79181160e-03  6.01742305e-02
  2.78236475e-02 -5.82779571e-02 -8.52731522e-03  2.82178968e-02
  2.12902967e-02  1.72085613e-02  2.41030529e-02  2.08445992e-02
 -1.53006827e-02 -1.32956570e-02  6.68455847e-03 -7.03388378e-02
  1.13021834e-02  5.33644035e-02 -6.07474614e-03 -5.63574135e-02
 -5.58913350e-02  3.09918113e-02 -1.15219746e-02 -3.13072950e-02
  3.39154527e-02  2.88510974e-02 -2.59323400e-02  1.81343518e-02
  4.68560122e-02  8.25331360e-03  4.55398820e-02  1.52971437e-02
 -2.08677016e-02  6.53784163e-03  1.19780727e-01  1.51488148e-02
  1.21740075e-02  2.77188607e-02 -1.50008341e-02 -2.21533794e-02
  1.31419208e-02 -1.73091758e-02  4.52779559e-03 -5.70785105e-02
  5.38315298e-03  3.73726226e-02 -2.95348018e-02  1.42678507e-02
 -2.53263433e-02  4.79813926e-02  2.51941755e-02 -2.13334877e-02
  2.92792134e-02  3.94482203e-02 -2.03998871e-02  2.58707590e-02
 -3.44000682e-02  1.87033936e-02  2.81486493e-02 -2.06218231e-02
 -4.15901393e-02 -8.85382667e-02 -8.57532676e-03  3.18374671e-02
  4.02816273e-02 -9.35062468e-02 -1.44190015e-02  4.95936014e-02
  2.21351814e-02  7.92065635e-02  2.35989317e-02 -4.80664475e-03
 -2.31816410e-03  3.31526548e-02 -1.49476621e-03 -2.06995904e-02
  2.13034432e-02 -5.80504127e-02  4.45523895e-02  1.55179640e-02
  1.88633287e-03 -8.21005460e-03  1.77915134e-02  3.02486178e-02
 -1.48542598e-02 -4.91198599e-02 -1.65644940e-02 -5.76130580e-03
  1.89431328e-02  6.31184736e-03 -4.98219626e-03  5.18931076e-02
 -2.69446000e-02  2.05756184e-02  6.33414760e-02  2.34324038e-02
  8.28464795e-03  6.21189503e-03  7.38877291e-03 -3.24539691e-02
 -8.23662151e-03  5.91227747e-02  1.34567674e-02 -2.60054711e-02
  1.26624731e-02  2.48930752e-02  7.45677901e-03 -1.59400236e-02
  3.65505069e-02  6.02311827e-03 -9.84512549e-03 -5.13804704e-02
  1.38584729e-02 -5.95208630e-02 -1.52300466e-02 -1.60594638e-02
  7.19984574e-03  1.00700362e-02  4.68317559e-03  6.29407987e-02
  2.49931626e-02  1.94608271e-02 -2.93715578e-02  2.10915450e-02
 -4.28769663e-02  6.32203836e-03 -5.28937653e-02 -4.99717519e-02
 -6.33814111e-02  2.60619912e-02 -2.27583777e-02 -6.04584478e-02
 -4.09429744e-02  5.67965629e-03  1.93807448e-03 -3.61464103e-03
  1.09159844e-02  2.71577910e-02 -1.01431981e-02 -2.33063893e-03
  8.95234793e-02 -7.25664198e-02  7.80170923e-03  3.36493477e-02
 -7.27096293e-03 -1.24177355e-02  1.26716737e-02 -1.28243621e-02
 -5.61894141e-02 -2.56508235e-02 -5.71837090e-03 -2.86008865e-02
 -1.01544119e-01 -1.88481286e-02 -1.08905265e-03 -2.39659427e-03
 -3.48755270e-02 -1.31744742e-02  2.57129725e-02 -3.48669328e-02
  1.26984967e-02 -7.62392592e-05  2.76188664e-02 -3.13645080e-02
 -3.31129506e-02  3.20600532e-02 -4.94815502e-03  6.16635643e-02
 -3.19350371e-03  1.51780434e-04  4.74943221e-03 -1.67484488e-02
  1.50516639e-02  3.73026431e-02 -4.47889008e-02 -9.97901559e-02
 -1.40424510e-02 -3.11232228e-02  2.96812097e-04 -3.80435139e-02
 -5.23612015e-02 -1.32226618e-02 -7.90587533e-03 -4.77472030e-33
 -2.11821869e-02 -6.11707903e-02  2.06590798e-02 -4.66171093e-02
 -1.10468138e-02  1.85026368e-03  2.86378544e-02 -1.46909412e-02
  8.12654663e-03 -3.12513784e-02  2.85332128e-02 -1.90342951e-03
  3.86248380e-02  3.25797237e-02 -2.55614277e-02  1.96759240e-03
 -6.26680106e-02  2.23867726e-02 -3.64534790e-03 -1.07649133e-01
 -3.00553460e-02  1.22834230e-04  1.85307395e-02  2.09186785e-03
  5.50181046e-02  1.64362546e-02 -8.57751817e-03 -2.85663158e-02
 -4.34542559e-02 -5.52754477e-02 -4.00498696e-03  3.18627991e-02
  2.74455082e-02 -5.06281033e-02 -1.53500699e-02  2.08229423e-02
 -2.57163458e-02 -4.59839739e-02  1.95032787e-02 -3.56896780e-02
 -8.18126723e-02 -3.74451615e-02 -3.10627278e-02  6.89184144e-02
  1.28031150e-02 -3.62855615e-03 -3.59518197e-03 -2.51881070e-02
  1.84838008e-02  3.75359245e-02  3.07965167e-02 -6.87262556e-03
 -1.67347565e-02  2.39704177e-02 -2.18584333e-02  6.73100501e-02
 -1.86625104e-02  6.40430823e-02 -1.60683822e-02 -3.47212739e-02
 -1.14579266e-02  3.20180245e-02  1.93425026e-02  4.37045619e-02
 -2.15017907e-02  5.06693171e-03 -9.07079205e-02 -6.53815344e-02
  5.11886515e-02 -2.67543029e-02 -1.43769318e-02 -7.04756007e-02
  2.21921057e-02  1.83691957e-03 -2.96317339e-02 -4.27537300e-02
 -2.19482183e-03  3.13290320e-02 -3.35579738e-02  1.24397343e-02
  2.21624672e-02  8.25197902e-04  4.32276018e-02 -4.60515469e-02
 -3.84495296e-02 -6.70340657e-02 -8.87264777e-03  7.39819258e-02
  2.59710960e-02 -3.71069135e-03 -4.83216085e-02  6.91499040e-02
 -3.69598791e-02  6.45494387e-02  4.95470650e-02  2.21817046e-02
 -2.35761069e-02 -3.11658848e-02  2.25225389e-02  3.20767947e-02
 -3.43924686e-02  2.19341796e-02 -1.37773762e-02  3.32025625e-02
  3.09406593e-02 -4.15567122e-02 -7.35425996e-03  7.92295020e-03
  1.01351887e-02 -7.04934262e-03 -1.61607619e-02  2.87319981e-02
  1.00902272e-02  4.55234312e-02 -3.05898190e-02 -4.89185564e-02
  1.66924652e-02  6.49895938e-03  2.48971395e-02 -6.12741150e-02
  9.22747888e-03  5.24358675e-02 -1.23841008e-02 -1.11642927e-02
  1.40787531e-02  2.77604144e-02  2.82349437e-02 -8.40017013e-03
 -8.15040320e-02  3.40858591e-03  1.52919348e-02 -1.13356542e-02
  2.03264307e-07 -1.09856622e-02  4.26848009e-02  6.32687435e-02
 -3.27390321e-02  2.34456956e-02 -3.53706293e-02  3.74729633e-02
  5.69042526e-02 -4.79517467e-02  1.28917070e-02  5.59672266e-02
 -2.82735191e-02  1.28210708e-02 -9.16824490e-03  5.44485152e-02
  3.72605659e-02 -7.91290775e-03 -6.79145381e-03 -5.51104732e-02
 -1.87748224e-02  5.63706160e-02 -7.46096065e-03 -2.11037230e-02
  5.68009950e-02 -1.29560092e-02  1.86719783e-02 -1.73790641e-02
 -1.51149556e-02  4.49987799e-02 -7.17414841e-02 -1.82701345e-03
  1.53045170e-02 -7.95104355e-03 -3.29074189e-02 -1.65909585e-02
 -4.33442555e-02 -4.09692042e-02  4.98028994e-02 -1.40117137e-02
  4.73674247e-03 -3.81869078e-02  3.17492820e-02 -2.12330185e-02
 -2.31732037e-02  3.36967818e-02 -4.15383279e-02 -1.74176530e-04
  7.23912865e-02  2.11599935e-03  2.40073875e-02 -1.41035556e-03
  2.89416313e-02  2.66576633e-02  1.10501694e-02 -1.02789588e-02
 -1.78481161e-03  1.17809586e-02  1.26549257e-02  2.11922303e-02
 -1.58662964e-02 -1.05667934e-02 -4.03062962e-02 -2.72580534e-02
  4.94708912e-03 -4.89619076e-02 -5.15705487e-03  1.69346447e-03
  1.36323561e-34 -2.26521716e-02  5.50301839e-03  8.77608720e-04
 -7.46936724e-02 -2.95517277e-02  3.70704308e-02 -4.27251607e-02
 -2.28366889e-02  1.87704433e-02  2.87550353e-02  4.53658309e-03]"
Smallholder_agricultural_market_support,"Market access, farm linkages, and demand support for smallholder producers.","[-3.24988924e-03 -1.33501068e-02 -2.84980554e-02 -1.46521637e-02
  3.87841575e-02  1.70737989e-02  4.89669256e-02  8.14440195e-03
  4.14860137e-02  5.98399676e-02  5.08764647e-02  3.84693593e-02
  6.58914372e-02 -6.87899021e-03  4.48324159e-02 -5.24804741e-02
  1.43342325e-02  2.41336282e-02 -6.71721324e-02  7.60825537e-03
  3.57432328e-02 -1.19139086e-02  1.43332733e-02  1.57142617e-02
 -4.72060814e-02  2.76204702e-02 -1.06692396e-03  4.04893309e-02
 -4.36380617e-02 -8.58049281e-03 -3.66751738e-02 -2.49019079e-02
 -2.32101548e-02 -1.96551625e-02  1.23120299e-06  1.19426297e-02
 -9.90924388e-02  4.80712857e-03 -8.78834575e-02  4.00653742e-02
 -4.85460050e-02 -5.37097268e-02 -1.70960557e-02  1.94815937e-02
  9.25039221e-03  3.21265124e-02  5.18367067e-02 -2.17752904e-02
  1.89607330e-02 -4.20451760e-02  2.42276434e-02  1.42505588e-02
 -3.74677591e-02  2.48224158e-02 -1.49547858e-02 -4.45203297e-03
  1.06760310e-02  2.83411145e-02 -2.61032232e-03  6.62576221e-03
 -5.81436828e-02  1.83873959e-02  1.42830107e-02  4.26892601e-02
  3.10691707e-02  4.16075215e-02 -3.31257582e-02 -1.95957609e-02
 -3.89757827e-02  2.54576933e-02  7.09858984e-02  4.26294021e-02
 -1.10315429e-02 -1.01581076e-03  5.61399292e-03  6.90257996e-02
 -3.76510210e-02  4.10078419e-03  5.12763634e-02  1.18696112e-02
  8.63087699e-02  4.16366719e-02  1.54377306e-02 -7.21738907e-03
 -4.30283919e-02  1.62989516e-02 -5.26280254e-02  2.71839136e-03
 -4.06089313e-02 -3.49700265e-02 -3.33896652e-02 -1.34367840e-02
  1.58216711e-02 -1.90241635e-02  7.01598078e-02 -1.73498858e-02
 -2.91893110e-02 -2.43202783e-02  1.19612338e-02 -4.09481190e-02
 -5.58436364e-02  2.58846413e-02 -3.24939750e-02 -2.74645258e-02
 -1.56704802e-02 -4.69499864e-02 -1.67608056e-02 -1.57517046e-02
  5.29324897e-02  3.25192325e-02  5.12384139e-02  1.27301533e-02
 -6.03579730e-02 -3.53991725e-02 -2.32579047e-03  2.71414761e-02
  1.26579059e-02  4.78426111e-04 -1.80613007e-02 -2.27766149e-02
 -3.45266121e-03  1.90562941e-02 -5.47300326e-03  3.66812549e-03
 -4.69445772e-02  6.74274266e-02 -5.60893305e-02  1.55167403e-02
  3.83386686e-02 -8.31567049e-02 -6.78902790e-02 -5.48109189e-02
  1.92886665e-02  2.99002621e-02  2.74838209e-02 -4.35575768e-02
  6.12594821e-02  1.68184210e-02 -6.29266873e-02  2.64683715e-03
  7.28270179e-03  1.74299199e-02 -7.13246018e-02  1.20270858e-02
  9.79764853e-03  1.98038630e-02  7.34316111e-02 -7.12647475e-03
  2.69788038e-02  2.56046932e-02 -3.24976519e-02  3.77947763e-02
  9.65386406e-02 -3.18796262e-02 -1.74287651e-02  3.76559757e-02
  9.81746707e-04 -7.93251097e-02  2.24146023e-02  5.12080453e-02
 -2.74675470e-02  2.91537680e-02  4.28281724e-02  3.02399732e-02
 -3.84684354e-02  1.33311739e-02  5.37996180e-03  7.09660538e-03
 -9.59977228e-03 -4.32309285e-02 -1.91284176e-02 -4.67694458e-03
 -3.85508477e-03  2.14821417e-02  4.13838439e-02  5.29621132e-02
  4.94277254e-02 -3.64245512e-02 -3.04090641e-02  4.27708402e-02
 -4.91254143e-02 -4.84406054e-02 -1.09164352e-02  2.11865287e-02
 -1.83527041e-02  2.73110978e-02  1.98827703e-02 -6.84893727e-02
 -2.02498026e-02 -9.00273491e-03  7.47150043e-03  5.21576628e-02
 -2.69822888e-02  3.91035005e-02 -7.24209193e-03 -2.14406047e-02
  1.96562372e-02  3.33261080e-02 -6.27975026e-03  3.19352485e-02
  7.47545762e-03  5.49582113e-03 -1.10055124e-02 -3.85103375e-02
 -9.27128084e-03  9.25498921e-03  3.37399244e-02  3.26159745e-02
  2.87202783e-02  6.60667345e-02  1.98094826e-02 -1.58710871e-02
 -5.02565987e-02  1.19025772e-02  2.98588630e-02  4.87485677e-02
 -2.49008685e-02  1.39689697e-02 -5.65314516e-02 -4.31012735e-02
 -6.10816218e-02 -1.38086239e-02  5.75433001e-02  6.31626276e-03
  1.78480949e-02 -1.67508181e-02 -7.37685263e-02  5.63547574e-02
 -3.12788896e-02  1.26541024e-02  4.73937988e-02 -1.14834057e-02
  3.16699892e-02 -7.17874104e-03  2.90776696e-02  4.08098027e-02
  4.87274677e-02  1.49686681e-02 -2.71391179e-02 -3.48016135e-02
 -4.85627763e-02 -4.65077348e-02  4.38925289e-02 -2.08559614e-02
  7.43145421e-02  3.53719927e-02 -1.54922996e-03 -1.21299289e-02
  3.42686754e-03  1.76100545e-02  4.69846651e-03  1.15880081e-02
 -3.15452442e-02 -1.87018830e-02 -2.34568082e-02 -4.65553142e-02
  1.77426916e-02  3.78347561e-02  7.42509821e-03  1.18841678e-01
 -2.04136502e-02 -2.72943322e-02 -3.06365117e-02 -2.31346264e-02
  2.66376156e-02 -1.52693698e-02  1.34953326e-02  4.34200056e-02
  1.62421621e-03  1.36525845e-02 -1.35532580e-02 -2.70737857e-02
  2.13103220e-02  1.82907134e-02  4.81447279e-02 -7.81577639e-03
  5.56665957e-02 -1.90060809e-02  3.94695140e-02  8.53323203e-04
  5.25152944e-02 -8.72327201e-03  2.92259529e-02  1.10959867e-02
 -7.02923455e-04 -9.83520411e-03  3.44565101e-02 -3.18074636e-02
  4.35575210e-02 -8.04356486e-02  8.65764357e-03  6.02361979e-03
 -1.92071311e-02  1.93789434e-02 -2.35236734e-02 -1.08286757e-02
 -6.10373542e-02 -5.48937283e-02 -9.65320542e-02 -1.01977503e-02
  6.46506436e-03  1.33635914e-02 -5.41828722e-02 -1.98157243e-02
  3.79017480e-02 -2.58271699e-03 -2.26373076e-02 -1.53737068e-02
 -2.15688869e-02  5.87317767e-03  6.68195933e-02  2.44659800e-02
 -1.46070980e-02  3.75711406e-03  5.14873415e-02 -1.46002630e-02
  3.04031894e-02  2.85706446e-02  2.42483821e-02  3.18252929e-02
  9.09090601e-03 -6.35402724e-02 -5.66557571e-02 -9.50674340e-03
 -2.53098062e-03  3.90445068e-02 -3.75886075e-02  2.53454912e-02
  1.42596820e-02 -9.21601709e-03 -3.16915102e-02 -4.97654416e-02
 -2.17947140e-02 -4.95652482e-03  7.22847655e-02 -1.07673276e-02
  5.13516292e-02 -1.07951062e-02  2.62877475e-02  1.22898724e-03
 -3.07199899e-02 -5.22614010e-02 -5.99365588e-03 -8.42168741e-03
  5.05065871e-03 -1.84736599e-03  4.44585271e-02  1.28357746e-02
  3.14432220e-03  7.51226172e-02  1.40593788e-02 -4.55141440e-02
 -7.07916508e-04 -3.93883092e-03  3.01731676e-02  7.67292827e-03
 -7.87366033e-02 -1.08293518e-02 -4.08759713e-03 -4.18710485e-02
  1.59394629e-02 -5.26785739e-02  7.01598302e-02 -1.38605935e-02
  6.15299419e-02 -6.76120166e-03 -4.63880738e-03 -1.83015980e-03
  6.05018251e-02  3.33347963e-03 -4.56523299e-02  2.64226180e-02
 -6.33196812e-03  4.77481149e-02 -1.27372593e-02  9.31800380e-02
  9.77022108e-03 -5.99261932e-02  3.97417648e-03  2.89454069e-02
  4.87045906e-02  2.06293509e-04  1.59499571e-02  3.44124809e-02
  7.27455877e-03 -4.96290661e-02  1.30415689e-02 -8.31380114e-02
 -3.86254452e-02  9.97852255e-03 -2.62703598e-02  1.04196556e-02
 -5.74255846e-02  2.74623707e-02  1.87444203e-02 -2.21119225e-02
  2.33057663e-02  3.23683210e-02 -2.60982085e-02  3.20474952e-02
  3.23384739e-02 -2.70242873e-03  8.29579011e-02 -1.19019039e-02
 -3.06945406e-02  1.21290199e-02  4.46951017e-02 -2.99056061e-02
 -2.16952935e-02  3.43340710e-02 -2.01264191e-02 -8.25756695e-03
 -2.47236788e-02 -1.13666768e-03  1.65587422e-02 -4.25816514e-02
  5.43292379e-04  3.70931588e-02 -6.02213517e-02  3.43976989e-02
 -6.10315986e-03 -1.80938542e-02 -5.69712967e-02  3.63218077e-02
 -6.91833273e-02  7.73996264e-02  2.71363575e-02 -6.26823027e-03
  1.02011608e-02  2.74416823e-02 -6.20111264e-03 -3.13992202e-02
 -3.59338857e-02 -4.93635163e-02 -1.54724065e-02  8.15971289e-03
  4.17399630e-02 -2.84018219e-02  6.26839399e-02  5.32404184e-02
  1.08713349e-02  7.70139545e-02  4.38548662e-02 -9.05998459e-04
  5.16065024e-02  3.85950916e-02 -1.06425127e-02  3.43942754e-02
 -1.66598596e-02  1.36484290e-02 -2.89663710e-02  2.84015909e-02
 -2.82434262e-02  3.70643921e-02 -5.92030548e-02  3.16460058e-02
 -4.71551493e-02 -1.26131857e-02  1.90729573e-02 -2.33039670e-02
  1.29132289e-02  2.53324006e-02  3.94660718e-04  2.28596404e-02
 -6.87862886e-03 -6.42588586e-02  1.01335347e-01  3.84103544e-02
  3.68699133e-02  2.63416264e-02  3.82236694e-03 -8.30201991e-03
  3.08863190e-03  3.12872157e-02 -1.68209523e-02  2.17787828e-02
  1.87214408e-02 -1.86207183e-02  2.87788250e-02 -1.57612259e-03
 -3.37175839e-02  7.12038437e-03  2.34905314e-02 -1.99740082e-02
 -7.38192210e-03 -6.97981613e-03  2.85809245e-02  6.00213418e-03
 -3.12802382e-02 -3.40665244e-02  5.40245175e-02  4.93043512e-02
  1.28583442e-02 -3.72701064e-02 -5.72142899e-02  6.27861544e-02
 -5.65768406e-03  3.74202579e-02 -6.69479519e-02 -8.57998524e-03
 -3.67034264e-02  1.29353600e-02  7.97590765e-04 -4.39947434e-02
 -8.46557226e-03  4.53476422e-02  3.22597772e-02 -2.82873251e-02
  3.44727491e-03 -6.98937522e-03  3.32725234e-02  9.22870729e-03
  6.33066967e-02 -4.40801792e-02  2.58272998e-02 -2.21739542e-02
 -6.17257655e-02 -2.80615538e-02  8.90460312e-02 -1.15827816e-02
 -4.08323780e-02 -1.09743662e-02  2.16718968e-02 -3.57898772e-02
 -3.39665115e-02 -2.13296115e-02 -3.03706527e-02  3.54826748e-02
  3.16218473e-02 -7.17387162e-03 -6.81328308e-03 -9.53603012e-04
 -5.38004935e-02 -2.75583123e-03  2.56221518e-02 -2.19123736e-02
  3.02023776e-02 -5.94236031e-02  9.22390446e-03  6.25619143e-02
 -4.84964512e-02  1.39255421e-02 -2.13260613e-02 -4.06278633e-02
 -1.03804248e-03  3.64259519e-02 -3.14294957e-02 -8.94080848e-02
 -4.42303419e-02  1.59861539e-02  4.23043221e-02 -3.30394097e-02
 -1.14906907e-01 -7.44823664e-02  6.63843006e-02 -4.98850672e-33
 -6.07583411e-02 -7.03835413e-02  2.74025183e-03 -5.24751134e-02
  3.98555258e-03  9.53602139e-03  2.05568504e-02  8.17573164e-03
  6.78325817e-03 -4.75126952e-02  1.04125310e-02 -1.64533276e-02
  6.59793383e-03  3.07902358e-02 -1.45135401e-02  4.94461739e-03
 -3.40406224e-02  5.48543520e-02  4.74507036e-03 -1.01087898e-01
 -9.90958288e-02 -5.24885766e-03  4.78583435e-03  8.47131312e-02
  4.07617763e-02 -4.78215441e-02 -3.46508250e-02  1.22574782e-02
  2.73685306e-02  4.10890914e-02  1.98641829e-02  5.06942673e-03
  1.12917861e-02 -5.23720458e-02 -6.82136230e-03  5.67532070e-02
 -2.27509737e-02 -1.98070798e-02 -1.89384185e-02 -5.34989499e-02
 -2.65667327e-02  6.15752302e-04 -5.31854145e-02  5.74910007e-02
  2.70471647e-02 -2.83163488e-02 -1.13704847e-02 -1.43353175e-02
  1.09855728e-02  6.01544380e-02  1.82057228e-02 -2.26371046e-02
 -2.24572583e-03  5.40899895e-02 -8.39598756e-03  7.21536502e-02
  8.14442802e-03 -1.22684855e-02  4.42792214e-02 -4.56121415e-02
 -2.69616977e-03  2.22664122e-02 -3.62136289e-02  5.46949878e-02
 -3.14278230e-02  2.97638997e-02 -6.59896284e-02 -6.66317940e-02
  5.96262775e-02 -7.01611415e-02 -8.36332794e-03 -5.08114658e-02
 -3.89785096e-02  4.16260473e-02 -6.05905317e-02 -1.52422069e-02
 -2.80774548e-03  1.19750863e-02 -2.85854284e-02 -2.48701256e-02
 -4.42754012e-03 -1.53582552e-02  2.37904899e-02  8.79900996e-04
 -6.64292723e-02 -2.91078109e-02 -3.38989273e-02  5.65909930e-02
  5.50824106e-02 -1.18470872e-02  4.59711486e-03  5.45967631e-02
  1.22833566e-03  3.13456394e-02 -3.28318924e-02 -6.03359416e-02
 -1.20715778e-02  5.88078564e-03 -7.35016400e-03 -7.71171506e-03
  7.11834338e-03  4.21127453e-02 -1.11424001e-02  3.57319489e-02
 -4.30591181e-02 -1.74232312e-02 -9.14226100e-03 -9.25380271e-03
 -4.25684266e-02 -2.10482511e-03  4.16305512e-02 -2.35014595e-03
 -1.60290729e-02 -4.03503072e-04 -4.52901470e-03 -3.31868567e-02
 -3.80136515e-03 -9.36003961e-03  2.15843017e-03 -1.32721467e-02
  6.02820106e-02 -3.02081159e-03 -4.49144281e-02 -7.36020803e-02
 -2.72751860e-02  7.37740844e-02  1.28307110e-02  3.00508812e-02
 -2.32775975e-03 -1.24634616e-03  1.64878797e-02 -5.72396107e-02
  1.99096235e-07  2.20248755e-02  4.88089025e-02  9.83234122e-03
  8.63730069e-03 -3.10572609e-02  2.90115410e-03  4.36547361e-02
  2.63063200e-02 -4.83155400e-02  3.63998562e-02  5.71301542e-02
 -1.49739552e-02  2.30695438e-02  7.40277022e-03  3.83552797e-02
 -4.62106429e-03  4.50234972e-02  4.85111633e-03 -2.96279136e-02
 -5.20389341e-02  2.01663654e-03 -2.48979982e-02 -3.87813859e-02
  6.39818460e-02  3.51331173e-03 -1.68841463e-02  1.30834198e-02
 -4.60016169e-02  4.32257131e-02 -3.41055878e-02  1.42162833e-02
  1.62314288e-02 -1.55764204e-02 -3.18180583e-02  1.16213383e-02
 -1.48665123e-02 -5.32224625e-02 -2.18506269e-02  8.46129004e-03
 -3.30252461e-02 -4.58579790e-03 -1.84911285e-02 -4.93860047e-04
 -1.49254762e-02 -4.48583206e-03  3.83826382e-02 -1.44479452e-02
  3.86607945e-02  3.33035290e-02  4.93746139e-02 -5.83218178e-04
  1.74674822e-03  5.57221696e-02 -3.88813391e-02 -2.51063798e-02
 -5.29173352e-02  3.26702036e-02 -3.31156254e-02  3.61269042e-02
 -2.30711559e-03 -3.47980820e-02 -3.27097438e-02 -2.53492780e-03
  4.58987840e-02 -3.05876341e-02  1.90853905e-02 -2.33416609e-03
  1.30274563e-34  2.85650929e-03  8.04665685e-03  4.75450307e-02
 -2.64594946e-02 -3.39758061e-02  1.86100341e-02 -9.94136184e-03
 -5.65405078e-02  2.41047069e-02 -1.37842558e-02 -2.36052256e-02]"
Rome_based_agencies,Coordination and joint programming with FAO and IFAD.,"[ 1.59466155e-02  5.09982817e-02 -1.68875195e-02 -3.02205570e-02
  1.19016338e-02  2.53349394e-02  1.37765324e-02 -1.45826861e-02
 -2.38700844e-02  2.68544070e-02 -3.53260785e-02 -3.45696099e-02
  4.07113619e-02  6.07582144e-02 -3.70787159e-02  1.53610287e-02
  1.52997323e-03  4.95678419e-03 -7.64634609e-02 -8.93832464e-03
  2.31486075e-02  3.85536323e-03 -2.76012328e-02  3.02328989e-02
 -2.15278119e-02 -2.64497716e-02 -2.86140461e-02  7.52096821e-04
  9.21307225e-03  2.77845673e-02  5.77233247e-02  2.07837150e-02
 -1.31369419e-02 -1.93908662e-02  1.93108872e-06 -2.03134045e-02
 -6.55376911e-02  9.45150480e-03 -3.11710350e-02  4.43607792e-02
 -7.93489453e-04 -3.13207991e-02 -5.48502477e-03 -6.19203225e-03
 -5.63580915e-03  3.93833686e-03  5.29806949e-02 -8.08901936e-02
  2.37163398e-02 -1.16431583e-02  2.59505790e-02  2.33697370e-02
 -3.76490168e-02 -1.36383832e-03 -1.38601840e-01 -1.53234238e-02
 -1.26066776e-02  2.69483570e-02  3.36028151e-02  9.59756225e-03
  3.34284604e-02 -1.61409753e-06  1.26167638e-02 -1.06614400e-02
  1.24120144e-02  2.25259084e-02 -1.84588227e-02 -7.69887958e-03
 -3.48711833e-02  9.03575961e-03  1.05733447e-01 -2.50404165e-03
  1.03923995e-02  2.80283280e-02  1.71699338e-02 -2.45665777e-02
 -3.91546823e-02 -3.63865420e-02  1.20575540e-02 -3.47654633e-02
  6.62748739e-02 -5.37175743e-04 -2.43847072e-02 -5.10560488e-03
 -4.98450287e-02  4.94988672e-02 -4.24784236e-02 -4.16065715e-02
 -7.53093045e-03  1.23295998e-02 -1.93138272e-02  4.41015977e-03
  2.68424023e-03  4.45267260e-02 -2.42807716e-02 -7.44264573e-02
 -2.16548424e-02 -2.64122076e-02  3.70439701e-02  1.03325658e-02
  5.26361763e-02  5.11451485e-03  1.34806037e-02  1.71823031e-03
  3.93747054e-02  1.80631559e-02 -3.23539078e-02  2.90889554e-02
 -2.07896046e-02  8.22683051e-02 -6.56102374e-02  1.11183422e-02
  7.17403367e-03  6.63800389e-02 -6.06447868e-02  4.13895957e-03
 -1.54633494e-02  2.68401299e-02 -6.42674323e-03  4.18953933e-02
  3.13402759e-03  1.52343996e-02 -3.69874798e-02  3.21651064e-02
 -9.14483331e-03 -3.06121446e-03  4.73977253e-03  5.30310571e-02
 -2.78752148e-02  4.18631025e-02  7.97554292e-03  2.95813046e-02
 -1.58312730e-02 -2.28259643e-03 -4.56459932e-02  5.20393699e-02
 -1.39740929e-02  2.48597171e-02  6.24646768e-02 -3.95089053e-02
  3.79396081e-02 -4.38826047e-02 -2.19692122e-02 -4.02825549e-02
  3.39596681e-02 -3.62170078e-02 -2.68926262e-04  3.13589200e-02
 -1.47959134e-02 -2.29140930e-02  4.93941419e-02  1.86863225e-02
 -4.44222502e-02 -1.20841544e-02  5.36961108e-03  1.35348262e-02
  4.75432277e-02  1.00076636e-02 -3.52758095e-02 -2.62601376e-02
 -2.49632765e-02  1.51958512e-02 -3.78662497e-02  4.18838374e-02
 -1.34137748e-02  5.13957739e-02  9.82669964e-02  3.22575518e-03
  6.56447932e-02  7.62121286e-03 -4.58667837e-02 -3.09931971e-02
  4.59396979e-03  8.57707858e-02 -2.75729578e-02 -1.85788982e-02
  7.76804909e-02 -5.71217798e-02  8.48106109e-03  2.13994756e-02
  8.58714059e-03 -7.69531652e-02 -3.01089659e-02  5.29427901e-02
 -2.70884316e-02 -1.45388041e-02 -3.26343887e-02  7.07294196e-02
 -1.64892208e-02  3.44128022e-03  1.13387601e-02  2.69730464e-02
 -7.84213692e-02 -7.06234481e-03  1.89568829e-02  1.10553568e-02
  2.87001282e-02 -1.66243967e-02 -9.45004448e-03  3.60730886e-02
 -4.83529568e-02 -5.80698587e-02 -2.42370199e-02 -6.81310287e-03
  2.53995433e-02 -5.31642325e-02 -3.98541912e-02 -8.01101234e-03
  3.12336851e-02 -2.79224338e-03  5.10556027e-02  1.75419915e-02
  7.46270735e-03  6.25527874e-02 -1.08857173e-02  3.82018499e-02
 -6.92483643e-03  3.32638919e-02 -6.68860525e-02  2.46058200e-02
 -6.12133108e-02  1.05368726e-01 -3.95766534e-02  3.08284312e-02
 -4.33031581e-02  4.17212285e-02 -1.08167762e-02  2.69180816e-02
  1.61262732e-02  6.58292472e-02 -6.29263511e-03  2.50486061e-02
  1.60194617e-02 -7.14201061e-03  6.73971791e-03 -2.78882366e-02
  7.29111061e-02  3.69048268e-02  2.56777126e-02 -7.50263920e-03
  1.37831606e-02 -5.16429767e-02 -1.27174780e-02  2.81324089e-02
  1.02397263e-01  6.47847280e-02  2.82287449e-02  7.38060549e-02
  9.00940821e-02  1.21364594e-02  2.77965143e-02  1.69488825e-02
  1.04746595e-02 -8.06739554e-03  5.08042984e-04  6.78156270e-04
 -2.44523659e-02  3.72073613e-02 -6.89829290e-02  3.90826650e-02
  4.19304334e-02 -1.31921396e-02 -5.26560694e-02  4.85047698e-03
  6.87950775e-02  2.29665432e-02 -2.30916720e-02 -5.06401509e-02
  6.19247509e-03  1.60284974e-02  8.50617979e-03  5.45789860e-02
 -2.88316552e-02  7.91422371e-03  2.87708230e-02  1.60356704e-02
 -4.79337294e-04 -3.35153602e-02 -1.84151381e-02  1.25071714e-02
  5.20286895e-02 -3.74986008e-02 -3.01685650e-02  9.08155739e-03
 -6.54585799e-03  1.84893887e-02  8.86759460e-02 -8.30421075e-02
 -4.73353826e-02  1.31120579e-02 -5.12453578e-02 -4.07781303e-02
  8.10873136e-03 -2.04681065e-02  4.25432809e-02  2.12456733e-02
 -4.42905053e-02 -1.18378345e-02 -8.18568990e-02  5.35899140e-02
  4.84616905e-02 -2.80754883e-02 -8.87413975e-03 -2.94936802e-02
  1.58545058e-02  1.61776934e-02  5.28311841e-02  2.85443239e-04
  5.12397513e-02 -3.17185335e-02  1.90246757e-02  5.06253466e-02
  5.19703403e-02 -1.12429168e-02 -4.42082295e-03  8.27302784e-03
 -1.39614912e-02 -1.16183562e-02 -1.09568303e-02  6.15163557e-02
 -3.86171527e-02  1.91099551e-02 -8.40832945e-03  2.02067685e-03
  1.93333700e-02 -1.48053300e-02 -4.64453399e-02 -7.21115470e-02
 -2.64541786e-02 -1.11840032e-01  8.79641715e-03 -1.86459180e-02
 -2.86805388e-02  1.22075658e-02 -6.98550977e-03 -2.59878486e-02
 -1.94180813e-02 -1.03006158e-02 -2.71106884e-02  3.94902714e-02
 -2.53171641e-02 -2.80207861e-02  1.58440322e-02  9.40459743e-02
  2.74716672e-02  1.50051666e-02  6.02563983e-03  3.76977734e-02
 -3.25195044e-02  2.34362334e-02  3.06424461e-02  4.84299958e-02
 -2.19452083e-02 -1.77184828e-02  1.05592199e-02 -4.83030342e-02
 -4.85428907e-02 -3.54429111e-02 -5.67077007e-03 -1.86257884e-02
 -3.79565507e-02 -2.55148094e-02  5.36571033e-02 -2.39268709e-02
 -3.01795993e-02  1.56750455e-02  2.95188073e-02  2.99256686e-02
 -5.94685972e-03 -4.12029363e-02 -3.41301365e-03  9.97135229e-03
 -3.96652892e-03 -1.68183036e-02  1.75500084e-02 -4.87710349e-02
 -5.19760884e-03  2.02382766e-02 -6.43949956e-02 -4.94660111e-03
 -8.85271560e-03 -9.81503949e-02  3.36741582e-02  1.26163475e-02
  3.38829234e-02 -3.71369533e-02 -2.49404274e-02 -4.33732532e-02
  1.99708305e-02  6.84464350e-02  1.61695238e-02 -7.98400119e-03
 -1.03542350e-01  2.86931675e-02  4.34735566e-02  9.29699512e-04
 -5.80337718e-02  2.13693678e-02  3.75315174e-03  7.19834492e-03
  2.35504173e-02  7.18059205e-03  3.59180663e-03 -4.33833040e-02
  3.56876105e-02  4.11178954e-02  8.71715769e-02  3.04519795e-02
  1.09544294e-02  1.81273289e-03  3.78689207e-02  2.74756793e-02
 -3.40899755e-03 -3.28112841e-02 -1.03570791e-02 -1.66772865e-02
 -1.29233440e-02 -3.10652237e-02  1.40969204e-02 -1.48288161e-02
  1.72293987e-02  2.30725352e-02  2.18434595e-02 -7.11271316e-02
  6.61272407e-02 -8.46695446e-04  2.68831216e-02  6.07979251e-03
 -2.55856719e-02 -7.59395631e-03 -1.50126433e-02 -8.87617469e-03
 -3.87633666e-02  3.03756609e-03 -2.24726498e-02  4.47590426e-02
 -9.00794100e-03 -3.56399417e-02  3.15539655e-03 -1.16307652e-02
 -2.47804672e-02  7.43123740e-02  5.43939210e-02  7.86379259e-03
 -2.22959761e-02 -3.39570157e-02 -3.10232583e-02  1.27057396e-02
 -3.88439111e-02  8.61085858e-03  7.94645399e-02 -2.35943645e-02
 -3.90907079e-02 -9.13136229e-02 -3.28987045e-03 -1.51528446e-02
 -1.57157108e-02  3.57700512e-02 -1.39289210e-02  2.25000624e-02
  1.32774096e-02  3.91052142e-02 -3.63527127e-02  2.88977623e-02
  4.29030396e-02 -4.80457693e-02  7.66458213e-02  5.07022860e-03
 -1.30674355e-02 -5.99736832e-02  2.95641944e-02  2.10449081e-02
 -1.57752875e-02 -1.91193968e-02 -4.64131571e-02  1.65772270e-02
  1.98427979e-02  3.35609466e-02  3.51172569e-03  4.46971245e-02
  5.20076081e-02 -2.86325486e-03  2.16680747e-02 -3.60216647e-02
 -3.48719470e-02 -2.89085936e-02 -2.53594499e-02 -4.89060394e-03
  8.38700030e-03  2.69855242e-02 -1.55973481e-03 -1.55952619e-02
  6.79776818e-02  4.59842989e-03 -3.65339150e-03 -1.50418803e-02
  1.41036939e-02  5.95601536e-02 -3.34738158e-02  4.58409823e-02
  1.39813725e-04  1.48384646e-02 -1.52608352e-02 -6.51724916e-03
  6.77462295e-03  1.63404960e-02  1.33323716e-02  2.22216193e-02
 -1.51413847e-02  4.52127829e-02 -5.45135662e-02  1.83739346e-02
  1.63234249e-02 -8.69627744e-02 -3.09438584e-03 -2.24391557e-02
 -2.98174424e-03  6.82754889e-02 -6.49998561e-02 -5.43363206e-02
  3.66058312e-02 -9.24669672e-03 -6.14945684e-03 -3.48653980e-02
  1.07995868e-02 -3.07711046e-02  4.09805495e-03  1.51731132e-03
 -7.03945309e-02  5.27877100e-02 -1.49145182e-02 -4.55559092e-03
 -8.46519619e-02 -2.19409969e-02 -3.00288945e-02 -4.46743183e-02
  1.12204172e-01  2.01919097e-02 -3.45898531e-02  1.83637254e-02
 -5.17331697e-02 -2.04148088e-02 -1.28406351e-02 -2.13760883e-02
 -5.13789617e-02  1.66200344e-02 -1.53780412e-02 -3.95408534e-02
  3.19674350e-02 -3.77103756e-03  1.08582675e-02 -2.92938985e-02
  6.70032948e-03 -5.38867116e-02  3.62848006e-02 -6.48551604e-33
 -9.92452540e-03  1.42348539e-02 -2.18670089e-02  2.59901602e-02
 -4.46984991e-02  3.59754525e-02  4.94327620e-02 -2.73592165e-03
 -5.23839984e-03 -4.84881885e-02  5.17932884e-03  5.58848074e-03
  1.43096549e-02 -1.48226237e-02  3.75061557e-02  4.27337289e-02
 -2.78784167e-02 -1.02019869e-02 -4.40878496e-02 -9.35295001e-02
 -3.50955129e-02  8.19329917e-03  5.99888479e-03  5.34130679e-03
  5.76477461e-02  3.29962410e-02 -9.27186012e-03  4.65273410e-02
 -2.08250806e-02  7.02050654e-03  1.15182726e-02 -2.02391036e-02
 -2.60530431e-02  1.24233002e-02 -6.02875277e-03  2.12339312e-03
 -6.31939471e-02 -1.16118649e-02  3.95630021e-03 -3.41739766e-02
  1.01683848e-02 -6.85431156e-03  1.15583474e-02  7.34452996e-03
 -4.74200398e-02 -3.14328410e-02 -4.01317850e-02  1.07606873e-02
  3.68721262e-02  5.05086072e-02 -7.39216357e-02 -1.92313418e-02
 -3.17632668e-02  4.42175940e-02  3.37408520e-02 -9.31965094e-03
 -3.03949472e-02 -6.90741539e-02 -4.27756645e-03 -4.80160071e-03
 -5.89671060e-02  2.31754575e-02  2.18592789e-02  1.78343039e-02
  1.73054580e-02 -4.45453264e-02 -6.31324127e-02  5.38936001e-04
  2.11580079e-02 -2.72572674e-02 -2.56321728e-02 -1.14058498e-02
 -3.88925038e-02  2.42660847e-02 -7.33085200e-02 -2.22075712e-02
 -2.64474154e-02  3.00817564e-02 -1.77706145e-02  2.78534908e-02
  2.25423854e-02 -1.37158800e-02 -4.37700897e-02 -3.13857980e-02
  3.20407748e-02  1.53370500e-02 -4.06174101e-02  1.54869277e-02
 -4.95727360e-03 -1.57004537e-03 -4.94241118e-02  4.91483957e-02
 -2.11999305e-02 -2.32997406e-02  6.42572120e-02  1.22335143e-02
  3.18659283e-03  4.58174339e-03 -1.89327751e-03  2.97615882e-02
 -1.01570763e-01  2.95898635e-02  1.67010899e-03  3.27809714e-02
  3.02899498e-02  1.89771894e-02 -3.20460973e-03  1.97037138e-04
 -1.12297116e-02  4.29920591e-02 -4.26287157e-03  8.89017247e-03
  1.32526644e-02 -3.60941403e-02  5.20755537e-03 -3.30383070e-02
 -1.57915764e-02 -1.53082293e-02 -1.83742270e-02 -3.33709568e-02
 -3.12378146e-02 -3.11308596e-02 -5.17081693e-02  6.85904780e-03
 -5.29747307e-02  1.99888777e-02 -5.57348877e-02 -7.05613056e-03
 -4.66669463e-02 -3.40800136e-02 -2.31332630e-02 -1.40051646e-02
  2.51355260e-07  3.83728184e-02  3.19202915e-02  3.61146480e-02
  5.10826558e-02  1.53169306e-02 -3.31843570e-02 -5.36629418e-03
  5.99490218e-02 -1.30204791e-02  1.00535341e-01  3.85060795e-02
 -1.64508726e-02  2.97804307e-02 -4.51004282e-02  5.08803427e-02
 -3.54815200e-02  3.99211310e-02 -7.93726929e-03 -5.98413572e-02
 -9.12643299e-02  2.59076711e-02 -1.18637299e-02  7.37570599e-03
  2.87314830e-03 -7.59240298e-04 -2.30814703e-02 -1.11791608e-03
  7.29506239e-02  3.01794838e-02  1.41670620e-02 -6.36295304e-02
 -5.56684844e-03  2.46409755e-02  2.13263370e-02  1.59919038e-02
 -4.57310863e-02  2.95934193e-02  4.62698154e-02 -2.40312144e-02
  2.19003074e-02  3.71567495e-02 -3.58133321e-03  1.19154039e-03
  1.73578858e-02 -6.85149478e-03 -6.26266673e-02  7.11585395e-03
  7.27420822e-02 -5.36248274e-02 -4.30114493e-02  9.26254969e-03
  3.72303687e-02  3.60151082e-02  3.84132862e-02 -3.21970098e-02
  4.56955656e-02 -4.26292047e-02  6.21216744e-02  5.16900197e-02
  5.40296771e-02  4.04967973e-03 -3.30996588e-02  3.09025832e-02
  1.74382161e-02  1.20153138e-02 -1.79294664e-02  2.19269674e-02
  2.21384295e-34 -1.83039941e-02 -8.43926519e-03  2.50467956e-02
 -4.30135382e-03  5.98708773e-03 -1.79311857e-02 -5.72181754e-02
  3.27896164e-03  2.00162008e-02  4.13873866e-02  1.75047331e-02]"
UN_agencies_and_international_institutions,Cooperation with UN and multilateral partners.,"[ 6.63625672e-02 -1.00024790e-03  9.81535111e-03 -3.73868570e-02
 -4.68461402e-02 -5.29437698e-03  7.16387928e-02  7.46185053e-03
  2.07898002e-02  1.19004268e-02  2.88640894e-02 -2.80171875e-02
  1.71162579e-02  7.27950316e-03  4.21983823e-02 -1.72414090e-02
  4.85285521e-02 -3.28344889e-02 -4.58833277e-02 -2.13731471e-02
 -3.63727212e-02 -3.64495330e-02 -1.02499751e-02  3.37517634e-03
 -2.46775569e-03 -3.45938765e-02 -2.74710767e-02 -2.82044732e-03
 -3.96133736e-02  2.22118478e-02  8.51048306e-02 -8.59106425e-03
 -1.26731843e-02 -6.94176257e-02  1.43766113e-06 -3.18053551e-02
 -2.58653704e-02 -2.20382046e-02 -4.30842116e-03 -5.68018621e-03
 -2.38015745e-02 -3.92868109e-02 -1.71289034e-02  3.30663212e-02
 -4.20163125e-02  3.35794734e-03  2.60321740e-02 -3.00209951e-02
  1.57242808e-02  2.42954586e-02  2.02505048e-02  5.31305633e-02
 -6.22162297e-02 -7.82452337e-03 -1.31113499e-01  1.33353788e-02
  2.72033107e-03  7.15993764e-03 -2.01621931e-02  4.87158298e-02
  2.41883565e-02 -8.74410383e-03 -2.22166628e-02 -1.62353702e-02
 -2.36262530e-02 -8.86050519e-03  1.06589366e-02 -6.66111559e-02
  7.28010386e-02  8.20090249e-03  7.65500218e-02 -1.23832831e-02
  9.76893492e-03  8.17258582e-02  2.02172082e-02  6.94531873e-02
  2.65602991e-02 -3.92150171e-02  2.84930170e-02  2.14657490e-03
  5.05581237e-02  2.72707231e-02 -4.60992008e-03  2.04040986e-02
 -6.41825469e-03  5.44764772e-02 -2.27080341e-02 -2.94635724e-02
 -2.81497166e-02  2.38704178e-02 -1.78154968e-02 -5.13269007e-02
  2.67865881e-02  3.42987515e-02 -3.43472958e-02 -5.32245375e-02
  2.78040674e-02  2.05148645e-02  2.71503013e-02 -2.66973441e-03
 -6.52905405e-02  1.74712203e-02 -2.43039615e-02  1.86480563e-02
  5.55612370e-02 -4.65773605e-02 -2.09580138e-02  1.34860575e-02
  1.18391355e-02  1.79208547e-03  3.05722584e-03  2.49169674e-03
 -1.43874937e-03  3.52467448e-02 -5.08424733e-03 -6.71690796e-03
 -1.80200078e-02  2.43071299e-02  1.01088677e-02  5.77080026e-02
  4.14537974e-02  1.64700598e-02 -4.69693076e-03  2.38540862e-02
  3.00853280e-03  8.91738310e-02 -6.82313070e-02  7.89543148e-03
  6.76275138e-03  2.96279956e-02 -2.43503768e-02 -5.50560020e-02
  2.03647278e-02 -1.96052585e-02  1.10368598e-02  4.36364226e-02
  3.61213982e-02  1.84295066e-02  3.10741216e-02 -2.88481941e-03
 -2.08078837e-03 -1.74180828e-02 -3.04325987e-02  1.56940299e-03
  3.61692836e-03 -9.81371012e-03  1.70453954e-02 -1.52534051e-02
 -3.56430411e-02 -7.05373287e-02 -5.18452674e-02 -1.76059082e-02
  1.91150289e-02 -3.07037588e-03 -1.78362653e-02  5.12878858e-02
  2.72311270e-02 -5.26573248e-02 -5.78086264e-02 -1.46237351e-02
  1.24360891e-02  2.75424551e-02  1.36964926e-02 -2.22925227e-02
 -1.98599938e-02  4.26344238e-02  5.39280102e-02 -3.80621292e-03
 -5.40406816e-03 -3.99182066e-02 -9.37332679e-03 -6.38129248e-04
  2.90759047e-03 -7.03327311e-03  2.91341990e-02 -2.71706358e-02
 -9.35006700e-03 -1.94781646e-02 -2.18574703e-02  4.16115113e-02
 -1.96141507e-02  1.62301417e-02 -2.82453261e-02 -1.95949133e-02
 -2.18046494e-02  4.32665795e-02  4.36817370e-02  5.83018735e-02
 -2.31974889e-02  1.85528751e-02  3.75129692e-02  1.07837832e-02
 -8.47413018e-03 -2.48379074e-02 -6.35307329e-03  2.00218763e-02
  1.24158449e-02 -3.42595354e-02 -3.67573798e-02 -1.27957240e-02
  3.26638296e-02 -1.13547230e-02  1.86051913e-02  1.73315930e-03
 -1.12690367e-02  2.92633157e-02 -6.99264556e-02  5.25255641e-03
 -1.88010130e-02  4.71160887e-03 -2.57954672e-02  2.63498556e-02
  5.30579686e-02  4.02829349e-02  1.66255627e-02  1.03810625e-02
 -3.36156995e-03  5.08029424e-02 -5.08913919e-02  3.34814489e-02
 -4.10105698e-02  5.19495308e-02  3.50545868e-02 -1.05830533e-02
  6.13704659e-02  4.60922606e-02 -2.79083736e-02  2.33784746e-02
  1.22550037e-02 -9.89091303e-03 -1.86696742e-02  4.11054865e-02
 -3.68392351e-03  3.60290147e-02  5.02724200e-03 -7.46324891e-03
  6.09771013e-02  7.51161873e-02  3.40429768e-02 -4.46808077e-02
 -1.89503713e-03 -1.05172219e-02  2.70752441e-02  4.14122036e-03
  5.79446033e-02  1.18278936e-01 -1.68927312e-02  7.55224610e-03
  6.95683295e-03  9.14642680e-03 -1.66964140e-02  1.37205254e-02
 -9.52252746e-03 -9.79933608e-03 -6.07248570e-04  4.51901788e-03
  1.38810640e-02  4.17032875e-02  5.84555417e-03  3.22679989e-02
  6.97394684e-02 -4.11539525e-02 -2.99820434e-02  2.38878299e-02
  2.02771053e-02 -1.05510969e-02 -1.32272178e-02 -4.32133861e-02
 -6.77174330e-03 -2.47710701e-02  1.25917420e-02  2.53454335e-02
  2.44057495e-02 -1.00989630e-02  1.60260629e-02  3.98154743e-03
 -9.45806503e-03  4.93766405e-02 -1.57930888e-02  9.07873828e-03
  2.73833629e-02  6.02065469e-04 -4.88633811e-02  1.87745001e-02
  1.42931379e-02 -3.47164343e-03 -6.69266516e-03 -3.14725973e-02
 -4.40376438e-03 -1.72264501e-02 -4.17943150e-02  1.92195904e-02
 -4.28065844e-03 -9.31137279e-02  3.00424043e-02  5.39692156e-02
 -1.50450207e-02 -1.92423481e-02  1.01679582e-02  5.15648685e-02
  3.23636159e-02 -5.49703538e-02 -7.52378255e-03  4.12639976e-02
 -1.74080729e-02 -3.33441421e-02 -2.02884637e-02  5.60127310e-02
 -1.09241037e-02  5.26145026e-02  3.78081277e-02  3.00940778e-02
  1.00680470e-01 -4.33009453e-02  9.28901043e-03 -5.73971719e-02
 -3.94648351e-02 -1.05044864e-01  2.07144786e-02  4.07568514e-02
 -8.14846018e-04  2.09003314e-02 -5.89815155e-02 -3.85300368e-02
  1.92884598e-02  7.55453994e-03  5.77602210e-03 -2.13303883e-02
  3.82888503e-02 -6.40103593e-02 -4.80917208e-02 -2.55811103e-02
 -1.40788993e-02  5.59593067e-02 -2.01145932e-02  4.18165475e-02
 -2.30499730e-02 -9.90022942e-02 -1.96692161e-02  6.45556813e-03
 -5.38587430e-03 -6.61315955e-03 -1.46490606e-02  3.83065231e-02
  3.32086720e-02 -2.68767821e-04 -4.44019772e-03  4.54142280e-02
 -4.63272110e-02  2.93117147e-02  9.81151164e-02  5.06797247e-02
  1.75461336e-03 -6.82205241e-03 -4.34737913e-02 -7.48333707e-02
 -4.78488766e-02  2.04226337e-02 -7.38960443e-05 -3.88969705e-02
 -7.40419626e-02 -1.65948644e-02 -7.66191483e-02 -9.71398409e-03
  9.37863439e-03  1.33708697e-02  6.83650225e-02  5.56729324e-02
 -3.53307128e-02 -2.74301898e-02  2.29738075e-02  3.20321023e-02
 -1.03830751e-02  4.19149585e-02 -2.87923720e-02 -6.85900822e-03
 -2.36864965e-02 -1.55833801e-02 -6.80729421e-03 -2.41357889e-02
  1.46014672e-02 -1.21990861e-02  4.74591292e-02  2.67867707e-02
 -1.04198478e-01 -6.97991997e-02 -1.12591134e-02 -4.67831641e-02
  5.71233742e-02  5.64623997e-03  3.94307636e-02  2.93871533e-04
  2.58173086e-02  5.93970232e-02 -4.11967328e-03  1.42208412e-02
  5.13834246e-02 -1.44146597e-02  3.18937339e-02 -1.86529309e-02
  1.10112187e-02 -6.38240576e-03  2.68018935e-02 -4.31250669e-02
 -8.73866677e-02 -6.63377950e-03  3.42672728e-02  5.35584539e-02
  5.57617024e-02  2.83038151e-02  2.01372039e-02  9.05487593e-03
  2.45405026e-02  3.56964283e-02 -2.23305710e-02 -5.01887780e-03
 -2.64013298e-02  3.00043579e-02 -1.01870485e-02 -1.86597444e-02
 -1.48512479e-02 -1.16816005e-02 -2.66774036e-02 -8.46098214e-02
  5.50616309e-02  2.73642875e-02  2.83218697e-02  3.80034046e-03
 -4.14945558e-03 -6.68219998e-02 -1.34991584e-02  4.05787694e-04
  3.69893201e-03  1.82222780e-02 -8.43760148e-02  5.52277118e-02
 -1.11078322e-02  3.83554935e-03 -2.84007397e-02  8.32776446e-03
  1.61857177e-02  3.19455601e-02  2.46053189e-03  2.06156704e-03
 -1.47748571e-02  2.67147142e-02  3.87400463e-02  6.11328445e-02
 -4.35508862e-02  2.57874792e-03  3.02235819e-02 -9.74019431e-03
 -5.52664176e-02 -9.17716101e-02  4.63860594e-02  1.38820717e-02
 -1.71467718e-02 -1.59625541e-02  1.36275738e-02 -1.94102414e-02
 -1.98430344e-02  2.84806155e-02 -1.41331069e-02  4.97602969e-02
  2.95755286e-02 -3.05145215e-02  4.83952053e-02 -3.67943980e-02
 -9.47148539e-03  1.30501874e-02 -1.87157094e-02 -2.46452745e-02
 -1.27464971e-02  3.48161347e-02 -4.58707325e-02 -2.39600539e-02
 -3.67042907e-02  2.15189774e-02 -4.84658331e-02  5.99153899e-02
 -6.23437203e-02  7.67208859e-02 -2.27869116e-03  1.52189191e-03
 -1.91500094e-02  4.18620557e-03  1.42596150e-02  8.32540262e-03
 -1.61421243e-02  1.21489288e-02  2.82313619e-02 -2.35933997e-02
  3.37408885e-04  4.89838496e-02 -1.49913663e-02  6.09440962e-03
 -3.16080148e-03  5.60578927e-02 -5.42030819e-02  1.06952917e-02
  2.00148150e-02  2.39269510e-02 -5.45519264e-03  1.85647178e-02
 -8.87960847e-03 -4.36367700e-03 -3.71365400e-04 -9.31125483e-04
 -1.13166571e-02  2.10429356e-02  5.16417949e-03  2.99525484e-02
 -2.74836589e-02 -3.49259898e-02 -6.06636563e-03  1.74656194e-02
  5.44228926e-02  2.32678261e-02 -3.68767790e-02 -2.71250047e-02
  1.64466314e-02 -5.04396390e-03 -3.09386887e-02 -4.49638925e-02
 -2.35905740e-02 -1.70516111e-02 -2.44589504e-02 -6.03102846e-03
  6.65110350e-03  2.54694326e-03 -7.24850670e-02 -4.83723432e-02
  6.71220478e-03  1.44404620e-02  2.16659997e-02 -4.54024412e-02
  2.89661996e-02  5.59205450e-02 -8.82340409e-03  7.92787001e-02
  6.87859487e-03  3.22608277e-02 -1.27223497e-02  4.07815613e-02
 -4.00680900e-02  2.39639916e-02 -2.88346633e-02 -3.70017700e-02
  1.52238989e-02  1.08092371e-03 -3.37420292e-02 -4.33138944e-02
 -2.34857704e-02  1.86353829e-02  1.04608238e-01 -5.95856176e-33
 -2.52169603e-03 -4.26397435e-02  3.64518128e-02  2.93872692e-02
 -7.49923289e-02 -2.34221350e-02 -7.56018003e-03  1.18183699e-02
 -9.49467644e-02 -2.82602683e-02 -5.41653670e-03 -7.44889770e-03
  4.47147712e-02 -2.27208976e-02  9.78189986e-03  3.36156189e-02
 -3.63642424e-02  3.59375365e-02  9.32899211e-03 -7.42345452e-02
  8.02948605e-03 -9.68119781e-03  2.94932593e-02  1.08443461e-02
  4.07968350e-02 -2.36565452e-02 -4.27621640e-02  2.80047227e-02
  1.37283588e-02  2.53615752e-02 -4.64714915e-02 -1.06736884e-01
 -9.12848022e-03 -9.11940038e-02  2.15780847e-02  1.37804560e-02
 -4.29476127e-02 -9.59349389e-04  2.85758767e-02 -3.26233059e-02
 -8.62674415e-02 -3.51850204e-02 -3.87103036e-02  3.26067209e-02
  5.38477860e-02 -6.43166974e-02 -4.90130037e-02 -1.83069650e-02
 -4.97510955e-02  7.33014047e-02 -4.00501415e-02 -2.47728992e-02
  5.33269672e-03  9.29833353e-02 -2.24534534e-02  1.55634023e-02
 -1.69231314e-02 -1.07341390e-02  7.28997169e-04 -3.03740287e-03
 -4.37015742e-02  5.23419864e-02  3.96454856e-02 -5.64050823e-02
 -2.32233834e-02  4.64106314e-02 -1.17874540e-01 -6.46697804e-02
  2.08034366e-02 -6.18679747e-02  3.91308786e-05  4.68818955e-02
 -3.66446897e-02  9.13424268e-02 -8.44483003e-02 -4.26969118e-02
  3.59713635e-03  1.87131166e-02  3.55272964e-02  4.66320850e-02
 -3.27904820e-02  1.54346703e-02  5.63593321e-02  5.64383529e-03
  1.00563501e-03  9.51909833e-03 -2.87283417e-02 -8.54402722e-04
  4.12313975e-02  3.23265567e-02 -1.39383832e-02  7.89632648e-02
  1.70711372e-02  1.81538258e-02  5.30751087e-02  3.15244608e-02
  6.87710568e-03  3.36561874e-02  6.06825575e-03 -4.46985215e-02
 -2.14927904e-02 -4.27038409e-02 -5.31582944e-02 -4.93270494e-02
 -1.31523330e-02  2.75638159e-02 -3.30564454e-02  6.82548201e-03
  9.57975630e-03 -2.31182110e-03 -3.42621244e-02  3.82435210e-02
  7.88177829e-03 -7.28337988e-02 -6.63773715e-02  8.14769138e-03
 -1.00489857e-03 -2.11307872e-02  1.27179204e-02 -6.49283379e-02
 -2.17843875e-02  7.89998658e-03 -1.48314768e-02  4.69482085e-03
  5.12522925e-03 -5.32993907e-03  1.85102075e-02  2.72880606e-02
 -2.04017740e-02  1.22215915e-02 -1.56300813e-02 -6.92318147e-03
  2.06923630e-07 -1.88057479e-02  2.88929585e-02  5.11034131e-02
  4.54502665e-02  1.73041187e-02 -1.46033447e-02 -3.14727128e-02
  7.66288117e-02 -1.65763460e-02 -2.86838394e-02  5.05753048e-02
 -4.33504172e-02  3.66481468e-02  1.72171146e-02  1.03290714e-02
  2.28848252e-02  3.81102115e-02 -4.73335050e-02 -1.81449726e-02
 -9.78530757e-03 -2.09111217e-02  5.46162901e-03 -1.16725825e-02
 -1.42316157e-02  3.64618748e-02 -6.65562181e-03  8.65282770e-03
 -4.11751121e-02 -3.41228247e-02 -5.73946256e-03  5.00128604e-02
 -1.52873611e-02  3.96241806e-02  1.43700736e-02 -2.79699266e-03
 -5.12848347e-02 -1.44977439e-02  4.79957797e-02  2.89285146e-02
  4.91561554e-03 -8.17527846e-02 -6.06905892e-02 -2.17524227e-02
 -1.24014942e-02  1.35000646e-02  1.36127789e-02  9.13670659e-03
  2.11452246e-02  2.36662533e-02  3.83069143e-02  5.92246326e-03
  3.75950523e-02  2.73731146e-02  4.24010977e-02  2.50497051e-02
 -2.40836944e-02  1.91069338e-02  5.22972755e-02  2.03160346e-02
  3.76466140e-02 -3.75848822e-02 -6.06952235e-03 -1.42768053e-02
  4.62826006e-02 -1.28624877e-02  3.56269032e-02  4.71280562e-03
  9.15600930e-35 -2.47760229e-02 -1.16409913e-01  4.57278341e-02
  8.26014020e-03 -6.15526782e-03 -1.48837231e-02 -8.39659050e-02
  2.35652085e-03 -1.75244734e-02 -1.37346145e-02  8.15884676e-03]"
Cash_Assistance,Direct cash support improving household food purchasing power.,"[-1.24713909e-02 -1.90369179e-03 -2.72728540e-02 -1.16395578e-03
  3.99376787e-02  3.13835368e-02  5.28988428e-03  6.47129789e-02
  2.96710711e-02  1.73398312e-02  5.96138947e-02 -4.03249124e-03
  4.06977460e-02  3.76283154e-02  6.01557232e-02  1.87464952e-02
  3.28733325e-02  2.80329008e-02 -6.53130841e-03  2.45626159e-02
  2.55384520e-02  1.16932346e-02  6.69821771e-03 -1.50712021e-02
 -5.94561808e-02  2.24555787e-02  1.07180560e-02  3.44468169e-02
 -5.88559872e-03 -3.64333577e-02  5.15663102e-02  1.38769681e-02
 -5.73224612e-02 -2.29821205e-02  1.51660311e-06  4.45260741e-02
 -3.46981920e-02  6.13439968e-03 -1.21454425e-01  4.87559289e-02
  1.46436598e-02 -9.76257697e-02  2.19237320e-02  4.47250605e-02
  2.02285647e-02 -2.05488149e-02  3.50157134e-02  1.40908342e-02
 -6.36442676e-02 -6.29673079e-02  1.04721282e-02 -4.15194146e-02
 -4.15143147e-02  1.10461917e-02 -7.04062656e-02  6.67817444e-02
  2.53992667e-03  3.32970507e-02 -1.18292570e-02 -3.25541459e-02
  8.56817421e-03  9.84330010e-03  2.11790055e-02  1.68369673e-02
  4.79427055e-02  8.44591111e-02 -2.53137313e-02 -1.14638302e-02
 -1.93454288e-02  6.35669660e-03  4.55700718e-02 -3.28202569e-03
  9.48744547e-03 -8.33839457e-03 -1.11806707e-03  2.90187206e-02
  5.94263105e-03 -3.46703231e-02  1.73909850e-02 -5.14615886e-03
  3.53947319e-02  9.23508720e-04  2.08215974e-02  2.78965607e-02
 -3.06310272e-03  1.72578357e-02 -9.12764203e-03 -1.89115237e-02
 -6.53015310e-03  1.57139841e-02 -5.00729643e-02 -2.11611427e-02
 -1.87419206e-02 -7.86465500e-03  3.35179046e-02 -2.41690185e-02
  2.46013459e-02  2.39866599e-02  7.67647801e-03 -1.10996045e-01
  2.89493315e-02  3.73869166e-02 -6.53653368e-02 -2.90202256e-02
  1.43692475e-02 -1.26538882e-02 -7.43810087e-02 -2.94178873e-02
 -5.39564900e-02  8.36561024e-02  1.60216652e-02  4.76714456e-03
 -2.82847937e-02  1.94992926e-02 -2.22718231e-02 -1.77405272e-02
 -6.03391416e-02  1.45062115e-02 -1.78229958e-02 -2.08484419e-02
 -1.60105550e-03  2.99350750e-02  1.94567908e-02  4.43147980e-02
  7.94673897e-03  1.38740227e-01 -3.99601795e-02  1.18215093e-02
  7.69360829e-03 -3.27978060e-02 -8.70525092e-03  1.64816435e-02
 -4.45582792e-02  1.42739834e-02  4.54017669e-02 -5.04281465e-03
  3.12011689e-03 -1.85571648e-02  2.00490393e-02 -6.91909250e-03
 -9.63525008e-03  2.00088471e-02 -4.98258024e-02 -1.78843997e-02
 -6.92067947e-03  2.36393362e-02  5.62335104e-02  6.95560947e-02
  3.86104323e-02 -8.87125265e-03 -2.48407256e-02 -1.86857637e-02
  7.89278448e-02 -2.31731925e-02  5.77260852e-02  3.34547721e-02
  3.56060937e-02 -6.57022446e-02  3.29077281e-02 -2.75676548e-02
 -7.51801906e-03 -9.87334084e-03 -2.84813680e-02 -2.01863181e-02
 -1.47761684e-02  4.47374731e-02 -4.93474640e-02  5.01925983e-02
 -1.54101113e-02 -4.11162376e-02 -8.91583599e-03 -4.13522422e-02
 -2.41857599e-02  2.52221338e-02  5.97302467e-02 -3.55172344e-02
  2.14269720e-02 -2.89908554e-02 -6.53433800e-02  5.04147671e-02
 -6.89644425e-04 -5.37515692e-02  4.49932665e-02  2.92242505e-02
 -7.92958662e-02  4.20976207e-02  1.10625522e-02 -1.05851457e-01
 -5.37048001e-03 -2.07082909e-02 -4.91863443e-03 -8.43297131e-03
  5.35226837e-02  4.75253090e-02 -6.13224739e-03 -7.32984813e-03
 -1.35891885e-02 -3.44290771e-03 -1.24601489e-02 -2.21457928e-02
  4.29117605e-02 -2.68852096e-02  5.13270870e-02  3.87897231e-02
  2.46736780e-03 -2.14807671e-02  3.61194462e-02  1.68039147e-02
 -2.56350320e-02  2.59419461e-03 -2.22494211e-02 -1.46797197e-02
 -8.25181976e-03  8.90895445e-03 -1.47933641e-03 -3.13227102e-02
  2.18920987e-02  1.65033210e-02 -1.83461625e-02 -5.07741347e-02
 -5.10911681e-02  1.10371225e-01  1.00929767e-01 -2.22514402e-02
  1.08851306e-01  2.02536434e-02 -1.92342028e-02  4.88395570e-03
 -2.32490338e-02  2.28776913e-02  4.93529700e-02  3.51056755e-02
 -3.09191048e-02 -6.32589590e-03 -5.18825417e-03  8.75336525e-04
 -8.56207311e-03  5.07835969e-02 -2.02305969e-02  3.71073261e-02
 -5.97860105e-02 -2.12566704e-02  3.67377885e-02  2.84643639e-02
  1.32869650e-02  1.54027147e-02  5.14652319e-02 -2.87528336e-02
 -3.55007239e-02  5.03556058e-02 -1.04388632e-02  1.46210594e-02
  2.90929656e-02  9.49254539e-03 -3.19697931e-02 -5.11699989e-02
  6.73252046e-02 -1.36587145e-02  1.77490357e-02  1.54916853e-01
 -4.27607335e-02  2.43255980e-02 -1.61766149e-02 -7.13531207e-03
  3.02751660e-02 -4.24179062e-02  1.58103965e-02  1.79368758e-03
 -1.65595338e-02 -1.19849304e-02 -1.47914654e-03 -3.93920857e-03
  5.12051210e-03  2.86481064e-02  2.95108929e-02 -2.57683657e-02
  3.61512452e-02  3.24816629e-02 -1.09974667e-02 -9.27440636e-03
  3.61613929e-02  1.80340279e-02  2.70067472e-02  3.28477472e-02
  8.40762444e-03 -3.22450474e-02  1.89040750e-02 -3.93040180e-02
  1.96054764e-02 -4.10098918e-02  4.97111529e-02 -1.68255512e-02
  5.57999779e-03 -3.59861478e-02 -4.32956927e-02  6.57660747e-03
 -3.16449255e-02 -4.72767428e-02 -6.56006858e-02 -2.02012993e-02
 -3.31811868e-02 -5.62729016e-02 -5.00800647e-03 -5.51600084e-02
 -5.39816171e-03  3.33176404e-02 -1.40716517e-02  2.42741667e-02
  2.41686893e-03 -3.08989864e-02  4.40528430e-02  3.82774286e-02
  7.59953819e-03 -7.65784234e-02  5.61998673e-02 -4.29303087e-02
 -5.16331345e-02  3.75847146e-02 -2.78126448e-02  1.22493915e-02
  1.64369158e-02 -3.33323702e-02 -3.92223187e-02 -2.52085291e-02
 -2.90766265e-02  3.07179336e-02 -5.14072180e-02 -4.08473052e-02
 -4.74897102e-02 -4.90457229e-02 -2.12506242e-02 -8.77424851e-02
 -3.95832583e-02  3.35599557e-02 -6.06141752e-03 -2.84261424e-02
  2.48561259e-02  4.24804948e-02 -2.88901571e-02 -2.80288272e-02
  9.23696067e-03 -1.98749546e-02 -1.42032849e-02 -6.85187476e-03
  4.84272391e-02  2.59800889e-02  2.38910858e-02  1.72771309e-02
 -2.92855334e-02  5.19080423e-02  4.64796312e-02  9.62399226e-03
  1.46500245e-02 -4.04448994e-02 -6.33662893e-03 -2.22513527e-02
 -9.77221131e-02 -1.85365900e-02 -7.57297203e-02 -6.82623982e-02
 -1.78438853e-02  2.06257161e-02  2.53422186e-02 -1.51351662e-02
  2.73534041e-02  5.09970970e-02  1.01105645e-02  3.17495726e-02
  3.73394005e-02  2.69442685e-02 -2.03797687e-02  7.56644905e-02
 -4.23389710e-02  4.12113294e-02 -5.23372693e-03  2.99793221e-02
 -2.07759459e-02 -3.77187482e-03  7.18803192e-03  1.22007914e-02
  3.55382785e-02 -2.19920091e-02  4.91173863e-02 -1.66534819e-02
 -2.15070359e-02 -2.21203957e-02  1.61668155e-02 -5.56194372e-02
 -4.15892791e-05  5.49096661e-03 -9.42108035e-03 -3.87827232e-02
 -3.16467211e-02  6.50171787e-02  1.63021702e-02  1.51052792e-02
 -1.30223820e-03  1.04967877e-03 -1.10852877e-02  1.85442343e-02
 -4.26163245e-03  4.22568358e-02  5.92887439e-02 -5.06684417e-03
 -3.59787755e-02 -1.66208874e-02  5.70437983e-02 -4.23413701e-03
 -8.52857064e-03  6.08928278e-02  2.11393144e-02 -4.07877751e-02
 -3.24515849e-02 -1.35847256e-02  2.94962781e-03 -7.09942058e-02
  9.38005745e-03  3.29849385e-02  1.21392040e-02 -4.39989418e-02
  7.37003842e-03  7.92036485e-03 -4.97347973e-02  2.32609995e-02
  7.44456565e-03  5.20482361e-02  1.21288514e-02  1.07874889e-02
  2.77514067e-02  3.31278425e-03  5.46806380e-02  5.53872734e-02
  1.78986061e-02 -9.53655168e-02  5.85654788e-02 -2.45350935e-02
  3.36100385e-02 -4.12912443e-02  5.19152731e-02  2.81204488e-02
  1.36115206e-02  1.99586190e-02  1.41403908e-02 -2.36421488e-02
 -1.19978026e-03 -3.47040817e-02  2.16322783e-02  4.12729196e-02
 -3.74262072e-02 -7.57027864e-02  2.88519962e-03 -2.87379324e-02
 -3.92141901e-02 -2.17643715e-02  3.04611083e-02  7.03584030e-03
 -2.49261037e-02  2.62578577e-03 -4.54371562e-03 -2.61746179e-02
  2.35010087e-02  2.01266650e-02  2.99533196e-02  1.54383155e-02
  4.86231931e-02 -6.82116076e-02  2.95499451e-02 -1.44276796e-02
 -3.80950369e-04  3.42506333e-03  1.86341330e-02 -1.82580668e-03
  1.50932372e-03  3.28403711e-02  8.07751715e-02  6.39399420e-03
 -4.09285678e-03  2.34984793e-03 -1.02834096e-02  5.41992253e-03
 -2.72181667e-02 -1.46161905e-02 -1.69552478e-03 -1.27844121e-02
 -2.85844319e-02  1.60778034e-02 -5.22955768e-02 -3.39388661e-03
 -2.25764308e-02 -1.79018604e-03  1.54216104e-04  2.92463154e-02
  3.61515395e-02 -1.66619271e-02 -9.20485556e-02  7.29966238e-02
  1.11134499e-02  2.32398845e-02 -1.82996970e-02  5.88892102e-02
  6.53455174e-03 -1.37328776e-02  8.36475752e-03  3.37058865e-02
 -5.85463382e-02  1.38535900e-02  1.36569059e-02  6.20572641e-02
  3.43827680e-02  5.68452664e-03 -2.37847287e-02 -3.53885517e-02
  4.81969155e-02 -5.84215559e-02  3.28517854e-02 -6.58960920e-03
 -8.41027573e-02 -7.48459771e-02  2.38887928e-02 -2.77382601e-02
 -1.97556037e-02  5.87432506e-03  2.88143475e-02 -2.69610900e-02
 -3.06090564e-02  5.17267780e-03  8.54219962e-03  1.59878898e-02
 -8.33461061e-03 -3.42084002e-03 -2.57089213e-02 -5.97694516e-03
 -3.01187057e-02  6.56600716e-03  4.29011369e-03 -6.55353144e-02
  4.26431634e-02 -1.66400969e-02 -2.35874876e-02  1.88934952e-02
 -2.29642037e-02 -4.03441023e-03 -4.33322303e-02 -6.27387501e-03
  3.25535424e-02  3.02348528e-02  7.81973824e-03 -6.23439997e-02
  3.16394406e-04 -2.41853390e-03  2.22009756e-02  3.96353416e-02
 -6.47305921e-02 -1.20403841e-02 -1.05060237e-02 -5.27032782e-33
  2.49246303e-02 -2.97263600e-02  3.68724577e-03 -9.03928094e-03
  3.13112177e-02  7.36324787e-02  2.32892111e-03 -4.76961629e-03
  2.97830324e-04 -5.85752279e-02  1.67574491e-02  2.75831576e-02
  4.06876132e-02 -1.31317554e-02 -5.84391528e-04 -1.07777072e-02
 -1.24246003e-02 -9.55008529e-03  4.35157260e-03 -7.95393884e-02
 -5.28623238e-02 -1.39254862e-02  1.75925680e-02  4.66058068e-02
  7.60949031e-02 -3.37993465e-02  1.05570192e-02 -2.79673748e-03
  4.18138728e-02  5.01308637e-03  3.34700663e-03 -1.51431039e-02
  1.38933510e-02 -2.89313737e-02  2.82540284e-02  8.55325386e-02
 -2.79264227e-02 -1.26925763e-02 -2.88607180e-02 -6.21318333e-02
 -8.83928761e-02 -3.91064584e-02 -3.18408087e-02  3.72354463e-02
  4.37388616e-03  3.06581780e-02 -1.87408291e-02 -1.61347035e-02
  5.50075136e-02  5.10955676e-02 -2.17695273e-02  6.09820569e-03
 -2.07414832e-02  1.11833796e-01  1.37975868e-02  8.77593681e-02
  1.04088867e-02 -1.93339493e-02  2.26238389e-02 -3.47704142e-02
 -1.05684297e-03  5.66110620e-03  4.60332818e-03 -9.17775929e-03
 -5.39903119e-02 -1.32206343e-02 -7.15804473e-02 -3.34798507e-02
  1.57323461e-02 -5.08301146e-02  1.33875161e-02 -4.54082079e-02
  2.30840165e-02  6.85327649e-02  2.06160787e-02 -2.01457758e-02
  4.87445295e-03 -5.76434797e-03  3.43566686e-02 -3.79799195e-02
  6.67404756e-03  2.97291242e-02 -4.04008739e-02 -1.88445877e-02
 -3.31843309e-02 -5.55703975e-02 -3.91530879e-02  8.18933267e-03
  3.63175832e-02 -2.08588559e-02 -2.48940364e-02  1.27398898e-03
 -1.29844546e-02  9.26207975e-02  2.52172519e-02 -1.38515895e-02
  4.56817411e-02 -1.12708211e-02 -1.60549320e-02 -2.35966016e-02
 -4.74199466e-02 -2.09789164e-02  3.26021910e-02  5.40362410e-02
 -9.27210785e-03 -2.14306135e-02  3.50489765e-02 -4.91383895e-02
  2.59921886e-02 -1.38526252e-02  3.74422558e-02 -2.75884233e-02
  1.04377447e-02  2.83188894e-02 -2.96263117e-02 -4.45700474e-02
  6.04111003e-03 -4.05118875e-02 -1.96618102e-02 -4.91978750e-02
  2.40211468e-03  1.83581095e-02 -2.73008249e-03 -5.37600257e-02
  1.14664370e-02  6.09618127e-02 -1.55500760e-02 -3.57474126e-02
  1.13011925e-02 -4.04952327e-03  2.82770004e-02 -4.16908562e-02
  2.15215039e-07  2.20069475e-02  4.14196923e-02  2.21739262e-02
 -3.01652048e-02 -4.22572680e-02 -9.68457479e-03 -2.97636754e-04
 -1.38644110e-02  1.74102448e-02  2.76233852e-02  4.73893173e-02
 -1.39697324e-02 -2.87875123e-02  1.14053732e-03  6.20182715e-02
 -6.85053542e-02  5.75272460e-03  2.11704075e-02 -4.93337447e-03
 -1.75363906e-02  4.10271361e-02  1.61645059e-02  7.64099276e-03
 -2.52356101e-03 -1.79995205e-02  7.01270103e-02  1.42326299e-02
 -2.47640703e-02  1.21660912e-02 -9.75961015e-02 -3.12173441e-02
  4.73608300e-02 -5.86923258e-03 -2.52949577e-02 -3.04134451e-02
 -6.63231164e-02 -3.71707045e-02  2.30744611e-02 -3.78963468e-03
  7.61769363e-04 -9.49291978e-03 -5.55016042e-04 -1.33836446e-02
 -2.16715261e-02 -1.31257316e-02 -8.81836563e-02  2.55076289e-02
  7.08680153e-02  3.65205482e-02  9.28780437e-03 -1.49577623e-02
  1.13333901e-02  1.93317309e-02  4.91350740e-02  1.09204305e-02
  1.81782357e-02 -1.35757672e-02  6.48247451e-03 -6.32986240e-03
  7.76473898e-04  6.08271360e-03  1.41792384e-03 -5.52509213e-03
  2.64012683e-02 -9.65279341e-02  4.04206943e-03  2.03047274e-03
  1.81379559e-34  4.52876557e-03  8.33503902e-03  1.38499215e-02
 -6.28880262e-02  1.46745564e-02 -1.40597923e-02 -1.96126830e-02
  8.87802336e-03  2.60629784e-02 -5.09890243e-02 -3.03029865e-02]"
Governance_and_leadership,"Leadership systems, accountability, governance practices, and strategic decision structures.","[ 4.42933142e-02  2.73653469e-03 -1.21786091e-02 -2.59115919e-03
  3.34095699e-03  1.87659310e-03 -7.61980843e-03  2.26066876e-02
  9.97286756e-03  3.16710062e-02 -4.39751707e-03  3.50062251e-02
  3.22261266e-02  3.70408893e-02  3.91709246e-02 -8.60040169e-03
  2.27640523e-03 -6.72125816e-03  1.83779206e-02 -7.88722362e-04
 -1.50193973e-03  2.56344629e-03  2.29065605e-02 -1.16593437e-02
  3.24698328e-03  1.85435154e-02 -2.45364085e-02  1.38857635e-02
 -3.55214486e-03 -4.60790172e-02  3.26769240e-02 -6.43658414e-02
 -2.75209583e-02 -5.92169650e-02  1.59732008e-06  1.81796681e-02
 -1.96356364e-02 -3.40175964e-02  2.40042228e-02  4.71804403e-02
 -2.10217368e-02 -1.97218508e-02 -4.59211096e-02  8.97327531e-03
 -3.13792843e-03  1.54208206e-03 -3.55646722e-02 -7.41101056e-03
 -1.41237788e-02  4.00023581e-03 -2.54485756e-04  2.17534546e-02
 -5.29572852e-02 -1.02488752e-02 -1.41529873e-01 -2.87272520e-02
 -1.99893527e-02  3.09317894e-02 -5.32669127e-02 -9.95986047e-04
 -2.59285420e-02 -3.53528000e-02 -1.74272545e-02 -9.69903171e-03
 -7.10608950e-03 -8.69886950e-03  3.93535309e-02 -8.13935231e-03
  3.09163965e-02 -7.51006883e-03  7.85946846e-02  1.70095339e-02
  4.04064134e-02 -1.26979845e-02  7.36184567e-02  4.09841165e-03
  2.76803933e-02  5.13532870e-02 -3.50952381e-03  1.43746220e-04
  2.44345851e-02  3.83959152e-02  9.61339567e-03 -6.88210130e-03
  5.61984479e-02 -2.60758074e-03 -1.26996385e-02 -2.87708007e-02
 -5.50164990e-02  5.29827550e-04  1.74715985e-02 -2.42026560e-02
  2.09755898e-02  1.01913745e-02 -2.33161002e-02  1.08835706e-03
  1.13078039e-02  7.05146864e-02  4.88376431e-03 -4.62076999e-02
 -1.29843578e-02  2.91658239e-03  4.21241708e-02 -5.52016171e-03
 -1.47689623e-03  3.41217630e-02 -4.16657142e-02  9.32082087e-02
 -6.69635758e-02 -1.08923828e-02  2.12317333e-02  9.82774235e-03
 -1.13463970e-02 -4.55533946e-03 -1.32664163e-02 -1.54974004e-02
 -5.91654219e-02  2.55243815e-02 -1.37040718e-02  3.95100228e-02
 -6.42001182e-02  3.75370197e-02  2.90434957e-02  4.38863039e-03
 -2.39660200e-02  4.48834226e-02 -2.49362271e-02  2.50460319e-02
 -1.23360213e-02  7.52790794e-02 -1.70757342e-02 -4.58030589e-02
  3.39741334e-02  4.31623235e-02  3.14467289e-02  6.65009394e-02
  3.73796634e-02  5.54471351e-02 -5.25414534e-02  3.50114927e-02
 -2.51757391e-02 -9.48117580e-03 -5.39079793e-02 -1.04451797e-03
 -5.86914830e-02 -2.85334536e-03 -1.34860277e-02  3.24800946e-02
  3.18227746e-02  9.70779080e-03 -1.93776586e-03 -6.17738366e-02
  2.16986220e-02  1.45337712e-02  8.41881242e-03  4.03145999e-02
 -1.33792004e-02 -2.84164734e-02  8.89560091e-04  9.36612953e-03
  2.50057410e-03 -2.51422394e-02 -8.66482500e-03  1.59552582e-02
 -3.65668605e-03  3.75718996e-02  5.72535880e-02 -7.09815463e-03
 -4.13079374e-03  1.37501406e-02 -1.50649333e-02  4.01423909e-02
 -2.66255997e-02  7.92781115e-02  1.30339724e-03  1.38815865e-02
  1.85218714e-02 -3.26369256e-02 -2.62837727e-02 -6.07167855e-02
 -2.89268652e-03 -9.25340652e-02  1.50795570e-02 -4.80212271e-02
  5.44935651e-02  4.94120531e-02 -4.25663851e-02 -1.91050582e-02
 -2.18691118e-02 -2.98677641e-03 -1.17396014e-02  4.88191061e-02
 -4.30490859e-02  5.89748323e-02 -2.83760633e-02  1.62644349e-02
 -4.37883660e-02 -7.19577027e-03 -4.13783304e-02 -7.05662044e-03
  3.51848602e-02  1.54020898e-02  1.29252793e-02  4.53773141e-02
 -1.71653870e-02  2.00028047e-02  2.27910243e-02 -3.85156497e-02
 -2.40997057e-02 -3.85306850e-02 -1.20303398e-02 -2.45833344e-05
 -2.07068715e-02  4.60252091e-02  1.01689324e-02  6.25254288e-02
  1.46730654e-02  5.35459444e-02 -6.12117015e-02  6.19714446e-02
 -3.29209827e-02  6.44648597e-02  6.99616643e-03  3.09953429e-02
 -3.31541500e-03 -1.42905330e-02 -8.12448487e-02 -3.64228315e-03
 -3.97703657e-03  3.26299705e-02  6.36297092e-03  1.98477749e-02
 -3.74348648e-02  2.41376050e-02 -1.07754041e-02 -4.29536439e-02
 -1.13851996e-02  6.25556037e-02  2.54724938e-02 -1.63738504e-02
 -6.94710910e-02 -3.73546444e-02  1.95120517e-02 -1.15288515e-03
  5.88560216e-02  2.87489723e-02 -7.11420029e-02 -7.24570686e-03
 -3.65301408e-02 -1.00064967e-02 -2.94776503e-02 -5.35329105e-03
  4.52088518e-03 -2.51731332e-02  1.25840027e-03  4.42234203e-02
  3.60025838e-02  2.82663782e-03  1.04993135e-02  5.88023290e-02
  4.18260433e-02 -4.31142710e-02 -4.34185751e-02  6.06672652e-02
  5.21220379e-02 -1.21692428e-02  1.64007973e-02 -2.27393359e-02
  1.61304045e-02 -2.44897641e-02 -1.41246151e-02  2.61455458e-02
  1.47861851e-04 -2.07058173e-02  2.68900674e-02 -1.48554519e-03
 -6.87478557e-02  5.46754412e-02 -3.08873062e-03 -2.64425557e-02
  6.50544558e-03 -3.51212211e-02 -3.59716266e-02 -4.00303164e-03
 -8.58306792e-03 -2.29401588e-02  2.40661930e-02  6.62451144e-03
 -3.21484804e-02  1.67400558e-02 -2.30169930e-02 -2.24436875e-02
  2.31661424e-02 -8.07255059e-02  2.92840358e-02 -1.00405952e-02
  9.27642547e-03 -3.75512964e-03 -5.45658404e-03  1.21101148e-01
 -1.26583138e-02 -4.64066006e-02  4.95781079e-02 -3.44128944e-02
 -3.00482418e-02  1.49969924e-02 -2.31575519e-02  5.22655575e-03
  8.00024066e-03 -2.38903947e-02  7.03879446e-02  1.24294125e-02
  5.26618771e-02 -3.18040662e-02 -2.63388511e-02 -6.15782524e-03
 -4.57724519e-02 -5.48643693e-02  1.76594593e-02  5.89007922e-02
  3.93358134e-02  3.50819603e-02 -4.69685458e-02  2.12309044e-02
 -3.10373795e-03  3.67133729e-02 -2.88179163e-02 -3.91927250e-02
  4.65607457e-02 -2.28386316e-02 -2.83503979e-02 -6.69985935e-02
 -5.93365468e-02  4.56708425e-04 -1.36039397e-02  5.99178039e-02
 -2.97925435e-02 -4.66769263e-02  3.77711728e-02  6.83381129e-03
 -4.92261201e-02  1.52688967e-02 -9.10322089e-03  4.21222150e-02
 -4.92100511e-03  2.58141905e-02  2.61183921e-02  1.71222407e-02
 -6.00026995e-02  6.45840773e-03  6.68314844e-02  2.27649533e-03
 -1.40505936e-02  6.93133194e-03 -3.25283706e-02 -6.38587028e-02
 -6.10226803e-02 -4.03238311e-02  1.10349670e-01 -5.19223437e-02
 -1.26038045e-02 -2.65209451e-02  4.10650857e-02 -1.96693558e-02
  1.87454671e-02 -2.90313251e-02 -3.45927943e-03  2.86825616e-02
  3.48271690e-02 -2.23224028e-03 -4.89626126e-03  1.72137506e-02
 -9.43641551e-03  2.26738136e-02  6.91027986e-03  8.35316256e-02
  2.65132310e-03 -1.64422952e-02 -5.15437946e-02 -5.75887877e-03
  2.88415831e-02  1.87837500e-02  4.62924838e-02 -4.98982891e-03
 -4.45638970e-02 -3.11219376e-02 -5.69476094e-03 -7.79041694e-03
  2.36682016e-02  3.79678942e-02  1.09375846e-02  1.12021491e-02
 -2.35732794e-02  8.35280940e-02 -2.75419578e-02 -4.10898216e-02
  1.81387700e-02 -5.05771628e-03 -2.47946735e-02 -5.33465110e-02
  3.71942110e-02 -9.73642152e-03  5.45976050e-02 -3.69725376e-02
 -4.67985645e-02 -6.69322610e-02  8.84513408e-02  7.13118818e-03
 -4.65684896e-03  4.08886038e-02 -5.10025024e-02 -8.66759717e-02
 -5.27934209e-02  5.97246662e-02 -4.90693450e-02 -3.94693911e-02
 -3.10145877e-02 -5.36789559e-03  9.87656694e-03 -1.00185908e-02
  2.54785642e-02  4.12696078e-02 -2.39778291e-02  9.87365283e-03
  2.28692107e-02  3.13531533e-02  4.66727912e-02 -2.05624825e-03
 -1.26187457e-02 -4.83801290e-02  2.72732116e-02 -8.71236529e-03
 -1.18486825e-02  1.41360760e-02  1.30334888e-02  8.30560923e-03
  3.88439186e-02 -2.63170293e-03  5.08299582e-02  8.75618123e-03
 -9.98622738e-03  5.03267683e-02 -3.71093117e-02  2.68365778e-02
 -4.35828678e-02 -9.00270510e-03 -4.45981734e-02  3.49846445e-02
 -4.35520746e-02  2.57400684e-02  4.62802649e-02  1.29302116e-02
 -1.74738299e-02 -7.47122839e-02  6.74466044e-02  2.34540496e-02
 -1.26958722e-02 -8.64573289e-03  1.54269291e-02  1.86488405e-02
 -9.78569873e-03  1.79562997e-02 -5.62764592e-02  3.23524326e-02
  2.68182307e-02  2.89725065e-02 -5.31355478e-02  1.24415280e-02
  4.61035961e-05  6.92320103e-03  8.32828060e-02 -2.06909254e-02
 -2.87113339e-02 -2.39374377e-02  1.34838419e-02  4.20300290e-02
  3.07012256e-02  2.68828962e-03  1.15047902e-01  4.33059260e-02
 -7.30198100e-02 -3.19029577e-03 -1.24180168e-02 -1.86585188e-02
 -5.85982809e-03 -8.98527652e-02 -2.97077149e-02 -8.63897521e-03
  2.36694627e-02 -1.99631769e-02  2.32875124e-02  1.18741011e-02
  2.75548804e-03 -2.10595857e-02 -7.27233943e-03  4.44980711e-02
  4.65143472e-03  3.12603302e-02  7.47376829e-02 -1.96017418e-02
  4.40303907e-02 -1.44402767e-02 -1.61739830e-02 -5.05317375e-02
  1.36726331e-02 -5.81476167e-02  9.26539209e-03  4.37194146e-02
  9.57188569e-03 -7.57850474e-03 -1.10400119e-03 -1.12311989e-02
 -3.09273005e-02 -5.18486761e-02  3.58110890e-02  9.64559894e-03
 -4.26907502e-02  7.75603228e-04 -8.71443152e-02 -4.81257737e-02
  1.90366339e-02 -2.16946658e-03 -1.19323703e-02  5.39825344e-03
 -3.88519699e-03 -5.06808702e-03  1.05817327e-02 -1.69635471e-03
  2.53019780e-02  6.12349948e-04  8.10307190e-02 -3.54350172e-02
 -7.56048188e-02  6.04644418e-02  3.50149907e-02 -5.67917200e-03
  8.82495102e-03  5.83545379e-02  2.13323049e-02 -2.16036607e-02
 -5.42162023e-02  2.42052712e-02 -1.70539357e-02  5.00511611e-03
 -9.39042121e-03 -6.08699070e-03 -6.17391132e-02 -2.33978480e-02
  5.44610433e-02 -5.90487756e-02 -3.74620743e-02 -3.13250273e-02
 -4.86942902e-02 -2.06860658e-02 -1.23164407e-03 -4.80708276e-33
 -1.66040119e-02 -4.20003124e-02  4.35328931e-02 -2.06644107e-02
 -4.91958410e-02 -9.52606648e-03  1.85350553e-04  2.60669310e-02
 -6.04927912e-02 -7.78019603e-04 -3.22134607e-02  7.77600450e-04
  1.58482566e-02  2.06759982e-02  4.08826955e-02  3.18786013e-03
 -1.47205740e-02  2.52050348e-02  2.65044104e-02 -3.73092666e-02
 -3.07945386e-02 -1.38669824e-02  4.58023027e-02  9.36686322e-02
 -2.51234248e-02  8.68704822e-03 -2.18443312e-02 -2.53704116e-02
  3.72571871e-02 -1.17111877e-02  9.85362194e-03 -5.63953221e-02
 -2.13469341e-02 -7.77749643e-02  3.17286700e-02  8.97985250e-02
 -3.44020091e-02  1.65382419e-02 -7.62570929e-03 -7.76670361e-03
 -1.15705403e-02 -1.85479620e-03 -5.41980378e-03 -5.12321433e-03
  4.65729982e-02 -5.02735749e-02 -4.29938883e-02 -5.65851619e-03
 -2.99170446e-02  1.93509255e-02 -4.66742516e-02  1.62363853e-02
  4.76918416e-03  1.15887605e-01 -4.81063277e-02  5.37965782e-02
 -5.60880937e-02 -6.33720402e-03 -2.42239032e-02 -5.21173477e-02
 -1.13911014e-02  2.37708422e-03  3.50725278e-03  8.94105285e-02
 -4.86463644e-02  5.84073029e-02 -2.16372572e-02  5.85129596e-02
 -3.74378152e-02  9.53774527e-03 -1.34377591e-02  7.70776868e-02
 -1.95873547e-02 -2.62530651e-02 -1.44864291e-01  2.12238301e-02
 -4.49840017e-02 -1.51528018e-02 -6.11616764e-03  7.34441774e-03
 -7.76788045e-04  1.93578638e-02 -8.73878319e-03 -2.11976878e-02
  3.46139558e-02 -6.45037517e-02 -2.18019113e-02  5.62716983e-02
  1.86108779e-02  1.01529863e-02 -3.77736203e-02  3.84360813e-02
  3.89796793e-02  3.63168716e-02  2.95701413e-03  8.46387632e-03
  5.80909802e-03  2.48557888e-02  2.47192215e-02  3.38033289e-02
 -3.59316319e-02  3.74180563e-02 -1.69577599e-02  6.29059002e-02
 -1.42149092e-03 -1.36723137e-02 -8.14930052e-02 -1.13058640e-02
 -6.27159094e-03  9.43012815e-03  2.06314698e-02  1.93810798e-02
 -1.86783541e-02 -1.41602814e-01 -4.34965268e-02 -2.25471109e-02
 -4.42874338e-03 -6.25453843e-03 -1.34305679e-03 -5.70740439e-02
  7.64478147e-02 -2.92888954e-02 -1.05584448e-03 -1.45382239e-02
 -4.40760702e-02  2.10822914e-02  1.81593967e-03 -6.24362426e-03
  2.09491104e-02 -2.70698126e-03  2.35269591e-02 -7.89781846e-03
  2.29145286e-07  2.98161730e-02  1.54085755e-02  2.30037309e-02
  6.09599706e-03  4.49251868e-02  3.49375792e-02  4.79380414e-02
  1.79045405e-02 -3.45655764e-03 -6.18653325e-03  4.74605337e-02
 -5.01882061e-02 -6.31053969e-02  4.25375029e-02  2.10796986e-02
 -5.98462373e-02  1.68959098e-03 -4.67093885e-02 -6.08192990e-03
 -2.03600526e-02  1.76252555e-02 -2.09524129e-02 -2.42237444e-03
 -2.12869141e-02  2.60328893e-02  1.44950645e-02  1.65829286e-02
  9.38656088e-03  9.50798672e-03 -2.01872233e-02  1.79333240e-02
 -1.06516592e-02  2.58332375e-03  9.68227803e-04  7.94033241e-03
 -2.90046073e-02  1.15660969e-02 -3.33616114e-03  6.12798221e-02
  3.03395744e-02 -2.96574309e-02 -5.56678921e-02 -1.80162620e-02
  2.38797273e-02 -7.90904835e-03 -2.59350929e-02  1.64630241e-03
  2.89745871e-02 -2.56895050e-02  3.20835412e-02  4.60228836e-03
  1.09934630e-02  2.62879618e-02  3.90311442e-02 -7.91314244e-03
 -6.87314710e-03  3.23551707e-02 -1.56430248e-02  6.34295642e-02
  2.00050212e-02  3.14286798e-02 -1.09101795e-02 -1.55397840e-02
  5.10863289e-02 -5.30371268e-04  4.41230312e-02 -1.95874833e-03
  9.74010372e-35 -1.75145101e-02 -1.04844548e-01 -7.75467744e-03
 -3.55720632e-02  3.38945985e-02  1.55597990e-02 -7.27713555e-02
 -2.40912177e-02  1.49085419e-02  3.92814726e-03 -3.26834172e-02]"
Centre_of_Excellence,"Specialized knowledge hubs advancing training, innovation, and operational excellence.","[ 4.18032855e-02 -2.83838585e-02 -1.67819783e-02 -3.98280472e-02
  1.99496690e-02 -1.55497119e-02  5.04844151e-02  3.45468037e-02
 -3.01389694e-02 -4.12368700e-02 -2.37049758e-02  8.23244750e-02
  8.11882317e-03  4.58008200e-02  3.38498577e-02  6.29988778e-03
  3.91760767e-02 -1.17218709e-02 -1.05986753e-02  2.07096208e-02
 -1.13107860e-02  5.27269905e-03 -4.41180728e-02  1.89396087e-02
 -2.25286465e-02  1.44212106e-02  1.62012931e-02  2.50569023e-02
  2.15170793e-02 -4.85892519e-02  7.44824931e-02 -1.49560338e-02
  1.36318675e-03  1.53971883e-02  1.59865624e-06  2.81943707e-03
  2.14089779e-03  2.26295888e-02 -6.46086782e-02  6.09521335e-03
 -4.10565548e-03  5.92123764e-03  3.47099337e-03  1.17110433e-02
  9.72887501e-03  3.42388055e-03 -3.99510749e-02 -3.11282501e-02
 -4.77835275e-02  4.31084866e-03 -1.62077660e-04  2.83670854e-02
 -6.81839734e-02 -3.34109478e-02 -1.22471064e-01  2.18112860e-02
 -3.75374071e-02  6.34153783e-02  3.52461003e-02 -3.32715129e-03
  6.25152513e-03  1.99681092e-02 -3.12277041e-02 -7.86450971e-03
  1.13379709e-01  8.83453786e-02 -1.87159814e-02  7.24816471e-02
 -1.07179880e-02 -2.33208481e-02  2.35444913e-03 -2.65640523e-02
  5.61125809e-03  1.66965127e-02  5.19766770e-02 -1.48929050e-02
  4.18936834e-03 -3.41236293e-02  4.78344969e-03 -1.39008742e-02
 -2.63681524e-02 -3.39628980e-02 -3.64284753e-03 -2.36526318e-02
  3.20448652e-02  3.30095328e-02 -2.70778891e-02 -3.17165926e-02
 -2.89689824e-02  2.88241152e-02  4.02026847e-02 -1.27966162e-02
  1.07826097e-02  2.94650104e-02  2.28555966e-03 -4.25968505e-02
  4.59405333e-02  2.88673006e-02  2.86676493e-02  5.73746860e-03
 -1.25365390e-03  8.38917308e-03 -9.16675781e-04  4.45242040e-02
 -1.16408519e-01 -1.53238727e-02 -9.81576461e-03  5.87794632e-02
 -3.56730111e-02 -1.05115054e-02 -6.89813346e-02 -1.89963635e-02
 -4.63352958e-03  1.48125784e-02 -3.85992788e-02 -3.63861956e-02
  5.50963311e-03  3.05907428e-02 -8.88865720e-03  5.58921993e-02
 -1.32649066e-02  4.48995233e-02 -4.49342700e-03 -1.25639727e-02
 -3.10617108e-02  3.86892892e-02 -3.74639127e-03  6.67855963e-02
 -2.94074453e-02  5.27803712e-02 -5.11928229e-03  4.76334058e-02
 -1.77061185e-02  4.42676097e-02 -1.14418389e-02  1.82001684e-02
 -3.62497009e-02 -2.10739090e-03 -2.54902504e-02 -4.12535593e-02
  2.58480702e-02  1.92022498e-03 -1.84444189e-02  1.57919452e-02
 -7.25225452e-03  1.57168023e-02  1.90903284e-02  2.74016876e-02
  3.05173546e-03 -3.51330116e-02 -1.29190609e-02 -5.44827916e-02
 -6.42748997e-02  7.80806970e-03  5.75983934e-02  1.90159772e-02
 -2.83062411e-03 -3.75466496e-02 -4.03585881e-02  2.40858607e-02
  3.77251673e-03  1.24024590e-02 -4.97933887e-02  1.10366223e-02
 -4.66928780e-02 -1.07536372e-02  5.23280762e-02  2.77163945e-02
 -4.97629493e-02  4.56896722e-02 -1.53482342e-02 -3.48571390e-02
 -3.86817455e-02  6.21325783e-02  3.10450536e-03  4.69732098e-02
  5.41250035e-02 -5.17804362e-02  4.44607399e-02  1.27836003e-03
 -1.96708217e-02 -1.45754620e-01  1.10152783e-02 -1.17233386e-02
  8.68634041e-03  1.71905700e-02 -1.90928020e-02  2.11253259e-02
 -1.63688026e-02  1.48550849e-02 -3.10954149e-03  2.71776505e-02
 -4.90811467e-02  1.25900544e-02  2.01833956e-02 -5.02547733e-02
 -9.11751017e-03  4.76196520e-02 -1.24045191e-02  4.21226583e-02
  1.15492493e-02 -4.55139540e-02 -6.04708679e-02  1.05372466e-01
  3.56260166e-02 -5.52789494e-02 -6.23226427e-02 -4.55534756e-02
 -4.30282056e-02  3.31725441e-02  3.03358957e-02  1.51164699e-02
 -2.39388235e-02  3.25650163e-02  6.22096565e-03 -5.27330376e-02
  1.40462862e-02  1.08729070e-02  8.38647410e-03  7.94759765e-02
 -4.79871184e-02  2.35505253e-02 -4.34419923e-02  1.01538412e-02
  8.80061183e-03  6.02140427e-02 -2.40727887e-02  2.33936030e-03
 -3.27192545e-02  5.88671900e-02  6.91016624e-03  2.47422848e-02
  1.61876641e-02 -1.21720005e-02 -2.47159018e-03  3.57599258e-02
  7.21558034e-02  1.04804389e-01  2.00530551e-02 -2.57639419e-02
 -4.42130044e-02 -8.84872004e-02  3.52887847e-02  3.39652747e-02
  1.41605828e-02  3.49091440e-02  6.58559576e-02  2.72077788e-02
 -1.74639616e-04  2.12383009e-02 -1.26919737e-02 -1.71561204e-02
  1.52412290e-02 -5.15584555e-03  1.09713934e-02  1.94298830e-02
 -7.11606666e-02  4.21063378e-02  4.44630459e-02  1.62321664e-02
 -5.56507260e-02 -5.86105604e-03 -2.43024994e-03 -8.81027617e-03
 -3.69418450e-02 -1.99284013e-02  3.04442439e-02 -5.11216968e-02
  5.90298930e-03 -8.60122871e-03  9.44802258e-03  1.82443894e-02
 -6.45089224e-02 -1.55352913e-02 -5.95290505e-04  2.48673949e-02
 -6.23799441e-03  2.79550180e-02 -5.59393205e-02  9.91317444e-03
  5.38532250e-02 -6.99185859e-03  3.86216864e-03  2.12723911e-02
  1.89427994e-02  4.29533841e-03  3.55699658e-02  7.63899833e-02
 -4.06956673e-02  2.08610166e-02 -1.67513527e-02 -3.84258293e-02
  2.06791852e-02 -4.47157174e-02  3.68409827e-02 -4.99095162e-03
 -4.77719940e-02  1.05634611e-02 -3.15571353e-02  2.34303866e-02
 -9.76731535e-04 -3.74656096e-02  3.58021371e-02 -1.43960044e-02
 -2.99967825e-02  4.02665995e-02 -1.83082502e-02  4.03720401e-02
 -1.62158515e-02 -4.76976223e-02  2.98793018e-02  3.08276489e-02
  3.79555635e-02 -6.12409450e-02  1.19479494e-02 -1.74407847e-02
 -4.34285365e-02 -2.30767205e-02  1.00741507e-02  4.53780815e-02
  7.74158817e-03  2.83098826e-03 -2.79960148e-02  1.09314043e-02
  3.81757468e-02 -4.38242480e-02 -4.80912365e-02 -1.31810429e-02
 -3.67236100e-02 -7.79678226e-02 -3.23696947e-03 -2.62639690e-02
 -1.66156609e-02 -1.38188945e-02 -3.12156137e-02 -4.26303037e-02
 -4.61239442e-02  9.67455097e-04 -2.24866755e-02 -1.00108180e-02
  3.56945693e-02  1.34224417e-02 -4.46416289e-02  1.26672521e-01
  1.92167964e-02  1.02791674e-02  2.12797821e-02 -1.45675270e-02
 -4.08529956e-03  2.33926438e-03  6.33051321e-02  7.51880854e-02
 -1.13313822e-02 -5.86967310e-03 -2.14421749e-02  3.85743193e-02
 -4.74136546e-02  2.85658073e-02  6.66363612e-02 -6.14117645e-03
 -7.10694492e-02  1.74654294e-02 -4.42511431e-04 -7.91880041e-02
  1.41593777e-02 -2.58945711e-02 -5.07543981e-03 -2.10154392e-02
  3.08307856e-02 -2.23605596e-02  3.39738280e-02 -1.06437905e-02
 -1.66912302e-02 -3.83788757e-02  1.77483596e-02  1.44313136e-02
  1.46055203e-02  1.08750230e-02 -7.93370325e-03  8.08904041e-03
  2.35993527e-02 -4.87854443e-02  6.83745071e-02 -3.67681719e-02
  3.68520096e-02 -4.39659245e-02 -3.41356173e-02 -8.44183937e-03
  1.42524270e-02  3.06634232e-02 -3.19328718e-02 -2.98472997e-02
 -7.28215724e-02  5.84137663e-02  1.33729633e-02  4.75073494e-02
 -4.19401117e-02 -1.20778801e-02 -7.73065723e-03 -1.61445979e-02
  2.50203293e-02 -2.02357899e-02 -5.88814951e-02 -2.72779707e-02
 -3.30091864e-02  1.56680793e-02 -7.03983009e-03 -6.01125471e-02
 -3.31177749e-02  6.82001263e-02 -4.80605662e-02  6.62998408e-02
  5.78928068e-02  2.77604051e-02 -2.62944903e-02 -4.67534475e-02
  8.92856438e-03 -2.67406367e-02 -8.95170495e-03 -1.99130829e-02
 -8.02193463e-05  2.72872150e-02  5.46497926e-02 -3.81821184e-04
  4.62204441e-02 -1.49152400e-02 -2.34241830e-03 -3.32471095e-02
  4.05408777e-02 -3.73468921e-02  2.35255738e-03  3.61963250e-02
 -9.16303042e-03  3.23114656e-02 -5.30865183e-03 -1.64778307e-02
  1.72091331e-02 -1.50041413e-02 -1.44508490e-02 -5.86288944e-02
 -1.61986228e-03  5.68826646e-02 -2.39517372e-02 -2.50414852e-02
 -2.72486601e-02 -1.11618370e-01 -2.01178137e-02 -2.81511378e-02
  1.40951648e-02 -4.65325173e-03  1.11617558e-02 -2.64406018e-02
 -4.48108166e-02 -4.09141779e-02  5.76673402e-03 -1.76839288e-02
 -1.13079483e-02  9.47194081e-03 -5.28359506e-03  3.07037332e-03
  3.56043354e-02  1.99601967e-02 -1.16047775e-03  6.85172454e-02
  3.89367715e-02  8.39632004e-02  6.43018112e-02 -1.19877152e-01
 -1.14807710e-02 -5.83855994e-02 -3.63396779e-02 -2.34684274e-02
 -3.73155847e-02 -5.58125461e-03 -7.31748017e-03  2.41600126e-02
 -1.65786818e-02  3.06864493e-02 -3.95601019e-02  4.62136464e-03
 -2.88686771e-02 -3.06819826e-02  1.67775305e-03  8.25862680e-03
 -2.13429071e-02 -1.59537513e-03  3.82690281e-02  1.68579426e-02
  3.00727636e-02 -9.92522575e-03 -1.76341683e-02 -2.41130702e-02
  1.82585213e-02  8.78504291e-02  7.22832829e-02  3.67567092e-02
 -3.15994360e-02 -1.83075164e-02  7.91821815e-03 -2.80769765e-02
  1.68917677e-03  1.36655318e-02  7.86603428e-03 -3.99272814e-02
 -4.32841107e-02 -5.33057796e-03 -1.94265367e-03  4.80099320e-02
  3.03539983e-03 -1.09475553e-02 -3.42904101e-03  2.28038728e-02
 -2.11034995e-02 -1.06067657e-01  2.04951931e-02  2.42063310e-02
  8.46841373e-03  7.64967874e-02 -8.79263133e-03 -4.17023487e-02
 -1.29099321e-02  1.91944675e-03  1.53423427e-03 -3.20593864e-02
  6.25309646e-02 -7.94361830e-02  3.19094546e-02  2.20537111e-02
 -7.89180025e-03  4.15341370e-03 -3.85375954e-02  5.59806041e-02
 -2.61298642e-02  6.46316167e-03 -1.06750075e-02  1.27312690e-02
  1.07417844e-01  7.22581148e-02  3.92675726e-03  9.07774176e-03
 -6.83916286e-02 -5.23394905e-03  9.01068561e-03  5.02064191e-02
 -1.61178708e-02 -1.78233329e-02 -1.15609467e-02  5.03844116e-03
  5.16607799e-02 -5.43381609e-02 -1.59837715e-02 -2.48923954e-02
  1.86318420e-02  1.04742125e-02  2.62789149e-02 -5.35827794e-33
  4.70595397e-02 -1.24928914e-02  8.26669857e-03 -3.48510258e-02
 -3.45578231e-02  2.12777071e-02  1.79208834e-02  8.51497706e-03
 -5.77612519e-02 -2.66589150e-02  1.87438503e-02 -1.55125102e-02
  9.29957628e-03 -3.84853547e-03  2.25471351e-02  4.81392853e-02
 -5.93497232e-03  7.44855637e-03  5.43960370e-03  1.62243731e-02
  1.59829576e-02  2.18124799e-02  3.43704373e-02 -1.14792855e-02
 -1.04280515e-02  2.61567160e-02 -4.51704836e-04  6.24418166e-03
  3.43924500e-02  1.25487230e-03 -2.01639626e-02  3.70607786e-02
 -7.97325093e-03 -5.23255281e-02 -5.42817218e-03 -5.98765463e-02
 -1.39270388e-02  1.58773921e-02  9.60619375e-03 -4.97892871e-02
  1.63251795e-02 -3.25813182e-02  7.17578158e-02  6.03410322e-03
  1.02445194e-02 -1.03704287e-02 -9.53709055e-03  2.70342194e-02
  7.95731321e-03  2.52213795e-02 -5.56174256e-02 -4.75901505e-03
 -2.50672437e-02  4.77373526e-02 -1.12909833e-02 -7.79184699e-02
  1.37341768e-03 -2.84881834e-02 -5.69678508e-02 -8.23929347e-03
  9.64156818e-03  3.40005457e-02  1.79291721e-02 -2.31564995e-02
 -4.89449129e-02 -7.18614180e-03 -2.68654712e-02  2.33562626e-02
  6.81714043e-02  1.06862783e-02  3.72869037e-02  8.46620351e-02
  4.82705235e-02 -3.15647945e-02 -5.85704520e-02 -3.68467672e-03
 -1.72643885e-02 -1.19072795e-02 -5.23314998e-02  3.46018150e-02
  9.52462293e-03  9.99680255e-03 -2.62069963e-02  1.48422988e-02
  5.57244606e-02 -3.31473984e-02 -2.14505121e-02 -2.30444502e-02
  2.17091162e-02  2.07157917e-02 -3.04701570e-02  7.13264346e-02
 -1.45473201e-02 -9.09944437e-03  1.02705508e-01  5.56935705e-02
  1.84138131e-03  3.57395262e-02 -6.86830515e-03 -2.29690783e-03
 -1.04329720e-01  4.92058918e-02 -1.60567239e-02  2.20891051e-02
  3.41570098e-03  2.41137668e-03 -2.77123004e-02  1.09118142e-03
  6.17486471e-03  5.29781803e-02  2.07862183e-02  6.78416807e-04
  2.05283295e-02 -3.62486802e-02 -8.03550985e-03 -1.19032676e-03
  2.15874519e-02  4.18210123e-03 -1.86401382e-02 -3.80215310e-02
  2.15921607e-02 -1.09444587e-02  7.90001359e-03 -6.91514811e-04
 -3.19681689e-02  6.64676502e-02 -2.41682436e-02 -2.26517152e-02
 -3.87807563e-02 -1.62766334e-02  1.16730500e-02  1.96260996e-02
  2.11594809e-07  1.65178198e-02  1.85952336e-02  4.04170081e-02
  7.68453756e-04  4.88295313e-03 -5.10320850e-02  2.79538948e-02
 -1.97986085e-02 -4.59914422e-03 -1.82916764e-02  2.52729189e-02
  1.80005562e-02 -4.15309034e-02  1.01800812e-02 -2.74851569e-03
 -9.98225287e-02  3.36147845e-02 -6.55116094e-03 -5.96461855e-02
 -4.60444167e-02  7.23259374e-02  1.76724896e-03  2.16284096e-02
 -1.34283642e-03 -1.08268065e-02  1.00992545e-02 -2.55299583e-02
  1.11214221e-02  6.90080002e-02  2.31062472e-02  1.91358104e-02
  4.46368046e-02 -4.35990766e-02  1.08496239e-02 -1.21958880e-02
  7.17548886e-04 -6.49583116e-02  7.85972644e-03 -1.34557311e-03
  2.88053118e-02  4.03876649e-03 -2.95570679e-02 -2.12140661e-02
 -5.39531633e-02 -4.16194525e-04 -7.64301494e-02  6.10090308e-02
  4.26913984e-02 -5.54047376e-02  2.54117372e-03 -4.52322103e-02
  6.39386568e-03 -1.62040256e-02  1.98977087e-02 -1.32631818e-02
  4.68870178e-02  2.35809963e-02 -2.79304180e-02  4.88775410e-02
  5.27038947e-02 -2.49539614e-02 -4.26987335e-02  1.16739245e-02
 -2.15772316e-02 -2.18289578e-03  5.30153327e-02 -1.65374763e-02
  1.18178772e-34 -5.31393923e-02  5.59881981e-03  2.13077199e-03
  4.41796258e-02  2.78991461e-02 -2.88353208e-03 -7.78034329e-02
 -3.45211588e-02  7.16780871e-03  7.61786359e-04 -4.22688052e-02]"
Private_sector,"Collaboration with private companies supporting logistics, innovation, or programme delivery.","[ 4.08159867e-02  3.08992863e-02  6.91706222e-03 -1.62923262e-02
 -4.36284672e-03 -2.55917050e-02  6.16530143e-02 -2.29876768e-03
 -1.88342517e-03 -2.34044380e-02  3.25910300e-02  6.08441904e-02
  1.40135521e-02  8.71318430e-02 -6.77734194e-03  4.93305512e-02
  1.62220758e-03  1.17912944e-02 -7.76295289e-02  1.62082016e-02
  3.22359316e-02  2.24547205e-03 -1.08409394e-02  1.50431525e-02
  1.91697665e-02 -9.70695255e-05 -5.30610532e-02  3.53002660e-02
  2.28373962e-03  9.80003970e-04  6.44680485e-02 -1.99673101e-02
 -4.34371047e-02  3.15834098e-02  1.28076636e-06 -1.79693084e-02
 -6.94716498e-02 -1.25848735e-02 -4.14901897e-02  9.10921302e-03
 -3.28298099e-02 -9.63041745e-03 -4.73343534e-04  4.75924974e-03
 -2.30024662e-02  5.41744614e-03  1.64499797e-03 -4.21553776e-02
 -3.14431489e-02 -1.77921429e-02  1.92564819e-02  2.24629063e-02
 -3.60105895e-02 -1.40076177e-02 -1.30617335e-01 -2.67934427e-02
  1.76911671e-02  1.90750938e-02  4.32076119e-02  2.28913482e-02
 -5.77240344e-03 -7.40429386e-03 -2.41453922e-03  2.10507996e-02
  6.47813231e-02  6.33491725e-02 -2.38068476e-02  2.08106544e-02
 -2.43330002e-02  1.32236967e-03  1.17171168e-01 -3.68742738e-03
 -1.21770995e-02  1.36331972e-02  3.52981724e-02  9.16010141e-03
  2.77959201e-02 -4.22396772e-02  9.79070552e-03  3.86282504e-02
  2.66799447e-03  2.43308246e-02  1.77318859e-03  1.61356963e-02
 -1.80776902e-02  6.08665794e-02 -4.01347354e-02 -1.79895088e-02
 -2.88417581e-02  2.20738873e-02  1.80239771e-02 -8.18760879e-03
  3.87658440e-02 -2.83135753e-02  4.69910242e-02 -5.20659275e-02
  3.43372859e-02  2.41299663e-02  1.50476620e-02  4.75353338e-02
 -1.62583832e-02 -2.13109739e-02 -4.85689100e-03  2.34568659e-02
 -2.98417360e-02 -3.51527110e-02 -5.20138331e-02  8.96211043e-02
 -3.22579592e-02  2.76260898e-02 -2.98216455e-02  8.32661428e-03
 -6.80815652e-02  5.27960956e-02 -1.01245873e-01 -3.47681865e-02
 -9.58307460e-03  3.39456089e-02  1.33015309e-03  4.10988256e-02
  5.99985905e-02  5.10209799e-02  1.60799138e-02 -2.63128672e-02
  3.31508298e-03  3.85143533e-02 -3.80922016e-03  1.25595154e-02
 -3.05217262e-02  1.45702111e-02  1.52157303e-02 -2.32794676e-02
 -9.11234412e-03 -1.25764869e-02 -2.78263330e-03  1.36082703e-02
 -6.41726796e-03  1.20933773e-03 -1.92941353e-02  3.39675508e-02
  1.73438173e-02  3.64861742e-04 -4.31957357e-02 -1.51327485e-02
 -4.12890874e-02 -2.48859227e-02 -6.22622902e-03 -1.38492938e-02
  3.34372707e-02 -1.82441175e-02 -2.03559753e-02 -3.15470956e-02
 -2.45761964e-02 -3.17719439e-03  5.21217613e-03  2.78798901e-02
  1.01618491e-01 -4.62753437e-02 -1.36749642e-02 -5.89755410e-03
  1.98120587e-02  3.29582468e-02  1.13684796e-02  4.42063175e-02
 -5.98883368e-02  1.03083635e-02  6.21965453e-02  3.74104418e-02
 -2.86303572e-02  3.97832170e-02  2.23973952e-02 -1.49680795e-02
 -3.63373850e-03  5.71186915e-02  1.26553634e-02 -9.03183818e-02
  1.02648996e-01 -6.73900843e-02 -2.88900733e-02  4.33782078e-02
 -6.53441325e-02 -9.81761590e-02  3.18795666e-02 -9.73242149e-03
  3.84467356e-02  4.26017679e-02  6.70968816e-02  3.46613713e-02
 -2.46808864e-03  3.69241601e-03  3.13824937e-02  1.90194603e-02
  3.30484994e-02  3.67684066e-02  3.32197696e-02 -1.34543637e-02
 -3.23309191e-02 -2.97658350e-02 -6.27151504e-02  3.30400988e-02
 -6.50051865e-04 -4.52684388e-02 -1.02854939e-02  3.21844406e-02
  2.47461442e-02 -3.28134047e-03 -4.26457562e-02  1.19917011e-02
 -7.42839649e-02  7.59813655e-03  2.23116670e-02  2.18514912e-02
  5.21163875e-03  5.48155699e-03 -5.77738602e-03 -1.79178026e-02
 -3.71210016e-02  2.55014072e-03 -1.53843164e-02  2.32340600e-02
 -4.70535792e-02  5.52361086e-02  7.73324221e-02  2.72415224e-02
  3.66895040e-03  4.91358861e-02  8.90671462e-03  1.44113144e-02
  1.21471658e-02  8.99708346e-02  2.79920027e-02  2.90042572e-02
  3.80559042e-02 -2.96049602e-02  2.64982786e-02  2.19047721e-02
  1.33580267e-01  5.09867556e-02  1.77454501e-02  3.12024616e-02
 -1.09580560e-02 -6.78161671e-03  2.68704034e-02  4.46041226e-02
  3.21890451e-02  5.59414923e-02  4.32269275e-02 -9.68034007e-03
 -3.07434853e-02 -6.16648467e-03 -4.70860687e-04 -1.03718443e-02
 -2.17477251e-02  1.75071303e-02  3.00196931e-02 -7.71941170e-02
  1.25818774e-02  2.18718573e-02  7.17081083e-03  5.30035198e-02
  5.60417324e-02  1.16135050e-02 -2.16663741e-02  2.92543508e-02
 -6.13986468e-03 -1.78448856e-02  2.40883231e-03 -2.91735735e-02
  1.87670607e-02  1.29567450e-02  1.41914003e-02 -2.22148523e-02
  2.89870566e-03 -1.83646590e-03  3.28390785e-02  5.76944882e-03
  2.85936594e-02  4.86992113e-02 -4.13317233e-02 -4.53294814e-03
  8.38235170e-02 -2.80125774e-02  1.06744152e-02  6.47426993e-02
  1.49883656e-02  2.75023445e-03  5.68537489e-02 -3.86362746e-02
 -9.11242142e-02 -4.54966277e-02 -6.85179466e-03 -3.05528380e-02
  3.66009660e-02 -5.35316728e-02  2.49586608e-02  1.53826969e-02
 -1.64100379e-02 -3.35445814e-02 -4.58055176e-02 -5.12473620e-02
 -1.08773941e-02 -7.70053491e-02 -3.32665211e-03 -4.44795378e-03
 -4.14250465e-03  1.14637483e-02 -1.25332060e-03  9.85228829e-03
 -1.00414706e-02 -2.27367692e-02 -1.34318490e-02  3.83039117e-02
 -7.66025551e-05 -7.91725051e-03  8.94922912e-02 -2.08962522e-02
  1.70482288e-03 -6.78443983e-02  1.16063794e-02  9.34632048e-02
 -1.14693912e-02 -2.98261759e-03 -3.92848067e-02 -2.84294989e-02
 -1.45273181e-02 -3.20242643e-02 -5.99371754e-02 -5.35106063e-02
  2.70335991e-02 -7.78991058e-02 -2.58165710e-02 -3.84189002e-02
 -1.38151580e-02  2.85420287e-02  3.42454687e-02 -6.22480959e-02
  1.04383929e-02 -2.75639724e-03 -4.70597902e-03  4.04827390e-03
 -1.67818442e-02 -6.61154231e-03 -8.03576875e-03  2.27493439e-02
  3.28140147e-02  1.58053730e-02  4.06403886e-03  2.91467104e-02
  2.69377418e-02 -4.80874255e-03  1.73899475e-02  5.47342934e-02
  1.86135173e-02 -6.80969283e-03 -1.39118722e-02 -2.45071035e-02
 -7.19873682e-02  2.61735059e-02  6.34575784e-02 -1.56622641e-02
 -6.51324764e-02 -1.69515405e-02 -3.77089204e-03 -5.42501174e-02
 -4.61298451e-02 -1.57391708e-02  3.41169760e-02  4.39890735e-02
  3.10207065e-02 -2.25858632e-02  3.26159671e-02  1.92177519e-02
 -4.86372858e-02 -6.30259514e-02 -2.39891391e-02 -6.92181895e-03
  1.74056925e-02  4.39152457e-02 -2.37947796e-02  1.82645973e-02
  3.71398516e-02 -3.02073658e-02  4.63772081e-02 -5.16319182e-03
 -2.84160729e-02 -5.65791577e-02 -5.00574894e-02 -8.71144161e-02
  7.26977014e-04  3.42884436e-02  1.34293537e-03  3.19093503e-02
 -2.29326729e-02  3.52741033e-02  3.52561474e-02 -1.29369050e-02
 -2.76196916e-02 -2.66141761e-02  2.08091829e-02 -1.31941373e-02
 -3.03787109e-03 -2.21184734e-02  3.67258005e-02 -3.84567417e-02
 -1.44697856e-02  3.19823460e-03  7.92114139e-02 -2.26894338e-02
 -3.49330120e-02  4.29385416e-02 -3.75882089e-02  5.83353266e-02
  1.11627476e-02  3.84188518e-02 -2.43611597e-02 -4.40986678e-02
  4.24389914e-03  5.05823120e-02 -6.42025564e-03 -7.21079707e-02
  4.06814826e-04  1.76628772e-02 -2.11135503e-02  1.34012336e-02
  3.44750695e-02  9.96961258e-04  1.76868811e-02 -9.82298888e-03
  1.76844765e-02 -9.25488621e-02  5.64201362e-03  1.03315357e-02
  1.49291288e-02  1.52158765e-02  2.07669679e-02  2.86065228e-02
  1.17391292e-02  4.52717999e-03  8.12450796e-03 -3.15189757e-03
 -3.50034162e-02  6.98992759e-02 -2.23939680e-02 -3.87940742e-02
  2.87554823e-02 -5.77937700e-02 -3.46890613e-02  5.28234243e-02
 -5.58137372e-02 -2.22723130e-02  7.41178840e-02 -5.38767204e-02
 -2.45997943e-02 -1.05470575e-01 -1.00187736e-03 -7.11352564e-03
 -8.46873969e-02 -6.34375289e-02 -2.38741897e-02 -1.21309655e-02
 -3.00922636e-02  2.15929933e-02  2.61591990e-02  4.39717583e-02
  3.56912166e-02 -3.35861966e-02  7.33729228e-02  1.66384503e-02
  2.36613606e-03 -5.70188500e-02 -5.66721254e-04 -8.15931335e-03
 -3.79760899e-02  5.16576245e-02 -3.64769585e-02  2.89909262e-02
 -4.68485802e-03 -2.24838853e-02 -5.10352142e-02  6.55962974e-02
 -5.45642488e-02  2.91519929e-02 -2.09479593e-03 -2.60353889e-02
 -2.37455182e-02  1.42501760e-02  1.53338034e-02  2.51991209e-02
 -4.81227860e-02 -5.27553298e-02 -6.89858804e-03 -3.20091844e-02
  2.32522320e-02  1.91301445e-03 -3.04175932e-02  4.13110033e-02
 -2.60293372e-02  6.41766563e-02 -3.11349425e-02  8.92933458e-03
 -3.99577012e-03  3.47309597e-02 -2.46604495e-02 -5.41254207e-02
 -1.25979083e-02  2.39563324e-02  8.17806274e-03 -4.73020365e-03
  5.22327563e-03 -4.71542403e-03 -1.39341019e-02  2.54166918e-03
 -1.58024151e-02 -7.77374133e-02  3.78206233e-03  3.99781540e-02
 -2.12024394e-02  3.49771082e-02 -7.16264844e-02 -4.04836982e-02
  3.26205418e-03  5.38672670e-04 -1.62007511e-02 -1.54480254e-02
 -5.77314571e-03 -4.00471501e-02  1.88541319e-02  5.00864210e-03
 -3.13230641e-02  2.99765635e-02 -2.77465805e-02 -2.98577473e-02
 -7.72436634e-02  2.74073835e-02 -2.23212969e-02 -3.03406063e-02
  7.08474815e-02  5.42172641e-02 -5.04364318e-04  8.22407231e-02
  7.36796530e-04  3.62351798e-02 -2.88587026e-02  1.30889025e-02
 -1.20438868e-03 -1.51147286e-03 -3.84582579e-02 -2.65851570e-03
  2.42285747e-02 -2.42715925e-02 -8.97371396e-03 -4.37961146e-02
 -3.85804772e-02 -1.77101661e-02  3.68856601e-02 -4.75894957e-33
  4.44830768e-02 -3.05993501e-02  1.24015668e-02  2.31960062e-02
 -3.48803513e-02  4.43494581e-02  3.11584659e-02  5.28095057e-03
 -3.20153572e-02 -1.25583448e-02  1.04158465e-02 -3.74160684e-03
  3.68567482e-02 -7.70588825e-03  2.56958511e-02  4.14478779e-02
  2.95154343e-04  2.34357417e-02  3.27505991e-02 -5.00992909e-02
 -5.03083505e-02  1.06196906e-02 -1.92412944e-03  2.45177299e-02
  7.55555704e-02 -2.93822363e-02 -4.14985009e-02  5.70140928e-02
  3.16015482e-02  1.70250759e-02  2.67988624e-04 -3.51472311e-02
 -1.46664926e-04 -6.68318719e-02  2.33592186e-03  5.75711504e-02
  1.77796744e-02  5.43523692e-02 -2.07917131e-02 -3.08595970e-02
 -6.30721152e-02 -1.92813370e-02  2.84128338e-02 -2.47803014e-02
 -1.50877303e-02  9.89719294e-03 -2.14951355e-02 -5.19417711e-02
 -9.51617211e-03  2.14602984e-02 -4.92701717e-02 -4.30083647e-02
 -2.64193919e-02  5.74956425e-02  5.36224097e-02 -4.65903580e-02
 -3.92958112e-02 -1.04174186e-02  3.28993425e-02 -4.02260870e-02
 -9.23549160e-02  2.50943750e-02  3.34460773e-02 -1.68748535e-02
 -4.80041578e-02 -3.81163433e-02 -9.39821675e-02 -4.72456366e-02
  2.90424749e-02  2.38751210e-02 -2.24297792e-02  6.70404360e-02
 -2.30595395e-02  1.77132599e-02 -7.44848102e-02  3.94648090e-02
  1.27328606e-02 -1.30993742e-02  1.15552656e-02 -7.04083592e-02
  7.73692597e-03  1.02719497e-02  2.32736953e-03  1.76864397e-02
  1.80499796e-02  2.84559303e-03 -5.92165664e-02 -4.62738099e-03
 -1.26682855e-02  2.11529266e-02 -2.46484671e-02  7.16705173e-02
 -1.53861111e-02 -2.93323072e-04  1.64070651e-02 -4.28445172e-03
  1.36424380e-03 -8.12625140e-03  4.98632842e-04  2.34396774e-02
 -6.19888566e-02  7.52701983e-02 -4.38972265e-02  1.26430579e-02
 -3.29551962e-03  1.56468153e-02  3.35200392e-02 -5.87841235e-02
 -5.23386933e-02  6.07844740e-02 -1.46104665e-02  3.95853929e-02
 -1.00478115e-04 -9.18565914e-02 -1.05542755e-02 -3.73266377e-02
 -3.53667652e-03 -1.56528503e-03  1.91089103e-03 -2.26557404e-02
  1.94599088e-02  3.15050520e-02 -3.16981785e-02 -2.12364979e-02
 -5.67581095e-02  7.24516958e-02  1.98048223e-02  2.80333553e-02
  2.03914605e-02  4.48385477e-02 -1.62393488e-02  2.18561366e-02
  1.85474462e-07  1.99266542e-02  1.59550644e-02  4.04688306e-02
  7.30334409e-03  4.88351472e-03 -3.16714942e-02  3.13833654e-02
  2.35934258e-02 -2.73166746e-02  9.05907061e-03  1.20910835e-02
 -2.16798894e-02 -1.80246029e-02 -2.52417251e-02  1.43024242e-02
 -2.63895225e-02  2.64927763e-02  2.74338275e-02 -7.16675147e-02
 -1.72029417e-02  2.12328415e-02 -3.53413960e-03  5.92005346e-03
  9.77033470e-03 -1.36818374e-02  2.18503829e-02 -4.43429640e-03
 -2.90297978e-02  4.54232395e-02  4.11514416e-02 -3.28271799e-02
  7.34960381e-03 -1.02230662e-03 -8.67126696e-03 -1.07618915e-02
 -7.23824725e-02 -4.87168208e-02 -3.07488698e-03  2.23226324e-02
 -2.04531802e-03 -1.28983483e-02 -1.46178342e-02 -1.86012760e-02
  1.92902405e-02 -3.57616842e-02 -3.26255783e-02 -3.36647825e-03
  6.75189421e-02  2.82749683e-02 -2.02910807e-02  1.16689811e-02
  2.80776583e-02  8.38788040e-03  5.20353280e-02  1.30017521e-02
 -3.05401310e-02  2.74163410e-02 -1.17375227e-02  4.51960862e-02
 -1.51311383e-02 -1.57046597e-02 -5.01206785e-04  6.93300599e-03
  1.61135588e-02  5.18370327e-03  6.88267276e-02  4.48727943e-02
  1.04999139e-34 -3.37749571e-02 -3.24909352e-02  2.64621899e-02
  2.92965081e-02  1.21257855e-02 -3.46329622e-02 -5.18998541e-02
 -4.34047543e-03 -8.00096616e-03 -1.83806345e-02 -1.45017821e-02]"
Climate_services,Weather and climate intelligence informing WFP decisions.,"[-4.27892692e-02  1.31837294e-01  4.34408989e-03 -1.87601410e-02
  7.43742194e-03 -1.92364287e-02 -3.80447414e-03  4.14821506e-03
  4.43652458e-02  7.88552687e-04  2.87842061e-02  3.73353809e-02
  4.50577438e-02  5.14001437e-02  1.29332049e-02 -2.43314076e-02
 -7.19247665e-03 -1.70095600e-02 -3.73909585e-02  3.82357016e-02
 -3.03381197e-02 -2.41561793e-02  1.77825019e-02  2.24536005e-02
 -6.94666654e-02  1.96440914e-03 -2.71437094e-02  1.41190076e-02
 -1.80897780e-03 -2.45907381e-02  1.96677521e-02 -2.62082350e-02
  1.48568898e-02 -4.89197671e-02  1.62906224e-06 -1.85737084e-03
 -3.71333137e-02 -1.56673267e-02 -1.50149846e-02  4.49263025e-03
 -7.23937294e-03 -5.57490550e-02  1.88994799e-02  3.78706940e-02
 -5.64613566e-02  1.65232178e-02  3.25384028e-02 -3.72674083e-03
 -4.42778412e-03 -3.16279978e-02 -3.78283183e-03  3.93574871e-02
  1.73176825e-02  4.18043509e-02 -5.77699654e-02  3.10901981e-02
 -8.78402777e-03 -5.22220694e-02  1.14268977e-02 -7.45092034e-02
 -1.72485337e-02  2.87325867e-02  1.56012243e-02  4.59490791e-02
 -2.86085699e-02  2.68461443e-02 -1.58237107e-02  2.61666812e-03
 -7.40944594e-02 -1.70972236e-02  7.87382871e-02 -5.97571675e-03
 -2.99456622e-02  2.51722876e-02  4.08915505e-02 -4.85838251e-03
 -3.11128590e-02 -2.37537399e-02 -7.29819015e-03 -2.14323048e-02
  1.43668056e-02  6.02919124e-02 -6.76479237e-03  2.43443120e-02
 -5.50705269e-02  1.58996016e-01 -4.13838923e-02 -4.12841735e-04
 -3.12053226e-02  3.74702946e-03  3.80705297e-02 -1.89285520e-02
  1.02787958e-02 -2.73826048e-02 -1.72997136e-02 -1.36094242e-02
  1.35190450e-02  6.73946366e-02 -1.42057678e-02  2.87035783e-03
  1.20985918e-02 -1.81948561e-02  2.64740568e-02  2.25648805e-02
  6.79153502e-02  2.89217220e-03  8.99742544e-03 -5.87269925e-02
 -4.84391022e-03 -1.75197627e-02 -1.93897448e-02 -2.46732533e-02
  7.71343261e-02 -3.52984630e-02 -8.19023605e-03  4.58427472e-03
  2.87573449e-02 -1.39614986e-02 -4.03027236e-02  1.82837956e-02
  3.27137895e-02 -1.76768843e-02  9.77078173e-03  2.39497963e-02
 -5.81624210e-02  4.22635749e-02 -9.73477215e-03  3.37170102e-02
  2.02285387e-02  5.42560453e-03 -3.00700571e-02 -2.29317900e-02
  3.54450345e-02  1.93565562e-02  1.57056209e-02  7.13535249e-02
  2.92008538e-02  2.32807710e-03 -5.97225837e-02 -2.80099995e-02
  1.97308026e-02 -2.49259900e-02 -5.21959998e-02  9.89788584e-03
 -2.20813639e-02  2.58738846e-02 -3.17544118e-03  1.54739656e-02
 -2.61497349e-02  4.33684792e-04 -4.21614200e-02  2.09445264e-02
 -7.08213588e-03 -2.63290778e-02 -7.44234677e-03 -1.16292872e-02
  3.82312499e-02 -1.64045033e-03 -6.60871994e-03  6.92924857e-02
 -2.29953900e-02 -6.84062531e-03  1.03022503e-02 -1.68327875e-02
 -2.05377825e-02  6.56593964e-02 -2.79891510e-02 -4.01521195e-03
 -4.06732270e-03 -2.46873163e-02  2.51812190e-02 -6.42837361e-02
 -9.98472050e-03  2.46880502e-02  7.56006911e-02  1.29560493e-02
  8.47992851e-05 -2.73847170e-02  3.82071435e-02  4.74713668e-02
 -4.06832770e-02 -2.99456548e-02 -1.81868467e-02  4.83913906e-02
 -8.21582824e-02 -1.54412771e-02  9.39940941e-03 -4.00313549e-03
 -1.40922070e-02 -4.50824425e-02 -2.12101117e-02 -1.13460142e-02
  8.24954733e-03 -1.38254007e-02 -3.21937054e-02 -4.85627912e-02
  2.13913154e-02 -4.54106182e-02  1.64310113e-02  6.97953999e-02
 -2.19318382e-02 -2.00611050e-03 -5.40933087e-02  6.29872456e-02
 -2.31857020e-02 -1.89122222e-02  5.16760512e-04 -1.84956901e-02
 -2.50064693e-02 -5.08596376e-02  6.71752840e-02  4.56992686e-02
 -2.77165361e-02  2.15696152e-02 -2.98653264e-02  2.16280064e-03
  2.99460478e-02 -8.70013237e-03 -5.05924448e-02  5.58424683e-04
 -3.36985327e-02  2.91278884e-02 -6.16782233e-02  3.89375887e-03
  4.05461527e-02 -4.25008461e-02 -2.22308226e-02  2.22458076e-02
  2.91331336e-02 -7.35697336e-03  2.88341753e-02  2.31149364e-02
 -1.36108743e-02  4.78240987e-03 -2.81326119e-02  8.40947703e-02
  4.85666692e-02  3.19752246e-02 -4.33086008e-02  9.45127755e-03
  7.34352227e-03 -1.27597796e-02  6.28785184e-03 -3.24881896e-02
  8.45388770e-02 -4.60754056e-03  4.15676050e-02  3.19032255e-03
 -1.39763458e-02  3.52289118e-02  5.16607938e-03 -7.64941936e-03
 -1.18331108e-02 -1.42155541e-02 -3.26898620e-02 -5.72361909e-02
 -2.98802685e-02  5.92027931e-03 -4.94386489e-03  8.18613172e-02
  6.50431612e-05 -9.90874413e-03  3.79552157e-03  1.54989352e-02
 -2.77970685e-04 -1.45629561e-02 -9.50444676e-03  2.46261694e-02
  5.12679294e-02  1.20155914e-02 -1.97969191e-03 -2.88391579e-03
 -4.83794212e-02 -2.01440249e-02  1.70756131e-02  1.24533158e-02
 -3.10869273e-02 -5.46394661e-02  7.99218006e-03  5.37683330e-02
  1.68725289e-02  4.21435498e-02  2.89190691e-02 -2.35650828e-03
  6.07330061e-04  8.76540616e-02  6.53062761e-02 -8.58700555e-03
 -4.73774932e-02 -2.71654259e-02 -4.77081761e-02 -1.22574810e-02
 -1.37626333e-02 -2.30079517e-02 -1.61833204e-02 -1.42073240e-02
 -2.20887903e-02 -3.28667536e-02 -4.08974364e-02  6.90347478e-02
 -1.44658005e-02  4.16701548e-02 -5.24035767e-02  3.27627808e-02
 -1.20903226e-02  3.50301936e-02  5.64127341e-02  2.41175052e-02
 -9.52827177e-05 -2.60140970e-02  2.85850298e-02  3.48333605e-02
  7.25203827e-02  1.13793612e-01  6.65362878e-03 -2.15642396e-02
 -5.76678701e-02 -1.93811506e-02 -1.05359368e-02  6.94314018e-02
  1.59803703e-02 -9.15767327e-02  1.49346022e-02  2.05675773e-02
  3.22001502e-02 -4.97586578e-02 -4.76388410e-02  1.11658862e-02
 -7.65470928e-03 -1.28041590e-02 -1.77032046e-03 -3.49751115e-02
  5.98118640e-03  1.89083221e-03 -3.92116271e-02 -4.71687540e-02
  3.92577471e-03 -6.52883723e-02  1.12556480e-02  2.12890692e-02
 -2.65161432e-02 -1.20224180e-02 -1.92975788e-03  4.54317667e-02
 -2.35317480e-02 -1.26459468e-02  3.49230580e-02 -4.21806388e-02
 -4.82719876e-02  5.04124165e-02  3.76694165e-02  8.20721686e-02
 -2.57435683e-02 -2.40242127e-02 -4.55027958e-03 -8.50263909e-02
 -2.74672434e-02  1.27784647e-02  6.06375709e-02 -4.97990251e-02
 -7.07281604e-02 -6.87996820e-02  3.62507179e-02 -3.25581953e-02
 -1.31631736e-02  5.79090267e-02 -4.13127651e-04  1.04563050e-02
 -5.99944312e-03  8.37134570e-03  2.52269544e-02 -2.87641939e-02
  4.00801301e-02  2.77448315e-02  1.83078703e-02 -9.99690965e-03
  8.15421063e-03 -1.22477580e-02  2.56204866e-02 -2.62590572e-02
 -7.09646614e-03  6.60798475e-02 -5.93229290e-03  1.97387021e-02
  2.38541272e-02 -7.93407559e-02 -7.04161152e-02 -2.62878053e-02
  4.08336893e-02  6.89663365e-02 -5.11403289e-03  8.03311095e-02
 -3.21955159e-02 -9.45737734e-02  3.10808630e-03  3.72940511e-03
 -3.26906256e-02 -5.80138229e-02  2.89921984e-02  2.42555328e-03
  1.23414248e-02 -6.65435791e-02  3.25590372e-02  1.42723788e-02
  3.30461375e-02 -7.39548057e-02  5.69746271e-02  7.12460838e-03
 -5.56793958e-02 -3.61334272e-02 -1.64426006e-02 -3.80250812e-03
  2.92123314e-02 -4.35599126e-02  3.19181383e-02  5.81717119e-03
 -2.79927365e-02 -5.66964671e-02  2.36399099e-02 -1.56844109e-02
  3.55510339e-02  1.02128107e-02  3.58364023e-02 -5.11943884e-02
 -2.28102431e-02  2.61070188e-02  2.64572613e-02  7.07897022e-02
  4.12130319e-02 -7.81854149e-03 -3.20911445e-02 -1.29899001e-02
 -3.40246409e-02  3.85136856e-03 -3.79451886e-02  1.47753686e-03
  2.40589250e-02  1.67255253e-02  1.56111699e-02  3.34501266e-02
  1.75429732e-02  1.00450218e-01  5.87157942e-02 -1.00190639e-02
  1.00501468e-02  8.70495010e-03 -2.77356654e-02 -2.11170018e-02
  2.03381851e-02  3.18674445e-02  1.82032771e-02  5.77775501e-02
 -6.91396743e-03  4.70240973e-02  2.31755394e-02 -6.14174816e-04
  6.15970530e-02  1.75685750e-03  3.93947847e-02  1.75002087e-02
  5.10631911e-02  3.19717377e-02 -6.12987615e-02  3.37463096e-02
  8.76304656e-02 -2.01877728e-02  9.36990678e-02 -2.96493154e-03
 -8.84404220e-03 -3.02949455e-03  1.92241855e-02 -6.27686316e-03
 -2.30924021e-02  3.83986160e-02  1.52430460e-02  2.20094323e-02
  1.17916835e-03  5.75910546e-02 -1.97526142e-02  1.29632484e-02
 -1.70997018e-03 -1.20153334e-02 -2.35735979e-02 -7.98659697e-02
 -9.52908862e-03 -1.47156511e-03  2.12329607e-02 -9.87502839e-03
 -2.03233398e-02  4.66704071e-02 -1.23294396e-02  6.64579123e-02
 -2.54519507e-02  1.36537952e-02  6.78314827e-03  2.20489595e-02
  1.35750314e-02  5.41455746e-02  2.40173135e-02  8.67448933e-03
 -4.65411544e-02  2.52722260e-02  6.09878730e-03 -5.07334657e-02
 -7.40486779e-04  3.05273514e-02  5.03944419e-02  2.71354290e-03
 -2.52974592e-02  2.20455471e-02 -7.84703121e-02  1.19534880e-02
 -6.04030453e-02 -1.01836538e-02 -9.87729616e-03  3.59903723e-02
 -3.92824337e-02  1.16821341e-02 -3.16618010e-02 -5.42726181e-02
 -2.72380817e-03 -1.40710687e-03  2.44946890e-02  1.68544967e-02
  8.94795507e-02  5.92554845e-02 -2.50115916e-02 -7.45387599e-02
 -2.70516016e-02 -3.96614484e-02  2.91456822e-02  8.58584344e-02
 -2.30002273e-02 -2.30361018e-02 -2.35963203e-02 -4.73728031e-02
  1.04091829e-02 -1.19256675e-02  2.74726911e-03  4.97951992e-02
 -8.80812779e-02  2.57384982e-02  4.69626412e-02 -4.75058667e-02
 -4.58524004e-02 -4.35988978e-02 -4.95670773e-02 -1.28655480e-02
 -1.36012221e-02  3.99680808e-02  2.11797059e-02  3.28157954e-02
 -3.09842601e-02  1.74396811e-03  2.63390336e-02 -6.05822826e-33
 -4.61508706e-02 -1.03848223e-02  4.16791998e-03  1.36019820e-02
 -3.09472512e-02  5.23019843e-02  5.53081743e-02 -3.22758518e-02
  4.21228120e-03 -3.28158811e-02 -2.01098192e-02 -3.66322584e-02
  2.22740378e-02 -9.27833654e-03  3.99564207e-02  8.44449271e-03
 -6.23836042e-03 -3.92864225e-03 -2.94958800e-02 -8.77224803e-02
  3.76656093e-02 -2.20344053e-03  7.66468327e-03  5.36879117e-04
 -2.85494551e-02  5.73279150e-03 -2.10024007e-02 -3.46012563e-02
  6.56845272e-02 -3.16007882e-02  1.92857794e-02 -1.34529015e-02
  6.72772480e-03 -2.35547200e-02 -5.23686223e-02  3.58109851e-03
  2.41502505e-02 -2.50801463e-02  1.74384043e-02 -8.01447034e-02
  5.33389580e-03  4.96724911e-04  1.74750481e-02  6.45167455e-02
 -3.69720231e-03  7.08557246e-03 -4.00614962e-02 -1.87503826e-02
 -1.81326400e-02  3.17618623e-02  9.56573337e-03  1.37402192e-02
 -3.81811103e-03  6.33821934e-02 -4.47435975e-02 -1.60778072e-02
 -2.18638740e-02  2.86414679e-02 -3.18429805e-02 -4.22769301e-02
  3.00203171e-02 -2.15784647e-03  2.57022791e-02  2.85402443e-02
  3.56844775e-02  2.64119189e-02 -4.76769209e-02 -6.38248678e-03
 -9.20728408e-03 -8.05559531e-02  4.10905704e-02  5.66364313e-03
  2.11787745e-02  8.81230310e-02 -3.32171172e-02 -7.82515481e-02
 -4.59291600e-02  2.63498630e-02 -2.88714152e-02 -1.71318017e-02
 -1.01934746e-02 -3.89480032e-02  3.03529971e-03 -3.31100002e-02
 -1.98076013e-03  8.75322614e-03 -1.84217701e-03  6.80567473e-02
  3.74282487e-02 -1.84418596e-02  3.19955572e-02  9.27529857e-02
 -2.62150867e-03  9.91782080e-03  5.22351153e-02  3.35162766e-02
  1.45308515e-02  3.39599326e-02  1.01734176e-02  5.31739369e-03
 -4.95573729e-02  1.57396328e-02 -3.01126502e-02  8.42055529e-02
  1.54963769e-02  1.89132150e-02  2.10871566e-02  2.48197671e-02
 -2.89451405e-02 -1.02421334e-02  1.95041508e-03  1.52819064e-02
 -3.13450322e-02 -7.01081529e-02  1.48456879e-02 -2.73614544e-02
  1.43057909e-02 -5.44213653e-02 -1.47708384e-02  3.18834521e-02
  2.53926180e-02 -9.57137905e-03 -7.67870946e-03  1.76631901e-02
 -1.14872644e-03  6.01633172e-03  2.36004684e-02 -5.49465194e-02
 -7.35652447e-02 -1.31576378e-02  2.96224449e-02 -1.93235874e-02
  2.18980773e-07  3.52438465e-02  6.72810599e-02 -2.00081673e-02
  1.61621757e-02 -3.04460377e-02  1.28114794e-03 -5.96679859e-02
 -1.23922694e-02 -2.52805138e-03  4.01700959e-02  7.87210166e-02
 -4.44943868e-02 -2.47826688e-02  1.04390318e-03  3.22176144e-02
 -7.68497633e-03  1.44500583e-02 -4.72470522e-02 -4.93301637e-02
 -4.05051634e-02  3.36868465e-02  3.30839679e-02  4.41645719e-02
  3.72877419e-02  3.50546017e-02  2.08048150e-03 -1.00262165e-02
 -2.69453023e-02  3.60545586e-03 -3.56740505e-02 -6.60316786e-03
 -2.13466100e-02  2.34168116e-02  1.10600777e-02 -4.31311280e-02
 -7.28167966e-03 -4.87135351e-03  3.17850038e-02  3.81194055e-02
 -4.64269109e-02 -5.15266359e-02  1.79562774e-02  6.13353262e-03
 -5.48793264e-02 -6.20177435e-03 -2.66560819e-02 -1.32557619e-02
  2.11022720e-02 -3.24291363e-02  4.29292768e-02 -1.00608049e-02
 -1.51222525e-03  2.50219833e-02  5.13567179e-02 -1.31274341e-02
  3.15814605e-03  1.20674884e-02  1.72584970e-02  4.52574156e-02
 -3.06894127e-02 -3.07108518e-02 -6.77648857e-02 -3.51828896e-02
 -4.04465087e-02  4.16670777e-02 -6.42950041e-03 -2.88165174e-02
  1.76224293e-34  2.95985602e-02  1.47109432e-03  5.67620760e-03
 -8.99322852e-02 -4.34135161e-02  4.07488123e-02  2.45382655e-02
  6.96161995e-03  3.40790413e-02 -4.81756683e-03  4.61318251e-03]"
Anticipatory_Action,Pre-crisis actions mitigating shocks before emergencies unfold.,"[-6.36907741e-02  8.57107714e-03 -4.61653173e-02  1.66464038e-03
  1.96765596e-03  3.68155399e-03  9.15435050e-03  3.03486586e-02
  1.03086457e-02  7.82670267e-03  6.77468702e-02  1.23821367e-02
 -7.93447495e-02  3.19901071e-02  3.57646570e-02 -3.94825414e-02
  7.59044290e-02 -1.21061476e-02  3.59755568e-02  4.23879223e-03
 -1.42398793e-02 -2.26441789e-02 -1.07973814e-02 -1.64837968e-02
  9.11377370e-03 -2.17912123e-02  2.09446680e-02  1.08396020e-02
  2.40253061e-02 -3.29387635e-02  3.52593102e-02 -1.96380150e-02
  1.85965765e-02 -3.78971361e-02  1.67579640e-06 -2.07947753e-02
 -4.25763614e-02 -7.07667917e-02  1.51955178e-02 -6.12228317e-03
 -2.76553538e-02 -6.57186434e-02  3.79497595e-02  1.58047453e-02
 -6.66546449e-02 -5.42569645e-02 -5.47358394e-02 -1.14421593e-02
  4.43941876e-02 -2.10153237e-02  3.73101747e-03  2.14630961e-02
 -2.83857086e-03 -8.90573021e-03 -9.04359594e-02 -6.14599623e-02
 -9.19283554e-03 -8.02347139e-02 -1.18840141e-02 -3.74518856e-02
  2.24292595e-02  2.57129110e-02 -2.39064787e-02  4.21968475e-02
  5.71694179e-03  2.89265178e-02 -5.74798416e-03 -4.25759256e-02
 -5.20354472e-02  2.18244977e-02  2.56078020e-02 -1.45083070e-02
  3.25682722e-02 -3.29001583e-02  7.51484036e-02  8.11364800e-02
 -1.29812385e-03 -5.49701229e-02 -4.17907897e-04 -1.72370684e-03
  2.35224366e-02  4.56409939e-02  1.13130792e-03  2.04433966e-02
  4.17405628e-02 -8.16720445e-03 -1.81304179e-02 -3.04708946e-02
 -4.78184000e-02  2.17370708e-02 -2.60079075e-02 -1.66294407e-02
 -1.94640942e-02 -3.28569836e-03  2.25462262e-02  6.03399798e-03
 -1.10484967e-02 -1.76922679e-02  7.49376486e-04 -5.60663752e-02
 -2.12480836e-02  6.74313530e-02  7.54600577e-03  7.98182655e-03
  1.81674794e-03  6.48351759e-03 -6.03584051e-02 -4.02841046e-02
  1.20188361e-02  7.08929375e-02 -6.87277988e-02  2.32841074e-02
 -7.08326697e-03  1.23547961e-03  1.09390002e-02  3.52084599e-02
  4.00151648e-02  3.80710959e-02  6.08147401e-03 -2.09682900e-02
 -3.10542695e-02 -3.62628549e-02  1.00695097e-03 -1.64187606e-02
 -2.97794864e-02  2.31938083e-02 -5.47297560e-02  1.79672486e-03
 -1.06025310e-02  1.96870230e-03 -1.07605495e-02 -4.45257127e-02
  5.78931421e-02  2.13134736e-02  5.78354858e-03 -2.79512107e-02
  3.08138095e-02  2.03070659e-02 -4.55552042e-02 -1.40010100e-02
  3.31344493e-02 -1.05014425e-02  2.94535439e-02  9.93302371e-03
 -2.33444963e-02 -2.11245548e-02  2.95973383e-04  4.46786173e-02
 -4.17408161e-02 -1.94607191e-02 -4.49135266e-02 -5.96404402e-03
 -2.58042812e-02 -1.50758615e-02 -5.00066392e-02  1.86909048e-03
  7.97235686e-03 -2.75855232e-02  1.00131473e-02 -2.85171811e-02
  1.05678681e-02  7.52011110e-05 -1.04143377e-02 -5.88896871e-03
  7.30795600e-03 -1.40525112e-02  3.61878537e-02  5.42360405e-03
 -1.70032792e-02 -5.81837036e-02  6.94101211e-03 -1.04146957e-01
  2.51200814e-02  3.67243588e-02  1.87448785e-02  1.36225475e-02
 -6.25210404e-02  4.15196978e-02 -1.48521075e-02 -1.23665202e-02
 -6.90878928e-02  5.57295559e-03 -1.76435821e-02 -1.68534871e-02
 -4.71320190e-02  5.02170883e-02 -1.32022062e-02  9.32676904e-03
 -5.37914820e-02  3.17335464e-02 -1.73170306e-02 -8.60584527e-03
 -4.40624692e-02  3.97751667e-02 -4.42210697e-02 -3.21608037e-02
 -1.44912628e-02  4.00532857e-02  1.02824587e-02  6.46550506e-02
  6.89092353e-02 -3.45701464e-02 -2.62923650e-02  4.56600413e-02
 -7.31008081e-03  2.14720750e-03 -4.03242260e-02  2.77334731e-03
  6.82445765e-02  1.93106278e-03  3.41300070e-02  6.84618950e-02
  1.05701946e-02  1.12269567e-02  2.34715715e-02  4.55970578e-02
  2.83505935e-02  5.27523011e-02 -8.00653920e-03 -7.26066204e-03
 -5.37775941e-02  6.32222518e-02  1.66667737e-02 -2.42134929e-02
  3.70904282e-02 -4.71693240e-02 -4.72505763e-02  7.66937854e-03
 -4.23086807e-02 -8.00626427e-02 -3.97747708e-03  5.10137342e-03
  1.47080924e-02  6.32038945e-03  1.43586565e-03  2.97286101e-02
 -4.32709716e-02  5.87265231e-02 -1.07141992e-03 -3.53950984e-03
  1.13756647e-02  8.43116082e-04  1.21417372e-02 -5.61463065e-04
  2.62452532e-02  1.22586638e-01 -7.24799640e-04 -1.70098152e-02
 -2.40292940e-02 -3.59444181e-03 -1.88869759e-02  4.45797704e-02
  6.32090773e-03  4.88748401e-03 -4.06053215e-02 -4.68799397e-02
  7.68592879e-02 -3.61698046e-02  1.06140412e-03  7.28947893e-02
 -3.21331955e-02  5.10707172e-03 -1.00381672e-02  1.61711350e-02
  2.60895323e-02 -6.18338876e-04  5.40345125e-02  1.60994325e-02
 -3.32783982e-02 -1.01968332e-03  3.52381468e-02  2.65686754e-02
 -4.99108471e-02 -2.25862358e-02 -8.22141394e-03  1.42977911e-03
  3.15073034e-04  5.92504889e-02  3.69248763e-02 -3.41411447e-04
  2.18390338e-02 -6.27696980e-03 -3.42294271e-03  4.28308174e-03
 -6.93546003e-03 -1.57059617e-02  4.02775407e-02 -6.69773370e-02
  3.54269072e-02 -3.33498754e-02  9.22391750e-03 -8.50486662e-03
  2.47663110e-02 -7.40187466e-02 -6.91813231e-02 -4.85208724e-03
  1.03389457e-01 -4.25298288e-02 -4.54056375e-02  3.98925580e-02
 -3.12561058e-02  8.70488398e-03  4.44799336e-03  6.47094985e-03
 -4.84292656e-02 -2.91561298e-02 -2.18774360e-02  3.81359830e-02
 -1.65033583e-02  3.76680717e-02 -1.90811083e-02  8.10210034e-03
  2.06775405e-02 -1.68243272e-03  7.15523912e-03 -3.39804776e-02
 -3.28012109e-02 -5.53337112e-02 -3.36779989e-02  4.24447618e-02
 -2.22004391e-03  2.90388837e-02 -1.71605250e-04  4.86219972e-02
  1.38738267e-02  2.59297099e-02  1.24462531e-03 -3.61162797e-02
 -2.75553968e-02 -6.73955604e-02 -4.30450998e-02 -4.45537902e-02
  3.17272097e-02  1.64089575e-02 -1.98135935e-02  4.00458090e-02
  4.66603525e-02 -9.88596231e-02 -1.45612489e-02  3.35111395e-02
  2.74736155e-02 -2.49121562e-02  1.79315303e-02 -5.96605539e-02
  1.24678928e-02  1.11093372e-02  4.08360064e-02  4.19727154e-02
  7.58917723e-03 -1.45121077e-02  2.39694957e-02  9.68625955e-03
  6.55787857e-03 -7.32354820e-03  1.51981078e-02 -2.76748580e-03
 -8.60509202e-02 -2.20109522e-02  1.78274084e-02 -6.41972870e-02
  4.70142514e-02 -3.26241404e-02  1.38389170e-02 -3.85276042e-02
  4.68239710e-02  2.07153615e-02  2.01549698e-02  3.74028012e-02
  7.05567515e-03  6.27643913e-02 -5.46867438e-02  5.93237057e-02
 -8.54995549e-02  1.92444380e-02 -2.17971317e-02  7.96199217e-02
 -4.65911347e-03 -4.88827862e-02  5.36503270e-02 -1.95395499e-02
  4.36883979e-02  1.43550634e-02  3.27976085e-02  3.89247239e-02
 -6.51063994e-02  1.32338759e-02 -2.53149159e-02 -3.77019458e-02
 -8.62864219e-03  6.55832663e-02  8.38260539e-03 -7.34520610e-03
  5.18240267e-03  4.68535833e-02  1.61783230e-02  2.69554602e-03
  3.47485696e-03 -9.50641464e-03 -3.10644880e-02  1.40635362e-02
  3.98692600e-02 -2.43977159e-02  8.60519649e-04 -5.66184409e-02
 -3.07077747e-02 -3.50739956e-02 -2.00617183e-02  1.44013418e-02
  3.77227962e-02  4.57019284e-02 -2.22242214e-02  2.70217489e-02
  3.90949100e-02  4.16807719e-02 -2.55148415e-03  2.79217269e-02
 -1.05267754e-02  3.36352289e-02  1.48299737e-02 -2.04017181e-02
 -8.34534038e-03  3.94351333e-02 -2.25622728e-02 -2.31456440e-02
 -2.92965118e-02  2.33697873e-02  4.96172532e-02  5.85098471e-03
 -4.90938611e-02  8.49850243e-04  3.06223370e-02 -4.36619110e-03
  1.35427061e-02 -5.61477570e-03 -7.98223242e-02  1.40582602e-02
 -3.36057432e-02 -6.00005174e-03 -3.80820371e-02  9.39541962e-03
 -6.06162734e-02 -2.62557156e-02  2.99114566e-02 -1.01962285e-02
 -8.59922767e-02  1.95697453e-02  4.03223522e-02  3.93948555e-02
 -2.82866489e-02 -6.04886822e-02 -2.50480752e-02 -6.40883762e-03
  3.13687474e-02 -2.65323091e-02  2.76319869e-02 -2.60202698e-02
 -7.43072527e-03 -1.58707723e-02  7.29434798e-03  8.47184584e-02
  4.79096435e-02  1.84628572e-02 -4.28072959e-02 -1.14290637e-03
  4.97569367e-02  5.27681559e-02  2.29645129e-02 -9.74358246e-02
 -2.19079386e-02  1.90463234e-02 -2.44400203e-02 -5.52005023e-02
  2.93666460e-02  3.60979550e-02  5.96799590e-02 -1.84981376e-02
  1.21266320e-02 -3.20908092e-02 -2.78926771e-02 -8.68830271e-03
  6.13561133e-03  7.57063404e-02 -3.30066532e-02 -3.73956747e-02
 -1.79846082e-02 -1.20990388e-02  3.87454927e-02  1.24835856e-02
  2.29608119e-02  2.62469035e-02  4.67084441e-03 -1.42905358e-02
 -1.38633261e-02  7.10602254e-02 -6.26613898e-03  2.20532790e-02
 -1.27267018e-02  4.76241708e-02  5.70408441e-02  2.40679290e-02
 -1.41706942e-02  2.32453402e-02  2.83481064e-03  6.14500232e-02
  2.92904861e-02 -3.02286744e-02  1.46302758e-02 -6.45474344e-03
  2.06364654e-02  2.72675548e-02  4.04046429e-03  1.48971928e-02
 -6.31672740e-02 -3.99262197e-02 -1.04873860e-02  3.05553582e-02
  3.90572213e-02  4.11895029e-02 -5.80328554e-02 -3.13652530e-02
 -2.96708569e-02  1.08556617e-02  4.06550281e-02 -2.13836581e-02
 -2.13829409e-02 -1.42214978e-02 -3.67252454e-02 -2.41225082e-02
 -1.72823984e-02  2.10437691e-03  2.19951104e-02  4.02277149e-02
  3.03276200e-02 -6.35699020e-04 -1.06248357e-04 -2.30036154e-02
  3.16506773e-02  2.80094072e-02  3.13180648e-02  6.92516640e-02
 -6.71792254e-02  4.18927968e-02  3.16138640e-02 -7.64853205e-04
 -5.60644120e-02  3.67848873e-02  2.11495794e-02 -1.01865962e-01
  1.52007053e-02  6.76106215e-02  6.07327446e-02  1.00290673e-02
 -6.90993890e-02  2.82995105e-02 -3.85784358e-02 -6.02709492e-33
  1.54713113e-02 -5.53327724e-02 -1.07228840e-02 -8.01201239e-02
  5.99626936e-02  3.73030752e-02  1.09908832e-02 -1.68783739e-02
 -1.43290078e-03 -2.57338658e-02 -1.30243087e-02  8.03237222e-03
  2.37117093e-02 -7.50835240e-02 -2.83596236e-02 -4.80378196e-02
 -9.05807223e-03 -4.59674969e-02  3.84399556e-02 -2.33103409e-02
 -2.80102771e-02  2.30465941e-02  6.55578300e-02  5.85587211e-02
 -2.26826146e-02 -2.67529525e-02  1.45314345e-02 -5.88936917e-02
  6.94157183e-02 -1.18970228e-02 -2.42343303e-02 -3.26693021e-02
 -1.75797250e-02 -6.64352626e-02  1.33684615e-03  3.82787101e-02
  1.23660266e-02 -3.85826491e-02  3.33204456e-02 -2.83512753e-02
  1.02725318e-02 -1.33254007e-03 -5.21890558e-02  2.20665634e-02
  1.26004359e-03 -4.51513603e-02 -2.49699559e-02  3.16402502e-02
  3.38419937e-02  1.24041755e-02 -6.36993423e-02  2.48647877e-03
 -4.88402974e-03  5.19458093e-02  4.92191291e-04  1.00788094e-01
 -2.09171940e-02 -1.36465998e-02 -2.98182257e-02  5.12119150e-03
  2.09088027e-02 -1.55112902e-02 -7.34029012e-03 -4.27497476e-02
 -4.33925539e-02  4.62686345e-02 -9.62714851e-02  4.21184441e-03
 -9.75280814e-03 -6.39263890e-04  2.87518073e-02 -2.31405459e-02
 -3.59252766e-02  1.07017994e-01  3.14645916e-02 -2.08101999e-02
 -4.07977030e-02  4.37806211e-02 -2.00651325e-02  3.16216163e-02
  1.42272329e-02  3.79651301e-02  6.81554759e-03  1.44727435e-02
 -4.85140495e-02 -6.10585772e-02 -2.50435900e-03  6.41539842e-02
  9.40164179e-03 -1.32591631e-02 -1.32663446e-02  8.58795792e-02
  4.66560647e-02  3.18629444e-02  1.12737650e-02  2.42318101e-02
  3.42066474e-02 -4.69000824e-02  1.55266479e-03  1.44998329e-02
 -3.58262360e-02  7.51573185e-04 -7.27422908e-03  2.03530025e-02
 -1.78716052e-02 -6.27487525e-03 -2.73340289e-02  2.01309901e-02
  2.38607824e-02  1.65391546e-02 -1.78004690e-02  1.94346905e-02
  6.26007169e-02 -3.04543432e-02 -3.58793628e-03  2.49459781e-02
  4.23464999e-02 -5.53893149e-02  3.07981428e-02 -3.80150303e-02
  4.48520370e-02  4.32026433e-03  1.40290835e-03  3.96489240e-02
  2.03912240e-02  3.23608555e-02  3.78736705e-02 -7.62239145e-03
 -1.47701977e-02 -2.90988628e-02 -2.46815197e-03  2.95006111e-02
  2.32576838e-07 -3.51286046e-02  2.61809919e-02  3.74822989e-02
 -1.13967927e-02  2.00702832e-03  8.24696326e-05 -4.08681780e-02
  3.21937501e-02  1.79310013e-02  1.80455968e-02  6.38033450e-02
  2.26535555e-02 -3.51070501e-02  2.78132912e-02 -1.86314750e-02
 -3.87026668e-02 -5.86271212e-02  1.96354464e-02 -2.34222468e-02
 -2.67434102e-02  5.26450761e-02 -1.22688757e-02 -1.16873700e-02
  4.24628984e-03 -3.20629328e-02 -1.27890492e-02  2.35886369e-02
 -7.70559162e-02 -8.67412519e-03 -3.38596739e-02  2.65659224e-02
  8.98317397e-02 -1.23098036e-02 -4.98356950e-03 -1.98928863e-02
 -3.01182717e-02 -6.20832741e-02  4.21778811e-03 -6.78656343e-03
 -1.50008891e-02 -5.11342920e-02 -7.59928999e-03 -4.79893275e-02
 -9.74505488e-03 -3.09395809e-02 -9.88416523e-02  2.45872643e-02
  4.26234156e-02 -5.94406053e-02  7.23315924e-02  9.01805423e-03
  1.94574706e-02  2.84035690e-03  8.13411474e-02  2.24372260e-02
 -7.74937635e-03  1.86060984e-02  3.02927755e-02  2.78698001e-02
  9.90246460e-02  1.20301032e-02 -9.15307272e-03 -1.62016340e-02
  6.04353808e-02 -1.10839903e-02 -3.42017040e-02  1.00339847e-02
  1.42699447e-34 -4.92613092e-02 -3.54332738e-02 -1.97541844e-02
  1.23940837e-02  2.38010585e-02  1.49595086e-02 -1.60571728e-02
  2.43072324e-02  5.54549508e-02 -1.82165895e-02  8.81846529e-03]"
Energy_for_food_security,Energy systems supporting resilient food storage and delivery.,"[ 9.45035182e-03  2.27174871e-02  3.05479532e-03  2.65537202e-02
  4.64864001e-02 -3.45077664e-02 -2.84111667e-02  1.84267256e-02
 -1.37484679e-03 -2.45523155e-02  3.95703726e-02  4.02045585e-02
  9.50279180e-03  4.66765054e-02  7.16192424e-02  4.02662382e-02
  4.74660359e-02  5.22800274e-02  1.44769493e-02  3.55400778e-02
 -1.34632727e-02 -1.05249528e-02  3.14531028e-02  4.15943600e-02
 -2.41274927e-02  1.80500764e-02 -4.45533581e-02  6.93896264e-02
  6.24194508e-03 -1.11604512e-01 -1.22948745e-02 -2.91334335e-02
 -1.86979901e-02 -7.42645841e-03  1.25979238e-06  5.01682051e-03
 -6.07282668e-02 -1.99998519e-03 -6.55504912e-02 -4.40089218e-02
 -1.29336538e-02 -4.90430966e-02 -3.78611125e-02 -7.70412711e-03
  5.00311963e-02 -7.09168091e-02  3.84964943e-02 -5.35439849e-02
 -3.66988853e-02 -5.79118133e-02 -7.57488608e-03 -5.83393313e-02
 -4.90212151e-05  1.77551769e-02 -3.22873592e-02  3.53064649e-02
  1.42450528e-02  4.57119662e-03  6.41936716e-03  1.13845309e-02
 -4.48679440e-02  4.04718854e-02 -5.03348769e-04 -1.38545996e-02
 -5.77204563e-02  3.81036736e-02 -5.72742298e-02  1.49012003e-02
 -5.64009808e-02  1.27241211e-02  5.76321268e-04 -1.58067551e-02
  1.87493977e-03 -4.57011769e-03 -4.49391641e-02  1.18021248e-02
  2.87998319e-02  3.66043001e-02  1.99040920e-02  1.72800831e-02
 -1.92786343e-02  3.25493552e-02  3.86623181e-02 -1.93563395e-03
  3.93183529e-02  8.66863057e-02 -3.42799835e-02 -4.54117591e-03
  1.72742866e-02  2.17278153e-02 -1.12093976e-02 -7.73527240e-03
  7.00207148e-03  4.85665351e-03  7.30312690e-02 -3.95636111e-02
 -5.17642265e-03 -4.33250368e-02  2.22980399e-02 -3.95777151e-02
 -8.77440162e-03  8.28638021e-03  4.03378494e-02 -4.26248461e-02
 -3.36250328e-02 -5.74302487e-03 -2.19235942e-02 -2.25814246e-02
 -5.07086143e-02  1.11555727e-02 -4.14386671e-03 -5.33749871e-02
  1.37395309e-02  2.11967975e-02 -2.02684831e-02  2.00226307e-02
  1.82137024e-02  4.58946190e-04 -4.83453758e-02 -2.98211984e-02
 -1.27462260e-02  2.96475943e-02  1.31467693e-02 -1.79029126e-02
  3.83634306e-02  9.22875479e-02  6.14758907e-03 -1.72069464e-02
  2.23387089e-02 -2.19092686e-02 -2.09010337e-02  1.91019513e-02
 -4.04223278e-02  3.04203182e-02 -2.38579139e-02  2.45565604e-02
  1.02860003e-03 -4.50822823e-02 -4.21712697e-02 -3.37975919e-02
  8.58708564e-03  1.45691996e-02 -6.32079616e-02  1.52417030e-02
  1.98920388e-02  1.17883133e-02  5.54873608e-02 -2.47881468e-03
  6.16448000e-02  6.96004033e-02 -7.85729010e-03 -5.02521656e-02
  4.53078970e-02 -1.66840665e-02  3.28385234e-02 -4.44668997e-03
 -3.23201641e-02 -3.09844445e-02  7.46510848e-02 -1.43780429e-02
 -3.64623517e-02  3.79661508e-02  2.43378300e-02 -1.71840042e-02
 -3.26277390e-02 -8.67298990e-03 -1.01018185e-02  8.18323996e-03
  6.71852438e-04  2.52689552e-02  4.56797071e-02 -3.37650031e-02
  2.27168910e-02  7.14606093e-03  5.66410944e-02 -1.73160210e-02
 -5.62950522e-02 -1.21064065e-02 -5.24116941e-02  5.31709455e-02
  1.78347118e-02 -7.17716590e-02  3.12557817e-02  5.99476211e-02
 -5.55569530e-02 -7.65062077e-03  4.05918853e-03 -9.72047821e-03
  7.21097365e-03 -3.26649193e-03 -5.07379919e-02 -1.94316488e-02
  4.04376723e-02  3.41594517e-02  6.18830454e-05  7.96204526e-03
  3.60918827e-02  4.91178520e-02 -3.73819619e-02  4.74417902e-04
  4.86645140e-02 -6.65236963e-03  6.87005930e-03 -9.28019639e-03
 -4.03474504e-03  1.72316730e-02 -3.18501517e-02  2.46074498e-02
 -5.39695397e-02 -1.13881581e-01 -6.99111260e-03 -3.41715501e-03
 -1.68665610e-02  3.80610079e-02  3.17353569e-03 -2.78594177e-02
  2.80579478e-02  2.29527447e-02 -6.37789965e-02  3.72863263e-02
 -3.18565518e-02  4.80416603e-02  2.55371965e-02 -2.57221051e-02
  4.35237363e-02  6.88451082e-02 -4.43743430e-02 -2.45657080e-04
  1.99776478e-02  4.65364940e-02  6.31162003e-02 -5.02909580e-03
 -9.16644745e-03 -1.84768308e-02  2.91751884e-03 -8.99263844e-03
  3.22416872e-02  6.76727071e-02 -4.15791292e-03  3.21309753e-02
 -1.81839131e-02  1.73176348e-03  7.37359002e-02  5.90384379e-03
 -3.29681672e-02  5.14980359e-03 -1.97203420e-02 -5.34480475e-02
  1.34613793e-02  4.12301049e-02  1.85585059e-02 -1.20644160e-02
  1.04478151e-02 -1.30040077e-02  2.55713332e-02 -9.37059075e-02
  6.13190867e-02  4.00234796e-02  3.49375010e-02  4.11745347e-02
  1.95864215e-02 -3.61494943e-02  1.22639572e-03 -5.85444123e-02
 -1.03692124e-02  2.93911039e-03  4.04317491e-02  3.76993380e-02
  7.31800124e-02 -3.24788839e-02  1.56613421e-02 -2.81413309e-02
  1.16302297e-02  3.53063457e-02  2.97700465e-02 -4.94679473e-02
  4.18026000e-02 -5.27048819e-02 -6.96210638e-02 -3.97035046e-06
 -3.80987255e-03 -2.03355066e-02 -1.85643043e-03  1.69286449e-02
  1.96238142e-02  6.69061914e-02 -4.22122441e-02  5.39351674e-03
  1.34713145e-03 -3.63798812e-02  5.69150448e-02 -1.37971211e-02
 -2.09117364e-02  2.40258942e-03 -7.27924407e-02 -2.30486839e-04
  4.08527255e-03 -6.64837807e-02  6.56882301e-03 -4.02905373e-03
  2.99236737e-03 -9.16598644e-03  2.93036141e-02  2.94187814e-02
  8.79038963e-03  7.03232409e-03 -1.12530999e-02 -1.37843946e-02
 -3.72326113e-02 -3.84940282e-02  1.17406482e-02  2.94334572e-02
  5.04583456e-02 -1.72334013e-03  5.91129400e-02 -5.75024299e-02
 -3.72162438e-03  5.37118688e-02  2.81769093e-02  1.07149286e-02
  2.32429728e-02  1.11980829e-02  2.46836785e-02 -4.03745696e-02
 -2.76005268e-03 -1.89087503e-02 -5.15397675e-02 -1.03895729e-02
  2.31005810e-02  1.24232518e-02  1.63701060e-03 -2.47757640e-02
  3.72692049e-02 -2.96239159e-03  2.18191724e-02 -8.12314153e-02
 -1.69464275e-02 -7.82221407e-02  3.24597992e-02 -5.50930575e-02
  1.49966711e-02 -4.93048467e-02 -2.98759784e-03  2.21610703e-02
 -1.74391363e-02  2.39811949e-02  1.87859088e-02 -1.12734111e-02
 -2.36865841e-02  3.84291681e-03  7.29604736e-02  9.45311412e-03
 -5.27429394e-02 -2.29004975e-02 -7.64016714e-03  4.36895005e-02
 -7.47246370e-02 -4.15486023e-02  1.84843000e-02  4.03369069e-02
 -1.07592763e-02  8.51040613e-03  1.53029617e-02 -5.15858270e-02
 -3.28267701e-02  6.80387989e-02  4.84800339e-02  4.00060639e-02
  1.01608969e-03 -3.37253860e-03  3.02729337e-03 -3.19022860e-04
 -3.03354729e-02 -1.53592713e-02 -3.27645196e-03  3.94094875e-03
  3.85946520e-02  3.18738669e-02  1.46063585e-02 -3.22571062e-02
  2.78220382e-02  1.52332243e-02  5.77036710e-03  8.50179642e-02
  1.31762736e-02 -7.23010823e-02 -4.33841124e-02 -8.07641819e-02
  2.59718448e-02  4.62196320e-02 -5.07576577e-03  4.79136333e-02
 -5.98415285e-02  2.02412996e-02  1.85963828e-02 -9.44573991e-03
 -2.79072654e-02  3.09300255e-02  6.00032229e-03  3.10860313e-02
  1.14454571e-02 -1.20559670e-02  6.56158179e-02 -1.51674412e-02
 -5.71674630e-02  8.53231829e-03  1.18965782e-01 -1.86282804e-03
  2.83201355e-02  3.74549441e-02 -1.70680899e-02  2.50233058e-02
  1.61567666e-02 -7.03179836e-02 -7.75206164e-02 -6.83126273e-03
 -2.43342966e-02  1.71391852e-02 -3.80576774e-02 -1.97267197e-02
 -8.33689123e-02  1.54407276e-02  6.87629879e-02 -2.90663857e-02
  1.26670953e-02 -2.43876595e-02 -6.37568384e-02  5.16641028e-02
 -3.92855890e-02 -1.59989577e-02  4.08131517e-02 -8.61306861e-02
  1.04859490e-02 -7.35208020e-02 -1.83933266e-02  7.59100318e-02
  2.32345425e-02 -2.75837481e-02  5.81086800e-02  6.44379333e-02
  3.04627065e-02 -7.22594708e-02 -1.36202341e-02 -3.34346443e-02
 -1.14194145e-02  1.03606498e-02  1.66927688e-02 -1.41217215e-02
 -4.74992283e-02 -3.61841172e-02 -3.32128964e-02  7.41635915e-03
 -1.10750534e-02  8.98203179e-02  9.23176017e-03  2.53669936e-02
  4.37737703e-02 -3.02585997e-02  1.77142152e-03  3.56851779e-02
  3.99956219e-02  8.49753246e-03 -1.89859364e-02  2.95242406e-02
  3.45228203e-02  3.74296643e-02 -4.46078181e-03 -3.97547223e-02
 -1.10464152e-02 -3.10928039e-02 -8.39008298e-03  7.52839353e-03
  6.62900135e-03  2.89289914e-02  4.69912887e-02 -8.30734894e-02
 -1.88491140e-02 -1.42685920e-02 -1.89649072e-02  1.78881306e-02
 -1.14726378e-02 -5.71583435e-02  2.43387036e-02 -3.99538726e-02
  2.17613168e-02 -1.19660832e-02 -4.04677689e-02  9.42820311e-03
 -1.19409505e-02  1.69826187e-02  1.78024136e-02 -3.76341268e-02
  2.11714916e-02  5.04993163e-02  5.19542061e-02  6.12963364e-02
  6.32051006e-02  7.80251203e-03  3.32115293e-02  6.72709802e-03
 -5.37949800e-02  1.32618882e-02  2.88839964e-03 -3.28810476e-02
 -1.06470268e-02 -1.99466050e-02 -8.06990545e-03 -2.17385963e-03
 -2.84282751e-02 -1.02355462e-02 -2.06786469e-02  1.24236736e-02
 -3.24367024e-02 -2.68406384e-02  2.87805647e-02  1.10453134e-02
 -2.03939546e-02  3.24008726e-02  1.27046639e-02  2.41216295e-03
 -8.05349834e-03 -1.21321774e-03  5.93596436e-02 -1.73844788e-02
  4.73984592e-02 -1.61090791e-02  4.66481894e-02  2.53250003e-02
 -1.32575650e-02 -1.92855566e-03 -2.19538785e-03 -3.10433656e-03
 -6.06721547e-03  1.78741962e-02  5.58619061e-03  4.43838090e-02
 -7.51389563e-02 -2.43009888e-02  1.07395137e-02 -2.96919718e-02
 -2.04381868e-02  1.89237110e-02  2.88903993e-02  6.35865182e-02
  2.66706161e-02  3.42465155e-02  1.63715817e-02 -4.78025489e-02
  4.31027673e-02 -8.21902603e-02  3.42161916e-02  1.53837847e-02
 -3.58150154e-02 -3.60964015e-02  7.03662960e-03 -5.86864453e-33
  1.00255311e-02 -5.35655208e-02 -1.89844631e-02  1.16750672e-02
 -1.71600487e-02  2.62471307e-02  2.00362876e-02 -2.00246999e-04
 -4.80278162e-03 -8.53511039e-03  1.54215656e-02 -6.03013765e-03
  1.97593309e-02  1.51100261e-02 -1.45483867e-03 -5.45314774e-02
 -2.15180870e-02  2.68872138e-02 -3.00131296e-03 -8.76728222e-02
  3.46906334e-02  1.47147095e-02 -3.19848992e-02  3.62717435e-02
  5.25109507e-02 -4.41560335e-02 -3.48763354e-03 -1.36753907e-02
 -2.67813895e-02 -4.01714481e-02  3.40787764e-03  3.60203832e-02
  4.31311950e-02 -3.05596124e-02 -1.12581505e-02  8.63044783e-02
 -6.65763021e-03 -3.36747617e-04 -4.65017855e-02 -2.45624296e-02
 -4.26010564e-02 -6.16257675e-02 -2.70244442e-02 -1.40749505e-02
 -6.13932014e-02  4.13698517e-02 -3.20973098e-02  1.41886789e-02
  4.93168756e-02  1.88235715e-02  8.56584385e-02 -2.56360564e-02
 -2.37334669e-02  5.81633896e-02 -8.46983399e-03  3.87208611e-02
  3.55587192e-02  1.81646310e-02  2.78156251e-02 -4.06240337e-02
 -5.26094101e-02 -2.66111316e-03 -1.84889529e-02  1.25076910e-02
 -8.40613991e-02  2.28641834e-02 -4.46715280e-02  2.49195215e-03
  5.12974104e-03 -2.98360502e-03 -4.07826304e-02 -4.23786640e-02
  6.86070547e-02 -1.00875436e-03  1.80746876e-02 -1.69143174e-02
 -3.94805558e-02 -3.17378379e-02 -3.77240293e-02 -7.25057945e-02
  8.83150473e-03 -2.34184526e-02  5.37608638e-02 -7.90335331e-03
  4.77241538e-03  3.53979878e-03  9.99965239e-04  1.92180945e-04
 -2.46484410e-02 -3.01654190e-02 -2.10926384e-02  1.59355570e-02
 -3.02611198e-02  7.89246336e-02  6.91899583e-02  8.03880394e-02
  5.10035306e-02 -1.60953403e-02  2.24908888e-02  3.83712016e-02
  5.19869514e-02  2.72250902e-02 -4.65395302e-02  4.13560830e-02
 -1.95332207e-02 -1.42118465e-02 -1.55154048e-02  2.01591945e-04
  6.70919642e-02  1.72132719e-02  3.91703881e-02 -1.97124835e-02
 -2.03247629e-02 -2.04492062e-02 -1.17143951e-02 -6.72469556e-04
 -2.90103909e-03 -3.21534649e-02 -9.12008714e-03  1.12105468e-02
  2.75403652e-02  5.31070977e-02 -1.90958250e-02  3.59327234e-02
  4.08830382e-02  3.41699012e-02 -2.84001837e-03 -4.45794687e-02
 -7.66788498e-02 -2.50787009e-03 -1.78163461e-02  1.80703979e-02
  1.98256501e-07  5.85388355e-02 -2.46875621e-02  3.72878765e-03
 -6.53168410e-02 -3.63448523e-02 -2.80928612e-02  3.71059924e-02
  4.58279327e-02 -4.52183895e-02 -5.14846342e-03 -2.79145390e-02
 -2.81176697e-02 -5.76142594e-03  5.03637120e-02 -8.95780418e-03
 -2.12585088e-02 -1.83080379e-02  3.71108204e-02 -1.28118619e-02
 -8.22140425e-02  4.96149845e-02 -7.71752000e-03  2.74986960e-02
  2.27440745e-02 -3.05921249e-02  1.76580977e-02  1.83035228e-02
 -3.54627781e-02  7.00480789e-02 -1.85454115e-02 -4.46038647e-03
 -3.23381368e-03  5.26112057e-02 -9.88305658e-02 -9.70436353e-03
 -4.29194719e-02 -3.04023586e-02  3.75015358e-03 -1.54792238e-03
 -4.82820719e-02 -4.61103767e-03  3.15878913e-02 -1.04023470e-02
  4.25016973e-03 -2.19899719e-03 -1.74335223e-02  1.43029098e-03
  1.27935424e-01  3.84009746e-03 -7.50274118e-03 -3.65937762e-02
  2.35198457e-02  5.27325459e-02  2.12351209e-03 -4.15399373e-02
  9.44401789e-03  1.24229593e-02  5.05350530e-02  9.73465107e-03
  7.43947830e-03 -1.34579930e-02  5.27124703e-02 -4.69246954e-02
 -5.43584041e-02 -3.40797153e-04  4.15353812e-02 -2.72007622e-02
  1.09322708e-34 -2.99439766e-03 -3.50294709e-02 -5.59993321e-03
 -8.80072243e-04 -1.91017240e-02  5.17932922e-02 -3.12556624e-02
 -4.41944273e-03 -2.87127942e-02 -3.94946299e-02 -3.83850075e-02]"
Climate_action,Programming that strengthens climate resilience and reduces climate risks to food security.,"[-1.35281365e-02  1.05931871e-01 -2.39830520e-02  1.90433171e-02
  2.17696130e-02 -1.74603681e-03  4.94389748e-03 -2.04567742e-02
  1.77097153e-02  2.05062907e-02  5.92769384e-02  9.69169512e-02
  2.78703794e-02  7.30324239e-02  2.63977852e-02 -4.60731797e-02
  3.52806374e-02 -1.77320205e-02 -4.27230000e-02  4.00001816e-02
  8.08412209e-04  6.70338236e-03 -1.04021477e-02 -1.62182208e-02
 -1.12258084e-02 -1.81458537e-02 -1.44223683e-02  6.06964044e-02
  2.06582416e-02 -2.81682406e-02  3.65926027e-02 -9.62760765e-03
 -9.30485222e-03 -6.49432540e-02  1.88124864e-06  6.16584672e-03
 -7.23889917e-02  4.69281775e-04 -7.42966216e-03  5.97771890e-02
  6.26197159e-02 -4.15636823e-02 -1.44160828e-02  2.42784750e-02
 -9.70220007e-03  3.34769487e-03  6.17893748e-02 -6.31325766e-02
  2.11286750e-02 -3.19475941e-02  1.58280451e-02 -1.02682672e-02
  1.98971890e-02  5.69785088e-02 -7.33561441e-02  6.48985058e-02
 -7.86284276e-04  8.03893339e-03  6.56941757e-02  2.42716148e-02
 -1.50325401e-02  7.59382471e-02 -7.31247338e-03 -5.34246257e-03
 -2.54247617e-02  1.62836965e-02 -4.14462723e-02 -7.09153572e-03
 -8.02875124e-03 -2.75484007e-02  5.36608696e-02 -1.74571946e-02
  9.63688269e-03  7.98620749e-03  3.65350693e-02 -4.08692583e-02
 -3.82265286e-03 -4.17896314e-03  4.74520698e-02 -1.33352894e-02
  3.26663032e-02 -2.72449981e-02 -3.17763314e-02 -6.74157962e-03
  5.79335280e-02  8.95494670e-02 -4.74955700e-02 -2.53443420e-02
 -6.50606081e-02 -1.80882253e-02  5.66816218e-02  1.95607170e-02
 -1.88279040e-02  1.35307871e-02  9.01112705e-03 -3.56132872e-02
 -1.15390420e-02  3.16210538e-02 -4.43547778e-03 -2.87197381e-02
 -2.91344058e-03  2.91646328e-02  3.28987390e-02 -3.16358693e-02
  4.13123183e-02 -1.79141462e-02  1.61158927e-02  1.54281873e-02
  4.69964370e-03  2.30665077e-02 -2.43723057e-02 -9.78419185e-03
  2.93249730e-02 -1.91666782e-02  1.38896126e-02  9.20903385e-02
  3.50215062e-02 -3.62051302e-03 -2.43968423e-02  1.13581205e-02
 -2.38573477e-02  2.97539495e-02  2.65157111e-02  2.39200108e-02
  1.14323748e-02  3.68871279e-02 -1.91603750e-02 -2.25177761e-02
  1.44149093e-02 -7.00984299e-02 -4.37537208e-02 -1.38800563e-02
 -1.35529879e-02  7.64244236e-03  1.03730960e-02  5.02458066e-02
 -5.59327984e-03  3.32736261e-02 -2.54183039e-02 -3.21579464e-02
  1.31783811e-02 -9.31389537e-03 -3.30486298e-02 -6.48022294e-02
 -3.53974141e-02 -1.90359578e-02  3.38815302e-02  7.21378438e-03
  2.55867727e-02 -2.35546740e-05 -4.82419245e-02  1.21794064e-02
 -2.61784531e-02 -1.22365979e-02  1.96215697e-02  5.57405576e-02
  4.22652476e-02  2.87932274e-03  2.61673294e-02  7.05024460e-04
 -3.14872572e-03 -2.19212496e-03 -1.37299616e-02 -3.77941467e-02
 -5.07494360e-02  4.86977994e-02 -1.47012877e-03  3.50619033e-02
  2.90583912e-02  5.65426145e-03 -2.95805410e-02 -6.27778918e-02
 -7.47575890e-03  6.35374337e-02  5.54652847e-02  1.06252881e-03
 -6.41471967e-02  3.03188283e-02 -1.97085664e-02  7.63753131e-02
 -5.89621020e-03 -8.07188079e-02 -2.44721528e-02  6.69577792e-02
 -3.88365015e-02  5.23403892e-03 -4.04804423e-02  1.65373757e-02
 -1.44501096e-02 -2.44648494e-02 -1.07549755e-02  1.67963766e-02
  1.55789708e-03  1.71986073e-02 -3.22058983e-02  1.35881919e-02
  5.33370487e-02 -2.85433624e-02 -3.02136000e-02 -4.82638218e-02
  1.40638920e-02 -4.65658121e-02 -1.97322723e-02  3.10137048e-02
 -5.41546568e-02 -3.96300368e-02 -1.93349048e-02 -1.47775728e-02
 -9.08144470e-03 -5.79802841e-02  1.34854764e-02  2.44441954e-03
 -8.14326294e-03  5.07714003e-02  2.19065063e-02  2.00955989e-03
  2.11391915e-02  1.78952496e-02  3.00638378e-03  1.46202194e-02
 -1.63274258e-02  1.07484050e-01 -1.74926780e-03  1.24255882e-03
 -1.47436541e-02 -9.69086774e-03 -3.69781591e-02 -4.37064655e-03
 -1.97253171e-02  2.80041900e-02  2.45431028e-02  6.61782688e-03
  3.11708003e-02  3.49208154e-02 -1.95940323e-02  3.28631736e-02
  2.80588567e-02  5.67153245e-02 -1.05788549e-02 -2.33725496e-02
 -5.66697270e-02  9.72334668e-03 -1.17604905e-04  2.40156595e-02
  6.95367977e-02  6.56829253e-02  3.17205451e-02  1.41634382e-02
  8.37902352e-03 -1.82444844e-02  2.54247617e-02  1.70317758e-02
 -3.81531008e-02  2.32528523e-02 -9.54076461e-03 -3.31513099e-02
 -1.54975094e-02 -2.31359433e-02 -4.53423299e-02  3.81860808e-02
 -8.84016138e-03 -1.34342983e-02 -1.21099511e-02  2.23221024e-03
  4.23519835e-02 -3.97425964e-02  3.73940542e-02  9.26390663e-03
  1.94784794e-02  9.72191896e-03 -1.33210858e-02  6.29047723e-03
 -5.33737093e-02 -1.62419174e-02  2.85992287e-02  4.13089953e-02
  1.25713330e-02 -2.89893728e-02 -1.27575099e-02  2.05060653e-02
 -9.00761876e-03  1.29959583e-02  1.33041954e-02  2.38667894e-02
 -1.97743364e-02  8.77955854e-02  5.58644384e-02 -4.72161807e-02
 -1.48589201e-02  1.37445033e-02  1.05978567e-02  4.07245057e-03
  4.82781979e-05 -3.25925462e-02 -3.74201387e-02  3.93656306e-02
 -1.95703339e-02 -5.79373986e-02 -3.99744697e-02 -4.42185346e-03
 -6.60238322e-04 -8.24354123e-03  2.21376922e-02  3.07625514e-02
  3.44112329e-02 -1.46341231e-02  5.59206232e-02 -3.43143158e-02
 -2.76533831e-02 -1.87799148e-02 -1.65100843e-02  3.94838527e-02
  8.27144831e-02  5.35890423e-02  3.40201221e-02  7.53069110e-03
 -5.39433174e-02 -3.30650769e-02 -5.19581791e-03  4.37649339e-02
 -2.84197032e-02 -6.39228597e-02  4.56028320e-02 -1.94847572e-03
 -9.79851559e-03 -8.27853307e-02 -5.66893071e-02 -2.47268509e-02
  7.12152803e-03 -4.03827913e-02 -2.64405063e-03 -4.98049427e-03
  6.29366934e-03  1.89626981e-02 -4.06314768e-02 -3.21699269e-02
  6.84936065e-03 -3.53441089e-02 -6.17670417e-02 -2.51608491e-02
 -3.87536250e-02 -4.53088731e-02 -1.49010587e-02  1.17701553e-01
 -3.35491858e-02  8.83262418e-03  4.74843308e-02 -9.26467963e-03
 -5.11256568e-02 -1.13973683e-02  1.25367686e-01 -2.31579551e-03
 -1.20222894e-02 -3.28182243e-02  5.72326370e-02 -5.40169068e-02
 -6.68788999e-02 -1.75899547e-03 -2.49653440e-02  1.23487739e-02
  2.65938509e-03 -4.98671923e-03 -1.57933461e-03 -5.46151362e-02
 -1.12642217e-02  6.41650707e-02  2.52233148e-02  6.26134127e-02
 -1.70492101e-02  3.00721694e-02  1.11297872e-02  1.15034794e-02
 -2.54904274e-02 -3.46249044e-02 -1.03101637e-02  7.68265640e-03
  1.35789271e-02 -2.50258278e-02  8.14737345e-04  8.54287390e-03
  1.68788638e-02 -3.39200087e-02  1.01627577e-02  3.21064070e-02
  2.01145597e-02 -7.00424537e-02 -9.45442729e-03 -5.40691167e-02
  2.32489891e-02  6.84712902e-02  1.92077633e-03 -4.98485826e-02
 -6.80948496e-02 -4.28349003e-02 -3.13102379e-02  1.29812984e-02
 -5.47556160e-03  1.17830569e-02 -2.23124400e-02  3.72835658e-02
  2.38846131e-02 -5.87433465e-02  3.52008790e-02  8.06943513e-04
  4.31447774e-02  7.72746047e-03  1.13736801e-01  7.98681565e-03
 -2.72383429e-02  1.99445542e-02  1.40812881e-02  1.65319238e-02
  1.26221366e-02 -3.28217782e-02 -1.47495372e-02 -3.79279512e-03
 -1.93935372e-02  4.97913267e-03 -3.52850333e-02 -1.96296126e-02
 -4.18226197e-02  6.61627799e-02  5.06013073e-02 -4.69395053e-03
  3.75318192e-02 -5.02496696e-05 -2.77476013e-02  2.46607959e-02
 -3.26016545e-02  1.82265660e-03  1.17024556e-02 -4.57332358e-02
 -8.02928433e-02 -8.72936696e-02 -5.51419631e-02 -4.13429476e-02
 -1.65780019e-02 -3.77696492e-02  1.94104537e-02  8.48646760e-02
  3.05651799e-02  4.71262336e-02 -2.11394131e-02 -1.03992736e-02
 -2.25219708e-02  7.97622502e-02  1.07502081e-02 -6.73203245e-02
 -2.29400136e-02 -4.09977213e-02  2.75315847e-02  3.99728538e-03
 -6.31755143e-02  9.97294299e-03  8.37434176e-03  7.07694842e-03
  3.34562510e-02 -5.65144308e-02 -4.03092429e-03  1.67842675e-02
  7.06898347e-02  1.39144454e-02 -7.26289675e-02  6.49559200e-02
  8.06788914e-03 -3.03294379e-02  1.14874981e-01  1.10033313e-02
  3.17879915e-02 -2.65830737e-02 -1.03153177e-02 -1.80561433e-03
 -3.65739428e-02  5.62611818e-02 -1.32376957e-03  2.39493176e-02
  6.45099767e-03  3.35502587e-02  2.56718658e-02  5.88093186e-04
  1.60701312e-02  9.03952681e-03  3.64856049e-02 -6.94800466e-02
  1.31763238e-02 -1.49217602e-02 -3.75229865e-03 -4.72435914e-02
  8.18641111e-03  1.73198935e-02 -4.30869162e-02  6.16172701e-02
  2.77767759e-02  1.65158827e-02 -1.10416599e-02  2.81835794e-02
  2.06288882e-02  1.17965885e-01  1.73872244e-02  6.16110265e-02
 -2.99671274e-02  4.88951132e-02 -4.67833169e-02 -2.71321423e-02
 -3.35100293e-02 -7.93577917e-03  9.11327638e-03 -4.85154390e-02
 -1.37791513e-02  5.10101207e-02 -1.85112450e-02 -2.95690144e-03
 -5.31146722e-03 -5.00655510e-02  9.24922898e-03  4.79107760e-02
 -1.24623096e-02  6.42489269e-02 -4.87827174e-02 -3.41563043e-03
 -2.93925330e-02 -4.83760424e-02  4.00113594e-03 -2.70911250e-02
 -2.61107571e-02 -1.88787971e-02  5.77974366e-03 -6.55936077e-02
 -6.73822984e-02  1.32597331e-03 -5.90069685e-03  1.97817795e-02
  2.96868216e-02 -2.51976009e-02  3.30344960e-03 -2.26674173e-02
 -2.30566859e-02 -3.37626375e-02  7.26668071e-03  1.49791557e-02
 -1.96378622e-02 -2.26330105e-02  1.17592495e-02  4.72032279e-03
  2.59918328e-02  2.11850666e-02 -2.54826713e-02 -5.20130359e-02
  9.02266055e-03 -4.81149629e-02  2.07956936e-02  5.89995794e-02
 -4.89107892e-02 -3.47208865e-02  1.59185361e-02 -6.30379931e-33
 -8.47540796e-03 -3.32546681e-02  3.99807421e-03  3.80334817e-02
  5.68816392e-03  2.68625170e-02  1.37358457e-02  3.75699177e-02
 -2.57936046e-02 -8.90056696e-03  7.55773671e-03 -1.16154540e-03
  1.89874005e-02 -2.75146682e-02  1.91811156e-02  5.73562644e-03
 -6.42633718e-03  1.93993803e-02 -8.02601501e-03 -8.17568749e-02
 -1.48964059e-02  1.60882082e-02  5.34341298e-02 -3.04158665e-02
  3.08485441e-02 -4.38895561e-02 -1.60348602e-02 -5.48703037e-02
 -2.78834882e-03 -5.28850295e-02  6.32118955e-02  2.05615535e-02
  8.53894465e-03 -3.00049456e-03 -3.44174430e-02  3.29719596e-02
 -7.12380409e-02 -2.59776339e-02 -6.86016725e-03 -7.37180263e-02
 -5.76677360e-03 -6.03757873e-02 -2.61927699e-03  3.44680734e-02
 -2.25499589e-02  9.88744106e-03  4.54883976e-03 -2.48492006e-02
  2.04088935e-03  4.57428716e-04 -8.10952764e-03  3.03997635e-03
 -4.13134173e-02  6.83610961e-02 -3.85908522e-02  4.89454903e-03
 -5.58458827e-03  3.59067991e-02 -2.02350095e-02  5.67972064e-02
  4.09631990e-02  2.71894187e-02  2.80394163e-02  2.29842551e-02
 -1.31546799e-02  2.52511469e-03 -4.69926335e-02 -2.40482539e-02
 -5.47395600e-03 -4.20248844e-02  2.08552200e-02 -5.92733659e-02
  2.08295584e-02  8.42092782e-02  1.92326326e-02 -6.12636171e-02
 -4.02621590e-02  1.67320948e-02 -2.08602306e-02 -3.71866263e-02
 -2.69851126e-02 -4.15078271e-03  3.47717665e-02 -5.04361801e-02
  1.08201327e-02 -9.85981198e-04 -3.52375768e-02  5.84138408e-02
  2.57643964e-02 -3.54004800e-02 -3.06771733e-02  8.78724903e-02
 -3.66186984e-02  1.63250826e-02  6.07608296e-02  6.60388321e-02
  5.73633704e-03 -4.62453775e-02  2.40825340e-02  3.00380383e-02
 -4.21209298e-02 -1.55611774e-02 -4.45872992e-02  5.07444106e-02
  3.56433168e-02 -2.01293193e-02  1.12982420e-02  2.46992279e-02
 -2.18756008e-03 -2.43699504e-03 -1.17173484e-02  3.86037491e-02
 -7.38147227e-03 -3.80930142e-03 -6.32339269e-02 -1.82164907e-02
  2.76281293e-02 -1.80392284e-02  5.61917806e-03 -1.95206292e-02
 -1.36644384e-02  5.45163043e-02 -6.16508946e-02  1.81855243e-02
  1.37242181e-02  1.02669457e-02 -3.56694870e-02 -4.92681470e-03
 -7.79641196e-02 -2.34580375e-02 -8.39499850e-03  8.99860403e-04
  2.37703944e-07  1.49018895e-02  5.10981753e-02  2.03990154e-02
 -2.26876214e-02 -4.22166362e-02  4.24687471e-03 -4.63684928e-03
  5.46828620e-02  2.53380779e-02  2.89914422e-02 -1.83556173e-02
 -3.47343683e-02  4.07491811e-02  2.56427261e-03  4.33507375e-02
 -1.07670333e-02 -4.23188359e-02 -7.56865367e-03 -3.90085578e-02
 -4.35542129e-02  9.17885303e-02 -7.22169830e-03  3.55619714e-02
  3.96672450e-02  2.94108433e-03  1.47849601e-02 -5.72566083e-03
 -4.31143232e-02  6.36171699e-02 -4.71864156e-02 -1.00652739e-01
  1.99591760e-02  4.57489602e-02 -1.58482715e-02 -3.77073288e-02
 -7.61133656e-02 -3.71312760e-02  6.39751628e-02  3.13496441e-02
 -1.65161751e-02  3.82692786e-03  3.20194438e-02 -3.37930359e-02
 -1.84716079e-02  3.02363816e-03 -2.38553509e-02  2.14943253e-02
  7.96637610e-02 -1.29670242e-03  2.78064702e-02 -4.74288594e-03
  9.40437522e-03  2.77176965e-02 -1.38982935e-02  8.86401255e-03
 -1.21561205e-02 -3.42251547e-02  2.45456137e-02  2.10593212e-02
 -6.72260001e-02 -5.47912996e-03 -4.29887176e-02 -5.73472213e-03
  3.43531580e-03  1.02803810e-02  2.16538012e-02  1.74085293e-02
  1.98344261e-34  2.03761905e-02 -4.79597338e-02  8.96942243e-03
 -8.56824666e-02  7.09998049e-03  3.65941934e-02  2.81513087e-03
 -1.30405212e-02 -2.34873984e-02  7.38104433e-02 -3.23590077e-02]"
Food_security_analysis,Analysis of drivers and indicators of food insecurity.,"[-4.97860163e-02  5.21611758e-02 -1.49158360e-02  1.40315471e-02
  1.58977751e-02  2.76495963e-02  1.50632886e-02  2.23871530e-03
  5.20598367e-02  1.21063208e-02  1.11224636e-01  3.97013240e-02
  2.31636278e-02 -1.78837625e-03  3.42323817e-02  1.58584509e-02
  3.04855220e-02 -6.95743924e-03 -3.57621685e-02  5.20581380e-02
 -2.85834447e-02  4.12693992e-02  4.02107984e-02  4.10119966e-02
 -7.57120326e-02 -3.59922135e-03 -6.57845335e-03  1.97370164e-02
 -2.85088923e-02 -5.55296354e-02 -7.93465134e-03  1.91232935e-03
 -1.84558854e-02 -4.34606224e-02  1.70331157e-06  9.65299644e-03
 -4.58100289e-02  1.62241217e-02 -7.15650246e-02  7.39386585e-03
 -3.24874297e-02 -9.57011431e-02  1.38565600e-02 -5.63396781e-04
  8.39157496e-03 -2.90581994e-02  4.30157557e-02  3.62015627e-02
  9.20520921e-04 -4.41400940e-03  5.39640374e-02 -5.78046441e-02
 -5.83260842e-02  3.54465023e-02 -2.94348579e-02  1.88344140e-02
 -4.14789468e-03 -2.78711226e-02  1.98109802e-02 -7.09913392e-03
 -2.69315839e-02  2.24728379e-02  3.61036696e-02 -6.22988585e-03
 -1.66062210e-02  5.61043993e-02 -1.77189130e-02 -5.17468154e-02
  2.35904083e-02  2.86827236e-02 -2.99669169e-02  2.14162506e-02
 -1.35597738e-03  1.10222790e-02 -1.19303446e-02  1.65985245e-02
  3.81662101e-02 -5.13147190e-02 -1.09518627e-02 -1.43038470e-03
  5.97525574e-02  3.38669531e-02  2.05509029e-02  2.09859945e-02
 -3.02377958e-02  4.94274199e-02 -2.03900766e-02 -1.35781635e-02
 -4.76471931e-02 -2.18867213e-02 -4.73727882e-02  1.56377088e-02
 -2.69366261e-02  4.82001482e-03 -3.07267788e-03 -4.67088260e-02
  4.01425622e-02 -4.29542512e-02  2.49358788e-02 -7.37666935e-02
 -3.06364559e-02  3.89538929e-02 -6.77125752e-02 -4.29644622e-02
  3.96165345e-03  2.35134624e-02  5.51452255e-03  6.33613020e-03
 -5.06857522e-02  6.38529956e-02  5.25054289e-03  2.73785535e-02
 -5.65997371e-03 -5.57253659e-02  8.66753459e-02  3.35843377e-02
 -4.48960327e-02 -6.91797072e-03 -1.88407060e-02 -7.70643279e-02
 -6.72055632e-02  4.27788012e-02  4.12611570e-03  3.92435193e-02
  1.58805642e-02  7.50252157e-02 -3.50017846e-02 -1.06434980e-02
  1.43028507e-02 -3.93594205e-02  3.16717243e-03 -1.98032632e-02
 -2.33782176e-02  2.84512471e-02  3.74041647e-02  2.28400733e-02
  6.81449845e-03 -3.57990265e-02 -9.53137279e-02 -1.46311289e-03
 -3.59419286e-02 -4.21196921e-03 -7.38438442e-02  1.34300115e-03
  2.99078859e-02  5.10789491e-02  1.85569134e-02  2.17593252e-03
  3.35747451e-02  4.40953262e-02  2.33218335e-02 -4.62331101e-02
  6.48626909e-02  2.48881569e-03  6.67862445e-02  2.30596755e-02
  2.19128542e-02 -4.27606143e-03 -1.96361858e-02  1.92254558e-02
 -2.54620295e-02 -9.93979722e-03 -1.16508575e-02 -1.30793275e-02
 -3.47852409e-02  6.06433675e-02  1.75362139e-03  4.77425009e-03
 -1.96498204e-02 -3.86243537e-02 -2.09022146e-02 -4.56309170e-02
 -3.84671366e-05  5.14857024e-02  4.70489040e-02  1.10347228e-05
  3.72759216e-02  6.36877608e-04 -1.08675566e-02  5.86208664e-02
 -2.32437998e-02 -2.21872646e-02  5.96825145e-02  3.27934027e-02
 -4.00973074e-02  2.27174070e-02  3.76500152e-02  2.14001164e-03
  2.66337804e-02 -3.90792005e-02 -1.35786114e-02  6.14492297e-02
  2.11338792e-02  1.83752030e-02  1.97477955e-02  9.60889331e-04
  2.11328864e-02 -4.57803607e-02 -2.72465241e-03 -4.61114720e-02
 -7.62619497e-03  1.88888144e-02  1.15191108e-02 -1.03670545e-02
  3.79257486e-03  8.08528159e-03  1.36775291e-02  2.05047671e-02
  3.00746839e-02 -8.46639350e-02 -8.95184800e-02 -3.28161451e-03
  2.80611753e-03  4.33746912e-02 -2.67283991e-02  6.50795847e-02
  4.03496809e-02  8.66036862e-03 -1.29908379e-02  6.34714290e-02
 -6.25804532e-03  1.07076131e-02 -1.11626415e-02 -2.52886191e-02
  5.86424284e-02 -3.91428685e-03 -1.49760628e-02  1.78143159e-02
  2.95599620e-03  1.99692436e-02  5.26654609e-02  3.14041637e-02
 -4.04021479e-02 -2.50511989e-02  2.46708225e-02 -7.33139133e-03
  4.12230343e-02  5.03916927e-02 -7.00971636e-04 -3.29199210e-02
  8.87887739e-03  8.20302404e-03  2.70873085e-02  1.43467374e-02
  1.58263315e-02  3.53941545e-02 -2.64209621e-02 -2.44286917e-02
 -1.50336139e-02  6.86895698e-02  3.57133411e-02 -1.64459478e-02
  4.90319990e-02 -2.67841928e-02 -3.01404041e-03 -4.55106162e-02
  4.91718873e-02  6.23613112e-02  5.86182484e-03  7.88789168e-02
 -4.20584418e-02  2.35844944e-02 -3.42191081e-03  1.32090514e-04
  2.89025493e-02 -2.38967147e-02  6.16922183e-03 -4.26947838e-03
 -1.51114631e-02 -3.38053368e-02 -2.78238375e-02 -2.11510230e-02
  2.05254965e-02  1.53155578e-02  3.25178578e-02  9.09957476e-03
  3.60661857e-02 -1.58564781e-03  2.30869371e-02 -4.72042672e-02
 -5.95053518e-03  2.06863303e-02  3.37744434e-03  4.60480638e-02
 -1.06871063e-02  1.57788713e-02  4.41993997e-02 -2.22158264e-02
  4.66909595e-02 -6.47108182e-02  1.60843357e-02 -3.88409756e-02
  4.77352459e-03 -2.73309667e-02 -4.70983423e-02 -1.38223646e-02
 -2.20510196e-02 -7.37732202e-02 -3.38474810e-02  8.48457366e-02
  1.95133127e-02 -3.44076864e-02 -4.25859690e-02 -1.19801890e-02
 -3.92527543e-02  5.67891635e-02 -1.27007896e-02 -7.94841945e-02
 -3.45371030e-02 -3.09240855e-02  6.08157963e-02  2.18013711e-02
  9.44500044e-03  1.20469900e-02  1.69067755e-02 -1.18919052e-02
 -9.33423340e-02  3.92739512e-02  2.75503844e-02  4.04554084e-02
  4.02171314e-02 -2.46840343e-03 -6.86287656e-02 -4.69616763e-02
  1.10240141e-02  2.97078211e-02 -2.38107294e-02 -1.90367531e-02
 -1.86706185e-02  7.86761928e-04 -3.28175873e-02  8.47445242e-03
  2.83067394e-02  4.03586440e-02  4.32466418e-02 -5.12862578e-02
  1.42846089e-02 -5.15416712e-02 -8.39552954e-02  2.48947106e-02
 -1.86975170e-02  9.42651555e-03  6.33683940e-03 -6.95627257e-02
  2.95631457e-02  2.21336894e-02  3.79476906e-03  3.62732215e-03
 -2.00110041e-02  2.65296660e-02 -1.43231591e-03 -2.31651403e-02
  3.13420705e-02 -6.61190599e-03 -2.88834702e-02 -1.11538256e-02
 -2.00440753e-02 -6.48324937e-02 -3.55427600e-02 -1.53795015e-02
  4.35856655e-02  1.38533220e-03 -1.32475095e-02  2.16041710e-02
 -1.42096234e-02  6.01570010e-02 -8.25204980e-03  1.82013344e-02
  3.00523601e-02 -1.88176315e-02 -2.05621719e-02  7.07560629e-02
 -5.04074432e-02  4.25504521e-02 -3.77398729e-02  5.50127141e-02
  2.80023366e-02  2.97274962e-02 -1.15653304e-02  2.33631494e-04
  3.74739058e-02  7.27777788e-03  3.28446887e-02  3.94860320e-02
  1.04668345e-02 -6.12365417e-02 -2.16105934e-02 -4.33209874e-02
  5.35675026e-02  3.53545025e-02 -1.64934732e-02  4.09215363e-03
 -7.99795687e-02  7.98436105e-02 -2.19750591e-03  1.92438774e-02
 -1.02340383e-03  7.40333879e-03  4.35194597e-02  3.01680397e-02
  1.47248423e-02 -3.67091335e-02  2.52365805e-02  2.11579371e-02
 -2.05210689e-02 -7.96932448e-03  2.86737010e-02  8.91694892e-03
  3.75356991e-03  3.34517099e-02  1.76241645e-03 -5.07012978e-02
 -2.54981741e-02 -3.76276970e-02  4.64616045e-02 -3.88074145e-02
 -5.23847602e-02 -1.72704868e-02 -9.16489493e-03 -2.35579535e-02
  3.54281664e-02 -1.66359032e-03  3.20000085e-03 -1.79458049e-03
 -2.82329842e-02 -6.39552833e-04  4.65370947e-03  4.96673360e-02
 -1.28725581e-02  4.28434201e-02  8.64803195e-02 -3.22533236e-03
 -2.26923786e-02 -9.60144326e-02 -2.76744994e-03  1.83340665e-02
  6.12971522e-02 -3.58111062e-03  1.10631073e-02  5.13576791e-02
  2.74258554e-02  1.93056967e-02  2.09344365e-02 -2.48005876e-04
  3.09311505e-02 -1.26889702e-02 -4.50123511e-02  2.04291530e-02
 -1.32031664e-02  1.97502915e-02  7.71258399e-03  2.60102879e-02
 -2.53289938e-03  2.53660996e-02  2.57445071e-02  1.55147137e-02
  3.13447155e-02 -9.67072621e-02 -5.99048240e-03  2.87072361e-02
 -5.25805401e-03  1.50827914e-02 -4.88203131e-02 -7.09504168e-03
  2.15360866e-04 -5.64558059e-03 -5.08479923e-02  5.72823696e-02
  2.24653911e-02 -1.34414127e-02 -5.33486120e-02 -7.62846973e-03
 -2.55436823e-03  1.62286572e-02  3.56069542e-02 -3.28457132e-02
  8.24190956e-03 -5.39122261e-02 -1.89389307e-02 -7.37260748e-03
 -2.67130621e-02  2.46700691e-03  2.47859284e-02 -7.12336078e-02
 -3.04543599e-02 -3.47555503e-02 -5.46357334e-02  3.93373007e-03
 -1.52867315e-02 -9.35085176e-04  1.08671654e-02  3.82785574e-02
 -3.13301347e-02 -3.63702029e-02 -2.04490088e-02 -7.88144674e-03
  2.28984896e-02  4.57632691e-02 -3.73935625e-02 -2.84408294e-02
 -1.19290054e-02  1.21497246e-03  9.82201844e-03 -1.65185146e-02
 -7.43527785e-02  1.97556056e-02  3.88581529e-02  1.42637193e-02
 -3.11131831e-02 -2.22452674e-02  2.10512597e-02  2.07851715e-02
  3.58384661e-02 -1.74557809e-02 -2.53394013e-03 -1.98843572e-02
 -4.11921144e-02 -6.07659817e-02  4.63565178e-02 -1.12021156e-02
  8.89293663e-03 -1.25615532e-02  6.68933466e-02 -1.00949435e-02
 -4.59715687e-02  1.33118462e-02 -4.65159006e-02  5.47258824e-04
  5.57938702e-02  3.23834345e-02  3.04126684e-02 -1.83588658e-02
  2.97072586e-02  2.67935265e-02  1.45507110e-02  2.49978807e-02
  1.79058616e-03 -2.14128904e-02 -3.71107720e-02  1.72088072e-02
 -1.20129362e-02 -1.50796911e-02  2.15766989e-02  2.48381644e-02
 -2.55220588e-02  6.55673072e-02 -8.61905143e-03 -5.84092215e-02
  4.30398760e-03 -2.09628623e-02 -2.52964571e-02 -1.74903329e-02
 -1.02306336e-01 -4.15858813e-02  3.22722062e-03 -5.77383466e-33
  3.90612963e-03 -9.75707173e-02  3.98690775e-02 -2.15931293e-02
 -8.85044225e-03  2.98405569e-02 -1.19697663e-03 -1.00067202e-02
 -3.61105800e-02 -5.13801165e-02  1.09682893e-02  1.29819829e-02
  2.87994612e-02  2.46149823e-02  2.11173166e-02 -6.09540902e-02
 -5.15270196e-02  3.54049914e-02  2.20230315e-02 -1.08209729e-01
 -1.14470953e-02 -2.70183366e-02  1.79115962e-02  3.91005278e-02
  4.17020656e-02 -8.49296153e-02  1.31625151e-02 -5.20828329e-02
  1.80005915e-02 -5.51638566e-02 -6.59050513e-03 -3.90900299e-03
  1.25963353e-02 -4.04540263e-02  1.47807207e-02  3.48999985e-02
  1.26743400e-02 -4.85531799e-02 -2.70286556e-02 -3.22873071e-02
 -6.49614558e-02 -1.02817059e-01 -1.90610380e-03  4.59858514e-02
 -1.53306418e-03  1.94174109e-03 -4.19823527e-02  1.90675091e-02
  2.60925815e-02  4.55744267e-02  1.97611526e-02  3.22348103e-02
 -3.29564400e-02  3.93159986e-02 -1.58880223e-02  1.36617661e-01
  3.08836345e-02 -2.66557131e-02  3.14662792e-02 -7.63143301e-02
  1.75705999e-02  3.75391766e-02  1.55208884e-02  2.61683799e-02
 -1.43498303e-02  5.84447570e-03 -6.50289804e-02 -1.01533793e-01
  4.59527150e-02 -4.05111872e-02 -1.57058705e-02 -5.65131754e-02
 -8.75546969e-03  1.42427348e-02  3.68713704e-03 -3.11390180e-02
  9.59760603e-03  4.44901362e-02 -3.93064804e-02 -2.21318826e-02
  1.83213782e-02 -1.21100247e-02 -3.10718808e-02  2.59497352e-02
 -2.54993271e-02 -6.29207343e-02 -1.10137451e-03  3.59382108e-03
  2.24962234e-02 -1.56459082e-02 -1.72264595e-02  2.36309189e-02
  2.09071357e-02  8.10019448e-02  6.48486689e-02 -7.30060861e-02
  3.95423472e-02 -1.24137057e-02  2.56631570e-03  3.63465622e-02
  5.18463645e-03  2.61304043e-02  1.10760517e-02  9.19090882e-02
  4.35214639e-02 -7.62077840e-03 -1.31891249e-02 -1.27596827e-02
  4.42994125e-02 -4.21640538e-02  1.69484876e-02  3.53576615e-03
 -1.03026479e-02  5.37855476e-02 -5.57015128e-02 -1.55852130e-02
 -4.81076539e-03 -3.02676465e-02  3.46014053e-02  1.68669429e-02
  6.68457523e-03 -1.92995705e-02  1.35427192e-02 -5.78329675e-02
  2.88366787e-02  3.98534676e-03 -1.44754723e-02  2.48817354e-02
 -4.22698148e-02  1.68581195e-02  4.25418951e-02 -8.51178821e-03
  2.39931524e-07  3.02444436e-02  1.01790642e-02  3.05078793e-02
 -7.04323277e-02 -4.54467237e-02 -3.02198417e-02  2.24446077e-02
  4.11092602e-02 -1.19363433e-02  3.29128020e-02  4.72680628e-02
 -5.19059738e-03 -2.99076345e-02  5.49621545e-02  4.00296524e-02
  2.06672791e-02  6.90532092e-04  2.96629928e-02 -4.05995734e-02
 -3.39633077e-02  6.78428784e-02  6.54784683e-03 -3.22549492e-02
  1.03212195e-02 -1.45565690e-02  9.21803527e-03 -2.53207162e-02
 -5.01070842e-02 -8.19868222e-03 -5.42141572e-02  6.71661422e-02
  2.94080526e-02  7.08089396e-03 -1.86818503e-02 -2.62831599e-02
 -6.14032596e-02 -2.28702426e-02 -3.37506570e-02  1.66407097e-02
  1.39676379e-02 -4.82153632e-02 -3.24313529e-02  2.96579674e-03
 -4.45149057e-02  6.12856522e-02  1.46467080e-02  9.39745456e-03
  5.66190779e-02  1.39574818e-02  7.35224038e-03 -2.80971843e-04
 -1.84796494e-03  5.32340892e-02  2.18564235e-02 -2.02516951e-02
 -3.75732891e-02  3.52483355e-02  6.43106028e-02 -1.21582104e-02
 -3.28980237e-02  8.11474118e-03  3.00557795e-03 -4.60864492e-02
  1.37109458e-02 -6.82794079e-02  2.79837865e-02  3.05689070e-02
  1.39967123e-34 -4.81962226e-03  3.46773006e-02 -2.51946598e-03
 -4.75996546e-02 -3.20736729e-02  3.83238704e-03 -1.17275745e-01
 -1.19836759e-02 -6.78247306e-03 -3.83850932e-02  1.81193203e-02]"
Resilience_programming,Community-level interventions strengthening recovery and shock resistance.,"[-1.30347563e-02 -1.95006968e-03 -3.76380607e-03 -1.14156622e-02
  3.58624347e-02  9.30624641e-03  1.21670831e-02  1.87937282e-02
  2.59563718e-02 -5.62146259e-03  4.00794744e-02 -1.54320179e-02
  2.63172016e-02  2.25517321e-02  1.54144913e-02 -2.59497985e-02
 -6.71032164e-03  5.13409860e-02 -2.11581010e-02  7.72956014e-03
  3.97991017e-02 -4.86708758e-03 -9.18465294e-03 -2.51485668e-02
  4.64136153e-02 -2.43016239e-03  3.78352478e-02  3.23993452e-02
  4.12360653e-02 -7.22848624e-02  3.19967978e-02  1.54494226e-03
  4.50525479e-03 -1.01655144e-02  1.76785693e-06  4.32014763e-02
 -1.65421832e-02 -3.80050503e-02 -2.82555968e-02 -6.45735934e-02
  2.55442690e-02 -1.00436568e-01  2.45893411e-02  5.08866608e-02
  3.28826159e-02 -4.20603044e-02  1.40654119e-02  2.07798574e-02
  1.13592213e-02 -1.38813276e-02  4.98384878e-04 -4.88962308e-02
 -6.33779913e-02  1.08536920e-02 -1.82833783e-02  4.02786434e-02
 -4.62250039e-02 -1.81981120e-02  3.87033336e-02 -2.84665190e-02
  2.64290650e-03 -4.93924972e-03 -3.90245803e-02  7.20163882e-02
  1.71441454e-02 -7.40518328e-03 -1.94035619e-02  1.30900135e-02
 -2.54707858e-02  5.96046224e-02 -8.28063395e-03  3.32932957e-02
  3.15479934e-02 -3.55979577e-02  1.24062654e-02  9.12390202e-02
 -2.16541942e-02 -8.49290192e-02  7.16486946e-02 -6.83322921e-02
 -2.42762323e-02  4.61289622e-02 -1.94970369e-02 -4.36722189e-02
  2.32825018e-02 -6.06760234e-02 -8.15689680e-04  2.46548839e-02
 -3.00498476e-04  5.26297949e-02  1.50351115e-02  4.12375927e-02
  2.07670312e-03 -5.27895615e-03  2.31733043e-02 -1.72060933e-02
  3.05667054e-02 -7.27121830e-02  1.07426355e-02 -1.14198718e-02
  4.82566617e-02  7.21744001e-02 -4.25198264e-02 -5.07172868e-02
 -4.92337300e-03 -7.09181055e-02  5.52399317e-03 -3.28605101e-02
  3.05998269e-02  8.26298371e-02 -7.86891952e-02  4.86441813e-02
 -1.57691073e-02  3.04419734e-02 -4.40755524e-02  5.70757426e-02
 -2.15666443e-02  2.42122430e-02 -7.63532659e-03 -1.31473446e-03
 -5.26119545e-02 -1.53090870e-02  1.81058180e-02  1.89133566e-02
  8.02563727e-02  4.74438109e-02 -2.65488564e-03  1.53488256e-02
  2.13970672e-02 -2.15634461e-02 -9.18059796e-03 -3.31210531e-02
  1.17278462e-02 -1.27409752e-02  3.71849574e-02 -4.89765704e-02
  1.48105882e-02 -3.57645075e-03 -2.15915665e-02 -1.20824194e-02
 -1.94183663e-02  4.11070362e-02  3.81368473e-02 -2.68846694e-02
  1.59111451e-02  3.22905113e-03  3.72112170e-02 -7.93061405e-03
 -4.86241980e-03 -4.96980697e-02 -7.26771876e-02 -1.08190589e-02
  2.93083210e-03  2.46669408e-02  5.38375042e-02  1.08661121e-02
  2.33477335e-02 -2.18179524e-02 -5.60032157e-03 -2.95209233e-02
  2.43096780e-02 -4.57570516e-03 -1.89685244e-02 -1.77548602e-02
 -4.78397729e-03  2.39269109e-03 -2.15513706e-02 -1.23612732e-02
  5.35368770e-02 -2.48329691e-03 -5.70339933e-02 -2.32362505e-02
  1.16050020e-02  9.04056579e-02 -1.25787698e-03 -1.99254509e-03
 -4.99967672e-02 -3.32890600e-02 -2.86087096e-02 -2.70682108e-02
 -1.12849036e-02 -4.07299474e-02 -5.42747080e-02  1.16162072e-03
  5.37527129e-02  4.23570201e-02 -5.39420135e-02  1.23214275e-02
 -4.23149727e-02  5.75376116e-02 -9.56385583e-03  6.89555658e-03
  5.27119152e-02 -5.54155698e-03  9.71817039e-03  1.16963070e-02
  1.81602184e-02  2.09270194e-02  5.02903247e-03  1.79172307e-02
  4.37536202e-02 -3.28477956e-02 -2.35922448e-02  7.72199780e-03
  1.20751401e-02  8.54776148e-03  5.50852604e-02 -1.58726405e-02
  6.01944923e-02 -3.63772400e-02 -2.75274348e-02  6.02411330e-02
 -3.86887006e-02  2.48124287e-03  2.91315522e-02 -4.48960718e-03
  1.59839485e-02  3.55455428e-02 -1.74195059e-02 -5.38009629e-02
 -1.84134357e-02  5.15748449e-02 -6.55769631e-02  1.63500160e-02
 -2.38641854e-02  3.76633480e-02  3.57684232e-02 -2.77281124e-02
  3.48187685e-02  2.83023510e-02  3.22869327e-03  4.09951545e-02
 -8.83913040e-03 -1.73950493e-02  3.30947824e-02  2.16446295e-02
  3.16441469e-02 -4.03282605e-02 -4.02735211e-02  2.70527527e-02
  5.50134946e-03  1.01290615e-02 -6.30613184e-03 -2.59613874e-03
 -2.10536830e-02  9.71029699e-03  7.08985478e-02 -3.24811297e-03
 -5.20670936e-02  5.46344183e-02 -4.31671478e-02 -7.82913063e-03
 -4.30729054e-02  3.23212370e-02 -3.35795209e-02 -9.12463069e-02
  9.54682007e-03 -4.73865829e-02  1.11494015e-03  2.27233358e-02
 -5.34314197e-03 -6.40070289e-02 -3.65745351e-02  1.41111501e-02
  3.89774479e-02 -8.02953634e-03  2.38023065e-02  6.92262221e-03
  3.47406790e-02 -3.47159244e-02  1.39716044e-02 -4.60842326e-02
  7.34954188e-03 -1.25708524e-02 -3.82622816e-02 -3.58965322e-02
  4.38289307e-02  4.27716710e-02  5.83448522e-02 -2.84319669e-02
  5.53772552e-03  4.00767699e-02 -1.20502934e-02  5.34441388e-05
  7.17216544e-03  1.23952711e-02 -4.62992210e-03 -6.92125186e-02
  3.48124132e-02 -4.59378026e-02  8.55656564e-02 -5.36663048e-02
  1.41464465e-03 -9.47979540e-02 -2.41221264e-02  7.60860965e-02
  1.17753074e-01 -5.92122264e-02  4.21258323e-02 -5.57457060e-02
  2.11852081e-02  4.18386385e-02  1.76490303e-02 -1.37119722e-02
 -3.66914347e-02 -1.00767463e-01  1.97116961e-03  6.86817989e-03
 -5.87431168e-05  2.67210100e-02 -5.81661426e-03 -1.68495830e-02
  1.65609550e-02 -7.08171278e-02  5.13973348e-02  2.52615586e-02
 -6.98344260e-02 -6.73062801e-02 -3.16868760e-02 -4.38646860e-02
 -5.29820099e-02  7.41082942e-03 -6.54376596e-02  5.75249046e-02
 -3.33494581e-02  1.34565483e-03  3.55747826e-02 -3.22851799e-02
  1.09495455e-02  1.04418257e-02 -4.26984765e-02 -2.15924606e-02
  2.53790002e-02  3.25571448e-02 -3.38096879e-02 -1.39196459e-02
  2.12112982e-02 -8.09880719e-02 -4.13672142e-02  2.17671897e-02
 -4.41966159e-03 -7.75361583e-02 -3.57082300e-02  4.80285324e-02
  5.14618633e-03 -1.51413959e-02  9.19578655e-04  4.99812588e-02
 -5.55328140e-03 -8.55091065e-02  5.33766635e-02  3.29893790e-02
 -2.38081086e-02  5.38829248e-04  1.55125875e-02 -2.47419495e-02
 -5.68374433e-02  3.36324461e-02 -1.79252177e-02 -1.60509385e-02
 -1.89057812e-02  4.04649116e-02  3.49516533e-02 -7.84446776e-04
  2.83611659e-02 -4.38490370e-03  1.58996321e-02 -2.41373293e-02
 -1.51964817e-02  7.31044263e-02 -6.55296911e-03  5.15753552e-02
 -4.47651930e-02 -1.90700614e-03  1.02417674e-02 -3.77620682e-02
  1.13975890e-02 -3.26277912e-02  2.21896525e-02  1.06448028e-02
 -5.41226342e-02 -2.34672967e-02  2.17641774e-03 -2.02534813e-03
  6.98222220e-03  2.58493628e-02  4.39041294e-02  2.89114062e-02
  2.61543579e-02  4.76070158e-02  5.19684423e-03 -7.02639148e-02
 -2.12696958e-02  2.42862292e-02  2.62829866e-02  3.14229876e-02
 -6.94641173e-02  2.04167366e-02 -3.14810723e-02  1.96905024e-02
  1.42488275e-02  1.31258713e-02 -1.01318192e-02 -7.67930737e-03
 -2.38954667e-02  5.48361167e-02  2.78673805e-02 -1.67119540e-02
 -2.02631275e-03  4.08353694e-02  2.25545540e-02  2.35634434e-04
  4.15546000e-02 -1.35049317e-02  1.22849653e-02 -3.64028364e-02
  1.83575936e-02  5.45560978e-02  2.55640019e-02 -4.24080081e-02
 -4.71027680e-02  9.75661073e-03 -3.62350382e-02 -1.37736099e-02
  2.68033030e-03 -1.77105591e-02  1.37297986e-02  1.82018653e-02
 -1.51016768e-02  1.32452035e-02  4.19181287e-02  4.52509671e-02
  1.84188597e-02  2.60358653e-03  5.04017458e-04 -1.23883244e-02
 -6.69884831e-02 -3.82064432e-02  6.89242259e-02  6.14132583e-02
  5.72131295e-03  1.36150271e-02  1.77098848e-02 -4.46855165e-02
 -1.30406814e-02 -3.30581702e-02  3.19776833e-02 -7.47547718e-03
  3.15808915e-02 -3.62823787e-03  1.87320393e-02 -1.24373725e-02
  4.51564323e-03 -1.36976903e-02 -7.69227510e-03 -2.71885693e-02
 -5.04443087e-02  3.53137441e-02  4.31243777e-02  1.24555781e-01
  4.82196268e-03  3.08734179e-03 -7.71424398e-02  5.82497939e-03
  2.43602823e-02  4.56983820e-02  3.27454705e-04 -5.94534054e-02
  2.23428709e-03  6.02339534e-03  3.82799543e-02 -1.38397983e-04
 -1.66051071e-02  1.36209438e-02  6.03436679e-02  3.78963873e-02
 -2.72449385e-02  2.63023190e-02 -1.56984124e-02 -3.37310955e-02
 -5.58951171e-03  3.97910438e-02 -4.73111011e-02 -3.65363550e-03
 -3.16173024e-02 -1.79584548e-02 -1.24940171e-03  1.97821222e-02
 -7.19781453e-03  4.09969203e-02  4.83145192e-03 -2.50738468e-02
  4.75174980e-03 -1.57887284e-02 -3.48274186e-02  1.07900158e-01
 -5.69850653e-02  2.17003860e-02  3.30043472e-02 -2.10689325e-02
  2.87750154e-03 -4.27032774e-03 -9.25191678e-03  6.91074599e-03
 -3.78675647e-02  3.89016606e-02 -1.29014244e-02  3.77700068e-02
  4.73885350e-02 -7.88267236e-03 -5.61905392e-02  1.46083189e-02
  9.02681239e-03  8.70510936e-02 -1.98801588e-02  5.59941456e-02
 -5.68987355e-02  4.99656498e-02 -5.22493273e-02 -2.27619708e-03
 -3.20145972e-02 -4.34355177e-02 -5.72551116e-02 -1.58510655e-02
 -1.04168160e-02  2.94627436e-02 -2.63490528e-02 -8.58028512e-03
 -3.69005799e-02 -1.28617743e-02 -2.44330745e-02 -2.56124213e-02
  1.59876340e-03 -2.81535927e-03 -1.20200375e-02  5.65609522e-03
  3.27151902e-02  6.59057274e-02 -3.80344279e-02 -9.40732774e-04
 -3.64685990e-02  7.10448436e-03  2.98885591e-02 -1.64707974e-02
 -4.60974686e-03  6.21514954e-02  4.00720490e-03 -4.41940464e-02
 -1.46812554e-02 -2.37446707e-02 -2.07775757e-02  3.52783874e-02
  1.19430907e-02 -3.30577120e-02  2.60329098e-02 -5.47005092e-33
  3.68343368e-02  1.57180019e-02 -5.28770918e-03 -4.34561074e-02
 -2.62962133e-02  1.63538978e-02  1.88187249e-02  3.25513110e-02
  2.86583472e-02  1.34879127e-02  6.73795044e-02  9.47925355e-03
  1.07640103e-02 -1.70655213e-02  5.11452742e-02 -9.14025959e-03
 -1.47983013e-03  2.89416164e-02  2.83626351e-03 -4.28730398e-02
 -5.71241714e-02  9.43997037e-03  3.29665877e-02 -8.85178894e-03
  5.88367023e-02  1.19871367e-03 -1.05926199e-02 -5.03584594e-02
  3.08109354e-02 -6.00436926e-02  2.10337271e-03 -1.63820479e-02
  5.75714698e-03 -6.59628585e-02  1.71497576e-02  1.79112982e-02
 -4.26744856e-02 -8.22714705e-04  1.40584791e-02 -1.30368486e-01
 -4.42461781e-02 -2.42037792e-02  3.11832456e-03 -1.56239290e-02
  2.58593746e-02 -8.31753463e-02 -3.75973284e-02 -2.46904343e-02
  5.40067516e-02 -7.74659635e-03  1.97678115e-02 -1.33898531e-04
  1.25918565e-02  3.93359922e-02 -6.96229860e-02 -7.62054464e-03
 -5.65833002e-02  5.36060855e-02  8.72500800e-03 -7.68289715e-02
 -1.54974880e-02  2.15554778e-02 -7.51459748e-02  2.08275206e-02
 -4.93660644e-02 -2.09744293e-02 -2.25656480e-02  1.20889163e-02
  2.93540861e-02  1.05583239e-02  2.54912041e-02 -2.29798090e-02
  3.15061919e-02  1.30413055e-01 -1.59030017e-02  1.87210075e-03
 -6.46210015e-02  3.33557278e-02  1.89663768e-02 -2.70506926e-02
  1.20009845e-02  3.94959822e-02 -5.38865775e-02  3.89647335e-02
 -2.46691257e-02 -1.67187713e-02  7.15160090e-03  1.19251488e-02
  6.30209967e-03  7.30385026e-03 -1.66132133e-02  6.94998130e-02
  1.28853507e-02  3.75644416e-02  6.33563176e-02  3.40012461e-02
  1.08445473e-02  3.09200007e-02  1.82344001e-02 -1.94879438e-04
 -3.61677557e-02  7.93876871e-03 -9.19895945e-04  2.91097816e-02
 -2.90070823e-03 -3.40735577e-02  9.63923056e-03  4.21757344e-04
 -4.00818605e-03 -1.56537406e-02  1.94083098e-02  8.23317003e-03
  6.47733593e-03 -2.71679834e-02 -1.86845548e-02  3.62873562e-02
  2.20082253e-02 -5.59239350e-02  6.56498177e-03 -5.53181283e-02
 -4.99749184e-03  2.80643124e-02 -2.00899169e-02  4.50375862e-02
  7.27913994e-03 -1.53711662e-02  7.23565146e-02  2.97597498e-02
 -2.84747835e-02 -1.87343378e-02  6.60411641e-02  1.28741218e-02
  2.07143813e-07 -7.43742660e-02  1.89261362e-02  3.43070775e-02
 -6.05260655e-02  5.13175912e-02 -2.60220822e-02  2.46886425e-02
  5.38124815e-02  7.62538910e-02  2.17101537e-02  5.79292476e-02
  1.38789490e-02  1.58950384e-03 -8.23601056e-03  2.23992905e-03
  9.44683328e-03 -2.78093386e-02 -1.52438844e-03  6.78097783e-03
  4.64266661e-04  1.49268946e-02  1.49737939e-03 -4.33703326e-02
  2.64278073e-02 -5.57220355e-02  3.83554213e-02  4.50684340e-04
 -1.92704946e-02 -3.02230362e-02 -5.13028204e-02 -2.42479797e-03
  5.07405028e-02 -4.74195648e-03 -3.80653813e-02 -7.79369920e-02
 -1.00917332e-02 -6.83848746e-03  2.06534918e-02 -3.38970199e-02
  1.97037440e-02 -2.73023602e-02  2.11376362e-02 -1.20230066e-02
  6.31876104e-03  3.07193846e-02 -1.11706071e-01  3.75511833e-02
  6.85815960e-02 -4.30815667e-02  2.12360993e-02 -6.77114399e-03
 -3.76681797e-03 -1.46178193e-02  4.08617407e-02  3.91948095e-04
  2.37097386e-02 -2.68728323e-02  1.67973563e-02  3.21139693e-02
  3.34118418e-02  8.33915081e-03 -7.04022311e-03 -8.80442839e-03
 -5.52081410e-03 -7.22279996e-02 -6.50588498e-02 -1.04049332e-02
  9.61994673e-35 -6.52881432e-03 -8.98589939e-03 -3.83880995e-02
 -5.24638109e-02  1.60847884e-02 -3.13162841e-02 -2.01733317e-02
  2.85928063e-02 -2.23198496e-02  7.01485993e-03 -1.87771711e-02]"
Resilience_building,"Systems improving ability to absorb, adapt, and transform against shocks.","[-3.23042907e-02 -4.38307151e-02 -4.11306955e-02 -9.35745891e-03
  4.54934239e-02  4.01491858e-03  9.37933661e-03  3.93543132e-02
 -6.95912680e-03  6.87878951e-03  3.65654193e-02  4.10394035e-02
 -2.91145667e-02  4.72231656e-02  4.12176065e-02 -6.82519078e-02
  4.02575880e-02 -9.77305975e-03 -5.57770841e-02 -1.03411137e-03
 -1.62865706e-02 -3.04302108e-02 -2.99632214e-02 -2.33473368e-02
  2.95511708e-02  2.75453785e-03  2.82085054e-02  2.94325389e-02
  4.32927608e-02 -4.09831256e-02  2.26783585e-02 -1.31479111e-02
  2.71091368e-02  2.03696769e-02  1.92743869e-06 -5.01853414e-03
 -1.16501860e-02 -3.06728333e-02 -2.24633403e-02  1.70259755e-02
 -1.42818280e-02 -6.30925521e-02  3.95632815e-03  1.24885533e-02
  1.55538209e-02 -4.19674516e-02 -1.66821424e-02 -1.11423563e-02
 -1.84199668e-03  7.50719523e-03  1.28456287e-03  1.75377522e-02
  4.60848399e-03 -1.23716118e-02 -4.96538989e-02 -4.89328131e-02
 -5.36070624e-03  4.13299678e-03  6.19456284e-02 -1.79931615e-02
 -5.61725199e-02 -8.65388010e-03 -7.57256383e-03 -2.45111622e-02
  8.13647211e-02  3.98030467e-02  2.82197408e-02  1.58605091e-02
 -2.28813346e-02  2.83436403e-02  2.95615345e-02 -1.50517980e-03
  1.13423737e-02 -2.59415265e-02  5.81979230e-02  5.80839813e-02
 -4.46819700e-02 -7.44144022e-02  4.68445830e-02 -5.94891123e-02
 -5.84607199e-02  1.42432712e-02  1.43217882e-02 -3.54007147e-02
  3.00767720e-02  7.40356278e-03 -2.40915045e-02 -3.22572403e-02
 -2.94336714e-02  4.64964565e-03  4.10670489e-02  1.93697289e-02
  7.47632096e-03  2.04782970e-02  2.89171524e-02 -3.44158635e-02
  6.02809293e-03 -8.01686049e-02  5.42192301e-03 -2.24900749e-02
  1.97019186e-02  2.57310700e-02  6.44007279e-03 -2.28359494e-02
 -1.12729259e-01 -1.39930034e-02 -5.88304885e-02 -5.67201339e-03
 -2.38217171e-02  6.80584908e-02 -8.14485475e-02 -9.88806598e-03
  1.59043111e-02  8.84198919e-02 -4.19961102e-02  1.56395193e-02
 -2.82405242e-02  7.55835399e-02  4.26131347e-03 -1.06510958e-02
 -8.18364024e-02 -1.58876134e-03  5.46878995e-03  1.84562318e-02
  2.65889801e-02  4.58393097e-02 -1.53904995e-02  9.57321748e-03
  1.12035377e-02  3.07265744e-02 -6.55317772e-03 -3.11383437e-02
  3.69351767e-02  5.15625738e-02 -2.47977674e-02  4.29801121e-02
  3.87741290e-02  1.27640078e-02 -4.82502580e-02  1.77026559e-02
  1.30482111e-02  5.32990396e-02 -2.38558985e-02  5.07142022e-02
 -2.79448833e-02  1.14126690e-02  2.29791757e-02  2.84899082e-02
  1.61102563e-02 -4.80980799e-03 -6.60640523e-02 -5.56185376e-03
 -1.16033191e-02  1.26347141e-02  4.20202427e-02  3.05195944e-03
  2.34328699e-03  1.17915282e-02  1.66668296e-02 -5.72353452e-02
  3.92727964e-02 -1.34901768e-02  1.34181334e-02  3.15945176e-03
 -4.41140644e-02  2.53057592e-02  1.74182877e-02 -4.91012493e-03
  1.64277982e-02 -3.41071784e-02  2.26830542e-02 -7.29911774e-02
 -2.02184380e-03  9.64971036e-02  5.05149104e-02 -4.81231995e-02
 -4.18798029e-02  7.40187690e-02 -6.63519576e-02 -5.10459505e-02
 -3.74755450e-02 -5.57724647e-02 -4.32111435e-02  2.41903104e-02
 -5.81738651e-02  7.02188089e-02 -8.41820091e-02 -9.49824788e-03
 -3.62792425e-02  1.21263694e-03 -2.08469611e-02  4.14367300e-03
 -2.34360481e-03  1.37170348e-02  1.54468426e-02  2.25267913e-02
  3.09096300e-03  2.35626288e-02 -3.35925296e-02  1.70221552e-02
  5.09091206e-02 -4.80808988e-02 -4.12174650e-02  2.93785334e-02
  1.84139218e-02 -2.39485037e-02  2.76628602e-03 -2.46081091e-02
 -2.43709725e-03 -1.16979657e-02  1.51502490e-02  5.94267175e-02
 -3.33397053e-02  3.67233828e-02  5.28714247e-02  1.64039824e-02
  2.34374893e-03  1.50920646e-02 -6.20523393e-02 -8.22352804e-03
 -4.35565189e-02  7.52454400e-02 -1.99623238e-02 -3.14894803e-02
 -8.21018126e-03 -1.09171234e-02  8.56940926e-04 -5.39734727e-03
 -4.29017842e-02  4.61162999e-03 -5.45769325e-03  3.85189051e-04
  1.23094954e-02 -2.75436491e-02 -8.05482119e-02  5.99464178e-02
  2.12465390e-03  8.80790576e-02 -7.87147973e-03  3.34620476e-02
 -1.27033668e-03  7.74590624e-03  2.38066874e-02 -2.26976629e-02
  6.05179183e-02 -1.05623472e-02  8.01601447e-03  1.31775569e-02
  3.14444280e-03  2.11180411e-02 -1.89442746e-02  2.44737118e-02
 -5.10388799e-02  2.12276168e-02 -9.03322101e-02 -7.96695501e-02
  2.24192347e-02  2.97006709e-03  2.18726434e-02  1.15976308e-03
  5.69601655e-02 -5.63227311e-02 -5.73245436e-02  3.07577685e-03
 -1.11814681e-02  2.06466708e-02  4.79646623e-02  2.74926722e-02
 -1.31228017e-02 -2.24786485e-03  2.74451580e-02  1.36478590e-02
 -6.64557144e-03 -2.44059712e-02  3.96450190e-03  4.70614024e-02
  1.06300183e-01  7.07034022e-03 -2.57425029e-02  4.51058038e-02
 -9.60812531e-03 -3.91003527e-02 -2.16435492e-02 -4.82456246e-03
 -3.28593925e-02  4.87318560e-02  2.34621745e-02 -4.04387228e-02
 -6.49324656e-02 -3.42670903e-02  5.16492240e-02 -5.58169968e-02
  3.83174531e-02 -1.07592389e-01 -6.38912991e-02  3.19745578e-02
  8.98762718e-02 -1.13260392e-02  2.04416011e-02  2.68651322e-02
 -4.27447669e-02  3.91116142e-02  4.30223942e-02  1.05353082e-02
 -4.48784269e-02 -7.81693831e-02  6.18488248e-03  1.66645609e-02
 -2.10783761e-02  1.78401675e-02  1.01276841e-02 -4.92484681e-02
  2.79251821e-02 -6.69160858e-03  1.94504764e-02 -2.91033126e-02
 -2.45609488e-02 -6.82779849e-02 -1.61916986e-02  1.51958354e-02
 -1.81013340e-04  1.06080594e-02  2.39818618e-02  6.45969212e-02
  2.63884850e-02 -3.24695371e-02  6.33979682e-03 -6.22060336e-03
 -2.82785054e-02 -6.99556246e-03 -3.48797888e-02  9.04142112e-03
  3.93291526e-02  2.34246347e-02 -2.94987317e-02  2.62312926e-02
  1.18341856e-02 -5.75826354e-02 -4.27325070e-02 -5.97280450e-04
  1.23672187e-02 -9.61754099e-02  9.14671924e-04  6.40295967e-02
  4.87345755e-02  5.48026934e-02 -1.41213853e-02 -6.06139190e-03
 -5.28257247e-03 -5.65596707e-02  6.42745197e-02  3.40115428e-02
 -4.57746536e-02 -2.51230784e-03 -2.54380871e-02 -7.37596722e-03
 -8.01305845e-02  1.49373300e-02  3.97933275e-02 -6.49429858e-02
  8.16379488e-02 -2.59515718e-02  8.52085650e-02 -2.81069409e-02
 -3.32412384e-02  2.77291127e-02  1.94256455e-02  1.43045206e-02
 -5.17382799e-03 -2.51865858e-05  4.13313182e-03  4.40877564e-02
 -3.49213444e-02 -1.21245263e-02 -3.15460823e-02  7.31587037e-02
  1.11113247e-02 -8.79905000e-02  2.29696669e-02  3.88807878e-02
  1.18517727e-02  1.34658962e-02  3.19162905e-02  2.89973710e-02
  2.96508614e-03  4.28455696e-03  6.86488638e-04  4.44902219e-02
  2.95439232e-02  2.23211534e-02  2.11943593e-02 -2.31012665e-02
 -7.39020556e-02  1.82632189e-02 -3.56522785e-03  1.04525974e-02
 -1.60550736e-02  5.68978079e-02 -2.89610252e-02  1.28299952e-03
  5.38756773e-02  6.94058277e-03  3.05534210e-02 -8.49134400e-02
 -3.81133556e-02 -4.21533249e-02  5.69864362e-02 -4.01251279e-02
 -5.37345521e-02  4.39184904e-03  4.15926985e-02  6.07862556e-03
  7.43835121e-02 -8.14111624e-03 -2.65291296e-02  5.34742847e-02
 -3.33066750e-03  5.42639717e-02  7.99943984e-04 -3.54435891e-02
 -5.16814590e-02  2.77124625e-02 -6.78066921e-04  2.44347416e-02
  1.41504789e-02 -5.71296439e-02 -2.01325398e-03  8.09459109e-03
 -2.67130975e-02  5.59383119e-03 -4.51569520e-02  6.33058418e-03
  1.63171440e-02 -4.82878909e-02 -1.28306495e-02 -5.23766037e-03
 -5.39943613e-02 -5.56514300e-02  9.17220674e-03 -3.49503644e-02
  3.69521007e-02 -1.03081092e-02  4.19566482e-02  1.85762793e-02
 -4.90747020e-02 -8.73317942e-03  1.14307553e-02  2.18473356e-02
 -8.00347775e-02  9.49929655e-03 -1.07970964e-02  4.42091078e-02
  2.41974480e-02  1.78043935e-02  1.03905350e-02 -1.44119589e-02
 -4.84486148e-02  3.51850353e-02 -1.48020368e-02  7.10556433e-02
  7.49495998e-02  2.96027660e-02 -8.46826509e-02 -1.01475418e-03
  1.40111661e-02  4.89103459e-02  6.47925958e-03 -4.01110873e-02
  9.14459210e-03  9.85439774e-03 -1.29823033e-02 -2.53421906e-02
 -1.47534655e-02  3.09431963e-02  1.08794076e-02  1.77576370e-03
 -9.99627914e-03  6.58593923e-02 -2.36062743e-02 -2.12326795e-02
  1.67960264e-02  5.74803315e-02 -3.19059603e-02 -3.64969335e-02
  1.14522018e-02  6.46005794e-02  6.64765062e-03  2.25729253e-02
  4.76982929e-02 -7.43607758e-03  2.79719550e-02  3.34530100e-02
 -1.90662686e-02  4.42995764e-02  3.97709720e-02  7.83019066e-02
 -5.41595230e-03  1.40977632e-02  8.14187434e-03  1.82546536e-03
 -2.12485977e-02  1.44125968e-02 -9.90104862e-03  7.48982793e-03
  1.52331972e-02 -2.16288697e-02 -1.62945297e-02  6.19566813e-02
  9.96743236e-03  9.39459167e-03 -5.37611283e-02  2.75609996e-02
 -3.50742005e-02  1.54679334e-02 -3.96796986e-02  3.49120460e-02
 -1.93775855e-02  2.74836849e-02 -2.52076127e-02 -2.13369727e-02
 -2.12171040e-02 -5.83885722e-02 -4.04021442e-02 -1.84961185e-02
  6.13350682e-02  1.93085559e-02  4.45715664e-03  3.46528403e-02
 -3.41694653e-02 -5.03748469e-03  4.68014507e-03  2.17637196e-02
 -6.54339120e-02  2.94499937e-02 -6.28557988e-03  4.24668416e-02
  9.95542295e-03  1.85794421e-02  6.20766636e-03 -1.69071574e-02
 -6.58277050e-02  9.26214829e-03  2.77723931e-02  1.68257281e-02
  4.80955131e-02  2.82678362e-02  1.20210601e-02 -2.41439492e-02
  1.59470011e-02 -7.59558231e-02  2.92876847e-02  1.68226212e-02
 -3.49534154e-02  1.03311446e-02  3.11834905e-02 -5.84477428e-33
  9.64697916e-03  2.72193849e-02 -2.79019098e-03  3.31191234e-02
 -3.58339846e-02 -2.13309634e-03  2.87208483e-02  2.42078118e-02
  6.90320926e-03 -1.56747308e-02 -1.92027800e-02 -1.01106928e-03
 -1.49689452e-03  3.51954391e-03  9.21631791e-03 -3.19936499e-02
  1.21327341e-02 -1.13277752e-02 -7.04724202e-03 -3.53893600e-02
 -1.70564055e-02  4.61067557e-02  3.42560112e-02 -1.71242154e-03
 -4.41391533e-03  2.71636602e-02  2.53006956e-03 -3.00745964e-02
 -2.65347175e-02 -4.13270555e-02  1.70453228e-02  3.83158810e-02
 -5.15322275e-02 -6.66014776e-02 -4.51571686e-04  7.07538798e-02
 -3.96715701e-02  2.79937945e-02  1.63772311e-02 -5.11247665e-02
  2.22538654e-02 -6.32812530e-02  1.36926351e-02 -1.90283358e-02
 -2.88937557e-02 -3.04694809e-02 -2.26371735e-02 -2.03456618e-02
  2.73990743e-02 -1.13701653e-02 -2.62854304e-02 -1.68008842e-02
 -2.51294933e-02  5.99349588e-02 -6.83108941e-02  5.75421490e-02
 -2.23415345e-02  7.41053792e-03 -3.92168248e-03 -1.91080421e-02
  2.81835645e-02  4.01233844e-02 -2.16968507e-02 -4.40335693e-03
 -3.72013897e-02 -5.50456857e-03 -2.62068883e-02  2.54694838e-02
  1.56001477e-02 -7.88282305e-02  2.26000361e-02 -1.28913457e-02
  5.55534251e-02  7.58881196e-02 -3.26996483e-02 -6.69531301e-02
 -8.30646679e-02  2.60673985e-02  3.11512826e-03  2.61174198e-02
 -2.69169034e-03  4.79674973e-02  2.97897626e-02  9.35068820e-03
 -5.07894671e-03 -9.15513933e-03 -1.41363097e-02  2.50478592e-02
 -1.81982871e-02 -3.17649171e-02 -1.71547309e-02  4.66455892e-02
 -5.98963676e-03  6.13499060e-03  6.37749806e-02  3.35952677e-02
  2.04651374e-02 -2.83492003e-02  7.08166556e-03 -9.98390000e-03
 -5.38071664e-03 -1.65892318e-02 -4.92111072e-02  5.15999421e-02
 -2.26894896e-02 -6.79735020e-02  3.93637642e-03  1.58577897e-02
 -2.03807112e-02 -1.09417643e-03  1.44733451e-02  1.24757160e-02
  2.50909273e-02 -6.08695559e-02 -1.65959541e-02 -8.01550038e-03
  9.24117584e-03 -5.11799455e-02  2.10078433e-02 -4.72812094e-02
 -1.57124307e-02  6.25198707e-02  1.78478658e-03  3.93250771e-02
 -1.38573498e-02  5.58018871e-03  6.87186792e-02  3.93789075e-02
 -6.54569715e-02 -7.81218857e-02 -2.85876263e-02  1.98701508e-02
  2.37177147e-07 -3.68658714e-02  8.17328617e-02  4.86141928e-02
 -6.31517544e-02  6.59069866e-02  3.75251360e-02 -2.79685408e-02
  2.89863013e-02  5.03756143e-02  1.69619545e-02  7.06003886e-03
 -1.21279117e-02 -1.66832190e-02 -4.48851958e-02 -1.95878651e-02
 -7.10787922e-02  7.34042190e-03 -1.42781753e-02  2.82584373e-02
 -1.76337138e-02  4.52679917e-02 -2.66365446e-02 -1.02285165e-02
  2.74222884e-02 -2.72664465e-02 -2.79337335e-02  3.41183553e-03
 -3.38419452e-02  4.85898666e-02 -4.39741425e-02  2.41186395e-02
  5.43812811e-02  2.16006450e-02 -8.84523056e-03 -3.61540280e-02
  1.54740736e-03 -5.12420759e-02 -5.79224387e-03  7.72445416e-03
  3.53689655e-03 -1.87944481e-03  4.93098311e-02  1.75920483e-02
 -1.43637694e-02  1.08360425e-02 -7.52712116e-02  2.91099399e-02
  2.76644602e-02 -5.90954088e-02  9.90286749e-03 -5.35109593e-03
 -9.41411592e-04 -4.42817993e-03  3.89858484e-02 -5.53011848e-03
  1.49206482e-02 -5.56849595e-03  2.94849533e-03  3.37782949e-02
  1.11672677e-01 -4.11027437e-03 -1.69424079e-02 -1.17718121e-02
  3.33378799e-02  1.73980035e-02 -2.63719931e-02 -4.63360697e-02
  1.78835061e-34 -1.36910705e-02 -6.33572489e-02  2.79352209e-03
  2.37573087e-02  3.09821665e-02 -1.46523565e-02 -3.70545499e-03
  4.65480564e-03  2.83775162e-02  1.80313941e-02 -1.67153459e-02]"
Market_analysis,"Assessment of food market supply, pricing, and affordability.","[-2.80668191e-03  3.35140117e-02 -2.36026328e-02 -3.81352156e-02
  4.28987853e-02  8.74165818e-03  2.24147160e-02  1.44827608e-02
  1.77350976e-02  1.28824702e-02  2.46793218e-02 -6.05243258e-03
  2.79161539e-02  4.34868857e-02 -1.52199883e-02 -1.94211882e-02
  1.27839316e-02  5.07154129e-02 -8.19334760e-03  3.72270122e-02
 -9.87307634e-03  2.45914590e-02 -2.20638746e-03  1.10980347e-02
 -3.19422297e-02  3.52645591e-02 -1.62006393e-02 -3.84615473e-02
 -2.46062912e-02 -5.04949801e-02 -5.26541728e-04 -3.13273855e-02
 -5.54127283e-02 -5.05231395e-02  1.33414994e-06 -3.21943946e-02
 -5.72874248e-02  2.40327492e-02 -8.75848383e-02  4.11218368e-02
  1.16737410e-02 -1.29501075e-02 -1.48266205e-03 -6.99530263e-03
 -1.29014384e-02 -2.56052595e-02  6.77183941e-02  2.88490875e-04
 -4.16419059e-02 -3.91752943e-02  5.62382722e-03 -7.23929927e-02
 -5.74750714e-02  1.32413190e-02 -5.42912111e-02 -3.94630730e-02
 -2.02304702e-02 -9.30988044e-03  1.75075680e-02 -2.22775918e-02
 -3.24322619e-02 -1.31522166e-02  4.35592346e-02  2.04208996e-02
 -1.25266463e-02  7.78196007e-02 -1.44181848e-02 -1.40211983e-02
 -5.12852296e-02  2.12045647e-02  3.34576108e-02  7.51121342e-03
  4.01384309e-02 -4.82771313e-03 -6.31901249e-03 -3.90827097e-03
 -9.61653702e-03 -2.16437224e-02  3.73933725e-02  3.97801474e-02
  1.07575869e-02  9.54378583e-03  3.53317126e-03  3.05057112e-02
  2.62414292e-02  8.97801891e-02 -3.86735499e-02 -1.91662852e-02
 -2.93856915e-02 -1.60676297e-02 -5.76947555e-02  5.25834365e-03
  1.03338277e-02  2.04631798e-02 -1.50385117e-02 -3.50972228e-02
  2.94295009e-02 -4.58390117e-02  2.44304221e-02 -4.74967137e-02
 -3.83485816e-02  1.51151624e-02 -1.17310192e-02  1.23995366e-02
  1.21379197e-02  2.79426016e-02 -4.08714302e-02 -3.42900679e-02
 -4.00959663e-02  9.24657136e-02  1.11141624e-02  2.41208058e-02
 -4.18061949e-02 -3.71648781e-02 -4.70230589e-03  2.54636705e-02
 -1.45255458e-02 -1.37968529e-02 -2.57355683e-02 -7.22662807e-02
  1.93271730e-02  4.85979505e-02 -2.11783918e-03  6.29990026e-02
 -3.85994911e-02  3.78508568e-02 -5.47934808e-02  1.04340408e-02
  2.54693441e-02 -1.29559329e-02  1.20524699e-02  1.82665624e-02
  1.19846119e-02  1.64664630e-02  4.95551340e-02  3.09324563e-02
  7.61666975e-04  2.69451458e-02 -3.54226939e-02 -1.85557920e-02
 -4.27186266e-02 -1.97411459e-02 -6.30540848e-02 -8.69684480e-03
  2.63368730e-02  7.07621360e-03  2.95911543e-02  2.96176784e-02
  3.26699540e-02  2.00133100e-02 -3.53043973e-02 -6.33723065e-02
  1.15328394e-01 -5.95638808e-03  4.94966730e-02 -3.83079425e-03
 -2.13205372e-03 -3.20261307e-02  2.83904430e-02  3.09003051e-02
 -1.79545972e-02  2.53671110e-02  4.89845360e-03 -1.43525973e-02
 -1.51256993e-02  3.51922624e-02  2.53168289e-02 -9.19824187e-03
 -2.94655897e-02  9.82979499e-03 -6.69609383e-03 -1.61146477e-03
 -2.33021472e-02  1.00261690e-02  6.33322299e-02  2.36812029e-02
  2.21349113e-02 -4.30613980e-02  4.29493980e-03  3.98040041e-02
 -2.44323350e-03 -8.40722248e-02  5.53453192e-02  1.31719252e-02
 -3.64855826e-02  3.49942409e-02  1.46273160e-02 -4.14715596e-02
  7.16358481e-04 -7.42649585e-02  2.71954201e-03  1.91864353e-02
  5.47119975e-02  3.41960043e-02  4.45115427e-03 -5.97792901e-02
 -1.31084044e-02  1.17207970e-02 -1.91259049e-02 -2.40204800e-02
  5.75199351e-03 -4.39347234e-03  6.94418401e-02 -1.06005054e-02
 -4.22387291e-03 -1.69779416e-02  4.65738103e-02  3.94340418e-02
 -2.25210600e-02 -1.07374983e-02  2.31233835e-02  2.15865523e-02
  8.98176525e-03  1.44700278e-02 -2.74064019e-02 -6.06477214e-03
  4.75467332e-02 -1.55755114e-02 -9.14796954e-04  9.00285970e-03
 -1.50236003e-02  5.88393491e-03  5.85983172e-02  1.79453637e-03
  4.99936901e-02  5.24283759e-03 -4.22382466e-02  3.78784910e-02
  5.85518265e-03  2.10721213e-02  5.68767898e-02  2.48274785e-02
 -2.04059798e-02  2.66153812e-02  2.89187636e-02 -1.28139723e-02
  9.22671780e-02  4.92143258e-02 -1.96356163e-03 -1.17503013e-02
 -6.35427535e-02 -5.12453541e-02  1.95347425e-02 -3.05644851e-02
  1.93035547e-02  8.30717850e-03 -4.46449406e-02 -2.97977570e-02
 -2.26299707e-02  6.89151213e-02  1.86566189e-02  3.29765468e-03
  1.54503668e-02 -1.14010954e-02 -1.00008333e-02 -6.84816465e-02
 -3.26443906e-03  2.30085384e-02 -3.79051897e-03  7.01809749e-02
 -7.75358975e-02  9.01780091e-03  8.97363294e-03 -5.22480384e-02
  4.56495620e-02 -4.03891057e-02  4.21062596e-02  1.74158160e-02
  4.65632081e-02 -4.03141826e-02  1.30873946e-02 -1.63534041e-02
 -8.40760861e-03  3.32813226e-02  3.39611918e-02  2.88477773e-03
  4.89805974e-02 -1.83015801e-02  7.27152219e-03 -3.15883420e-02
  5.03408676e-03  7.41869304e-03  1.61717813e-02 -7.14832311e-03
 -8.85855127e-03  1.29898246e-02  1.80741865e-02  1.87225977e-03
  3.79454605e-02 -4.88636531e-02  5.14674000e-02 -1.94148198e-02
  4.20999266e-02 -8.14479962e-03 -6.78945854e-02  1.47769619e-02
 -3.38182859e-02 -5.25786057e-02 -6.26910254e-02 -7.15697464e-03
  5.56272976e-02 -2.29587685e-03 -2.64650788e-02 -3.22898589e-02
 -2.50661690e-02  6.45921156e-02 -2.09025084e-03 -4.89141718e-02
  3.26227257e-03  5.60231023e-02  1.05952593e-02  1.08963400e-02
  2.09203400e-02  2.71509606e-02  1.14182839e-02 -6.35516718e-02
 -4.61194478e-02  7.74144158e-02  1.84212264e-03  7.11661577e-02
  2.09269132e-02 -4.61857505e-02 -1.35029554e-02 -1.10609625e-02
 -1.91579317e-03  3.82837616e-02  1.38997827e-02 -7.94149283e-03
 -6.02570996e-02  1.70337614e-02 -4.16518711e-02 -3.82672176e-02
  4.40607499e-03 -1.37960929e-02  3.90846953e-02 -1.65827982e-02
 -2.61259917e-02  6.39707074e-02 -2.44750977e-02 -1.99141521e-02
  2.89049989e-04  5.02918847e-03  2.31996248e-03 -9.41917021e-03
  1.66205838e-02  6.75184699e-03  3.75868864e-02  3.68800312e-02
 -7.29457438e-02  6.40761703e-02 -8.78445804e-03 -7.59940082e-03
  1.68456528e-02 -7.39528425e-03 -2.56009530e-02  1.60803962e-02
 -5.06167263e-02  2.49707215e-02 -8.01982209e-02 -1.94684081e-02
  1.57802738e-02  1.25907278e-02  1.14236819e-02  4.06446829e-02
  3.96894626e-02  9.49480832e-02  7.63300923e-04  4.90561984e-02
  5.51461056e-02  3.45927738e-02 -5.24470322e-02  8.47547278e-02
 -4.80362698e-02  1.25668077e-02  2.70390585e-02  1.77577119e-02
 -1.67755857e-02  2.86761057e-02 -6.44285679e-02  1.14937117e-02
  5.66684045e-02  1.62008144e-02  7.93193504e-02  2.94368006e-02
  2.51971055e-02 -8.21963847e-02 -1.12290317e-02 -7.45948553e-02
  4.10006475e-03  3.62012535e-02 -2.81820614e-02 -9.13408212e-03
 -2.18416341e-02  7.55438488e-03 -1.78405899e-03 -1.56521257e-02
  4.95066494e-02 -2.26720870e-02  4.04370651e-02  1.05404034e-02
 -1.79327577e-02 -1.19748060e-02  6.84737116e-02  2.57093031e-02
 -1.43666705e-02 -2.14643031e-02  1.79652348e-02  2.40930053e-03
 -1.52373882e-02  3.64994593e-02 -3.12851183e-02  1.12000741e-02
 -2.14675311e-02 -1.21694971e-02  2.26921607e-02 -1.37145035e-02
 -3.06000616e-02 -1.68816820e-02  2.39827093e-02  7.50718731e-03
 -1.10871987e-02  7.51420902e-03 -8.52406770e-03  3.87833342e-02
 -1.15613956e-02  4.70290333e-02  2.58685481e-02  1.81650482e-02
  4.16535279e-03  5.70228025e-02  6.16331697e-02 -1.65580176e-02
 -2.05433276e-03 -1.21305168e-01 -6.15857467e-02  2.43548080e-02
  7.06398413e-02 -5.57287112e-02  2.98112091e-02  3.36536653e-02
  7.13203922e-02  1.06636726e-04  3.23458612e-02 -3.29231359e-02
  1.26924319e-02  2.17019357e-02  3.67524624e-02  4.63193003e-03
 -4.71601728e-03 -1.55876670e-02 -1.73782813e-03  2.38220096e-02
 -4.53092018e-03  4.45601642e-02 -1.38490610e-02 -2.90830955e-02
  4.88269627e-02 -4.08357084e-02 -4.36089821e-02 -6.09101634e-03
  3.17924097e-02  1.56682543e-02 -8.72580241e-03 -1.73024423e-02
  5.58187068e-02 -2.05361247e-02  2.37084366e-02  3.25989872e-02
 -1.48353828e-02 -1.46230450e-02 -1.28548665e-04  1.00547448e-02
 -2.01406814e-02  2.37772297e-02  5.03447317e-02 -2.96517592e-02
  1.83988959e-02  6.12666830e-03 -1.99337606e-03 -7.54435686e-03
 -3.00393775e-02  1.91839586e-03  1.62356924e-02 -2.07919022e-03
  7.54290307e-03 -7.25216325e-03 -3.06980144e-02 -3.18573671e-03
 -2.17604935e-02 -5.24916723e-02  2.28242911e-02  2.10277587e-02
  1.16295489e-02 -3.35345580e-03 -1.69629697e-02  3.94742414e-02
  4.37689610e-02  1.20327459e-03 -3.44236940e-02 -4.55532409e-02
  3.20649333e-03 -6.14725752e-03  1.44495964e-02 -4.38414998e-02
 -3.29163559e-02  1.12154866e-02  8.56267735e-02  5.53010777e-02
 -9.09540243e-03 -5.74443024e-03  1.65011305e-02 -6.60923636e-03
  4.89619263e-02 -8.61078873e-03  3.58102843e-02  3.79950963e-02
 -9.56887603e-02 -8.40259120e-02  6.71062395e-02  5.42474724e-03
 -4.00257576e-03  4.78767557e-03  8.36553127e-02 -9.99737531e-03
  1.47380885e-02  1.39551014e-02 -2.00905111e-02  1.38567667e-02
  3.08542568e-02  5.33061102e-02  1.70499161e-02 -5.47966398e-02
  7.97085091e-03  7.65840709e-03  3.20860408e-02  1.58060044e-02
 -2.29198840e-02 -6.65164962e-02 -3.41246463e-02 -1.76883470e-02
 -2.73443968e-03 -1.29427752e-02  6.70687389e-03  2.19564755e-02
  1.66787487e-02  2.27852911e-02 -6.03857562e-02 -1.98560618e-02
 -1.25095733e-02 -1.81414261e-02 -9.06062592e-03  6.16209693e-02
 -9.78473350e-02 -4.05476019e-02  3.53833735e-02 -4.88287276e-33
 -8.07371514e-04 -1.10328995e-01  2.40917541e-02  2.02207528e-02
  1.31724570e-02  9.43405181e-03 -6.30694255e-03 -6.30751764e-03
 -2.05275845e-02 -6.07262924e-02 -2.12020078e-03 -5.07090874e-02
  2.57832464e-02  1.50797116e-02  1.71988122e-02 -7.06124008e-02
 -6.02851957e-02 -3.93374683e-03 -1.02865230e-02 -1.03426725e-01
 -1.15216665e-01 -2.28064228e-03  4.36391123e-02  1.31449968e-01
  7.86040425e-02 -2.74967756e-02  1.50690386e-02 -5.37112094e-02
  2.36242823e-02  1.91394594e-02 -1.28988316e-02  2.50406861e-02
  3.51125374e-02 -6.13950938e-02  5.57646807e-03 -8.74310848e-04
  1.16018401e-02 -9.35116038e-03 -1.28747020e-02 -5.91164827e-02
 -5.98491803e-02 -3.42800990e-02  4.14779829e-03  4.37595025e-02
  2.18371376e-02  1.95464399e-02 -7.72629958e-03 -2.14957190e-03
  2.15876121e-02  4.17247005e-02  4.23888825e-02  4.22199722e-03
 -9.06588696e-03  4.79970500e-02  3.22032347e-02  1.22728541e-01
  3.30656208e-02 -9.42813233e-03  2.17455737e-02 -6.04134239e-02
 -2.07640883e-02 -2.47304011e-02 -4.97229435e-02  9.35710594e-03
 -4.50383173e-03 -2.85900515e-02 -7.59147182e-02 -5.33601232e-02
  2.35992651e-02 -4.80663180e-02 -5.16613899e-03 -3.37625220e-02
 -3.92890684e-02  4.07876978e-05 -5.86634455e-03  2.19994131e-03
  2.98485719e-02  1.38438921e-02 -1.56485178e-02 -4.59810123e-02
 -2.97081266e-02 -6.39604079e-03  3.69462892e-02  6.10038813e-04
 -8.23700801e-02 -2.14976147e-02 -1.23722143e-02  3.43081728e-02
  5.19477278e-02  9.72154550e-04 -2.71999966e-02  3.16083841e-02
  2.06641592e-02  4.33657430e-02 -7.53558194e-03 -1.03685632e-01
  6.68938756e-02  2.64973398e-02 -6.89266901e-03 -9.65454266e-04
 -2.66171563e-02  4.67091128e-02 -7.67824647e-04  6.72724620e-02
 -1.34712337e-02 -4.80461866e-02 -4.30874340e-02 -4.76052277e-02
  2.94354539e-02  2.34072004e-02  6.80661947e-02 -2.50147674e-02
  7.35054770e-03  3.46564464e-02 -1.91091225e-02 -4.64349054e-02
  5.44895604e-03 -1.36427942e-03 -2.02384610e-02 -2.02447234e-04
  1.33407842e-02 -4.32629436e-02 -6.73005264e-03 -6.45373166e-02
 -1.18768374e-02  3.35789248e-02  9.44084080e-04 -3.08441767e-03
 -2.90142111e-02  2.00126637e-02  5.86594157e-02 -1.98092908e-02
  1.93328631e-07  5.10150418e-02 -3.03595327e-02 -2.00682543e-02
 -3.09346113e-02 -4.24436182e-02 -2.77661942e-02  1.79271698e-02
 -1.17315361e-02 -3.32210772e-02 -2.22869366e-02  6.21160790e-02
 -2.82345563e-02 -2.79983152e-02  4.77035195e-02  5.22312708e-02
 -2.91796066e-02 -2.21944526e-02 -1.89818116e-03 -3.35070305e-02
 -1.92846321e-02  5.25291488e-02  1.21426499e-02 -7.59669207e-03
  2.85353628e-03 -1.02753183e-02 -2.09597754e-03  4.14748304e-03
 -8.57994109e-02  1.62821244e-02 -5.12015149e-02  1.92297380e-02
  5.60528897e-02  2.94609834e-02 -7.34724328e-02 -2.05488820e-02
 -3.57162058e-02 -1.40225831e-02  3.67531856e-03  2.70279553e-02
  4.42559452e-04 -8.04511551e-03 -8.82460643e-03 -2.06476003e-02
 -4.67221960e-02  2.00614966e-02 -3.40858176e-02  2.20206156e-02
  1.10662263e-02  1.79835665e-03  1.28922490e-02 -1.58231836e-02
 -1.43512385e-02  6.85994104e-02  3.07409186e-02 -2.09911764e-02
 -1.00145554e-02  6.98708519e-02  6.16695993e-02  1.74849259e-03
 -1.75352804e-02 -1.48722194e-02 -4.33190167e-02 -1.45825939e-02
  2.28920951e-02 -4.12484147e-02 -3.84261012e-02 -2.28137802e-02
  8.17982151e-35  2.87777521e-02  2.05170436e-04  5.48051484e-02
 -4.88347076e-02 -3.48272175e-02  3.04474663e-02 -7.69401789e-02
 -4.67473716e-02 -8.26061517e-03 -4.46958542e-02 -7.42582791e-03]"
Zero_Hunger,Alignment to SDG 2 ensuring safe and sufficient food access.,"[ 3.67059911e-05  5.90248480e-02  1.80531468e-03 -3.83545384e-02
  3.76471952e-02  3.71040474e-03  6.89943321e-03 -2.48839520e-02
  3.29387560e-02  4.41903161e-04  8.66710246e-02  1.84758939e-02
  3.32720601e-03  9.81946588e-02  3.04078385e-02 -9.28371772e-03
  8.12524259e-02  3.16253724e-03 -8.19179937e-02  3.98981497e-02
 -1.64975896e-02  3.36233415e-02  2.83662812e-04 -1.26475031e-02
 -3.56802866e-02  1.12486621e-02  1.06857456e-02  6.61515966e-02
  7.87434913e-03 -9.00820047e-02  2.65967809e-02 -6.43154886e-03
 -6.53677806e-03 -1.66047029e-02  1.94101676e-06  1.22806281e-02
 -3.68061252e-02  4.69504111e-02 -1.02371007e-01  3.03414669e-02
  4.28263750e-03 -6.84633106e-02 -1.04966089e-02  2.41429824e-03
  1.97583362e-02 -3.91014330e-02  4.50830348e-02 -2.15196633e-03
 -1.80358309e-02 -1.43489400e-02  7.64683262e-03 -4.50781137e-02
 -5.30168880e-04 -3.83333787e-02 -3.90411019e-02  3.29456739e-02
 -1.14623476e-02  1.56333577e-02  3.22806984e-02  3.46152335e-02
  1.55405272e-02  6.19075224e-02 -2.99823005e-02  1.94475833e-05
  4.17891294e-02  5.78651987e-02 -4.02264949e-03 -5.03873937e-02
  3.15221795e-03  1.62014272e-02  1.14601694e-01 -1.07899739e-03
  3.32225338e-02  1.37778502e-02  1.72811970e-02 -2.21040826e-02
  3.22552472e-02 -1.00592703e-01 -1.54581051e-02  1.01387296e-02
  3.92654873e-02 -4.81344806e-03  1.56766549e-02 -6.20273463e-02
 -2.42781336e-03  7.20696598e-02 -1.70496025e-03 -3.52842323e-02
 -5.69501407e-02  2.08979528e-02 -5.11550903e-02  3.54282768e-03
 -3.17382440e-02  1.49053475e-02 -1.65822543e-02 -2.89020743e-02
  4.64917868e-02 -3.09868325e-02  3.07155289e-02 -4.85522151e-02
 -2.51989719e-02  3.19272019e-02  1.29497731e-02 -3.29335742e-02
  2.79749706e-02 -4.45796177e-02 -8.46374333e-02  4.44983691e-02
 -3.10481824e-02  6.01158291e-02  2.02778354e-02 -4.19063587e-03
  5.30770374e-03 -3.03397030e-02 -4.89967912e-02  2.27691717e-02
  7.43522262e-03  1.76710216e-03 -1.43676009e-02 -3.28886881e-02
  5.44006303e-02  4.29960117e-02 -1.10657876e-02  1.46872737e-02
  2.14539282e-03  5.53105772e-02 -1.00442059e-02  2.94480138e-02
  4.60424274e-02 -1.70206279e-02 -3.57000716e-02 -2.81300303e-02
  2.41655558e-02  1.17023690e-02 -2.63218256e-03  5.03974557e-02
 -2.25630421e-02  1.67577509e-02  2.61139832e-02 -2.01188996e-02
 -4.77912985e-02 -9.97791998e-03 -9.86503959e-02 -1.48277394e-02
  4.30298857e-02  1.13881361e-02  1.15373963e-02  1.93465259e-02
  1.11064389e-02  4.10542376e-02 -4.36047241e-02 -4.00890447e-02
  3.55527829e-03 -1.76970325e-02  1.94184929e-02  4.84204218e-02
  1.09672081e-02 -4.64577600e-02 -1.57340560e-02 -7.83743989e-03
 -1.21716121e-02  9.61648859e-03 -7.13053867e-02 -1.38969263e-02
 -1.94838215e-02  6.16451204e-02  7.47665018e-02  1.24328425e-02
  6.63893446e-02 -1.97834801e-02 -1.32488869e-02 -5.65384049e-03
  1.19038774e-02 -1.11116050e-03  5.67233786e-02  1.76764484e-02
  1.70598812e-02 -4.07341346e-02 -3.68095189e-02  5.66910505e-02
 -5.51005267e-02 -3.83751877e-02 -2.35900581e-02 -1.81986974e-03
 -2.01711711e-02  1.06653925e-02 -2.07727160e-02  4.37088199e-02
  8.19973089e-03  7.06242677e-03  8.18314310e-03  3.18860859e-02
  5.93382008e-02  1.34149687e-02  6.94861962e-03 -1.36501202e-02
  3.44330212e-03  4.59316634e-02 -8.26543849e-03  2.18766509e-03
  2.68539544e-02  1.81089044e-02  2.80381534e-02 -4.54990231e-02
  2.55327635e-02 -1.28680840e-03 -1.02974080e-01 -1.44951101e-02
  2.84063946e-02 -2.97974888e-02  5.27078845e-03 -3.57099832e-03
 -1.16526717e-02  4.41769324e-02 -6.53706072e-03  1.84975006e-02
  2.92336103e-02 -4.42971103e-03  5.48060564e-03  3.30820531e-02
 -4.53859419e-02  5.42116091e-02 -1.16573153e-02  8.49568937e-03
  3.46124731e-02  5.99850379e-02 -4.17059660e-02  9.55155469e-04
 -7.28901150e-03  2.97489874e-02  4.13451456e-02  2.44033113e-02
 -1.27523886e-02  4.78264596e-03  5.43892272e-02  2.57871896e-02
  1.29783917e-02  9.20399278e-02 -4.35447181e-03 -1.44595327e-02
 -3.26932743e-02 -2.75860559e-02 -4.20349697e-03  2.60524750e-02
 -2.89815385e-02  2.63710320e-02 -5.61608970e-02 -1.05482833e-02
  3.05723269e-02  6.07627705e-02  4.56834491e-03 -3.34025128e-03
 -2.69519277e-02 -2.55875150e-03 -6.95373267e-02 -5.95923439e-02
 -8.56409408e-03  5.37845157e-02  6.46636588e-04  1.43977150e-01
 -3.70144174e-02 -6.13756664e-03 -1.70925260e-03 -1.42039843e-02
  4.43345085e-02 -7.89342523e-02  1.87205113e-02  2.05350686e-02
  3.03589404e-02 -1.42938178e-02  5.64794019e-02  3.66692208e-02
 -2.48468970e-03  1.79630835e-02  3.34316678e-02 -3.70005481e-02
  4.97191064e-02  1.93716250e-02 -2.57568751e-02 -7.70515390e-03
  3.05980295e-02  5.87718189e-03 -9.45573207e-03  4.12040502e-02
 -2.36480962e-02 -2.61675064e-02  1.21701164e-02 -5.30633703e-02
  4.64703282e-03 -5.15484996e-02  1.57479511e-03  3.18988506e-03
 -1.85014009e-02 -2.73344386e-02 -3.44027504e-02  4.80019972e-02
 -3.95852067e-02 -3.28727365e-02 -2.28850041e-02 -1.35592569e-03
  2.64454260e-03  5.83347259e-03  1.83165297e-02 -5.47710015e-03
 -3.50834951e-02  3.46145257e-02 -2.06762087e-02 -2.28293315e-02
 -4.10538260e-03  3.63720842e-02  2.07821070e-03  3.07489317e-02
  1.85626559e-02 -2.45091189e-02  2.90147271e-02 -1.46156233e-02
 -1.59647353e-02 -1.48207890e-02  1.87493541e-04  3.29172798e-02
 -3.33465226e-02 -1.49796139e-02 -1.81011949e-02 -4.57560159e-02
 -1.58821773e-02 -2.38498338e-02 -1.23007048e-03 -1.67752802e-02
 -6.75973445e-02 -4.65648361e-02  2.36229394e-02  2.14897771e-03
  2.31109131e-02 -3.51740196e-02 -1.05641177e-03 -4.55096252e-02
 -1.72375217e-02  7.10911956e-03 -4.61256020e-02 -1.11784618e-02
 -1.32909054e-02 -7.58533627e-02 -3.35260900e-03  6.20962866e-02
  1.51149067e-03 -1.66821945e-02  1.23873726e-02  5.30242641e-03
 -5.67141399e-02  2.97873560e-02  7.56611163e-03 -9.98582807e-04
 -5.22365468e-03 -3.62307429e-02 -1.65293664e-02 -4.75574620e-02
  4.94276872e-03 -1.53051540e-02 -4.14860323e-02  7.90175702e-03
  1.31298639e-02  4.87850904e-02 -2.53577437e-02  1.83994658e-02
  3.92141901e-02  3.72100398e-02  1.61088854e-02  5.92897274e-02
 -1.40308682e-02  1.02010835e-02  7.84595460e-02  7.03118816e-02
 -2.42952798e-02  1.40765673e-02 -5.16278669e-02  2.61519775e-02
  2.81520914e-02  1.49218517e-03 -4.40450497e-02  1.62666645e-02
  2.86338590e-02 -4.57507558e-02  7.80318631e-03  1.44704934e-02
 -2.67855432e-02 -3.30275595e-02 -1.64863821e-02 -5.52668981e-02
  9.35525373e-02  6.39502704e-02  4.12585847e-02 -7.98769891e-02
 -5.50356433e-02  4.70517948e-02  2.95624360e-02 -2.75161900e-02
  6.31482247e-03  1.82645470e-02 -2.79481784e-02  1.75631382e-02
  3.26342718e-03  1.86987892e-02  4.81176116e-02 -1.18490709e-02
 -1.84312128e-02  2.29802635e-02  5.24590425e-02  1.01390462e-02
  6.22279719e-02  3.27680521e-02  4.83407341e-02  7.38100940e-03
 -2.30174121e-02 -3.12837511e-02  3.30203325e-02 -3.63299251e-02
  4.95270547e-03 -6.79417476e-02 -9.96818487e-03 -2.32750177e-02
 -8.41442030e-03  3.02972062e-03  3.38062048e-02  1.22519238e-02
 -2.67523136e-02 -1.91952642e-02  3.84279042e-02  6.84332615e-03
  6.10158406e-03  4.76651862e-02  7.51741454e-02  1.70037076e-02
 -1.10909855e-02 -3.50875892e-02 -2.50130054e-02  7.42050409e-02
  7.09235892e-02 -8.83360878e-02 -7.28089083e-03  5.93999401e-02
  4.07785662e-02 -1.24438787e-02  5.27856722e-02 -2.57520005e-03
  3.21338251e-02  2.17518955e-02 -6.10258691e-02  1.78144537e-02
 -9.31948330e-03 -3.66053507e-02  2.83355620e-02 -2.47189519e-03
 -5.48822135e-02 -1.39206590e-03  4.28898819e-02 -2.22323239e-02
  3.53093222e-02 -4.01584096e-02 -3.89089771e-02 -2.69084331e-02
  1.30142951e-02  3.21427397e-02 -2.58963322e-03 -1.64114889e-02
  7.51424581e-02  5.53708151e-03  6.15077540e-02  3.40296812e-02
 -7.68831326e-03 -4.64806817e-02 -6.44398406e-02  9.84600838e-03
 -3.47370915e-02  3.00942864e-02  1.68820319e-03 -2.22427770e-04
 -1.05727660e-02 -1.19616091e-02  2.79145744e-02 -1.27695678e-02
  9.43311024e-03  2.89449692e-02  7.35945348e-03 -8.40232074e-02
 -2.81754974e-02 -8.28663446e-03 -2.35373266e-02  1.49137164e-02
 -1.20788226e-02 -4.73655909e-02 -1.06504364e-02  1.13297068e-02
  1.25446515e-02  3.77214774e-02 -7.00493231e-02  4.98963892e-02
 -7.74822710e-03  1.75796729e-02 -8.54240265e-03  1.76366605e-02
  2.14989353e-02 -1.63123140e-03 -2.40263306e-02  9.00137331e-03
 -4.40764353e-02  1.78498439e-02  1.17799183e-02 -2.91912584e-03
 -8.70232377e-03  1.98148396e-02 -2.20225528e-02  1.51097486e-02
  4.34069037e-02 -3.85276005e-02 -1.60946362e-02 -7.61744082e-02
 -2.46440303e-02 -7.79639650e-03  3.32468264e-02  1.20977443e-02
  6.18148642e-03 -6.99401796e-02  3.33202183e-02 -4.62905318e-02
  1.57980975e-02 -4.63238126e-03 -4.17021513e-02  1.79578010e-02
 -6.28116652e-02  3.00143789e-02 -1.62716582e-02  1.65627766e-02
 -3.34547013e-02 -9.06569511e-03  7.30672665e-03 -4.04515713e-02
 -1.67931188e-02  2.40609003e-03 -4.69810590e-02 -1.08968280e-02
 -2.03761607e-02 -2.15188563e-02 -4.16328646e-02  1.29538300e-02
  3.41320178e-03  5.86234853e-02 -5.28860129e-02 -8.88222009e-02
  2.83509307e-02 -7.32529238e-02  3.83208618e-02 -4.99073975e-02
 -6.45497143e-02 -3.90203148e-02  3.56019437e-02 -6.74425631e-33
  3.54854874e-02 -1.32670766e-02 -6.43319311e-03 -2.11325232e-02
 -3.59825045e-02  2.05289591e-02 -1.30303316e-02 -1.14855515e-02
 -3.70041542e-02 -1.19081298e-02  2.56307982e-03 -1.16640115e-02
  3.25827189e-02 -6.91891462e-03 -7.83446943e-04 -3.91370803e-02
 -5.08855172e-02  3.17919664e-02 -3.17067839e-03 -3.57669853e-02
 -3.66632976e-02  1.03724515e-02 -2.56035272e-02  4.34768647e-02
  1.72408223e-02 -2.88006775e-02  3.61311845e-02 -2.16889288e-02
 -5.44623286e-02  5.75986318e-03  5.75082377e-02 -2.55954284e-02
  1.06107425e-02  6.30478607e-04  3.19935993e-04  3.86381671e-02
 -4.21890579e-02 -1.17237763e-02 -1.83099844e-02 -6.23803809e-02
 -6.38048500e-02 -3.59371305e-02 -2.78470702e-02  2.65640300e-02
 -7.78619051e-02 -6.33121561e-03 -8.72563105e-03 -1.20534729e-02
 -4.04111808e-03  4.06289995e-02  8.56912229e-03 -1.25584733e-02
 -1.01828855e-02  4.31693718e-02 -9.08805337e-03  3.19411717e-02
  4.52501588e-02  7.49042025e-03  5.54930493e-02 -2.86140037e-03
 -2.29101982e-02  1.34025887e-02  4.34207767e-02  3.84415016e-02
 -3.17957741e-03  1.44394664e-02 -8.42945352e-02 -3.13446000e-02
 -3.47316451e-02 -3.87007482e-02 -2.48286482e-02 -3.57002616e-02
 -5.23650972e-03 -4.25142124e-02  8.43246281e-03 -6.05079830e-02
 -6.78158626e-02  7.68008083e-02 -8.05153549e-02 -8.04356299e-03
 -3.88215892e-02 -9.02679563e-03  1.67528559e-02 -2.07487941e-02
 -1.57156028e-02 -3.81927863e-02 -1.79017633e-02  1.91518292e-02
 -1.96704958e-02 -3.61983366e-02 -1.81041323e-02  7.44352266e-02
  1.71888731e-02  5.51014468e-02  6.48384765e-02  1.07826237e-02
  6.69076219e-02 -4.26837653e-02 -2.81052198e-02  6.67470973e-03
 -2.28117667e-02 -1.78538228e-03  3.67188044e-02  4.08956669e-02
  3.53806131e-02  2.50135697e-02 -2.62818132e-02 -6.98646083e-02
  2.16287449e-02 -2.84694531e-03 -1.42782973e-02  4.80762497e-02
  6.55140821e-03 -4.67669964e-02 -6.63354713e-03 -3.94696370e-02
  2.51421146e-02  1.50648300e-02  3.60032916e-02  1.19178509e-02
  1.78158074e-03  4.94379103e-02 -1.38791511e-02 -1.53714661e-02
  2.06887946e-02  3.92419212e-02 -4.63609630e-03 -4.87032756e-02
 -4.50842939e-02 -1.53417578e-02  2.62333844e-02 -1.56428237e-02
  2.55617209e-07  3.91199030e-02 -2.69531476e-04  6.30587637e-02
 -1.50399590e-02  6.43913448e-03 -1.51197836e-02  7.40625523e-03
  5.03902361e-02 -7.78550506e-02  5.34491800e-03  7.36889839e-02
 -2.25610975e-02  4.67618881e-03  1.00643905e-02  8.30830187e-02
  8.51013213e-02 -4.48672622e-02  5.67016825e-02 -2.82107517e-02
 -1.11389514e-02  1.95178036e-02 -2.17421241e-02 -4.41704690e-02
  4.60205087e-03  4.29535611e-03  1.71675123e-02 -9.71518923e-03
 -3.09660211e-02  7.25808963e-02 -3.96604213e-04  2.55686324e-02
  8.82757455e-03  2.41313633e-02 -6.15971014e-02 -1.99342351e-02
 -1.13967329e-01 -5.68055809e-02  3.23945992e-02 -4.25755978e-02
  2.89373808e-02 -4.10790332e-02  1.98758658e-04  1.63019821e-03
 -4.25847545e-02 -1.50439376e-02 -6.95329756e-02 -6.84666401e-03
  8.33482519e-02 -1.51872262e-02 -2.83972756e-03  7.54749868e-03
  6.17409572e-02  3.30180153e-02  2.00683288e-02  3.55232996e-03
  4.55856211e-02 -4.94151749e-03  5.36285378e-02  3.50975581e-02
  2.22700574e-02 -1.74852144e-02 -4.45203185e-02  1.25205489e-02
  5.31843714e-02 -5.85899279e-02  1.18877599e-03  4.82765306e-03
  1.88946092e-34 -1.04175750e-02  2.76408857e-03  2.16827504e-02
 -8.25901926e-02  3.83667685e-02  1.75579526e-02 -5.48120029e-03
  1.01453504e-02  8.69358410e-05 -5.09033054e-02 -9.69745312e-03]"
Humanitarian_Support_and_Services,Critical humanitarian enabling services and field support.,"[ 1.88485309e-02 -7.63436556e-02  9.07257106e-03 -3.53612974e-02
  6.47318596e-03 -1.06906677e-02  3.17087919e-02 -3.56398933e-02
  4.59391251e-03 -1.45675540e-02  1.05156578e-01 -9.37510096e-03
  7.47991307e-03  3.91187817e-02  3.08613274e-02 -2.54462920e-02
  1.08797904e-02 -2.36744396e-02 -3.55325565e-02  8.58752616e-03
 -1.71993505e-02  2.53535174e-02  1.51202327e-03 -1.35088367e-02
  4.36762534e-02  2.80342940e-02 -3.14356685e-02 -7.32621737e-03
  5.57663776e-02 -9.60401446e-03  1.19954553e-02 -3.89964469e-02
  2.13282276e-02 -8.67303088e-02  1.48892377e-06  9.95991193e-03
  2.69588461e-04 -1.77897885e-02 -1.06092103e-01 -6.18139841e-02
 -1.16133699e-02 -1.00616656e-01 -1.15260417e-02  1.12412041e-02
 -2.84477253e-03 -5.50622456e-02  3.77567708e-02  9.37522971e-04
  2.60647498e-02 -2.85461848e-03  2.26269495e-02  8.18314180e-02
 -4.09147292e-02  2.11616494e-02 -5.74940182e-02  2.18262319e-02
 -5.94737045e-02 -1.99913234e-02  4.49266769e-02  5.40439934e-02
  5.39485291e-02  6.41983449e-02 -4.46446752e-03  2.11814009e-02
  7.35693332e-03  1.76937040e-02 -5.19759618e-02 -3.69678019e-03
  1.78563464e-02  1.57683473e-02  3.25962789e-02  9.39453254e-04
 -1.98752619e-02  5.76788262e-02 -2.14066003e-02 -2.72478461e-02
  1.38708670e-02 -3.50328647e-02 -2.10291520e-02 -3.13150957e-02
  7.01047182e-02  4.65579629e-02  4.23443271e-03  2.71638855e-02
  1.05463164e-02 -3.29900794e-02 -3.19684260e-02  5.07499790e-03
 -1.67727172e-02  3.61768268e-02 -5.70652150e-02  2.05875244e-02
  1.18421772e-02  3.00690923e-02 -2.21036430e-02 -6.77590668e-02
  7.04812352e-03 -6.07802859e-03 -1.15931937e-02  1.80631166e-03
  1.54654228e-03  3.27991508e-02 -3.79417911e-02 -2.32914481e-02
  1.07628452e-02 -4.48113009e-02  1.18732518e-02  1.49687724e-02
 -3.91302481e-02  2.03324221e-02 -2.13903952e-02  5.73075712e-02
 -5.29094972e-03  1.21965269e-02 -3.15960310e-02  2.20589861e-02
 -6.11224724e-03  1.99309248e-03  5.40329702e-02  2.24706400e-02
  1.59353651e-02 -1.92171168e-02 -5.81164137e-02  3.39517146e-02
  7.49707371e-02  3.31227258e-02 -1.94323082e-02  6.06370047e-02
 -6.98072789e-03 -8.14079568e-02  5.33049274e-03 -3.44772004e-02
  2.96553150e-02  5.11363409e-02 -1.08404253e-02  6.76406641e-03
  1.33088033e-03 -1.59201920e-02 -5.06218709e-02  1.52325407e-02
  2.20321566e-02  1.23904897e-02 -1.84105374e-02  3.82874697e-03
 -2.41123177e-02  4.91598397e-02  1.32579422e-02  2.48880517e-02
  2.71075908e-02 -1.91289894e-02 -1.25732291e-02  1.03947343e-02
 -1.35046598e-02  4.96477762e-04  3.34451273e-02  3.97067033e-02
  6.56223372e-02 -2.73817424e-02 -2.29599904e-02 -2.10948605e-02
  1.31006502e-02 -2.54781637e-03 -3.33965220e-03  2.50190459e-02
 -9.72987935e-02  3.80874202e-02  2.23922078e-03 -2.52590259e-03
 -5.01811132e-02  1.56085528e-02  1.29004642e-02 -6.18961714e-02
  2.22576391e-02  1.36058535e-02  1.87906846e-02  1.25504751e-02
  1.46594578e-02 -6.69160634e-02  2.19924729e-02  4.89104912e-02
 -3.17612365e-02 -5.90645149e-02 -6.94743684e-03 -1.90818310e-02
  3.10584772e-02  3.03872712e-02 -3.57834622e-02  4.30025831e-02
 -4.47231121e-02 -9.42850113e-03 -3.21959071e-02  4.09467891e-03
 -3.65750529e-02  2.40197685e-03  2.68169511e-02 -7.89135508e-03
  2.03716382e-02  1.98592637e-02 -1.84159707e-02 -1.80202536e-02
  2.44186427e-02 -2.16743033e-02 -6.04006909e-02  5.80290332e-02
  1.30579304e-02 -4.90905493e-02 -8.28032717e-02 -9.28658340e-03
 -3.40723619e-02 -1.78156234e-02 -3.37225683e-02  5.01913242e-02
  6.31463304e-02 -2.47331299e-02 -4.47679497e-03 -3.41680087e-03
  2.23853439e-02  1.90801211e-02 -3.93879376e-02  5.72200492e-02
 -1.47330547e-02  6.11726800e-03 -2.46729646e-02 -1.31768212e-02
  1.07224304e-02  5.49498647e-02 -1.74633623e-03  2.51796818e-03
  1.66529976e-02  1.91625324e-03  1.78213306e-02  4.98736165e-02
  3.06008235e-02 -2.30784658e-02  8.00317898e-02  2.70045139e-02
  7.60276765e-02  8.98486450e-02 -2.71091107e-02 -5.47503717e-02
 -5.52841090e-03  4.74624932e-02  2.89569478e-02 -1.29164173e-03
  7.18627358e-03  4.11505215e-02  1.09111499e-02 -1.11322105e-02
  2.30292976e-02  4.64877859e-02  1.08952783e-02 -3.10403202e-02
 -1.48626380e-02  3.65358894e-03  9.05879959e-03 -1.06647484e-01
 -2.19703112e-02  2.91940942e-02  2.89638177e-03  4.68750037e-02
 -3.13275829e-02 -2.48954985e-02 -4.56282087e-02 -2.98349001e-02
 -5.01596229e-03  8.43970943e-03 -1.02080507e-02 -1.08616091e-02
 -7.56085897e-03 -4.54762578e-03 -2.97814189e-03  1.33256949e-02
  4.20526899e-02 -1.06754643e-03  2.74180137e-02  1.52138807e-03
 -2.84874756e-02  4.52437103e-02 -4.06491980e-02  1.03717751e-03
 -1.32841151e-02  3.39706577e-02 -3.08348183e-02  4.62402590e-02
  1.21006239e-02 -1.33350873e-02  2.73686391e-03 -3.73990312e-02
 -3.11464313e-02 -6.03149179e-03 -1.13266055e-02 -8.19609687e-03
 -5.23316069e-03 -9.43952054e-02  2.15921178e-02  2.15679612e-02
 -4.67102528e-02 -6.37467578e-02  1.58474967e-02  2.71367673e-02
  1.39015233e-02  1.54339885e-02  6.14823997e-02 -1.95931010e-02
 -2.11442076e-02 -4.55382764e-02 -2.84236465e-02  3.89040448e-02
 -6.06338121e-02 -4.24115136e-02 -1.74947232e-02  4.77209762e-02
  5.71890622e-02 -7.22554326e-02  3.15257721e-02 -1.36001306e-02
 -1.13133946e-02 -9.46667511e-03  9.80383437e-03  6.39641359e-02
 -1.53024925e-03  1.51644843e-02 -6.95309415e-02  2.77787400e-03
 -2.75441855e-02  7.98899308e-03 -3.06860544e-02 -6.77578077e-02
 -1.91748012e-02 -3.67468707e-02 -7.77250202e-03  6.09188303e-02
  8.86113010e-03 -1.56835169e-02 -1.28500275e-02 -5.99392690e-02
 -6.07589297e-02 -1.10200316e-01 -5.38067073e-02  5.01267798e-03
 -2.63875257e-03 -6.95652841e-03 -7.42621906e-03  6.39757365e-02
  4.33882475e-02  2.05484256e-02 -4.27438654e-02  4.65981700e-02
 -2.43095607e-02  1.16075892e-02  8.78829584e-02  1.25748292e-01
  5.24286404e-02 -3.01434770e-02 -5.02049290e-02  4.05210862e-03
 -7.77115896e-02 -2.39992980e-03  8.96261930e-02 -4.39881720e-03
 -4.75456472e-03  1.13625098e-02  2.07863227e-02 -3.21036540e-02
  2.26575527e-02  3.51521932e-02  1.68299824e-02  2.62881462e-02
 -1.12466207e-02  3.38415019e-02  5.13408631e-02  5.00215739e-02
 -2.61532515e-02  3.18709947e-03 -2.11084019e-02 -6.58595636e-02
  1.27284937e-02 -1.58395618e-02 -3.74819040e-02  3.51461098e-02
 -1.11992182e-02  4.08363342e-02  5.83274923e-02  1.19598433e-02
 -2.20845677e-02 -4.09287363e-02 -2.98711490e-02 -9.90046468e-03
  3.60230766e-02  6.85949028e-02  2.54579112e-02 -1.79620497e-02
 -2.66050622e-02  6.51732683e-02  4.19434234e-02  2.37889197e-02
 -3.10455635e-02 -1.50043322e-02 -1.94653925e-02  7.39932759e-03
 -7.70108448e-03  2.79491227e-02 -3.84269208e-02 -2.99631134e-02
 -3.90865766e-02  3.79469395e-02  3.35466899e-02 -5.97086176e-02
  9.49461292e-03  4.79048602e-02  1.21469935e-02  2.56687459e-02
 -1.64997857e-02  2.43189447e-02 -5.65235096e-04 -3.47642638e-02
 -2.97594424e-02 -2.67613004e-03 -2.23042462e-02 -6.63040876e-02
  1.81768574e-02 -1.97190475e-02  4.92190421e-02 -3.14122513e-02
  5.26685268e-02 -2.76413634e-02  3.69781181e-02  6.28051758e-02
 -1.45134970e-03 -2.55526602e-02 -4.07137908e-03  3.47916856e-02
  2.78262468e-03  4.52002250e-02  1.28859258e-03 -5.51276729e-02
  3.20596322e-02 -4.84301522e-02 -4.79934216e-02 -1.65005215e-02
 -2.13548774e-03  4.58132699e-02  2.63289623e-02 -3.52023207e-02
 -2.32951101e-02  2.25873794e-02  9.88002308e-03 -2.92815734e-02
 -3.43863200e-03  1.54312421e-02  1.40966959e-02  6.16194820e-03
 -1.20433671e-02 -3.77813727e-02 -3.69790709e-03 -7.17925141e-03
 -7.38317817e-02  1.49930744e-02  1.40062170e-02  5.31956777e-02
 -9.61197261e-03  2.83100065e-02 -4.17202525e-02  1.86405983e-02
  5.08321412e-02 -3.17439176e-02  5.60854897e-02 -4.92058955e-02
 -3.82707790e-02 -4.88988794e-02 -3.74432886e-03 -2.11529993e-02
  4.65585152e-03  7.57708922e-02  7.25153685e-02 -5.58271445e-03
 -2.85134856e-02 -4.85011935e-03 -4.66046549e-05  7.62600591e-03
 -3.87927033e-02  4.95066419e-02  3.23286578e-02 -1.48451356e-02
  3.53460689e-03 -3.87081765e-02  1.22440033e-04 -2.61674705e-03
 -3.09967194e-02  5.03642522e-02 -4.03405391e-02 -2.03254316e-02
  1.83268711e-02  2.25191284e-02 -2.58700307e-02 -3.53954779e-03
  5.98827552e-04 -8.79697595e-03 -9.40575637e-03 -3.58797014e-02
 -2.17367411e-02  2.53665689e-02 -8.00328562e-04 -2.16376670e-02
 -4.65807058e-02  4.16433765e-03 -2.75672767e-02  8.29262193e-03
 -8.20517819e-03  1.64421275e-02  4.66960110e-03  3.62992547e-02
  1.76630188e-02 -9.75090563e-02 -1.40714804e-02  5.08214310e-02
  1.95590518e-02  2.99247615e-02 -3.38327587e-02  4.99977730e-03
 -1.08886855e-02 -1.53067643e-02  6.88683800e-03 -9.84220766e-04
 -1.24708638e-02 -2.65761819e-02  2.83148643e-02  1.32597610e-02
  9.81596299e-03 -1.37345660e-02 -1.29232947e-02 -3.63188609e-02
  1.88508555e-02 -6.56103715e-03  4.45804708e-02 -3.63823324e-02
 -7.29181897e-03  3.16155888e-02  1.96220819e-03  8.92174616e-02
 -4.61963676e-02 -2.12390833e-02  2.80833580e-02 -5.40674012e-03
 -5.51099330e-02  4.17775661e-03 -3.11366878e-02 -4.14833762e-02
  1.56541616e-02 -9.48220608e-04 -1.68156903e-02 -6.96950452e-03
 -4.44602557e-02  1.96887795e-02  7.14449584e-02 -5.91458101e-33
  1.42805576e-02 -8.72125663e-03  1.22351833e-02 -3.10617927e-02
 -5.64177968e-02  9.47334692e-02  7.23996293e-03  2.10947618e-02
 -6.81479648e-02 -3.50292437e-02  4.34512831e-02  1.39204888e-02
  4.60787080e-02  6.94363797e-03  2.65602991e-02  2.43295841e-02
 -2.70004421e-02  7.34453872e-02 -1.12753054e-02 -6.53040186e-02
  1.66463200e-02 -5.07128006e-03  3.99623923e-02 -3.74371582e-03
  1.15374140e-02 -4.26919498e-02 -1.00360075e-02 -1.75864121e-03
  4.79933470e-02 -3.35695334e-02 -3.04091945e-02 -3.66286524e-02
 -7.38113374e-03 -4.07487415e-02  6.40706113e-03  4.13209870e-02
  8.98057502e-03  6.31703064e-02  1.70865133e-02 -4.09775451e-02
 -7.04511553e-02 -2.28458829e-02 -1.44884503e-02 -2.61000972e-02
 -1.80557324e-03 -3.87574956e-02 -4.56746817e-02 -7.73803238e-03
 -1.44602160e-03 -6.80979714e-03  4.09821467e-03 -6.57123793e-03
 -3.87372449e-02  3.59416194e-02 -6.35135323e-02  2.25633718e-02
 -5.45575172e-02  5.99162616e-02  3.25567462e-02 -4.22652289e-02
 -4.24382240e-02  6.29896075e-02 -1.13716824e-02 -3.35871316e-02
 -3.14014144e-02 -5.27215749e-03 -1.08839966e-01 -6.28051162e-02
 -2.03017592e-02 -2.22244766e-02 -6.68787351e-03  4.43467172e-03
  7.48692686e-03  1.09033838e-01 -2.88718697e-02  2.02131942e-02
 -1.13196913e-02  2.26682406e-02 -3.44494581e-02  1.00426123e-01
  1.49832154e-02  2.95422301e-02 -2.24377271e-02  4.25469875e-02
  1.46856450e-03 -1.41135855e-02 -2.55649965e-02  3.35158296e-02
  7.94526748e-03  6.29399074e-05 -6.69453219e-02  5.85591905e-02
 -4.46904525e-02  5.57098426e-02  1.49586231e-01  6.17153768e-04
  4.39800918e-02  3.65216844e-02 -2.14109872e-03  2.64136102e-02
 -2.90898737e-02  4.63650450e-02 -1.21417623e-02 -2.35546287e-02
 -7.75232445e-03  1.22811235e-02 -6.83630863e-03 -2.04506684e-02
  3.02740317e-02  2.51979325e-02 -1.09480796e-02 -9.21535119e-03
 -1.60572771e-02  8.15914478e-03 -1.48766115e-02 -6.87752068e-02
  1.74577087e-02 -9.42257941e-02  5.37046418e-03 -4.57728803e-02
  3.78009491e-02  1.22684361e-02 -5.46086999e-03  1.78386569e-02
 -2.23604701e-02  4.02966104e-02 -6.15926869e-02  1.26666594e-02
 -5.55848256e-02  4.75840047e-02  1.92938820e-02  1.26394695e-02
  2.00076698e-07  3.22879627e-02  2.34925584e-03  5.41018508e-02
 -7.54441833e-03  1.41922468e-02 -2.91427821e-02  4.29741554e-02
  2.30050310e-02 -1.25189656e-02  4.47060702e-05  3.13661247e-02
 -8.97162966e-03  1.94777288e-02 -5.51652536e-03  5.93857393e-02
 -7.10467324e-02  8.43801945e-02  1.10794287e-02  5.47271082e-03
  1.75700802e-03  1.18857613e-02  5.53701399e-03 -4.28614914e-02
  1.18847322e-02 -3.06157973e-02  2.46210285e-02 -6.34249114e-03
 -7.06562847e-02  9.90298856e-03 -2.40290295e-02 -3.11920661e-02
  3.97721641e-02 -3.12715918e-02 -1.89363621e-02 -2.11028028e-02
 -5.00016659e-02  1.43163828e-02  6.65253401e-02 -2.05610842e-02
  7.88436364e-03 -8.99197757e-02 -2.27586832e-02 -1.88068803e-02
 -3.92159559e-02  4.53296974e-02  1.56661086e-02  2.69208383e-02
 -4.01586387e-03 -5.93469962e-02  3.28645520e-02 -2.83762743e-03
  3.58505733e-02  2.94097653e-03  3.59449536e-02  1.33879567e-02
 -1.11410925e-02 -2.46246420e-02  1.35683957e-02  3.64966504e-02
  4.03668135e-02 -7.22713012e-04  9.66849551e-03  1.57616828e-02
 -1.10735213e-02 -6.15728553e-03  1.04647148e-02  2.32948991e-03
  1.20221699e-34  1.22106522e-02  2.07585702e-03  4.07962035e-03
 -1.70499887e-02  3.70606664e-03  3.22694443e-02 -7.80671239e-02
 -1.43778343e-02  2.05039158e-02  1.87817011e-02  2.18173303e-02]"
Independent_evaluation,External or independent assessment measuring WFP programme performance and outcomes.,"[-4.75839339e-02  4.90906276e-02  1.76607706e-02 -3.67147624e-02
 -2.61776824e-03  9.98826046e-03 -1.36063173e-02  4.93564606e-02
  1.31221702e-02 -4.17925464e-03  4.85500954e-02  1.66015662e-02
  3.86286490e-02  3.40602174e-02  6.62403740e-03  4.23173700e-03
  5.86451218e-03  1.09834382e-02 -7.05977231e-02  5.58590889e-02
 -3.75103429e-02 -2.47438066e-02 -5.58122396e-02  5.21711186e-02
 -6.09700456e-02 -1.35922767e-02 -1.50596898e-03  5.63826319e-03
 -3.16907689e-02 -2.37904899e-02  6.11446565e-03  2.27132123e-02
 -4.69486937e-02 -1.28268739e-02  1.55586270e-06  1.12139238e-02
 -2.41849124e-02  3.60645577e-02 -4.56392299e-03 -3.55856551e-04
 -7.32730404e-02 -3.94039825e-02  2.30302606e-02  4.49648350e-02
  7.15189567e-03 -2.67163552e-02  4.76748087e-02  1.42373079e-02
 -2.62053423e-02 -3.61902975e-02  1.58136636e-02  1.25052826e-03
 -5.82292490e-02 -4.06082068e-03 -5.56902811e-02  1.03544537e-03
 -3.68081182e-02 -4.53840345e-02  5.42940199e-03 -7.76748508e-02
 -3.04624662e-02  2.66311993e-03  7.29176030e-03  2.20046490e-02
  1.80497486e-02  1.80995874e-02 -5.40307276e-02 -2.69612786e-03
 -3.12533677e-02  3.05247810e-02  9.48944837e-02  1.94154046e-02
 -3.09501812e-02 -2.11429223e-02  3.45438123e-02 -1.58830900e-02
 -9.81635042e-03 -2.01918054e-02  1.05689615e-02 -3.24723572e-02
  1.05238287e-03  1.12998247e-01 -4.43892134e-03 -4.75881360e-02
 -5.77045977e-02  2.52459571e-02  1.22213187e-02 -3.64040048e-03
  1.21580623e-02  4.47893403e-02  1.87506061e-02  3.75215113e-02
  1.95460934e-02  1.66871045e-02  5.31547591e-02 -2.69674901e-02
  5.08351140e-02  1.96571331e-02  1.78460944e-02  2.55809035e-02
 -1.40989572e-02 -1.33455340e-02 -4.54535782e-02 -3.07844672e-03
  3.32435407e-02  4.87733372e-02 -1.45632373e-02 -2.99441963e-02
 -2.54235324e-02  8.81562606e-02 -7.51910433e-02  3.48411426e-02
  5.25937863e-02  1.88300107e-02  2.37980252e-03 -3.54972035e-02
 -5.79160601e-02 -4.16284846e-03 -3.83251868e-02  1.98036917e-02
  8.11746940e-02  1.37637667e-02  8.23405571e-03  7.33314157e-02
 -1.55928172e-02  7.59049654e-02  5.88515960e-03 -1.01088891e-02
 -1.50932381e-02  1.17795672e-02  1.44786006e-02  5.62589569e-03
 -2.57690270e-02  4.00425494e-02  4.38446663e-02  6.62203804e-02
  3.94143946e-02 -3.97784486e-02 -1.71774216e-02 -7.86920171e-03
  1.54791176e-02 -6.45207614e-03 -3.04437578e-02 -3.90397012e-02
 -2.16282532e-02 -6.11245260e-03  6.95978329e-02  4.18342873e-02
  3.16108130e-02  2.14020610e-02  3.35483290e-02 -6.92053065e-02
  2.45716348e-02  4.85310890e-03 -4.55591874e-03  1.49605004e-02
  5.88212125e-02 -1.01458030e-02 -2.57168543e-02  1.57191430e-03
 -5.13110217e-03  6.82163006e-03 -2.71084737e-02  6.77893683e-02
 -1.51804565e-02  3.09635792e-02  3.43021974e-02  6.06192136e-03
  4.35054302e-02 -4.11365600e-03 -5.30268401e-02  1.59871299e-02
 -1.37387225e-02  9.21501741e-02  1.29798111e-02  7.09987129e-04
  5.98036721e-02 -5.70774078e-02 -3.20207216e-02 -4.44170274e-02
 -4.33687633e-03 -3.00341900e-02 -2.18897895e-03  1.51456706e-02
  1.74058527e-02  1.84596106e-02  4.03363220e-02 -4.68651578e-02
 -8.88736174e-03 -7.66741671e-03  1.78383011e-02  2.68351007e-03
  4.22358587e-02  1.89882033e-02  7.60143017e-03 -1.48934182e-02
 -2.26825606e-02 -3.51521671e-02  1.25257054e-03  1.64949186e-02
 -4.76742070e-03 -6.50558844e-02 -2.67810430e-02  2.02850625e-02
 -1.58118200e-03 -1.53967524e-02  4.69987653e-02 -2.82268301e-02
 -5.85299395e-02 -3.42648104e-02  1.42233353e-02  2.08380911e-02
  1.39346020e-02  4.75043617e-02 -1.96868740e-02 -4.35866788e-03
  9.97517072e-03  4.43997197e-02 -1.51150255e-02 -2.79138461e-02
 -4.80983332e-02  5.61861834e-03 -8.85279328e-02  5.91903292e-02
  4.02411632e-02 -2.61451229e-02  9.00300685e-03 -2.13185288e-02
  4.26824205e-03  7.81804547e-02  1.50775220e-02  4.48118635e-02
 -4.65986989e-02  2.90465336e-02  3.76721583e-02 -4.37091570e-03
  8.12638029e-02 -1.79075357e-02 -5.71808452e-03 -1.90025717e-02
 -2.20983271e-02 -3.07690958e-03  1.73149016e-02 -2.46862345e-03
  4.86773020e-03 -1.08931037e-02  1.50795477e-02  1.95848942e-02
  3.54806869e-03  1.08974520e-02 -2.57423036e-02 -2.37542763e-02
 -2.97898632e-02 -1.91945191e-02  6.90395478e-03 -5.46520203e-02
 -2.48946566e-02 -1.41796973e-02 -1.92963984e-02  3.72526571e-02
  2.74358615e-02 -1.42376423e-02  4.45871148e-03  3.72340865e-02
  5.21727689e-02 -6.51002824e-02 -4.22318131e-02 -5.51338084e-02
  3.84805501e-02  1.00793121e-02 -3.65787633e-02 -1.83580127e-02
  7.30535993e-03  4.08892445e-02 -1.87472324e-03 -4.02029119e-02
 -5.47923110e-02  3.93908992e-02  1.18214125e-03 -1.96905490e-02
  1.56778768e-02  3.90290730e-02  1.83804904e-03  4.08728831e-02
  3.11691985e-02  4.57895396e-04  5.35331890e-02  2.78592315e-02
  9.16005671e-03 -6.65737689e-02  2.37930361e-02 -5.94767183e-02
  2.50654221e-02 -2.80781239e-02  3.25703174e-02  5.68613857e-02
 -2.78136469e-02 -2.32301168e-02 -4.72362228e-02  8.97587277e-03
  1.96941000e-05 -7.16265524e-03 -2.65878085e-02 -3.35623361e-02
  9.86984931e-03  1.90839432e-02  2.82939095e-02 -2.14953702e-02
 -7.74971722e-03 -2.68312693e-02  4.30850089e-02  2.06997730e-02
  3.48508582e-02  1.67280976e-02  2.17977278e-02 -3.70565578e-02
 -7.42051750e-02 -3.15034799e-02 -1.46401729e-02 -4.00291377e-04
  9.17093828e-03 -3.06668449e-02 -5.49932569e-02 -1.00233378e-02
  3.20930704e-02  8.12547840e-03 -4.50960100e-02  1.56329460e-02
  2.77437437e-02 -4.12256569e-02 -5.56366406e-02 -5.70889004e-02
 -1.45991435e-02  1.17866071e-02  7.54759926e-03 -2.11105365e-02
 -8.04618094e-03 -6.94957795e-03 -2.95877177e-02  2.94684172e-02
 -3.83857861e-02  2.19111573e-02 -1.63127594e-02 -6.05000695e-03
  6.15832806e-02 -1.29914889e-03 -4.20370102e-02  5.41244075e-02
 -2.79981475e-02  5.36040626e-02  1.99691784e-02  7.42913187e-02
 -3.54283750e-02 -1.04801795e-02 -1.31756635e-02 -1.19088329e-01
 -6.08167090e-02 -6.43894747e-02  4.50869724e-02 -1.17358439e-01
 -3.98729444e-02 -7.02656806e-03  1.91362910e-02  1.06938388e-02
  1.26389293e-02  1.82256177e-02 -2.38797348e-03 -9.48257186e-03
  1.55666303e-02  1.10795815e-02  4.96353693e-02  1.24433590e-02
 -2.56970655e-02  1.70648079e-02 -2.68439986e-02 -3.22381556e-02
  1.20058469e-02  4.44794260e-02 -6.36053160e-02  2.40969751e-02
 -2.66743507e-02  3.05234324e-02  2.69824471e-02 -3.95150622e-03
  4.10968401e-02 -5.81092536e-02 -2.58711725e-02 -1.67505164e-02
  3.90640385e-02 -1.67738122e-04  8.21239594e-03  6.38924092e-02
 -5.16616693e-03  5.13472930e-02  8.57513864e-03  3.34361680e-02
 -2.27189120e-02  5.21018729e-03  3.20046805e-02  9.74412635e-03
 -1.76706389e-02 -3.02102388e-04  1.84511859e-02  4.80809547e-02
  1.09778456e-02 -2.51201093e-02  3.38251218e-02 -3.18267047e-02
 -2.58930512e-02 -2.45097261e-02  2.14956813e-02 -3.21405753e-02
 -5.36293015e-02  9.90158995e-04  4.57113758e-02 -1.58674233e-02
 -2.19508577e-02 -1.40217673e-02 -1.58965997e-02 -5.57601415e-02
  1.27501711e-02  2.55199689e-02 -4.62389402e-02 -2.20589861e-02
 -1.45269828e-02  3.34476419e-02  3.24358407e-04  2.08323747e-02
  1.86315794e-02  2.65054367e-02  3.56473331e-03  3.61047834e-02
  2.28858348e-02  8.64657573e-03  6.35093963e-03 -2.37866025e-02
  5.61798587e-02 -2.34651510e-02  3.75641175e-02  3.00669186e-02
 -3.10167228e-03  6.84898123e-02  8.91311839e-02 -2.64774077e-02
  4.27667499e-02 -3.12970206e-02 -2.28841938e-02  2.23154612e-02
  1.47817126e-02  3.72056030e-02  5.19225560e-02 -1.79387182e-02
 -3.87120359e-02 -2.63990723e-02  4.26327735e-02 -2.16650460e-02
  2.12507248e-02  3.57685937e-03  5.17465621e-02 -2.68579163e-02
  2.71907467e-02  2.50630435e-02 -5.36677949e-02 -1.82591451e-04
  1.30903423e-01 -6.40200078e-02 -8.90267920e-03  2.48233713e-02
 -9.58592573e-05 -3.80339883e-02  1.99216735e-02  1.36613450e-03
 -1.31262951e-02 -1.39522646e-03  3.18934536e-03  1.31091811e-02
  1.31559949e-02  7.69983754e-02 -1.18295671e-02  9.30243079e-03
  2.72312872e-02 -2.20555183e-03 -4.56170142e-02 -9.32305753e-02
 -5.65100536e-02 -3.04680280e-02 -4.80981208e-02 -2.46941112e-02
 -1.93034988e-02  1.98372151e-03  4.43335250e-02  4.80740815e-02
 -2.05420256e-02 -5.29892705e-02 -7.89283589e-02  2.91526373e-02
 -3.05658095e-02  7.05231652e-02 -3.32457423e-02 -1.94015889e-03
 -4.39111516e-02  7.88114779e-03 -1.19177159e-02 -4.68031168e-02
 -1.26592675e-02  3.94644886e-02  1.82146102e-03  1.71092730e-02
 -1.62680373e-02  2.03348491e-02 -2.65441462e-02  9.11938259e-04
  1.32665178e-02  1.43067138e-02  5.31641090e-05 -1.09982966e-02
 -7.65055865e-02  4.20716628e-02 -1.55327115e-02  9.18734726e-03
  8.65289662e-03 -1.54273910e-02 -4.28448804e-02 -2.46457402e-02
  4.22161333e-02  4.33917046e-02 -2.36200504e-02 -3.17252278e-02
 -6.31201193e-02 -1.68962851e-02  1.76979564e-02 -2.85683647e-02
 -2.31129806e-02  5.27225472e-02 -1.92366652e-02 -5.00800349e-02
  2.84595527e-02  2.15541827e-03 -4.46933918e-02  8.22231099e-02
 -3.36971804e-02 -4.04481888e-02 -3.69465910e-04  1.45902866e-02
  4.58556488e-02  3.76327783e-02 -4.61893305e-02 -2.41297912e-02
  1.30942306e-02  2.52942089e-02 -2.62437034e-02 -6.83362421e-04
  2.31212154e-02 -1.62203610e-02  6.83441162e-02 -4.52632732e-33
 -9.71680600e-03 -3.51529126e-03  2.36371141e-02 -1.54298013e-02
 -4.26627025e-02  4.92786057e-02  3.88549715e-02 -2.54410878e-02
  1.57646779e-02 -3.39469649e-02 -3.98999732e-03  1.85019691e-02
  4.78259893e-03  2.20261496e-02 -2.81545147e-03  2.16780026e-02
 -1.73961949e-02  5.45288026e-02 -3.41375396e-02 -1.09724715e-01
 -6.62074611e-02 -2.41952389e-02  5.29924631e-02  8.21329281e-02
  4.50059772e-02  4.64931177e-03 -4.35142890e-02 -5.85483899e-03
  9.75328460e-02  4.91619855e-03  1.70129426e-02 -1.00973407e-02
  1.01592513e-02 -1.27086611e-02  2.85728984e-02  4.87572467e-03
  1.95515212e-02 -1.68334581e-02 -1.62313953e-02 -2.66119428e-02
 -6.47260547e-02  2.80088075e-02  4.46033403e-02  1.72971524e-02
 -3.16418931e-02 -6.24009185e-02 -5.89836314e-02 -5.77379651e-02
  5.19709662e-02  5.27736433e-02 -9.03448323e-04  1.27667841e-02
 -5.62117528e-03  4.29173447e-02 -5.49279265e-02 -1.19587919e-02
 -6.47979155e-02 -1.83820613e-02 -6.65302714e-03 -7.50448406e-02
 -2.03691665e-02  2.56410446e-02 -2.44260561e-02  2.85354182e-02
 -8.24546814e-03 -2.43914556e-02 -6.97319508e-02 -1.33218896e-02
  5.84476255e-02 -6.97539821e-02  3.85870375e-02 -4.02394719e-02
  5.11456169e-02  2.33224370e-02 -5.65818734e-02  2.67476477e-02
 -7.07153901e-02  4.01340164e-02 -2.45469213e-02 -5.49720824e-02
  1.06658190e-02  4.06087469e-03  2.84897164e-03  1.01571297e-02
 -8.07226747e-02 -2.22097859e-02 -1.25050405e-02  5.31087033e-02
  4.06071618e-02  4.45056387e-04 -1.48807215e-02  4.23572250e-02
  1.87379792e-02  6.38162484e-03  7.96225592e-02 -2.44222991e-02
  9.72406287e-03  5.72365113e-02 -7.04622874e-03 -3.62689025e-03
 -8.62733554e-03  4.26479727e-02  4.25941451e-03  8.77030864e-02
  3.89786065e-02 -6.91455510e-03 -2.69997530e-02 -6.25022873e-02
 -4.07265611e-02 -2.26631574e-02  2.15699268e-03  1.22139594e-02
 -1.90967005e-02 -4.55548838e-02 -6.78583467e-03 -2.81851012e-02
 -2.75081079e-02  2.82275155e-02 -1.67922936e-02 -1.22104418e-02
 -4.11184086e-03  2.10730606e-04  1.93314627e-02 -4.05385112e-03
 -6.04372360e-02  1.56620052e-02  8.08373615e-02  5.45920618e-02
 -3.13648325e-03  2.03484315e-02  6.47413954e-02 -2.69222097e-03
  2.00008373e-07  4.02410747e-03  2.78740060e-02  2.49167904e-02
  7.59972609e-04 -8.47627874e-03 -5.54257892e-02 -6.33197799e-02
  1.95109323e-02 -5.49850520e-03  1.15561541e-02  6.65764138e-02
 -5.49205840e-02 -5.22524156e-02 -1.40412431e-02  7.93078318e-02
  4.16726694e-02 -2.69285701e-02  2.93382979e-03 -1.56102283e-02
 -4.27350737e-02 -2.44110003e-02  5.42391688e-02 -2.82470360e-02
  3.17494869e-02 -1.57583915e-02  1.09847989e-02  5.14859380e-03
  3.47652696e-02 -1.25800585e-02 -4.60449085e-02  3.85202956e-03
  1.12359030e-02  5.90345822e-02  4.71982639e-03 -3.37183028e-02
 -2.76920814e-02  1.00701917e-02  4.24098596e-02 -2.14865673e-02
  3.33610028e-02 -6.00436330e-02  7.70334527e-03  3.86845730e-02
 -2.08301432e-02  8.23625457e-03 -3.95616852e-02 -8.80908780e-03
  6.28565475e-02 -9.97090340e-03 -1.60667915e-02  5.79393990e-02
  9.99714714e-03  4.91762580e-03  1.01097837e-01  1.57362130e-02
  4.87320200e-02  4.35014517e-04  6.31610006e-02  5.55797741e-02
 -3.14247385e-02 -2.72134896e-02 -4.84881401e-02 -1.16697769e-03
 -3.68923023e-02 -5.50809763e-02 -1.85256749e-02 -1.52094634e-02
  1.30787889e-34  6.12831861e-03  1.15215778e-02  9.44472756e-03
 -6.90621585e-02 -4.24468750e-03 -1.60467774e-02 -2.77756695e-02
  1.16089573e-02  1.91933736e-02 -1.97581593e-02  1.15360990e-02]"
Monitoring,Tracking programme progress and key indicators.,"[-3.82308811e-02  5.42988107e-02 -2.38567591e-03 -4.08789441e-02
  3.49806680e-04  8.00558925e-03 -5.00640199e-02 -9.30962525e-03
 -6.47992268e-02  5.40587120e-02  8.57554004e-02  4.13582064e-02
  1.99321229e-02  1.07164808e-01 -7.80201564e-03 -4.55510281e-02
 -7.36710674e-04 -6.62957365e-03 -8.59760866e-02  5.40239774e-02
 -2.43361271e-03  2.67014578e-02 -1.27434675e-02  4.58320081e-02
 -4.09212820e-02 -3.47645693e-02 -4.03367206e-02 -9.94838029e-03
  2.29240116e-02 -7.99309611e-02 -1.72171704e-02 -2.49859830e-03
 -2.54115555e-02 -7.19493860e-03  1.55098155e-06 -1.37283131e-02
  1.96966473e-02  1.75763890e-02 -9.51343551e-02  5.26512079e-02
  1.69122536e-02 -7.11534023e-02 -1.43578299e-03  4.63114539e-03
  4.25581746e-02  1.25666859e-03  9.74164251e-03 -5.17829098e-02
 -3.15618031e-02 -5.39081916e-02  1.95069909e-02  3.26984040e-02
 -3.70034426e-02 -2.04817019e-02 -6.74603432e-02 -5.31809181e-02
 -6.61941990e-03  3.11359707e-02  4.11006138e-02  2.67761238e-02
  7.45128188e-03  2.14841589e-02  6.92944322e-03 -8.34821723e-03
  4.84485514e-02  2.63891984e-02  4.31390032e-02 -2.85370257e-02
 -1.41966622e-02 -3.02845035e-02  4.89386395e-02 -1.52948154e-02
  2.79446077e-02 -5.08834943e-02 -1.19382038e-03 -8.17076489e-02
 -4.30448987e-02 -6.71193972e-02  7.85165746e-03 -4.24810164e-02
 -4.10923697e-02  3.13783139e-02 -5.92372892e-03 -1.56224044e-02
  1.12460749e-02 -3.50093506e-02  1.71733443e-02 -2.91382540e-02
 -9.11822193e-04  6.84651732e-02  4.77674454e-02 -1.07174553e-02
  3.41080651e-02 -2.27995706e-03  1.40255280e-02 -1.33545035e-02
  4.06094119e-02  1.83710754e-02  4.53063510e-02 -3.53626497e-02
 -3.33152413e-02  1.49419811e-02 -3.11730430e-02  1.65787973e-02
  3.22171152e-02  9.30665806e-02 -1.13671208e-02 -6.31393269e-02
 -4.50444743e-02  2.40287483e-02  4.22679260e-03  2.93944101e-03
  4.88872407e-04  3.35447416e-02  9.77915004e-02 -1.84124429e-03
 -6.99043199e-02  3.23048308e-02 -9.38216038e-03  5.46077825e-02
  8.20752084e-02  7.02166278e-03 -1.65287573e-02  1.06493523e-02
  4.77958322e-02  3.01623922e-02 -5.68517521e-02  2.68433839e-02
 -3.01954262e-02  5.87066896e-02  3.35896970e-03 -3.62571590e-02
 -2.74055041e-02  2.43147500e-02  2.17181090e-02  6.47654582e-04
  3.58916558e-02 -7.71761267e-03 -1.17677413e-02 -1.26227057e-02
  2.41498370e-03 -1.60479620e-02 -4.10842560e-02 -6.34682411e-03
  1.03224711e-02  5.67376032e-04 -7.12737069e-03  4.16949019e-02
 -2.79091820e-02 -1.17711825e-02  3.51959877e-02 -5.46861663e-02
 -1.20026069e-02  8.35089572e-03 -3.20087448e-02  1.80373825e-02
  4.56346571e-02 -4.69101709e-04 -6.67898171e-03  3.36143561e-02
 -1.94828422e-03  1.01891579e-02 -2.52226945e-02  3.95056512e-03
  1.29688634e-02  8.09231680e-03  8.51716101e-03 -1.06478035e-02
  1.65554918e-02 -2.20579598e-02 -8.89330432e-02 -4.06796224e-02
  3.14449035e-02  1.08243585e-01  6.91583147e-03 -2.31660809e-02
  3.48530449e-02 -9.68117565e-02 -7.55774928e-03 -8.47502984e-03
 -7.41689885e-03 -7.76366815e-02  2.00486816e-02  4.23352374e-03
  6.52644262e-02  3.21099162e-02 -3.83351110e-02  8.59848317e-03
 -2.64928825e-02 -8.42646416e-03 -2.63078324e-02  1.95741300e-02
 -2.88871862e-02  2.61602774e-02  3.35065313e-02 -1.43848611e-02
  6.31858595e-03 -4.23559174e-02 -3.23480368e-02  1.14822313e-02
  5.92559949e-02 -5.80280498e-02  2.49138195e-02 -2.79109553e-03
  4.87813540e-03 -3.81252579e-02 -2.22729947e-02 -3.48600303e-03
 -5.94181474e-04 -5.05281687e-02 -4.51114774e-02 -1.27798328e-02
  1.12701701e-02  5.66830076e-02 -7.94050563e-03  2.72303633e-02
  5.40180458e-03  1.75808407e-02 -4.09786291e-02  5.50063998e-02
 -1.99143235e-02  1.10846199e-02  3.54886390e-02  3.50792967e-02
  8.93635526e-02  4.42070216e-02 -2.02045147e-03 -5.45588648e-03
 -3.77747184e-03  5.81434257e-02  6.75812876e-03 -1.84189668e-03
  3.30886096e-02  2.03969814e-02  2.28509512e-02  1.75563786e-02
  1.40679419e-01  6.81276917e-02  4.45884466e-02  1.25850504e-02
  1.76259652e-02 -2.83372346e-02 -1.53029999e-02  1.67775843e-02
  2.84799486e-02 -8.48284981e-04 -1.78116038e-02  2.31041033e-02
  4.04436998e-02  3.43728665e-04 -5.78388944e-02 -9.10041295e-03
  9.33830068e-03  1.37470639e-03  1.76121406e-02  2.45142989e-02
 -6.22276962e-02 -3.52677479e-02 -7.95740448e-03  5.39728701e-02
  3.94473299e-02 -2.00025421e-02 -2.19000261e-02  4.72546779e-02
 -4.27630963e-03 -3.14238816e-02  2.45473031e-02 -6.15559593e-02
 -1.17166284e-02  1.52446199e-02  3.13768461e-02  4.34146961e-03
 -4.51914361e-03  1.56963170e-02 -1.37515343e-03  3.67925800e-02
 -7.04524815e-02  3.99592929e-02 -6.84071109e-02  1.52389482e-02
  3.88315357e-02 -2.03787182e-02 -2.33047996e-02  3.74874957e-02
  3.21585052e-02 -5.37921791e-04  5.11801429e-02 -7.37220719e-02
 -4.86029088e-02 -7.57339690e-03  4.17893752e-03 -5.39904051e-02
  1.28749926e-02 -1.90632474e-02  4.88552824e-02  3.03080697e-02
 -1.75759010e-02 -2.92694056e-03 -1.65033937e-02  4.52934764e-02
 -3.40722166e-02 -5.16296551e-02 -1.58420838e-02 -4.81726490e-02
 -2.47121323e-02  3.31357494e-02  7.39051923e-02 -3.93828899e-02
  1.89650059e-02 -3.04016713e-02  1.53494850e-02  1.52935637e-02
  3.85865034e-03 -3.21016237e-02 -2.57447306e-02 -2.72600050e-03
 -8.34304392e-02  5.31877717e-03 -1.77378673e-02  1.64263733e-02
 -1.62995444e-03  6.66395249e-03 -7.80099034e-02 -3.24368626e-02
  2.68949289e-03 -8.47727788e-05 -4.62622344e-02  2.61139758e-02
  3.32116820e-02 -1.99356060e-02  6.44799136e-03 -7.50047192e-02
 -2.01581176e-02  3.90952937e-02 -3.64364125e-02 -1.03795175e-02
 -1.96668748e-02 -1.63020901e-02 -6.56137243e-02  8.68760142e-03
 -3.76239643e-02  1.45950830e-02 -1.42014930e-02 -1.22853657e-02
  4.19497676e-02 -2.61172629e-03 -3.77451777e-02  4.30283472e-02
  2.32462585e-02  1.60142146e-02  7.04215541e-02  5.27226217e-02
  2.11279877e-02 -1.88643616e-02  2.59447433e-02 -1.22566618e-01
 -5.65452166e-02 -5.88627644e-02  2.09908988e-02 -4.35412154e-02
 -3.20273004e-02  1.86983477e-02  1.88031998e-02  4.52311337e-02
 -3.07547655e-02  5.64007275e-03 -1.27803851e-02 -1.54863354e-02
 -7.19274115e-03  4.93781529e-02  1.45855397e-02 -7.16419844e-03
 -9.53517854e-03  2.49880068e-02 -1.21364752e-02  2.12924462e-03
  9.93975811e-03  4.42326516e-02 -8.56990367e-02  1.23200966e-02
 -2.76077795e-03 -2.07001176e-02  7.17969537e-02  1.10664833e-02
  4.61623296e-02 -5.19985147e-02 -7.25860475e-03 -1.98762082e-02
  6.75963759e-02  4.33837138e-02  1.92850607e-03 -1.74594875e-02
 -3.82965691e-02  1.76765732e-02  4.10843194e-02  9.53050051e-03
 -6.24846928e-02  1.52428858e-02  2.69724559e-02  9.56999045e-03
  2.95692179e-02 -5.04440553e-02 -5.05994931e-02 -9.54777934e-03
  3.96749005e-03  5.61958831e-03  3.60065475e-02 -2.08787504e-03
 -3.47770229e-02  1.58654731e-02  9.93901165e-04 -1.03948722e-02
 -6.02712184e-02 -1.75858531e-02 -1.28837186e-03 -4.96738590e-03
 -3.84112448e-02 -1.18252467e-02 -1.24408863e-02 -1.37157589e-02
  7.29123224e-03  2.77282186e-02  1.38030956e-02 -1.90467928e-02
  4.02999073e-02 -8.20444711e-03  4.67041731e-02  1.22547057e-02
 -1.28000160e-03 -5.56209125e-04  3.76939401e-02  2.84382403e-02
  1.64521160e-03  7.48953372e-02  1.11699272e-02 -9.68673732e-03
 -1.53390719e-02 -4.28421237e-02  6.97812252e-03  3.23769040e-02
 -4.07132730e-02  7.34127015e-02  5.62703758e-02 -5.21641551e-03
 -5.66225545e-03 -3.12870406e-02 -3.32093649e-02 -1.30586959e-02
 -1.70841590e-02  4.04002853e-02  8.47685784e-02 -5.61633445e-02
 -1.24175791e-02 -1.88283324e-02  2.75559109e-02 -3.99890803e-02
 -2.94625275e-02 -6.98730797e-02  1.17957052e-02  3.33877429e-02
  3.77625935e-02  3.59872878e-02 -1.32792294e-01  1.54021578e-02
  6.60655648e-02 -9.34252962e-02 -3.34708169e-02  7.05119744e-02
 -1.10518048e-03 -2.70317122e-02  2.53630411e-02 -2.75047477e-02
 -3.93551067e-02  6.29776856e-04  7.19765015e-03 -2.41959561e-02
  2.68673673e-02 -4.09922516e-03 -1.24448398e-02 -1.82091948e-02
  8.88953730e-03  4.29655313e-02 -3.33800241e-02 -8.53375569e-02
 -5.06435446e-02 -2.33495166e-03  1.22881718e-02  1.06070256e-02
 -1.23814223e-02 -2.47512739e-02  5.80057316e-03  1.41349686e-02
 -4.46976610e-02  4.29926142e-02 -4.26085517e-02  4.19242308e-03
 -9.68657583e-02 -2.80833133e-02 -5.76709062e-02  6.46966845e-02
 -2.10687425e-02  2.23906357e-02 -1.77962761e-02 -4.06897254e-02
 -5.30460803e-03  1.64980460e-02  2.48321649e-02 -8.17851257e-03
 -2.84564737e-02  3.93985324e-02  2.36533694e-02  2.46154238e-02
  3.13267261e-02  6.13299897e-03 -1.49780763e-02  2.34517036e-03
  1.82632133e-02  1.01254381e-01 -1.26094334e-02  1.21782329e-02
  1.16121559e-03 -2.02031974e-02  2.43709944e-02 -1.87309477e-02
  6.38866499e-02 -2.34051682e-02 -6.68052444e-03 -9.04587004e-03
 -8.75849947e-02 -5.00003574e-03 -5.16323298e-02 -2.69838199e-02
 -4.54145372e-02  3.15108104e-03  1.06748575e-02 -4.83472124e-02
  5.68970963e-02  2.87832264e-02 -1.98730957e-02  3.18314917e-02
 -4.57141548e-03 -2.78685726e-02  2.02335715e-02  3.28455418e-02
  1.25647439e-02 -2.91481446e-02  1.64540429e-02 -6.43761754e-02
 -1.25017250e-03  1.05814217e-02 -1.18362985e-03 -4.12339829e-02
 -1.71924033e-03  2.90290136e-02  1.78427882e-02 -5.95434247e-33
 -8.38905871e-02 -8.67694058e-03 -2.07778979e-02  3.67369466e-02
 -7.18138069e-02  5.26224859e-02  4.57675254e-04  1.50291799e-02
 -3.50638367e-02 -1.40234716e-02  3.20384055e-02  1.07060876e-02
  2.28720848e-02 -4.08556871e-02  6.41486794e-02  2.12423112e-02
  5.33730239e-02  4.82887030e-02 -7.73209706e-03 -7.68532977e-02
 -3.68119888e-02 -1.55587969e-02  7.18249455e-02  1.58448201e-02
  3.86079438e-02  3.22434530e-02 -3.13510522e-02  8.17821454e-03
  4.19258215e-02  2.27298029e-02  3.62018198e-02 -5.03404140e-02
  2.60449434e-03 -3.90016437e-02 -9.85312741e-03  8.72147363e-03
 -5.02954377e-03 -4.44501080e-02  1.83118209e-02 -4.22891323e-03
  1.58819836e-02  3.06079779e-02  8.78461637e-03  5.20345429e-03
 -3.43372375e-02 -1.01956464e-02 -2.34321523e-02  1.52854649e-02
  2.76177488e-02 -3.54637578e-03 -1.51995728e-02 -8.29921290e-03
 -3.35926451e-02  5.21800630e-02  4.96569695e-03 -1.72739127e-03
 -1.64041724e-02 -3.09453402e-02 -4.33416553e-02 -6.40516654e-02
 -2.49260031e-02  4.77620400e-02  1.75976753e-02  5.42812645e-02
 -1.98195670e-02 -3.75805274e-02 -4.21760604e-02 -1.10512720e-02
  1.00454018e-02  9.24244244e-03  2.98638735e-02 -4.47038263e-02
  4.09925841e-02 -3.48590687e-02 -5.48587292e-02  4.05707844e-02
 -2.78121736e-02  5.11998609e-02  3.78986262e-02  1.22417770e-02
 -3.46310884e-02 -6.19579665e-03 -1.01955151e-02  1.80072542e-02
 -7.15322327e-03  3.47230613e-04 -1.41508542e-02  3.11751980e-02
  3.89284119e-02  2.19868608e-02 -5.11233285e-02  8.15559849e-02
 -1.80430710e-02  2.74935234e-02  3.98788005e-02 -1.16351396e-02
  1.13586597e-02  5.53759076e-02 -4.51899506e-03  2.10582670e-02
 -5.15969284e-02  3.33579332e-02  1.28099578e-03  7.27577433e-02
  1.17495693e-02  4.81710024e-03 -4.41803932e-02  1.24342171e-02
  3.66345956e-03  4.40174788e-02  1.87794063e-02  3.31470147e-02
 -3.83659005e-02 -4.19775844e-02  1.30527292e-03 -1.15839094e-02
  1.66389979e-02  6.08440042e-02 -1.54819582e-02 -6.35239333e-02
  1.88606791e-02  1.71425920e-02  4.00485583e-02 -2.97340564e-02
 -2.42299233e-02 -2.17379946e-02  1.36933122e-02  2.85813324e-02
  2.83371471e-02  3.73796262e-02  9.77352820e-03  2.41202265e-02
  2.12683844e-07  3.07694785e-02 -1.24076651e-02  5.25186360e-02
  9.56657976e-02 -3.01591642e-02 -5.24940826e-02 -3.04388199e-02
  3.58497538e-02  2.02969816e-02 -4.14520204e-02  2.66840942e-02
 -3.98721471e-02 -4.62544896e-02  2.88757924e-02  6.41041696e-02
 -6.42316416e-02  9.91346594e-03 -1.80469323e-02 -6.67684004e-02
  8.33478943e-03  2.88521200e-02  1.02223502e-02  2.31259353e-02
  3.15449946e-02  1.76010281e-02 -1.02497013e-02 -1.81464627e-02
  1.56557038e-02 -6.12827530e-03 -4.45439965e-02  2.53262203e-02
  6.17346801e-02  8.56274180e-03  3.23575698e-02 -9.54435207e-03
 -1.61849689e-02 -5.73721481e-04  3.94904576e-02 -2.05912185e-03
  4.82726656e-02 -2.47180481e-02 -3.55268680e-02  1.33935716e-02
  2.45138444e-02  5.58989216e-03  3.09757353e-03  4.05672379e-02
  1.88175775e-02  3.33052427e-02 -3.36171873e-02  2.76575815e-02
  3.15849530e-03 -2.89201457e-03  8.64365837e-04  3.30144279e-02
  2.45496538e-02 -4.12481911e-02  1.33827673e-02  3.77277397e-02
  2.33692713e-02 -5.27352747e-03 -4.91361879e-02 -1.18059735e-03
 -3.04700490e-02 -5.52081317e-02 -2.20262241e-02 -1.28407106e-02
  1.37012315e-34  1.53071331e-02 -2.98249889e-02 -6.62484126e-06
 -4.24254425e-02 -2.21080687e-02  1.90871004e-02 -3.59730199e-02
  5.58760669e-03  2.34798354e-05 -1.21928779e-02 -1.01546561e-02]"
Country_strategic_planning,Country-level programme planning aligned to national priorities.,"[ 1.43110435e-02  6.51372075e-02 -3.11921211e-03 -1.22462735e-02
 -1.67447631e-03 -2.52722111e-02 -1.15758432e-02 -1.18766399e-02
 -4.96094674e-02  2.56938729e-02  8.39274153e-02  3.86560783e-02
  8.37453641e-03  5.38708568e-02  8.08371324e-03 -4.96160872e-02
  9.11945570e-03 -2.36217082e-02 -6.13303222e-02  3.07207238e-02
 -7.45739369e-03  4.68467688e-03 -2.41470356e-02  3.72687131e-02
  1.02555947e-02  2.58098803e-02 -3.58605757e-02  5.01275547e-02
  4.50290293e-02 -5.99725172e-02  1.98381636e-02 -3.63788828e-02
  9.71073657e-03 -7.25503117e-02  1.56708404e-06 -9.43793450e-03
 -3.60020474e-02 -1.34413615e-02 -6.47957483e-03  6.17799945e-02
 -8.94196704e-03 -4.58207428e-02 -1.06419940e-02  1.54058319e-02
 -4.26528044e-03  5.83497733e-02 -2.23674276e-03 -8.67296308e-02
 -1.43875852e-02 -6.89023873e-03  9.67164699e-04  1.31661296e-02
 -4.94877547e-02 -1.87787302e-02 -1.23442538e-01 -5.63360453e-02
 -2.48367582e-02  4.99839336e-02  7.16830269e-02  5.53923212e-02
 -3.91234411e-04 -3.32092606e-02 -2.79265903e-02  1.40203652e-03
  5.07581346e-02  2.21287515e-02 -1.72577780e-02 -8.27184971e-03
  1.20766005e-02 -1.03667742e-02  4.48066369e-02  6.41127117e-03
  5.87459020e-02 -4.41752188e-02 -5.47297951e-03 -6.19946197e-02
 -1.11439014e-02  4.46541514e-03  2.75346972e-02 -4.84856032e-03
  5.47683164e-02  7.19057536e-03 -1.41637428e-02  2.31246208e-03
  2.60946318e-03  5.98743670e-02 -3.10703851e-02 -1.90230031e-02
 -2.46467767e-03  1.38837025e-02  2.98529956e-02 -2.35562138e-02
  5.23191355e-02  2.19914950e-02 -1.06472708e-02 -4.50015366e-02
  6.42234161e-02  2.88537815e-02  2.88605280e-02 -8.15869123e-03
 -3.42755724e-04  2.77438350e-02  4.21137959e-02  1.67877823e-02
  5.40178083e-02  7.05829710e-02 -5.41024059e-02  1.84523407e-03
 -4.86441180e-02  4.44161221e-02 -1.94662735e-02  4.31942604e-02
  2.05787327e-02  1.26506612e-02 -5.68338037e-02  1.63624249e-02
 -6.32971823e-02  1.22965649e-02 -1.37385922e-02  2.41223760e-02
  5.07407077e-02  2.82988269e-02 -3.84075940e-02 -3.65271873e-04
 -5.50032873e-03  8.73132795e-02 -6.40669093e-02  5.78930825e-02
 -5.01893237e-02  6.77243099e-02 -1.48279974e-02 -1.72123238e-02
  1.27649289e-02  2.42224708e-02  1.15172835e-02  1.92043483e-02
 -6.40507648e-03  1.30909141e-02  1.06692472e-02 -5.61526511e-03
  3.80437262e-02  1.06581645e-02 -3.29805608e-03 -3.83362826e-03
 -2.70818435e-02  4.74919192e-03  2.03873422e-02  6.90176114e-02
 -1.08521413e-02 -8.14530719e-03 -3.58199775e-02 -7.13376105e-02
  4.19618227e-02 -8.09789822e-03 -3.70331146e-02  5.78178652e-02
  6.03536777e-02 -2.21305992e-02 -3.15172896e-02  5.37835024e-02
 -3.52018811e-02  3.28994431e-02 -1.29183680e-02  1.63427349e-02
 -2.91091017e-02  8.79017729e-03  6.08865060e-02 -1.06915385e-02
  1.08917709e-02 -1.17547764e-02 -3.53437103e-02 -5.21488190e-02
 -4.85992467e-04  8.11662748e-02 -2.87240632e-02 -1.74371190e-02
  5.25152721e-02 -1.03813380e-01 -3.13020647e-02  4.69115749e-02
 -6.45801201e-02 -8.59757215e-02 -1.53797492e-02 -3.36082419e-03
  1.03250183e-02  7.76541186e-03 -3.31496075e-03  2.85948906e-02
  7.29301525e-03  2.98313480e-02 -1.14125833e-02  2.24531628e-02
 -2.03248225e-02  1.68590900e-02  3.54799926e-02 -2.02750526e-02
  1.50225786e-02 -3.81487086e-02 -3.69278006e-02  3.50459777e-02
  8.85109138e-03 -1.11164050e-02 -5.72164059e-02  3.64936963e-02
 -2.30339188e-02 -4.30314019e-02 -6.22368231e-02  1.38267148e-02
 -2.24399213e-02  5.17081562e-03 -1.63620152e-02 -1.29553424e-02
  5.17938435e-02  4.93789725e-02 -2.68384796e-02 -1.99241992e-02
 -2.66531426e-02  2.16783043e-02 -2.80544497e-02  2.84340158e-02
 -4.73835170e-02  5.07252850e-02  1.21090505e-02  3.01769488e-02
 -4.38282266e-02  3.47961560e-02 -2.48793848e-02 -5.11701358e-03
  2.47319341e-02  6.67759702e-02 -1.56728365e-02  6.86305156e-03
  1.43309254e-02 -3.29163633e-02  8.01748186e-02 -7.33234882e-02
  6.44491389e-02  4.10770364e-02  1.38837658e-02 -6.77760914e-02
 -9.23685916e-03  1.64688081e-02 -1.66786592e-02  1.89706422e-02
  3.81312668e-02  7.78852627e-02 -1.49643393e-02  3.00926398e-02
  4.42599058e-02 -1.38649000e-02 -3.81688885e-02 -3.28952074e-02
 -1.10381553e-02 -2.08370443e-02 -2.42380667e-02  5.11518121e-02
 -6.25507236e-02 -2.02094838e-02 -4.82409075e-02  2.67717037e-02
  6.75016269e-02  1.38367899e-03 -3.69682275e-02  1.64129306e-02
  8.00468773e-02  1.40407856e-03 -1.42910413e-03 -7.44743571e-02
  8.64868797e-03 -1.10178515e-02 -4.35297657e-03  5.40005183e-03
  4.54710284e-03  1.26578612e-03 -1.96905658e-02 -5.09656128e-03
  3.68041471e-02  1.30726062e-02 -1.88430157e-02  2.35667452e-02
  5.76914623e-02 -3.12073249e-03 -3.80198238e-03  2.43693516e-02
  1.26021858e-02 -2.35486105e-02  4.63043116e-02 -6.65767789e-02
 -6.18332326e-02  3.66351791e-02 -2.26891730e-02 -2.55081188e-02
 -1.69133227e-02 -4.77180183e-02  1.34341849e-03  4.42695953e-02
 -2.08740737e-02 -2.78853942e-02 -5.29452339e-02 -2.62531638e-02
  7.95585886e-02 -1.73702389e-02 -2.34450512e-02 -4.07487713e-03
 -1.83662567e-02  7.70329461e-02  1.95062794e-02 -6.56019449e-02
  2.48420648e-02  2.56931428e-02 -3.42967138e-02  3.09757423e-02
  2.86667664e-02  2.77812476e-03 -4.58653085e-02 -1.89549737e-02
 -9.26849097e-02 -4.46340032e-02  2.10201684e-02  6.59755170e-02
 -6.15251111e-03 -2.25015171e-02 -4.49526906e-02  1.00518456e-02
  1.74529105e-02 -5.16012833e-02 -3.58772948e-02 -5.42168990e-02
 -2.26768963e-02 -3.73929664e-02 -1.97890028e-03 -6.39625117e-02
  1.01596359e-02 -2.43293382e-02  1.57202389e-02 -3.99018824e-02
  1.64470859e-02 -2.01672339e-03 -4.13097776e-02 -2.11008987e-03
 -7.38032609e-02 -7.03200251e-02 -2.86276396e-02  5.37540251e-03
  2.70191673e-02  1.08824251e-02 -5.19223139e-03  1.43289808e-02
  2.73260288e-02  3.54188569e-02  6.41601756e-02  8.45728889e-02
 -1.21848295e-02  9.92477639e-04  1.84861831e-02 -7.76055828e-02
 -2.27781199e-02 -2.22137067e-02 -2.17484105e-02  3.50509435e-02
 -7.08207488e-02 -1.07094748e-02  5.84726855e-02 -9.86553915e-03
  1.38001665e-02  3.99548635e-02  3.97127159e-02  3.90460901e-02
 -2.94536930e-02  6.54861033e-02  4.07476723e-02  3.84374037e-02
 -3.13272849e-02 -1.73598938e-02 -2.63163727e-02 -2.54296511e-02
  1.64019708e-02 -1.06467400e-02 -8.88958864e-04  3.03029525e-03
  2.00973842e-02 -5.75211737e-03  5.38273640e-02 -4.72687650e-03
 -1.69687215e-02 -5.07663116e-02 -1.17004421e-02 -7.07690045e-02
  3.08443252e-02  3.32092121e-02 -8.10520165e-03 -3.41902636e-02
 -1.45035768e-02  6.38770089e-02  1.70999318e-02 -1.03197072e-03
 -4.70915437e-02 -2.59631849e-03  1.69950984e-02 -5.55594161e-04
 -6.49938826e-03 -8.72578472e-02  1.14219328e-02 -5.53611806e-03
  3.50808203e-02  1.52964443e-02  2.00472418e-02  2.04407852e-02
  1.47056766e-03 -8.63860920e-03  3.36078107e-02  2.04927735e-02
  8.49591289e-03 -2.20509656e-02 -2.65509654e-02  6.71910075e-03
 -1.15902992e-02 -9.19830333e-03 -1.16905095e-02 -8.81356746e-03
 -4.57743332e-02  3.56260538e-02  1.35220727e-02 -2.63691321e-02
  3.86273675e-02  4.71811509e-03  4.54705320e-02  3.17374319e-02
 -1.00661628e-02 -4.93673943e-02  1.11191198e-02  2.49566026e-02
 -3.58213810e-03  1.86806135e-02 -3.57477553e-02 -1.84364282e-02
  2.79428512e-02 -4.65580598e-02  7.78679177e-03  6.08465336e-02
  4.56078649e-02  6.79901391e-02  7.99875800e-03 -1.38498098e-02
 -4.63967547e-02  1.36229219e-02  3.69258644e-03  3.49149331e-02
 -2.26406604e-02  2.32809279e-02  1.84486099e-02 -3.89968604e-02
 -9.04309750e-02 -3.10341176e-02  2.81063672e-02 -1.89882349e-02
 -6.97973371e-02 -1.23739485e-02  7.63175893e-04  5.32770008e-02
  4.32345783e-03  2.98132896e-02 -2.27431338e-02  4.95837033e-02
  2.01264787e-02  1.38328644e-02 -9.68269352e-03  4.95522395e-02
 -3.90302204e-03 -3.32567878e-02  3.59957330e-02 -2.28808727e-02
 -3.30121405e-02  2.81667300e-02  3.83915119e-02 -5.75623615e-03
  4.21458930e-02 -1.55965164e-02  1.24294749e-02  3.30453506e-03
  2.80220937e-02  6.90478757e-02 -1.34545267e-02 -6.26759455e-02
 -5.76798730e-02 -4.29969607e-03  1.37809766e-02  2.08200272e-02
 -1.58899762e-02 -2.35964288e-03  1.08132251e-02  4.82034724e-04
  1.61234308e-02 -1.65427029e-02 -2.22841594e-02 -2.91252676e-02
 -6.61785994e-03  5.22600040e-02 -4.95409267e-03  3.07357106e-02
  3.10136378e-02  2.90393624e-02 -3.54594504e-03  1.43710943e-02
 -2.53241807e-02  6.00835048e-02  1.12644518e-02 -9.43041500e-03
 -2.81204060e-02  1.20503278e-02 -4.04259283e-03  2.09748652e-03
  2.10620929e-02 -5.77723794e-02 -2.87960768e-02 -6.27137348e-02
  4.85441508e-03  3.78298387e-02 -5.95294163e-02 -2.76379287e-02
  2.57691108e-02  1.36759141e-02 -2.58666873e-02 -2.43228972e-02
 -1.07899904e-02 -3.90472971e-02 -5.36945323e-03 -9.87357460e-03
 -5.95669970e-02  1.40706003e-02  3.03231366e-02 -4.46868129e-02
  5.91835706e-03  2.46426482e-02 -1.30445715e-02 -4.53801565e-02
  3.19878869e-02  7.14846477e-02 -5.09759691e-03  2.87556089e-02
 -4.87479530e-02 -1.54316996e-03 -3.05155553e-02 -2.55582714e-03
 -4.69328426e-02 -1.16120605e-02 -8.31352919e-03 -9.10707787e-02
  4.13710950e-03 -3.94204371e-02  3.12829204e-03 -2.04057097e-02
 -4.02486399e-02 -3.11892759e-03  6.28619567e-02 -5.63419218e-33
  2.34032539e-03  2.01512482e-02  2.58277431e-02 -1.43762920e-02
 -2.48989966e-02  4.34660278e-02  1.07238460e-02 -2.02031410e-03
 -5.38498163e-02 -2.01538932e-02 -2.39623878e-02  2.07131822e-02
  2.35465374e-02 -2.53090765e-02  4.49620560e-02  4.74330671e-02
 -5.49870022e-02  3.61564793e-02 -5.82715031e-03 -5.48612922e-02
 -1.04304813e-02 -1.64577104e-02  8.41954723e-02  4.62784134e-02
  1.62264481e-02  6.12309016e-02 -4.08316171e-03  1.93000101e-02
  6.62335455e-02 -1.37665728e-02 -8.75614490e-03 -3.43801547e-03
  2.22062282e-02 -7.52408803e-02 -1.18584989e-03 -1.41396830e-02
  1.58297494e-02 -4.86933067e-02 -3.88866551e-02 -6.27231374e-02
 -3.43625471e-02 -1.05586080e-02 -2.01725271e-02  4.38513048e-02
 -5.53452037e-02  1.51845464e-03 -1.56960487e-02  1.23160230e-02
  1.98591966e-02  6.47650436e-02 -3.16242799e-02 -1.65638551e-02
 -1.31190876e-02  9.96535793e-02  3.27218249e-02  8.84431880e-03
 -2.01429985e-02  4.04250063e-02  2.99189445e-02  2.99120191e-02
 -3.98204960e-02  7.09199235e-02  3.52253802e-02  1.27434572e-02
 -7.53629655e-02  1.52884554e-02 -5.41719384e-02  1.17145823e-02
  7.12236390e-03 -2.01453697e-02 -1.65064558e-02 -1.83221661e-02
 -1.34360911e-02  4.10169689e-03 -1.62537452e-02  2.18750797e-02
 -4.95681092e-02  2.91089341e-02  3.65859307e-02  5.59300482e-02
 -3.91219407e-02  3.66166383e-02  2.08611768e-02 -2.00505815e-02
 -1.55133090e-03  7.02997379e-04 -1.90717801e-02  7.20457062e-02
  4.64223474e-02 -1.18292300e-02 -4.46400829e-02  1.26452103e-01
 -2.21615229e-02  4.27576294e-03  2.89267339e-02  7.61941299e-02
 -3.46322171e-02 -9.62802302e-03  6.27034158e-03  4.58114371e-02
 -8.53992775e-02 -6.49786927e-03 -1.80839673e-02  4.41156663e-02
  2.97689829e-02  2.90251411e-02 -5.01423329e-02 -6.10738583e-02
 -3.01513094e-02  1.37441391e-02 -2.52720043e-02  8.57384410e-03
 -3.57298590e-02 -2.41987668e-02 -1.21415220e-02 -4.63122427e-02
 -5.40147349e-03 -1.71847269e-02  1.98279638e-02 -5.49841709e-02
 -2.47162580e-03 -2.79760640e-02  4.62106755e-03  7.52758747e-03
 -1.02530709e-02  2.16978360e-02 -2.84586567e-02  4.56905924e-02
  3.82586545e-03 -5.03831916e-03 -4.93933074e-03  3.98850515e-02
  2.24970890e-07  1.72775257e-02  3.24930362e-02  3.73930037e-02
  4.46386598e-02 -7.61818280e-03 -4.30339910e-02 -2.42164861e-02
  4.07771617e-02 -1.18072971e-03  1.15697328e-02  4.75054793e-02
 -7.45675489e-02 -1.47364661e-02  4.57146997e-03 -1.40409889e-02
  4.33363207e-02  2.07961313e-02  3.13630663e-02 -8.24090913e-02
  5.00625744e-03 -2.96688396e-02  8.32440704e-03  1.26798265e-02
  2.28940435e-02 -3.45150242e-03  4.53267507e-02 -2.63971798e-02
 -2.24076826e-02  2.36456450e-02 -5.77941490e-03 -3.87351960e-02
 -1.87095068e-02  2.09125020e-02  3.58019546e-02 -1.89779140e-02
 -4.38637547e-02 -2.09208969e-02  9.56758410e-02  1.05127948e-03
 -1.62154343e-02 -5.84213547e-02 -2.81571387e-03 -1.23099722e-02
 -6.95261033e-03 -7.51950825e-03 -1.06334323e-02  5.13875345e-03
  6.81740716e-02  4.46424820e-02  1.26025798e-02  3.48112658e-02
  1.80662386e-02  1.35869663e-02  4.37265933e-02  2.94590532e-03
  1.69050302e-02 -2.88830027e-02  7.95017928e-03  5.51914386e-02
 -1.43497847e-02 -1.04394276e-02 -6.66824803e-02 -2.68632956e-02
  5.43471314e-02 -7.62678264e-03 -1.28912441e-02  2.15548612e-02
  1.55278396e-34 -4.46221381e-02 -3.78158689e-02  7.36995414e-03
 -8.84719715e-02 -4.96130623e-02  5.99011630e-02 -2.31858138e-02
  5.51298726e-03  1.19861327e-02 -1.65988915e-02 -1.97087172e-02]"
Social_Protection_and_Safety_Nets,Social safety nets and protection programmes improving household food access.,"[-4.56775762e-02  2.00638305e-02 -9.63905361e-03  1.21876982e-03
  9.71995667e-03  1.19167222e-02  4.09433097e-02  1.21491598e-02
  3.69699150e-02  1.48869446e-03  9.25864056e-02  1.79814659e-02
  1.14573911e-02  2.12416984e-02  5.14203310e-02 -2.51993742e-02
  2.90318504e-02  2.34378204e-02 -5.73063307e-02  7.26894476e-03
  1.26480488e-02  3.34082805e-02  3.79796214e-02  1.91532832e-03
 -2.37184186e-02  3.19260322e-02 -2.20359247e-02  3.73139791e-02
  2.26505846e-02 -3.13369967e-02  4.51074205e-02  3.71295437e-02
 -1.68944038e-02 -4.57847863e-02  1.59904960e-06  2.71359496e-02
 -7.26269325e-04  2.26410422e-02 -7.39070922e-02  2.61798371e-02
 -2.27593780e-02 -1.31468505e-01  2.25665513e-02  2.95753293e-02
  3.28533128e-02 -4.87829857e-02  5.83054647e-02 -1.78069028e-03
 -2.23898441e-02 -3.37460861e-02  3.35656516e-02 -3.81917618e-02
 -4.87106778e-02  3.98082770e-02 -3.89070436e-02  1.83614902e-02
 -1.51193924e-02  5.20056253e-03  2.44441815e-02 -4.75565568e-02
 -1.11848386e-02  3.93485762e-02 -1.43694635e-02 -7.99503736e-03
  4.81224135e-02  5.69746010e-02 -3.88756245e-02 -1.69449896e-02
 -1.02110663e-02  2.30964813e-02 -1.01591768e-02 -9.58449673e-03
 -3.00508123e-02 -1.18362345e-02 -4.44373749e-02  3.68633792e-02
  5.52482763e-03 -8.71258881e-03  1.23019246e-02 -2.20220890e-02
  4.67089899e-02  2.79381499e-02  1.06969485e-02  2.07190355e-03
  1.08854352e-02  4.71661799e-02 -2.89373323e-02 -1.34596890e-02
 -7.74288597e-03 -9.12697241e-03  2.12249830e-02  2.94895750e-03
  1.92435309e-02  2.13036090e-02  6.19282611e-02  4.11400059e-03
  2.49822456e-02 -5.74848615e-02 -1.88440103e-02 -4.07867916e-02
 -3.86206689e-03  5.20143509e-02 -7.42202401e-02 -2.51084566e-02
  3.56799476e-02 -3.13635208e-02 -6.72449917e-02 -1.43356938e-02
 -1.06639042e-02  6.01560958e-02 -4.54792567e-02  2.39495095e-02
 -1.27861779e-02 -2.90029822e-03 -3.10676754e-03  2.59885862e-02
 -1.69468969e-02  3.55824083e-02 -7.66496966e-03 -3.13955285e-02
  3.49994451e-02  4.04630788e-02 -1.58845410e-02  6.86444226e-04
  5.82395634e-03  3.43169495e-02 -4.78511304e-02  3.17779258e-02
 -1.43816788e-02 -5.06129451e-02 -4.12970036e-02 -1.55819524e-02
  2.00771377e-03  4.04485501e-03  3.35047208e-02 -7.05913920e-03
  5.78234205e-03 -3.41434255e-02 -7.33066127e-02 -2.50600874e-02
 -1.28885349e-02  3.07382122e-02 -1.44319674e-02 -4.58168797e-02
 -1.68009400e-02  3.18034440e-02  4.96843755e-02  2.33198479e-02
  4.95017022e-02  1.07037863e-02 -6.52198941e-02 -3.36838588e-02
  6.84049278e-02  4.87331767e-03  4.70980704e-02  4.55052443e-02
  1.65071245e-02 -2.53869798e-02  1.93820447e-02 -2.98249926e-02
 -6.59417827e-03  1.18079139e-02 -2.23212373e-02 -1.42080672e-02
 -4.59249020e-02  4.93048728e-02  2.62183622e-02  1.30726136e-02
 -1.39258038e-02 -5.82579821e-02 -5.26763638e-03 -1.45745920e-02
  8.55685677e-03  4.20946591e-02  6.44513443e-02  4.36533764e-02
  1.27920331e-02  4.42939326e-02 -2.69361231e-02  7.07717836e-02
 -2.67673731e-02 -2.38420237e-02  2.72664949e-02  2.05054358e-02
  3.57998186e-03  1.42502245e-02  1.43449092e-02 -5.99924363e-02
  1.70978643e-02 -3.49401049e-02 -9.03566834e-03  1.14988266e-02
  7.83617347e-02  2.14523040e-02  2.33524535e-02  6.70489250e-03
  3.22999945e-03 -3.60595472e-02 -4.94917519e-02 -1.20579954e-02
  2.64643263e-02 -7.09644258e-02  2.52073202e-02  1.34866219e-02
 -6.19714800e-03 -3.63786072e-02  1.17453504e-02  3.17132324e-02
  1.49736563e-02 -4.61410098e-02 -5.28343730e-02 -3.64853069e-03
  5.11002280e-02  2.65399199e-02 -3.46964747e-02  4.21306193e-02
  5.45189679e-02  3.69441397e-02  2.00607330e-02 -3.89905758e-02
  1.24538941e-02  6.72378764e-02  4.40095970e-03 -1.44406715e-02
  5.66598214e-02  7.16790110e-02 -3.07185296e-02 -2.33842097e-02
 -1.01218941e-02  3.97377415e-03  3.24049257e-02  2.81283967e-02
 -3.75172570e-02 -4.54058200e-02  2.90741082e-02 -1.59941353e-02
  9.45897948e-04  6.80275634e-03 -3.72422077e-02 -1.83191635e-02
 -8.19389243e-03  6.35090768e-02  3.23949791e-02  3.62424813e-02
  1.16210505e-02  5.24394959e-02 -4.07665707e-02 -2.71496288e-02
 -5.15073687e-02  3.95281278e-02 -4.62913327e-03  2.46810797e-03
  3.53453904e-02 -2.50253966e-03 -5.73292635e-02 -1.03036702e-01
  3.70336808e-02  1.59716830e-02 -3.70878167e-02  1.34337381e-01
 -6.77136332e-02  1.89641919e-02 -6.88461727e-03  4.06103581e-03
  7.63363838e-02 -3.96729447e-02  4.05863822e-02 -4.46740128e-02
  1.04357756e-03 -3.74477915e-02 -1.01025347e-02 -2.56556720e-02
  7.17309862e-03  3.18563208e-02  3.74566466e-02 -1.61938760e-02
  2.22854428e-02  7.61476578e-03  9.43739433e-03 -5.96137112e-03
  1.55755947e-03  1.70293334e-03 -1.29500525e-02  4.77527156e-02
  9.76358482e-04  1.74862565e-04  1.34761296e-02 -6.47532940e-02
  4.94459756e-02 -4.40001227e-02  5.40668070e-02 -1.29606463e-02
 -2.16281950e-03 -4.09846008e-02 -1.02109008e-01  4.38480563e-02
 -6.31613508e-02 -9.05152857e-02 -3.36152613e-02 -2.74032471e-03
  4.32023825e-03 -6.65920437e-04 -1.70774497e-02 -2.75603943e-02
 -5.41782798e-03  2.95126513e-02 -3.00636720e-02 -2.15661526e-02
 -5.74031938e-03 -3.87146473e-02  4.02446762e-02  1.02781449e-02
  3.61154857e-03  1.65421385e-02  5.95217496e-02 -3.33130546e-02
 -8.55009183e-02 -4.79142480e-02 -2.28348467e-02  2.25441735e-02
  1.84859298e-02 -2.04527006e-02 -7.88831934e-02 -9.42260679e-03
 -1.51501643e-02  9.32644960e-03 -4.47502881e-02 -4.37291078e-02
  1.75995287e-02 -2.03355104e-02  6.49600429e-03 -8.30234215e-02
 -4.38475562e-03 -1.02084605e-02 -1.50466645e-02 -2.97063217e-03
  3.13572935e-03 -3.64137813e-02 -5.61601222e-02 -1.69435199e-02
 -3.68730314e-02 -5.34839891e-02 -2.96232775e-02 -1.18037937e-02
 -1.91138126e-02  2.92529967e-02 -2.56560035e-02  2.84506232e-02
 -4.60874569e-03  4.44055460e-02  2.65597925e-02  3.15767862e-02
  2.54030153e-02 -2.88022719e-02 -7.29066553e-04  1.79162330e-03
 -7.59875998e-02 -5.33560440e-02 -4.60381992e-02 -3.83012891e-02
  7.36708008e-03 -9.11977049e-03  2.93510333e-02  3.44545059e-02
  2.76985671e-02  5.64986318e-02  1.34515036e-02  2.02697050e-02
 -1.94258860e-03 -3.48829012e-03 -6.74692215e-03  3.50014567e-02
 -3.27256247e-02  4.24850583e-02 -1.09227253e-02  8.03698599e-02
  1.63771510e-02 -9.74504091e-03 -2.91438587e-02  7.49137113e-03
  3.99084315e-02  1.06064593e-02  3.59997638e-02  3.64340469e-02
 -3.14201303e-02 -3.91999334e-02  1.41438883e-04 -8.13253596e-02
  6.81715831e-02  5.45942448e-02  1.72351561e-02 -4.94271107e-02
 -8.18795040e-02  9.38973352e-02 -2.02205731e-03 -3.90529213e-03
 -4.27030437e-02  3.67380213e-03  5.18354180e-04  1.72213707e-02
  5.45139005e-03  3.13481167e-02  4.22632433e-02 -6.65932149e-03
 -4.16627862e-02  5.86973950e-02  2.58939825e-02  1.21829025e-02
  1.20770456e-02  3.82897332e-02  4.55186926e-02 -4.01871428e-02
 -2.24338844e-02 -2.11662799e-02  5.48265986e-02 -4.48223017e-02
 -2.43376126e-03  3.01104859e-02 -1.36742871e-02  2.74440856e-03
 -6.14380289e-04  3.36914174e-02 -2.09182873e-02  1.27933454e-02
 -4.28658202e-02  1.61954965e-02  1.42450407e-02  2.19565649e-02
 -1.24171721e-02  3.62242409e-03  6.40200451e-02  4.94736321e-02
  1.09124966e-02 -1.08404979e-01  4.46337741e-03 -1.85394399e-02
  7.75140598e-02 -6.36359602e-02 -3.23134959e-02  5.19804098e-02
  3.84865776e-02  1.84069034e-02  1.81175601e-02 -1.76741276e-02
 -1.79086160e-02  3.54867764e-02  1.23024425e-02  2.55705919e-02
 -8.54979735e-03 -7.31831193e-02  1.18016321e-02  2.22776365e-02
 -2.48510316e-02 -1.32568385e-02  1.14789549e-02  6.05631666e-03
 -6.24678098e-02 -1.08155394e-02  9.22612567e-03  2.23605707e-02
 -6.75413013e-03  2.01928355e-02 -5.05997159e-04  5.93115250e-03
  1.26069309e-02 -8.48979969e-03  1.67291667e-02  4.52518873e-02
  7.92262983e-03  2.21761707e-02 -4.73872535e-02 -2.68612779e-03
 -1.70360692e-02  3.43174264e-02  6.99435249e-02 -3.89564298e-02
 -1.24996919e-02 -1.56251900e-02 -1.19724879e-02 -3.14465724e-02
 -1.68179534e-02  7.95143191e-03  2.13437416e-02 -8.48062932e-02
 -5.27955815e-02  1.30745280e-03 -5.11777960e-03  6.92205643e-03
 -1.02711637e-02  1.45069780e-02  2.44295318e-02  2.58432142e-02
 -5.47162630e-03  1.38494847e-02 -5.75653613e-02  7.01701120e-02
  9.89835151e-03  7.95482192e-03 -5.90569526e-02  3.30371819e-02
 -2.18967404e-02 -7.41711527e-04 -1.01503683e-02  1.53069980e-02
 -4.88678478e-02  2.45321263e-02 -1.10240094e-03  2.78980881e-02
  6.99961651e-03  5.24018053e-03  2.38052243e-03 -2.56636669e-03
  3.47247459e-02 -5.43189831e-02 -9.26979538e-03  2.85965037e-02
 -5.22259735e-02 -1.59197077e-02  8.86355620e-03 -1.07373428e-02
 -4.11422504e-03 -1.79391094e-02  3.10861208e-02 -2.82058045e-02
 -5.13216443e-02  1.10976435e-02 -2.97206771e-02  1.53563842e-02
  2.89338455e-02  1.05743539e-02  3.82674299e-02 -1.81528348e-02
  6.14807904e-02 -2.01968066e-02  3.80896516e-02 -4.40388247e-02
 -2.51923576e-02 -2.45483946e-02 -3.71694341e-02  1.08867018e-02
 -2.09296606e-02 -4.07277122e-02 -3.36412527e-02  1.13947541e-02
  1.99636109e-02  8.55232701e-02  3.96592468e-02 -4.75668199e-02
 -3.61641403e-03 -4.38150689e-02  1.16980297e-03 -5.76589303e-03
 -8.41206163e-02 -2.11194693e-03  1.91959757e-02 -5.14932390e-33
  7.58601492e-03 -7.30685368e-02  4.17949744e-02 -2.75415629e-02
  1.34449396e-02 -9.76959430e-03  3.57131921e-02 -5.77030843e-03
 -3.75605673e-02 -1.44975567e-02  1.13636013e-02  2.53025535e-02
  2.99819689e-02  6.30490156e-03  1.55958440e-02 -1.29294749e-02
 -3.77169773e-02  4.32757176e-02  1.05163148e-02 -7.79121295e-02
 -6.69692755e-02 -9.55516100e-03  3.53296986e-03  4.51694988e-02
  1.82373095e-02 -2.06599031e-02  2.71485988e-02 -3.46214026e-02
  5.43390177e-02 -3.34315822e-02 -5.64393122e-03  4.47724567e-04
  2.32029352e-02 -1.71796493e-02  2.26568189e-02  1.44929573e-01
 -1.14354845e-02 -3.42835262e-02 -1.37493089e-02 -3.85884680e-02
 -9.54742655e-02 -5.37902936e-02 -4.87412736e-02  7.19910115e-02
 -1.34123703e-02 -4.24779579e-03 -1.90050919e-02 -2.81654075e-02
  1.80534050e-02  9.76237003e-04  1.67607237e-02  2.13678777e-02
 -1.08762840e-02  4.84889857e-02 -2.04467047e-02  7.46203363e-02
  1.91600379e-02  2.36562528e-02  4.05819677e-02 -3.18300314e-02
 -4.99986038e-02  1.83690488e-02  2.60373466e-02 -6.84354827e-03
 -5.65576442e-02 -3.41031514e-02 -1.02902122e-01 -7.49255046e-02
  2.05883179e-02 -6.09548315e-02  1.96576156e-02 -5.39229773e-02
  8.86145607e-03 -4.65084333e-03 -5.94492722e-03 -6.90773735e-03
 -3.15686874e-02  3.36629152e-02 -1.43853202e-02 -3.44621204e-02
 -1.12926206e-02  5.20765036e-03 -1.92905795e-02  2.59116292e-02
 -9.34709907e-02 -1.57993361e-02 -7.06768129e-03  3.98193523e-02
  3.30199637e-02 -1.17386645e-03 -1.58851352e-02  6.33698776e-02
 -1.99174229e-02  8.68358165e-02  4.77199219e-02 -2.07060464e-02
  5.87754585e-02 -9.50602219e-02 -1.29555076e-04  2.64164135e-02
 -1.50077892e-02  3.74475960e-04  1.43926637e-02  9.28352326e-02
  3.58389840e-02 -2.68199984e-02  2.41111172e-03 -2.26451587e-02
  1.52327982e-03 -2.14031935e-02  1.89511385e-02  1.35848690e-02
 -1.44094592e-02  2.75238436e-02 -4.80918512e-02 -5.25947399e-02
 -5.28313220e-03 -8.57672654e-03  2.50684358e-02  1.15885604e-02
 -1.77359289e-05  3.62589806e-02 -1.38272215e-02 -4.62452732e-02
  3.23613361e-03  3.18046026e-02  6.16342062e-03  3.02492604e-02
  3.44851986e-02  6.32804586e-04  2.46147700e-02 -8.45883787e-03
  2.06770864e-07  1.49033619e-02  5.29394299e-02  3.25750336e-02
 -3.91115025e-02 -9.95176844e-03 -4.84915264e-03  3.75711545e-02
  8.55574235e-02 -2.00542491e-02  5.67598902e-02  4.58890647e-02
 -2.71230824e-02 -3.00591290e-02  5.15032094e-03  1.97589435e-02
 -3.24107558e-02 -5.33209601e-03  4.34524007e-02 -3.90944108e-02
  1.44365998e-02  6.03297502e-02  5.53610269e-03 -3.98329087e-03
  4.24420685e-02 -1.47466445e-02 -2.95720026e-02 -1.19401990e-02
 -2.97955994e-04 -1.15085738e-02 -5.62371835e-02  1.02467025e-02
  7.19269067e-02  3.34598403e-03 -3.04801278e-02 -5.28095178e-02
 -2.06927340e-02 -4.75006774e-02  2.93580201e-02 -9.80969332e-03
  1.63232423e-02 -5.87982573e-02 -8.32780730e-03 -2.31186748e-02
 -5.05532091e-03  1.57359261e-02 -8.10291544e-02  1.46942390e-02
  1.48278803e-01  1.79470368e-02  1.53071003e-03 -2.30272654e-02
 -5.06516593e-03  2.40339823e-02  1.77486092e-02  1.95932947e-02
 -1.63238849e-02  5.03068790e-03 -1.67155173e-02  1.36532634e-02
  1.70881245e-02 -1.31933764e-02 -4.48574945e-02 -1.78008676e-02
  4.38452000e-03 -5.25723509e-02  4.21771966e-03 -2.15151198e-02
  1.30540817e-34 -4.93987836e-03  8.32910184e-03 -2.45984644e-02
 -3.71611305e-02 -9.06534493e-03  1.87867859e-04 -2.09816732e-02
  1.92312598e-02  3.33015174e-02  1.30133377e-02  2.93071866e-02]"
Ambassadors_and_Celebrities,Public advocacy partnerships amplifying WFP mission through influential figures.,"[-1.90814212e-02  1.25744641e-01  8.04901030e-03  5.74860862e-03
  1.77994091e-02 -1.64189413e-02 -2.24800687e-02  2.00442635e-02
 -1.58491619e-02  9.11263935e-03  1.92382187e-02  5.25925830e-02
  1.94626711e-02  2.17933115e-02  1.01105319e-02 -2.62168366e-02
  9.05580586e-04  4.84707989e-02 -9.20077506e-03  2.48810817e-02
 -2.29839180e-02 -1.28816895e-03  6.39140420e-03  7.44346455e-02
 -2.74685752e-02 -5.62380850e-02 -3.48887895e-03  2.09948309e-02
  3.61494236e-02 -2.53480002e-02  1.80684049e-02 -6.63046027e-03
 -2.16138884e-02 -5.16620167e-02  1.70430053e-06 -2.38289535e-02
  2.01546848e-02  1.67482346e-02 -2.52182260e-02 -2.70272978e-02
 -7.95380548e-02 -1.92539599e-02 -5.60993366e-02  4.47346680e-02
  5.75846480e-03  5.45523502e-03  1.16216755e-02  4.52532843e-02
 -1.78007632e-02 -1.00480113e-02  2.03435384e-02  7.57924141e-03
 -1.83665641e-02  1.08301491e-02 -3.37541029e-02  1.06296234e-03
  2.37829052e-03 -7.21284226e-02 -1.56893115e-02 -5.75837120e-02
  1.56592019e-02  8.89436528e-03 -3.22769396e-02  2.05167048e-02
  1.01257944e-02  1.96223445e-02 -7.11896196e-02  2.81676855e-02
 -3.11189704e-02  4.34973389e-02  8.90523791e-02  2.07596198e-02
  1.41014056e-02  3.88011709e-02  2.53200531e-02 -2.93696090e-03
  2.89303791e-02  2.54163109e-02 -2.49079857e-02  9.02467780e-03
 -1.61583442e-03  7.44568184e-02  1.87025163e-02  1.37532251e-02
 -2.97223497e-03 -2.30828244e-02 -3.02460771e-02  2.75956304e-03
  3.16592939e-02  1.36730429e-02 -1.34421969e-02 -2.60811243e-02
  4.63014245e-02 -2.33468376e-02  5.90706803e-02  2.55280491e-02
  2.74759214e-02  1.94916781e-03  2.12725140e-02 -7.18740630e-04
 -3.24028917e-02  2.21520625e-02 -2.31437683e-02  2.68759858e-02
  2.58910544e-02 -1.04149496e-02 -5.19226715e-02 -1.20738130e-02
  1.84070307e-03  4.84708622e-02 -7.09200874e-02  4.30215597e-02
  2.23994744e-03 -1.97157077e-03 -7.44784847e-02 -4.52308543e-02
  1.49857849e-02  6.34599663e-03 -2.89464612e-02  6.90310374e-02
  1.26367190e-03  2.50275396e-02  3.41383889e-02  3.68758664e-02
  1.49563304e-03  1.08389638e-01  5.55804651e-03 -1.15799829e-02
 -3.10744792e-02  3.11150700e-02 -3.10862828e-02 -1.69384368e-02
  8.46397690e-03  3.14076655e-02  3.83937359e-02  5.30456975e-02
  2.10353881e-02 -2.09069699e-02 -1.97016485e-02 -1.90171655e-02
 -1.62298046e-02  1.79447308e-02 -2.56733764e-02 -2.24845093e-02
 -2.14893669e-02  2.52006017e-02  5.80356382e-02 -1.50411632e-02
  1.92721784e-02  1.98508333e-02  1.37917167e-02 -9.25796852e-03
  8.06030408e-02  1.19196083e-02  5.27795367e-02  3.86437476e-02
  3.74050029e-02 -2.11634971e-02 -9.02202539e-03 -9.49976500e-03
  2.17864215e-02  2.26285262e-03 -5.77269010e-02  4.03027870e-02
 -1.60114840e-02  4.14081626e-02  9.77734104e-02  1.39422975e-02
 -1.54487486e-03  8.92217550e-03 -1.68981298e-03  9.50282998e-03
 -1.36549165e-02  1.23169273e-02  1.82209369e-02  5.50935976e-02
  2.41783950e-02 -1.94366407e-02 -3.02333590e-02  1.47894388e-02
 -1.16274999e-02 -9.29695070e-02 -3.44312959e-03 -2.05338839e-02
 -3.97374202e-03 -9.82127525e-03 -1.57206133e-02  1.19959926e-02
 -2.02645063e-02  8.64661857e-03  5.98956540e-04  1.27080092e-02
  2.92627402e-02 -6.07874244e-03 -3.42357866e-02 -6.78616995e-03
 -8.48648474e-02  1.80801246e-02 -1.94712654e-02  1.30418930e-02
 -2.23466847e-03 -1.72293838e-02 -3.70367616e-02  3.87880728e-02
 -1.27691394e-02 -3.39254290e-02  2.43459344e-02 -5.18889800e-02
 -2.69858763e-02 -2.26061922e-02  1.32664070e-02  4.36294377e-02
 -1.06120547e-02  2.60497332e-02 -5.69153670e-03 -1.33468388e-02
 -3.86598520e-03  4.52331193e-02  9.88218308e-05  4.60944884e-02
 -9.56432894e-03 -3.14093828e-02 -6.20938614e-02  2.75533143e-02
  2.82430798e-02 -9.55920760e-03 -3.52874845e-02 -1.65786222e-03
  2.94678323e-02  6.29196092e-02  3.56515348e-02  2.34717429e-02
  4.47762059e-03 -4.34860103e-02  2.25354638e-02 -9.02611017e-03
  6.95035085e-02  4.49837372e-02  1.85238253e-02 -1.00237027e-01
 -4.88607883e-02  1.34474495e-02  1.62600670e-02  1.45849809e-02
  1.02244327e-02  6.02702647e-02  4.76277433e-02 -3.99629436e-02
 -3.45337540e-02  2.36168969e-02 -2.60444395e-02 -1.72123779e-02
 -1.63195506e-02 -1.39880227e-02 -3.31310183e-02 -2.58023273e-02
 -7.35556660e-03  1.01323370e-02 -3.58671322e-03  6.06455840e-02
 -1.13202892e-02  3.41030699e-03 -4.48922487e-03 -4.63046879e-03
  2.12134956e-03 -2.90745310e-02 -3.99228483e-02 -2.93035302e-02
  3.17584835e-02 -8.01573135e-03 -5.59347086e-02 -1.90007538e-02
 -3.35890381e-03  2.83340514e-02  5.02665453e-02  9.11742356e-03
 -3.13591063e-02 -2.59549320e-02 -1.08454162e-02  1.95187181e-02
  4.10246663e-02  4.09395583e-02  6.18765038e-03  4.74446602e-02
 -2.28201076e-02  1.72660109e-02  3.81973684e-02 -7.90304989e-02
 -2.60574598e-04 -5.25628291e-02 -4.93596457e-02 -2.30190959e-02
  2.95705739e-02 -1.34023540e-02  4.77099232e-02  5.24413437e-02
 -2.12029945e-02 -4.18766811e-02 -1.63832854e-03  8.21859092e-02
 -3.00637726e-02  4.98796664e-02  4.77549098e-02 -7.29731005e-03
  2.03415211e-02  1.90645957e-03 -3.18268090e-02  8.03446546e-02
  2.55805179e-02 -7.07985610e-02  9.83415078e-03  2.78093833e-02
  3.65840271e-02  3.78847285e-03  2.62148231e-02 -4.45065573e-02
 -2.78344024e-02 -7.07507133e-02 -1.47489933e-02 -6.56099990e-04
 -6.83777081e-03  1.38651878e-02 -3.07234041e-02  1.21101076e-02
  2.90089510e-02  2.34608836e-02 -5.21861902e-03 -2.09882353e-02
  6.66453689e-02 -2.12000534e-02  2.71750912e-02 -7.87426308e-02
 -3.32722999e-02  2.78385878e-02  5.55507466e-03 -4.78234030e-02
 -4.38591838e-02  2.80422419e-02  1.47866178e-02 -1.62991919e-02
 -3.05288490e-02 -1.32587496e-02 -2.47914419e-02 -3.00311726e-02
 -3.44591290e-02 -2.45393603e-03 -3.57695408e-02  1.00947460e-02
 -8.59085005e-03  3.75973321e-02  2.52376162e-02  5.05533032e-02
  9.96315572e-03 -2.03355011e-02 -2.76316963e-02 -8.56011137e-02
 -5.39976917e-02  1.74699295e-02  5.65922484e-02 -1.12521105e-01
 -6.94545582e-02 -4.68064994e-02  6.58130422e-02 -4.23943251e-02
 -1.74212251e-02 -3.50106917e-02  4.13835123e-02  2.80117802e-02
 -9.40993952e-04 -2.02007387e-02  4.96957563e-02  4.98108100e-03
  3.62683497e-02  7.39304349e-03  7.02890754e-03 -1.96982641e-02
  5.02062775e-02 -2.21483037e-02 -1.35752978e-02  6.82989694e-03
  2.37354152e-02 -5.94023727e-02  1.17716789e-02 -3.10937176e-03
 -3.01897954e-02 -7.26395547e-02 -5.56710996e-02 -6.44975826e-02
 -1.03285350e-02  5.78793734e-02 -4.05639922e-03  1.62265748e-01
  1.13214795e-02  3.21171060e-02 -8.84366035e-03  1.84145756e-02
  1.43340211e-02 -1.89298764e-02  2.93968301e-02  9.92965139e-03
 -6.55038841e-03  3.73856165e-02  6.31607100e-02  3.46442871e-02
 -5.51343756e-03 -2.65131384e-04  1.11637183e-01  3.28601785e-02
 -2.60571316e-02  1.80720743e-02  2.85466039e-03  1.63351782e-02
 -3.87543440e-02 -1.80365313e-02 -2.88750674e-03 -5.65579794e-02
 -3.84687856e-02 -1.46698169e-02  1.07465498e-02 -4.51622233e-02
  2.46293307e-03 -2.79859779e-03 -1.18745435e-02 -2.90184915e-02
 -2.26972569e-02  7.60233076e-03  2.67809443e-02  1.82179213e-02
  3.62691768e-02 -4.01058011e-02  2.25666421e-03  5.03727719e-02
  1.62297860e-02  3.24488990e-02  5.61141036e-02 -3.38375829e-02
 -1.59117114e-02  3.24858017e-02  1.43121295e-02  1.03683136e-02
  2.60614734e-02  5.63154630e-02  4.06817086e-02  4.44695214e-03
  2.39415541e-02  1.98919475e-02 -2.92319991e-03  4.33367714e-02
  1.40145076e-02 -1.34385703e-02  3.84355187e-02  3.34165022e-02
 -3.76044512e-02  2.66762590e-03  3.91642489e-02 -3.12705226e-02
  3.52606885e-02  2.17407495e-02  2.37675980e-02 -2.29376480e-02
 -5.13942279e-02  1.78126972e-02 -1.79604907e-02  2.78054103e-02
  8.60919952e-02 -2.28644572e-02  1.24098644e-01  1.59692522e-02
  2.11343244e-02 -1.33269234e-02  2.85502151e-02  9.58671980e-03
 -2.74523105e-02  1.73846576e-02 -1.50262173e-02  2.67838817e-02
 -8.23058560e-03  1.57701988e-02 -9.20449011e-03  9.92789771e-03
  1.26093896e-02 -1.62163228e-02 -3.01040336e-02 -6.62892759e-02
 -1.27348099e-02 -4.75370884e-02 -8.35722685e-03 -3.59412469e-02
 -4.43025082e-02  1.83295249e-03  9.60529223e-03  1.97127201e-02
 -1.07341725e-02 -5.67909051e-03 -1.91188641e-02  1.00096859e-01
 -1.78865995e-02  7.03675374e-02 -2.57049203e-02 -6.61170855e-03
 -4.25503887e-02 -4.24945801e-02  1.61973666e-03  2.27029044e-02
 -5.56375692e-03  1.44020664e-02  1.31812282e-02 -1.25135593e-02
  1.37132136e-02 -1.01774829e-02 -8.52274746e-02  2.49495469e-02
 -2.50514634e-02 -7.50351772e-02  2.35502888e-02  8.10439978e-03
 -6.32241508e-03  2.91360971e-02  5.46480995e-04 -2.12331135e-02
  2.65896111e-03  6.02607941e-03 -2.30345242e-02 -4.34861965e-02
  2.19076164e-02  6.90956563e-02  2.78327204e-02 -9.07376315e-03
 -3.94166484e-02 -5.75280488e-02 -3.84142846e-02  2.81793848e-02
  1.20903803e-02 -7.16864923e-03  8.70053470e-03 -9.34993178e-02
  8.36739596e-03  1.30581800e-02 -2.66016508e-03  4.10926044e-02
 -5.34924939e-02  3.87036391e-02  3.83266881e-02 -1.57536324e-02
 -3.91955525e-02  1.33648561e-02 -5.06993309e-02 -4.48456146e-02
  4.75226855e-03  1.29609257e-02 -3.39230895e-02 -4.13131081e-02
  8.61244742e-03 -1.38297966e-02  1.02967858e-01 -5.44209252e-33
  3.08888406e-02 -3.34620327e-02  1.75474845e-02 -1.69822574e-02
 -9.62214917e-02  5.33786342e-02  9.70262010e-03  7.08436593e-03
 -8.69673910e-04  4.61490825e-03 -1.57865547e-02 -6.93958346e-03
  3.20155360e-02 -1.66344959e-02 -4.05020006e-02 -1.69246718e-02
  1.88647937e-02  5.63266166e-02  1.27417995e-02 -4.13640998e-02
 -2.72865053e-02  4.96327411e-03 -5.09159006e-02 -3.15621197e-02
  2.83211097e-02 -4.26550768e-03 -2.90480368e-02 -1.47114499e-02
  8.64545628e-02 -2.35820990e-02  1.74076762e-02  1.53450202e-02
 -2.00410280e-02 -5.72021492e-02 -9.00352187e-03  4.44023125e-02
 -5.92014519e-03  4.26466279e-02  6.40597707e-03 -6.11277781e-02
 -6.19334690e-02  3.33273485e-02  7.88040739e-03  7.66104739e-03
  1.18612526e-02  1.58305783e-02 -8.29694385e-04 -2.18135938e-02
  1.67580340e-02  9.00656730e-02 -4.81743850e-02 -1.56689417e-02
 -1.12250159e-02  9.35284942e-02 -5.33297323e-02 -9.02523175e-02
 -6.05649836e-02  5.13782352e-02 -3.43855582e-02 -9.70742032e-02
 -1.70311611e-02 -1.62495486e-02  4.42426987e-02  4.32854667e-02
  3.26984748e-03 -4.04464407e-03 -4.40136343e-02  6.08719420e-03
  1.54982349e-02 -4.38433029e-02 -1.19256396e-02 -9.87896323e-03
 -3.50771029e-03  7.54351988e-02 -8.54027867e-02 -2.35482492e-02
 -3.31233740e-02  6.82657119e-03  1.92491859e-02 -7.64526576e-02
 -5.12582948e-03 -4.23239134e-02  9.85876191e-03  1.09813744e-02
 -3.87319364e-02 -2.86881085e-02 -1.51736650e-03  4.32360284e-02
  9.00633167e-03 -2.62799580e-02 -2.77724490e-02  8.70409906e-02
 -2.08189413e-02 -1.36470525e-02  3.43279317e-02  5.04494971e-03
  1.36977937e-02  2.91392524e-02  1.76406056e-02  1.06496327e-02
 -7.78262168e-02  4.69231606e-02 -4.13628928e-02  4.51023467e-02
  3.37507315e-02 -3.91977979e-03  7.64822727e-03 -5.36614768e-02
 -3.44286524e-02 -9.15555749e-03 -1.18168518e-02 -1.74982101e-02
  2.93137250e-03 -3.42550427e-02 -1.33960284e-02 -4.51180525e-02
 -2.73662736e-03 -4.73314263e-02 -9.70930979e-03 -1.44063169e-02
  4.01629359e-02 -3.18700913e-04 -1.78080760e-02  1.04818698e-02
 -1.00623854e-01  8.46827496e-03  5.83572835e-02  6.94358125e-02
  9.54221934e-03 -8.53273552e-03  1.48006519e-02 -4.91627716e-02
  2.27527963e-07  5.88338040e-02 -1.56417470e-02  4.37793843e-02
  5.10767475e-03  1.45113645e-02 -4.26580086e-02 -1.94238704e-02
  4.10075933e-02 -2.08774339e-02 -6.75560087e-02  6.85283914e-02
 -1.21836830e-03 -2.53048185e-02 -1.72679760e-02  9.66878328e-03
  5.88770024e-02 -1.14414869e-02 -1.57718826e-02 -4.09982204e-02
  3.59884603e-03 -5.94093427e-02  2.37229303e-03  9.55038797e-03
  2.57125031e-02  4.43674885e-02  4.85588089e-02  2.73004919e-02
 -2.16796361e-02  3.07730567e-02 -2.50226185e-02 -4.82023843e-02
 -1.25397276e-02 -4.10563080e-03 -4.10219543e-02 -5.55693544e-02
 -7.71278935e-03 -1.96186937e-02  5.23926467e-02 -2.00646953e-03
 -2.26153787e-02 -5.75910136e-02 -9.57479700e-04 -3.26456763e-02
  3.39406356e-03 -1.27216857e-02 -2.86304653e-02 -3.99373770e-02
  5.32176122e-02 -2.59544402e-02 -2.48780288e-03 -3.32448184e-02
  3.38179208e-02 -1.12379277e-02  6.94178343e-02 -7.16942409e-03
  1.16506582e-02 -1.26260789e-02  1.31567465e-02  4.46360037e-02
 -8.08449388e-02 -7.81897362e-03 -3.54560763e-02  3.10038608e-02
 -3.10704056e-02 -2.31782794e-02  1.59990985e-03 -8.11257400e-03
  1.95011344e-34 -1.86974043e-03 -3.02307718e-02  3.25615965e-02
 -4.97294441e-02 -1.74981989e-02  2.32762825e-02 -6.25996664e-02
 -1.52980695e-02  1.05895959e-02 -7.80543033e-03  1.29225450e-02]"
Food_Security_Cluster,Coordination mechanisms managing food security response among humanitarian actors.,"[ 5.69024011e-02 -2.13239202e-03  7.79248914e-03 -2.73148511e-02
 -1.10826222e-02 -5.67226484e-02  2.91471519e-02  1.25507440e-03
  1.95132997e-02  1.22070722e-02  3.01352013e-02  1.68757346e-02
  2.60927645e-03 -1.19058248e-02  1.47850355e-02 -1.62285138e-02
  1.84162781e-02 -2.27791369e-02 -1.70202591e-02  6.35506958e-03
 -6.20905217e-03 -3.45600653e-03  1.16659189e-02  2.17821095e-02
  1.38613991e-02  1.65398587e-02 -3.67742181e-02  3.33711877e-02
  3.11213918e-02 -4.53049429e-02  5.37665151e-02 -1.64553765e-02
 -3.08392644e-02 -9.67250541e-02  1.26712803e-06  3.38546582e-03
 -2.03724187e-02  1.09810773e-02 -6.04142919e-02  1.54910013e-02
 -2.09941305e-02 -1.12481192e-01 -1.21368021e-02  1.27876261e-02
  2.77928896e-02  1.47849666e-02  3.42168733e-02 -3.67129482e-02
  1.89211350e-02 -1.82120353e-02  3.49686109e-02 -5.13142869e-02
 -3.19114178e-02  2.59349830e-02 -1.20289460e-01  1.57003663e-02
 -5.03742648e-03 -1.91652738e-02  5.19981124e-02  2.47744713e-02
  1.22888479e-02  3.78175899e-02 -8.48898385e-03  4.96582687e-02
 -1.88709274e-02  2.41549890e-02 -3.32355835e-02  2.05843188e-02
 -1.63638294e-02  2.43187672e-03  6.62236810e-02  3.56297977e-02
  2.44072229e-02 -4.81686881e-03  2.80875713e-02  2.71010939e-02
  2.77976878e-02 -4.00225744e-02 -7.27477111e-03 -2.56044473e-02
  3.46669927e-02  2.53225043e-02  1.11247413e-02  8.15634988e-03
 -6.22675614e-03  4.96788956e-02 -3.66098918e-02 -1.70210153e-02
 -8.37162286e-02  3.47779947e-04 -1.99586935e-02 -7.75376393e-05
  1.79040153e-02  8.52833912e-02 -3.11727989e-02 -4.44092415e-02
  6.30570352e-02 -2.47398596e-02  2.04522852e-02 -5.88221066e-02
 -1.50583182e-02  2.56875642e-02 -3.98674309e-02  8.58487841e-03
  7.16838464e-02 -1.45476544e-02 -2.64871158e-02  3.77645567e-02
  8.98987637e-04  2.13644579e-02 -9.07446295e-02  1.77560095e-02
  1.34069975e-02  3.01833339e-02 -1.05635468e-02  2.52369214e-02
  6.55262731e-03 -2.94762105e-02 -2.62543578e-02 -2.21706536e-02
  3.50653715e-02  4.69711833e-02  1.51615459e-02  3.44059337e-03
 -2.98932679e-02  8.28202814e-02 -4.32594353e-03  4.79296483e-02
  6.02206821e-03 -2.19212808e-02 -1.68643501e-02 -5.73938116e-02
  1.95181575e-02  3.95652466e-02  2.71770335e-03  6.71020076e-02
 -1.19060902e-02  5.22317775e-02 -1.48004107e-02 -8.04170314e-03
 -9.12949443e-03 -1.07904691e-02 -6.43155575e-02 -1.53568555e-02
  3.48957516e-02  4.54600975e-02  1.81819182e-02  3.87961529e-02
  2.13269498e-02  1.73120499e-02 -5.91902882e-02 -4.01859805e-02
  5.27872704e-02  1.64471548e-02 -5.87533042e-03  3.76469269e-02
  3.58176371e-03 -1.71212945e-02 -1.08091710e-02 -3.23814666e-03
 -1.43252071e-02  2.78438441e-02  1.27841812e-02 -2.93141603e-03
 -5.44924140e-02  4.42136303e-02  2.10732333e-02 -1.32136326e-03
 -1.16669601e-02  7.76097598e-03  2.59194672e-02 -4.24220376e-02
  2.90114228e-02  1.18598873e-02  4.70996499e-02  2.12628618e-02
  7.54085090e-03  2.34875391e-04  6.48773694e-03  6.43366277e-02
 -3.21412794e-02  2.20957282e-03 -3.10803726e-02  1.84839815e-02
 -1.78863276e-02  6.73052156e-03  1.54101821e-02  7.03697884e-03
 -2.67377850e-02  1.12614613e-02  1.84674107e-03  3.50355580e-02
 -4.75911284e-03  1.78728718e-02 -2.76349634e-02  2.08378751e-02
  3.47392075e-02 -3.89694348e-02 -2.99758185e-02 -9.32554191e-04
  6.00816905e-02 -4.06313166e-02 -2.78563481e-02  5.16666658e-02
  1.61883067e-02 -2.32231449e-02 -3.70755717e-02  1.42527875e-02
  3.30057857e-03 -5.95643707e-02 -2.66696513e-02  4.65060659e-02
  9.12177749e-03  2.96351667e-02 -3.28661464e-02  3.37817781e-02
  3.94567065e-02  5.74116036e-02 -7.05819279e-02  5.32830842e-02
 -3.91774289e-02  5.47414646e-02 -7.49076670e-03 -8.43791524e-04
  3.30223888e-02  6.05066828e-02 -1.66580621e-02  2.71068737e-02
 -1.50025161e-02 -2.25353101e-03  5.75372167e-02  5.28553165e-02
 -5.27579570e-03 -1.07370957e-03  3.16868462e-02 -1.65314563e-02
  7.94244185e-02  5.12220338e-02 -2.76384596e-03  1.15538333e-02
 -1.40047455e-02  9.96060576e-03  3.02491114e-02  3.10287788e-03
  4.96107787e-02  1.15314551e-01  1.75672565e-02 -2.37516444e-02
  2.83748470e-02  4.81961928e-02  4.46682312e-02 -2.03449302e-03
 -1.23900194e-02  6.84142392e-03  2.28675865e-02 -8.04690868e-02
  3.08612995e-02  2.91319960e-03  1.22805629e-02  1.04949556e-01
  3.40645611e-02  9.02595639e-04  1.49847036e-02 -7.09501095e-03
  1.27385203e-02  1.46746999e-02 -5.32065071e-02  1.44663267e-02
  4.18610387e-02 -8.31174105e-03  1.28050586e-02  8.32559261e-03
  7.31076673e-03  1.85203943e-02  5.66914976e-02 -1.54864639e-02
  1.66735426e-02  2.13966705e-04 -2.73330528e-02 -2.05863845e-02
  2.59073824e-02  1.58272795e-02 -1.82431303e-02  6.22529984e-02
  1.75223760e-02  2.26941449e-03  6.96290145e-03 -8.44855309e-02
  2.95921532e-03 -5.02743907e-02 -7.09517300e-02  3.04357545e-03
  6.65056112e-04 -9.73930731e-02 -7.76613504e-03  1.64311118e-02
 -4.80068736e-02 -8.62552747e-02 -9.41283256e-03  6.12468347e-02
  3.71125378e-02 -2.58210916e-02 -8.89860187e-03  7.90022314e-03
 -5.79630472e-02 -5.21159992e-02 -4.18681540e-02  2.23354567e-02
 -1.86172761e-02 -2.20535416e-02  5.27355121e-03  3.20139043e-02
  5.59584238e-02 -9.14378837e-02  3.63354906e-02 -1.65650435e-02
 -1.97506920e-02 -1.38876298e-02  4.98915799e-02  3.86348367e-02
 -3.42388824e-02  3.66055965e-02 -5.91030195e-02  6.85398979e-03
 -4.54310514e-03  1.73784029e-02 -1.05787376e-02 -6.63514435e-02
  8.93309899e-03 -3.15604620e-02 -2.08743215e-02 -2.72231363e-02
  3.65190720e-03 -1.28629496e-02 -3.23109515e-02 -1.82821658e-02
 -4.39607911e-02 -8.70994925e-02 -4.07643355e-02  1.53953033e-02
 -3.76543887e-02 -7.66522996e-03  2.25746632e-02  5.99466302e-02
  9.47787240e-03  3.86705957e-02  1.11034429e-02  5.33356294e-02
 -6.20164983e-02  3.22266370e-02  8.59533176e-02  1.58555228e-02
  1.65310856e-02 -5.66213205e-02 -4.90897223e-02 -2.26652063e-02
 -1.00320116e-01 -2.10893694e-02  4.15133894e-04 -4.12003398e-02
  2.03343501e-04  3.74344556e-04  2.76917648e-02 -5.79065755e-02
 -3.83580476e-03  2.31398325e-02  5.24062663e-02  6.54479936e-02
  1.31191090e-02  1.11821834e-02  5.70239546e-03  4.74846512e-02
  6.72681862e-03  2.99716890e-02 -8.84499867e-03 -1.30016804e-02
 -3.22468812e-03 -2.15483457e-02 -3.26710865e-02 -1.81107875e-02
 -2.54231505e-03  1.61580127e-02  3.37901451e-02  1.02204941e-02
 -7.67872408e-02 -8.85728002e-02 -7.03911185e-02 -3.84294838e-02
  2.19859853e-02  8.34348127e-02 -4.46890335e-04 -2.89211273e-02
 -3.97988036e-02  6.39639497e-02  5.83262779e-02  2.24903729e-02
 -2.39867475e-02 -2.50996649e-02 -1.70233641e-02 -8.32131971e-03
  1.63217504e-02  1.61277615e-02  5.53305335e-02 -2.57137883e-02
 -6.16261810e-02  2.80309692e-02  7.17462152e-02  2.66993586e-02
  1.62579324e-02  6.54979572e-02  2.63036042e-02 -2.31676772e-02
  7.29285134e-03  2.44313926e-02  6.61255652e-03  2.27864226e-03
 -3.33009325e-02  3.95600125e-03 -7.45778754e-02 -2.47069001e-02
 -3.01769488e-02  1.33188181e-02  3.42645384e-02 -1.62227396e-02
  1.00331265e-03 -1.12702018e-02 -1.79107301e-03  4.88458425e-02
  6.19156286e-03 -2.92693898e-02  3.00363842e-02 -3.45082805e-02
  2.77001485e-02 -2.05495730e-02 -4.31254990e-02  4.51789908e-02
  4.92225625e-02 -3.58713306e-02 -5.43845966e-02  4.25072759e-02
  1.77626815e-02 -1.65643962e-03 -3.71056190e-03 -1.59901865e-02
  4.72217938e-03  1.72661580e-02  1.08533949e-02  3.88037115e-02
 -4.10969071e-02  1.92096587e-02  4.01503313e-03  1.50696589e-02
 -4.15139608e-02 -2.43583061e-02  1.09849432e-02  1.86142977e-03
  4.63804975e-02 -1.58805009e-02  1.87559432e-04 -2.73707006e-02
 -8.68780725e-03  1.43234348e-02 -1.83124281e-02  4.82656695e-02
  1.73658400e-03 -1.74678527e-02  3.51063944e-02  8.73596501e-03
  1.42096980e-02 -1.79870687e-02 -1.35864364e-02 -1.85180306e-02
 -7.30563281e-03  3.07311937e-02  5.89186735e-02  2.19314229e-02
 -4.13206080e-03 -4.49618958e-02 -1.93139259e-02  2.23949533e-02
 -7.13946968e-02  1.80217233e-02  4.56630699e-02 -6.47869483e-02
 -4.64739557e-03 -4.29827757e-02 -2.10225619e-02 -3.06671429e-02
 -7.95253832e-03  2.36253291e-02  1.58141751e-03 -9.03136376e-03
  2.43130848e-02  1.88768730e-02 -5.46433367e-02 -2.31598402e-04
  4.46040854e-02  5.65536600e-03 -4.27058190e-02  3.41953477e-04
 -1.93348825e-02  3.32265757e-02  2.02093855e-03 -4.19158377e-02
 -1.19138584e-02 -1.86377540e-02  1.07049774e-02 -1.41129619e-03
 -9.30836052e-03  2.89811976e-02  1.10415008e-03  2.80178711e-02
 -2.70705987e-02 -6.06977753e-02 -1.97413489e-02 -3.16346670e-03
  6.78300858e-03  3.71817127e-02 -6.21911883e-02 -2.87591685e-02
  4.97277174e-03 -3.71184722e-02  2.37594023e-02 -4.41217795e-02
 -1.30873797e-02  4.28282283e-03 -1.75232943e-02  3.10461558e-02
  1.63513403e-02 -1.83019638e-02 -4.07288373e-02 -2.99962536e-02
  9.54283634e-04 -6.13890821e-03  4.31324579e-02 -4.78049479e-02
 -8.24381784e-03 -8.16067215e-03  3.38652469e-02  4.68577109e-02
 -2.41926983e-02  1.83362514e-02  1.46287056e-02  8.35377816e-03
 -4.67684194e-02  3.42220180e-02 -5.06695434e-02 -6.12432808e-02
  1.51716149e-03  4.17031944e-02 -1.84664167e-02  8.02924111e-03
 -5.56050278e-02  4.60494217e-03  3.00161671e-02 -5.66877706e-33
  1.70876402e-02 -4.16246913e-02  4.34465194e-03 -3.78338248e-02
 -1.73097700e-02  2.52064988e-02 -9.47174057e-03 -8.99874140e-03
 -3.24017778e-02 -3.29487994e-02  5.30257309e-03 -1.19558116e-02
  5.80436550e-02  1.99596514e-03  2.24634651e-02 -3.50419953e-02
 -6.23675622e-02  2.75239926e-02  4.64776502e-04 -7.67897889e-02
 -2.64295172e-02 -5.94796566e-03  5.33182640e-03  5.54574020e-02
 -2.18010582e-02 -5.97410351e-02  4.99536656e-03 -1.95589457e-02
  3.81892025e-02  8.72395746e-03 -1.07078208e-02 -3.69870923e-02
  6.78719394e-03 -5.88985458e-02  5.39732724e-03 -5.37760882e-03
  1.33167403e-02  9.45648458e-03  1.94542680e-03 -5.50710559e-02
 -6.58128485e-02 -5.59953935e-02 -4.80660684e-02  3.29392627e-02
 -8.34405515e-03 -3.24324355e-03 -1.02635399e-02 -1.88223999e-02
 -2.29907371e-02  6.78599626e-02 -3.32721323e-02 -4.53635771e-03
 -3.73334214e-02  3.50974724e-02 -4.34286594e-02  5.94253466e-02
 -2.30844431e-02  2.57432815e-02  1.48609113e-02 -3.74155529e-02
 -6.13981038e-02  2.79108621e-02  1.59740038e-02  6.33057132e-02
 -2.08674017e-02  2.48747598e-02 -1.05152950e-01 -2.52667330e-02
  8.91763484e-04 -7.17770532e-02 -7.57073164e-02 -7.50892656e-03
  6.10076915e-03  6.12017587e-02 -3.15322988e-02 -3.69027928e-02
  4.50289808e-03  2.89372467e-02 -9.62189585e-02  8.38503242e-03
 -9.26940702e-03  3.28394212e-02  1.27328886e-02  2.30494514e-02
  1.85865816e-02 -6.25571534e-02 -3.99039648e-02  1.92518514e-02
 -1.54948039e-02  2.16129906e-02 -2.11857073e-02  6.54050037e-02
 -1.84308719e-02  1.04250856e-01  7.98354074e-02 -1.93057640e-03
  4.31723855e-02  5.82668483e-02  1.16428509e-02  1.53267346e-02
 -3.60949263e-02  2.71241572e-02  1.20027899e-03  1.93731133e-02
  2.94145406e-03  2.33142334e-03 -4.00729552e-02 -3.39091979e-02
  5.24275750e-02 -4.23113909e-03 -1.97323300e-02  3.36610079e-02
  7.13395467e-03 -6.13581836e-02 -7.25777373e-02 -3.74053419e-02
  2.13625487e-02 -4.86395247e-02  8.95804260e-04 -8.12003314e-02
  4.18725163e-02  6.54906705e-02 -2.34393589e-03 -2.01474931e-02
  4.86932276e-03  4.47962619e-02 -1.81276035e-02  6.66814297e-03
 -6.24196827e-02  5.23002669e-02  1.23018241e-02 -2.11744849e-03
  2.00449449e-07  5.76646775e-02 -2.64600795e-02  7.51134902e-02
 -2.20639911e-02  1.80580318e-02 -5.52703254e-02 -2.99322628e-03
  8.57212171e-02 -2.70840200e-03 -3.91683467e-02  4.80254218e-02
 -9.70635377e-03  4.83059557e-03  1.29608819e-02  6.87198564e-02
 -8.27535230e-04  2.70854104e-02  3.55338901e-02 -2.60836370e-02
 -5.57780303e-02  1.20185632e-02 -3.49501148e-02 -2.71404684e-02
  8.72110762e-03 -4.29087952e-02  2.20983122e-02  2.88148895e-02
 -5.13198599e-02  5.16483735e-04 -9.36705712e-03 -1.15818363e-02
 -5.01174247e-03  2.64174379e-02 -2.51576137e-02  2.98007420e-04
 -6.22636713e-02 -1.31185222e-02  2.45583430e-02  2.72921403e-03
 -5.35260290e-02 -8.27248096e-02 -3.10547892e-02 -2.40208711e-02
 -2.41841562e-02 -9.51648783e-03 -3.56811769e-02  1.84909124e-02
  8.77712667e-02  6.50761509e-03  3.27771753e-02  3.01079545e-03
  2.19023917e-02  5.14474995e-02  8.94320607e-02 -7.33023556e-03
  8.71324632e-03  1.04792472e-02  4.06450704e-02  3.63044925e-02
  4.37152805e-03 -2.41734292e-02 -4.22505103e-02 -1.11215292e-02
 -3.25725637e-02 -2.57437844e-02  2.13839971e-02  4.91663888e-02
  6.24598005e-35 -1.07297003e-02 -4.55619879e-02  1.58870686e-02
 -3.94629985e-02 -1.51810478e-02  3.63895185e-02 -9.88680869e-02
 -5.25827380e-03  5.00789732e-02  4.87584388e-03  2.62028258e-02]"
Sustainable_development_goals,Alignment to UN SDG framework driving sustainable food security programming.,"[ 1.66026759e-04  8.02406371e-02  3.40175000e-03 -2.53327005e-02
  4.98620756e-02 -1.23741049e-02 -7.86035322e-03 -4.25622538e-02
  1.47681320e-04  1.27103841e-02  8.29072818e-02  6.62044585e-02
  1.23423468e-02  8.35954025e-02  3.25696245e-02  2.56134719e-02
  7.01181889e-02  1.92783773e-02 -3.77066322e-02  4.26628180e-02
 -1.23549821e-02 -3.93548375e-03  1.15859248e-02  4.52871341e-03
 -6.94917068e-02 -4.27650101e-03 -3.92590873e-02  1.00937910e-01
 -2.45098434e-02 -5.08289523e-02  1.10927708e-02 -9.11857095e-03
 -2.76780091e-02 -5.89962192e-02  1.73687249e-06 -3.65724741e-03
 -6.81281984e-02  1.38704814e-02 -7.06416965e-02  6.67375252e-02
  2.00496167e-02 -4.25315760e-02 -2.00768653e-02  1.32139670e-02
  1.54214147e-02 -6.97548734e-04  4.36948575e-02 -4.85759154e-02
 -1.99403204e-02 -4.29237634e-02  1.67075135e-02 -5.18653542e-02
  5.15281968e-03  1.17527796e-02 -9.61464196e-02  8.60743374e-02
 -9.93165467e-03  6.18584715e-02  4.77964617e-03  1.69967487e-02
  5.13331091e-04  3.55953984e-02 -2.03211810e-02  1.03559718e-02
  3.53506245e-02  7.11029768e-03 -5.28049655e-02 -2.08203141e-02
  3.05703655e-03 -1.42419040e-02  1.14901580e-01  1.54986400e-02
  4.23837919e-03  9.77962930e-03  1.67909767e-02 -3.14961411e-02
  2.83231623e-02 -4.66427952e-02  2.84793582e-02  2.50404831e-02
  2.77678762e-02 -6.14522491e-03  8.21915548e-03 -2.28501633e-02
 -8.87284800e-03  6.30772263e-02 -4.21545021e-02 -1.24547677e-02
 -5.15914187e-02 -1.86990406e-02 -5.40008284e-02  1.56036308e-02
 -3.05084381e-02  1.18106259e-02 -4.12625668e-04 -4.07644399e-02
  3.62452902e-02 -2.08522025e-02 -5.92103414e-03  1.40037306e-03
 -2.60752439e-02  3.92465331e-02  1.40835205e-02 -3.55532356e-02
  9.25275832e-02 -2.24520772e-05 -5.14716879e-02  2.38360614e-02
 -4.15939577e-02  1.73155610e-02 -1.25236781e-02 -6.17636321e-03
  1.20961592e-02 -2.76488196e-02 -3.25800367e-02  2.30284501e-02
  3.30699049e-02  1.18289795e-03 -6.64202077e-03 -1.00510437e-02
  1.25189023e-02  6.42406344e-02  1.10328421e-02  2.80458434e-03
  5.43951336e-03  1.02235414e-01 -1.15219159e-02  1.10554704e-02
  3.83538902e-02 -5.13139367e-02 -1.29040061e-02 -5.01090065e-02
 -5.55970799e-03  1.42384432e-02  4.15023826e-02  7.43382275e-02
 -2.62801200e-02  3.31457257e-02  1.48345670e-03 -4.61181328e-02
 -2.20770705e-02 -7.71503989e-03 -5.06970659e-02 -3.46413851e-02
  9.97665245e-03  6.26419531e-03  4.79275249e-02 -6.85352832e-03
  3.10060363e-02  2.21553128e-02 -2.53320131e-02 -2.56162528e-02
  1.01869022e-02 -3.57269635e-03  1.83176991e-04  6.28801808e-02
  2.45046783e-02 -1.44872423e-02 -3.73759493e-02 -1.76671325e-04
  5.58091002e-03  2.11279690e-02 -7.81289041e-02 -3.23686795e-03
 -4.18997929e-02  2.81043816e-02  3.55034173e-02  1.72843561e-02
  4.87475768e-02 -1.78508218e-02  8.70509818e-03  6.52660790e-04
  2.95792483e-02  3.50835770e-02  6.82701766e-02  8.28733668e-03
 -4.04072599e-03 -3.34932905e-04 -4.79470827e-02  8.05984959e-02
 -4.19604667e-02 -2.53855754e-02 -2.32525729e-02 -3.73501610e-03
 -2.50875168e-02  3.64968963e-02 -3.75087522e-02  1.69874579e-02
  1.11627243e-02 -9.46900435e-03 -6.54207496e-03  3.13118733e-02
  4.91001792e-02  2.68768761e-02 -5.48278913e-03  1.89402979e-02
  1.02491453e-02  3.82417738e-02 -3.07543632e-02 -5.87735064e-02
  1.17082354e-02 -3.64737469e-03  6.18478134e-02 -1.00714359e-02
  9.18389019e-03 -4.59274277e-03 -6.15428314e-02  2.06843391e-03
 -3.65162571e-03 -4.95781004e-02  1.85232644e-03 -1.79857854e-02
  2.01748475e-03  5.90751022e-02 -1.93588156e-02 -3.51201817e-02
 -9.33005358e-04  1.38892066e-02 -2.71604629e-03  2.36020554e-02
 -3.24524380e-02  9.67848580e-03 -1.48523804e-02  4.73769717e-02
  1.03242807e-02  3.34660038e-02 -4.02523875e-02 -1.67278815e-02
 -1.01349838e-02  6.29150793e-02  4.10225019e-02  2.28533559e-02
 -3.20334453e-03 -1.72049440e-02  5.57821095e-02  2.11334391e-03
  4.31680903e-02  8.89464989e-02  4.01330665e-02 -4.15985473e-02
 -3.19937542e-02  3.58591676e-02  1.39472764e-02  3.78513001e-02
  1.90007477e-03  1.11135855e-01 -4.99010347e-02 -4.77077626e-02
  2.26164404e-02  3.01179793e-02  4.74726409e-02 -5.72454603e-03
 -1.50609082e-02  1.44848851e-02 -2.18086224e-02 -5.50434329e-02
  1.21021457e-02  3.06243412e-02 -1.41341100e-02  9.79724899e-02
 -2.57424335e-03 -2.38782335e-02 -1.27310492e-02  8.49574804e-03
  5.40832505e-02 -6.41064346e-02  1.17873130e-02 -4.07798924e-02
  2.49493271e-02 -6.89176703e-03  2.76692845e-02  2.80985832e-02
  4.31808317e-03  3.22947651e-03  4.97248173e-02  1.60830114e-02
  1.06028048e-02  1.59130134e-02 -2.72885505e-02 -1.48849264e-02
  3.54016759e-02  4.35684510e-02  1.44224307e-02  6.68840408e-02
  5.88848861e-03  4.07733954e-02 -1.86849677e-03 -6.10417649e-02
  4.67013055e-03 -5.49700074e-02 -5.30129634e-02  6.66187843e-03
 -4.54380689e-03 -3.49424854e-02 -1.94400810e-02  7.74057880e-02
 -8.20542797e-02 -8.53071734e-02 -4.61078882e-02  2.46472694e-02
  2.79236380e-02 -4.42361273e-02  2.98026297e-02 -7.53209600e-03
  2.53505632e-03  3.33885662e-02 -2.05463404e-03  1.32546490e-02
  9.22735594e-03  7.95851182e-03 -6.38725609e-03  4.49541286e-02
  6.46686777e-02 -2.98483558e-02  2.59853266e-02 -2.95449011e-02
 -4.26436029e-02 -1.59560889e-02  2.61659455e-02  9.54697840e-03
 -2.35731583e-02 -1.45481527e-02 -2.33290363e-02 -4.87364680e-02
 -1.62180024e-03 -2.51897462e-02 -2.40317285e-02 -4.71362583e-02
  9.13578365e-03 -6.92563802e-02  9.65138990e-03  5.77362906e-03
  2.61231288e-02 -6.55789440e-03  8.91403202e-03 -3.01510580e-02
 -3.90848285e-03 -4.47036140e-03 -4.95821834e-02 -1.39383245e-02
 -4.28328887e-02 -4.50679287e-02 -1.07530234e-02  4.37816791e-02
 -4.38086577e-02  4.49706614e-02  2.54204758e-02  2.61118207e-02
 -3.92321125e-02  2.53105182e-02  2.36516707e-02  9.24477447e-03
  2.00108550e-02 -5.78400642e-02  2.14915127e-02 -5.46664856e-02
 -4.02217880e-02 -7.11556757e-03 -3.64833735e-02  4.88628224e-02
  2.03505475e-02 -6.05676044e-03 -1.97697151e-02 -3.17689255e-02
 -3.23653058e-03 -8.75893235e-03  1.55690024e-02  4.20678817e-02
  4.51598205e-02 -1.74954254e-02  4.42265347e-02  5.97039461e-02
 -7.77263800e-03  6.51484728e-03 -2.61510499e-02  4.91556749e-02
  3.70522365e-02 -5.76390419e-03 -1.89724416e-02  3.12761776e-02
  3.68280187e-02 -2.53366400e-02 -4.59503904e-02  1.21132319e-03
  4.21498204e-03 -5.60331382e-02 -9.55151301e-03 -1.07869200e-01
  7.80482516e-02  4.67734076e-02  3.72263603e-02 -5.48830517e-02
 -1.57135203e-02  8.64759088e-02  5.60010551e-03 -2.14213151e-02
  4.27242108e-02  1.19983051e-02 -2.60754526e-02  4.59476933e-03
  1.45039558e-02 -1.22485925e-02  4.02082279e-02 -1.56392660e-02
 -1.80547275e-02 -1.89748574e-02  1.04316786e-01  3.27673517e-02
  2.12612543e-02  6.43794239e-02  2.66603492e-02  1.01595651e-02
  2.98408195e-02 -1.89156123e-02 -5.09053729e-02 -2.12206338e-02
 -1.77606642e-02  5.23153460e-04 -3.58041190e-02 -2.24345177e-02
 -4.48811874e-02  3.90962772e-02  4.00394090e-02 -7.81433564e-03
  9.14910901e-03 -1.25604700e-02 -4.93649282e-02  7.60685746e-03
 -1.04163233e-02 -1.18813487e-02  4.23046052e-02 -3.75551879e-02
 -1.89896561e-02 -6.58184364e-02  2.83420924e-02  5.17776236e-02
  7.59249330e-02 -6.09623641e-02 -2.68112049e-02  8.10003579e-02
  3.10514811e-02  2.60953140e-03 -9.29116458e-03 -5.65511221e-03
  3.12096067e-02  8.12469870e-02 -1.49868680e-02 -5.20383567e-02
 -3.76253538e-02 -5.36537208e-02  3.99628617e-02  2.04158947e-02
 -6.01036139e-02  2.11560074e-02  3.25037055e-02  9.96811315e-03
  4.66878377e-02 -7.51638263e-02 -2.34886818e-02 -2.07440313e-02
 -7.92526361e-03  6.37958199e-03 -1.73286889e-02  5.31562194e-02
  1.70596652e-02 -8.94497987e-03  1.12803049e-01  4.28695492e-02
  2.74554305e-02 -6.16230071e-03 -1.75217949e-02 -5.70369232e-03
 -5.69372997e-02  2.91096233e-02 -8.73851217e-03  6.92691281e-03
  9.80048161e-03  2.79556960e-03  1.73461866e-02  2.04447005e-02
 -1.27432533e-02  4.96611521e-02  2.26327330e-02 -6.51867017e-02
 -3.95130180e-03 -2.29922924e-02  2.07650643e-02  6.13122759e-03
 -6.46708068e-03 -5.11794016e-02 -7.60535849e-03  6.57438533e-03
  4.35831472e-02  7.26674199e-02 -6.30480945e-02  3.70791629e-02
 -4.91576560e-04  1.21787079e-02 -4.05896641e-02  1.66619960e-02
 -4.58597876e-02  1.58134662e-02 -3.69898044e-02 -3.49529460e-02
 -3.66953462e-02 -3.73905413e-02  7.94941932e-03  1.40495924e-03
 -2.04500351e-02  5.29702567e-02  8.85363203e-03  2.36668754e-02
  6.18932135e-02 -6.38857409e-02 -1.31262364e-02 -8.21982026e-02
 -2.53385864e-02  2.63030399e-02 -3.13530825e-02 -1.72781944e-02
 -1.34164663e-02 -6.13876991e-02  1.48191443e-02 -5.29962070e-02
 -4.31316160e-02  4.21234174e-03 -2.38594301e-02 -4.51302305e-02
 -3.12592052e-02  1.45100709e-02  5.45303104e-03 -2.28011347e-02
 -2.49995361e-03 -2.21506041e-02  2.07024068e-02 -5.13742380e-02
  2.55381735e-03 -1.09804440e-02  4.40016342e-03  7.41170347e-03
  1.13560306e-02  1.75110176e-02 -4.20565233e-02  4.74048080e-03
 -5.07372618e-03  8.13879725e-03 -4.69050966e-02 -6.78046271e-02
 -2.69954931e-02 -2.19115280e-02  4.83611785e-03 -4.37025763e-02
 -7.96414092e-02 -3.51344375e-03  3.43978815e-02 -6.28759733e-33
  2.53981147e-02 -2.26759985e-02 -2.31561828e-02 -1.50615852e-02
 -5.73534146e-02 -1.30359046e-02  1.08358525e-02  6.18561357e-03
 -4.03731018e-02  1.40445167e-03  3.15291248e-03  2.93895858e-03
  3.19583304e-02  1.23522626e-02 -1.22899450e-02 -1.65510215e-02
 -2.39609275e-02  9.80088767e-03  1.40053667e-02 -8.13994855e-02
 -6.99892407e-05 -4.47046105e-03  3.12796198e-02 -7.76662305e-03
  2.01119259e-02 -6.08925484e-02 -1.64770372e-02 -1.68917347e-02
  3.52388360e-02  7.79577764e-03 -9.10218712e-03 -6.50541624e-03
  1.36718489e-02 -2.68043149e-02 -2.46709469e-03  2.23437399e-02
 -4.98705693e-02 -2.37262305e-02 -8.70549958e-03 -3.25487852e-02
 -5.01787178e-02 -4.41247113e-02 -3.33057046e-02  1.61521379e-02
 -4.97116111e-02  7.43318163e-03 -4.50044358e-03 -2.39772890e-02
 -4.85906042e-02  1.63788795e-02 -1.48257008e-02 -3.39935608e-02
 -2.03519575e-02  4.93316948e-02 -4.14501987e-02  2.90613752e-02
  5.16805286e-03 -2.14083050e-03  1.21191880e-02 -1.26501936e-02
 -4.06764895e-02  7.87543878e-03  6.11920282e-02  5.88549934e-02
 -1.81716103e-02  5.30122668e-02 -8.63216147e-02 -5.30260727e-02
  6.09415816e-03 -3.81341837e-02 -5.51067628e-02 -3.45160812e-02
  7.35052582e-03  5.68219367e-03  2.04586647e-02 -6.63682818e-02
 -3.30405985e-03  9.38578974e-03 -7.20796287e-02 -3.98530699e-02
 -2.83891261e-02  2.80214869e-03  7.46910498e-02 -3.83137763e-02
  2.66240165e-02 -1.36451097e-02 -1.66608375e-02  2.30740253e-02
  3.27662602e-02 -4.35260721e-02 -3.34941596e-02  7.22085536e-02
 -2.69593038e-02  2.24118326e-02  5.58278114e-02  1.20240375e-02
  1.34921763e-02 -6.44194558e-02 -8.66144150e-03 -9.41816904e-03
 -3.63932103e-02 -1.51744401e-02 -5.52636385e-03  6.42756224e-02
  1.98165588e-02 -1.67890079e-02  6.86900283e-04 -2.01387182e-02
  2.93246992e-02  1.71153955e-02 -2.46949121e-02  5.93031682e-02
 -1.84253696e-02 -4.28252742e-02 -3.55667211e-02 -6.03032596e-02
  2.73353532e-02 -2.28520483e-02  1.33772260e-02  1.21747982e-02
 -1.13720940e-02  5.63806072e-02  2.60573725e-04 -2.06574472e-03
  3.31062637e-02  4.29483727e-02 -2.69988161e-02 -4.01343405e-02
 -6.54949099e-02  5.32323048e-02 -3.41848982e-03  4.36762199e-02
  2.35442727e-07  1.65119451e-02 -1.96341723e-02  5.34015857e-02
 -1.23632755e-02  9.28380061e-03  1.93132143e-02  2.18989830e-02
  6.48428872e-02 -7.39778727e-02 -1.13817910e-02  3.06767859e-02
 -4.92697023e-02  2.54015625e-02  1.02429390e-02  4.85699177e-02
  4.23026644e-02 -2.40805149e-02  6.22437187e-02 -6.59774095e-02
 -1.96992401e-02  1.20158391e-02 -2.39602942e-02 -2.70477831e-02
  3.65339853e-02  2.35800724e-02  5.62227040e-04  9.79280658e-03
 -4.23543751e-02  7.40237460e-02 -8.75595119e-03  3.18628438e-02
 -2.24616304e-02  3.39464843e-02 -5.72644360e-02  2.09500678e-02
 -8.45868438e-02 -1.99732427e-02  3.41571458e-02 -2.38595828e-02
 -9.86806769e-03 -2.60678418e-02 -1.04036359e-02 -1.15785692e-02
 -4.51697148e-02  1.09065669e-02 -1.54659534e-02 -8.90738238e-03
  6.52687922e-02 -3.85728985e-04  3.37671116e-02 -6.51175063e-03
  2.83699036e-02  5.78210503e-02  2.12284196e-02  3.09423241e-03
  2.05958877e-02 -3.75301503e-02  5.61894439e-02  5.83375990e-02
 -1.57552734e-02 -6.78857882e-03 -3.68275121e-02 -8.00740346e-03
  2.97559369e-02 -1.40712699e-02  4.38076854e-02  4.83076610e-02
  1.30638232e-34 -3.06961183e-02 -1.16609838e-02  2.62209959e-02
 -6.61483184e-02 -2.83506177e-02  7.81279895e-03 -1.50396181e-02
  3.95345595e-03  3.63999250e-04  4.70159017e-03  4.11686152e-02]"
Achievements_and_history,Milestones and historical impact of WFP work.,"[-3.37641537e-02  1.37780204e-01  8.46914388e-03 -6.21386170e-02
  9.45203193e-03 -3.56368779e-04 -1.49710551e-02  5.81740402e-02
  6.48882147e-03 -3.84300016e-02  7.88294598e-02  5.52593544e-02
  2.40374245e-02  5.02088182e-02  8.02119449e-03 -3.44224786e-03
  1.24444459e-02  3.82465757e-02 -6.58574849e-02  5.42725362e-02
 -8.06115866e-02 -7.05314428e-03 -2.94716824e-02  4.39546704e-02
 -9.33319554e-02 -2.61595324e-02  2.95727141e-02  1.91612132e-02
 -3.37749943e-02 -2.59776302e-02  3.22294757e-02  1.37510756e-02
 -3.12190037e-02 -4.18731458e-02  2.11388692e-06 -3.07759829e-02
  7.25111645e-03  4.05229181e-02 -4.56276946e-02 -5.08970814e-03
 -3.92091349e-02 -7.89885670e-02 -1.87628660e-02  4.32139896e-02
  2.21827757e-02 -2.32370179e-02  4.16248776e-02  4.60952893e-02
 -6.67147934e-02 -4.83322404e-02  1.34345321e-02  3.44055742e-02
 -1.19920140e-02 -1.85474672e-03  2.65339552e-03 -2.40934920e-02
 -9.77364555e-03 -2.78229136e-02  1.78496633e-02 -1.25537664e-01
  1.51764182e-03  3.19793262e-02 -2.29226705e-02  3.89500894e-02
 -3.61483218e-03  3.26294787e-02 -6.73025660e-03 -2.10835598e-02
 -2.62108594e-02  7.44465692e-03  8.66885260e-02 -1.86744519e-02
 -1.57779474e-02  3.52415703e-02  1.20146731e-02 -5.39416336e-02
  1.01827318e-03 -1.89413652e-02 -2.22999696e-02 -3.78978997e-02
  4.06349543e-03  6.50374591e-02  1.85080729e-02 -6.34395937e-03
 -2.89183632e-02  4.19623889e-02 -1.32870898e-02 -1.32026644e-02
  2.80815978e-02  4.01557945e-02  2.68167257e-02  5.46097290e-03
  4.80427518e-02 -2.44996022e-03  6.75181448e-02 -1.92099772e-02
  3.01719718e-02  5.39740026e-02  2.07357984e-02  4.25286740e-02
 -5.77412322e-02  1.48027288e-02 -4.36262563e-02  1.05133839e-02
  4.66565927e-03  1.48246717e-02 -5.62032722e-02 -1.02382384e-01
 -2.06787069e-03  7.32312948e-02 -7.78767094e-02  4.33636233e-02
  2.35158317e-02 -3.27314250e-02 -4.18455787e-02 -2.83238105e-02
  1.22308277e-03 -2.84419442e-03 -1.24462163e-02  3.97977978e-02
  5.86193055e-02  1.36485361e-02 -1.81021728e-02  5.78530990e-02
 -4.30409564e-03  9.05326381e-02 -1.52937742e-02 -2.31503672e-03
 -1.12084588e-02  6.16769260e-03 -1.23570617e-02 -1.66362934e-02
  8.50133039e-03  1.96487084e-02  5.78198992e-02  5.66711649e-02
  2.96941493e-02 -3.06172073e-02 -3.22750919e-02 -4.79702465e-02
 -6.23839768e-03  2.45649880e-03 -3.64335738e-02 -2.75663305e-02
 -1.25377290e-02  1.74512563e-03  6.31058961e-02  4.30840105e-02
  1.50225479e-02  2.23255120e-02 -1.04025705e-03 -5.34069315e-02
 -1.06737409e-02  2.18855077e-03  3.13088521e-02  9.64293256e-03
  3.45371366e-02 -5.20830601e-02 -2.49314327e-02  5.92153240e-03
 -2.68018292e-03  2.65854364e-03 -7.34778866e-02  2.50587985e-02
 -3.63741517e-02  2.40213070e-02  6.12343475e-02 -9.50086024e-03
  4.59488928e-02  1.95860248e-02 -2.43676063e-02 -2.34007649e-02
 -2.43223403e-02  5.10176010e-02  3.76484469e-02  4.26402278e-02
  1.71543006e-02 -1.97523814e-02 -4.49111648e-02 -5.08558638e-02
  3.26260999e-02 -1.02776028e-01 -7.22250529e-03 -1.13371275e-02
 -3.11771128e-02 -1.16087133e-02  2.61131767e-03 -1.16137518e-02
 -6.80459710e-03 -3.05592921e-03  3.61863291e-03 -1.40571650e-02
  3.44028808e-02  2.24226897e-04 -1.78901143e-02 -9.72088519e-03
 -2.45717838e-02 -1.81504118e-03  1.12395417e-02  1.10501936e-02
 -8.98302905e-03 -3.38774323e-02 -4.42034155e-02  3.99486944e-02
  7.28029478e-03 -4.04848270e-02  2.60431822e-02 -5.57862036e-02
 -1.55685069e-02 -1.79066453e-02  3.07614002e-02  4.55386378e-02
  2.61724629e-02  5.70562258e-02  7.46738957e-03 -1.78699642e-02
  1.34679163e-02 -1.14000235e-02  2.21904721e-02  8.66142847e-03
 -6.11237995e-02 -8.87413602e-03 -5.83596379e-02  3.67354825e-02
  2.12908499e-02 -4.75970656e-03 -2.19040827e-04 -7.37679750e-03
 -9.09511186e-03  5.39238937e-02  1.66286547e-02  3.96257900e-02
 -2.41707396e-02 -5.81354601e-03  2.49328036e-02  4.15598378e-02
  6.93037957e-02  4.41287421e-02 -1.93489976e-02 -1.86166652e-02
 -2.68381592e-02 -1.92728098e-02  1.04081817e-02  8.72765016e-03
  7.27660721e-03 -1.04392935e-02  3.60156223e-02 -9.82814841e-03
  8.75457190e-03  3.10886763e-02  2.56714202e-03 -2.70003602e-02
 -3.06310523e-02  4.65640575e-02 -1.29353013e-02 -3.52772474e-02
 -6.16881847e-02  7.00286415e-04  2.00257115e-02  4.18178737e-02
  2.05790643e-02 -2.46001706e-02  5.18320454e-03  2.83510275e-02
  1.00059975e-02 -4.29325700e-02 -1.90447718e-02 -4.00139019e-03
  3.97287086e-02  1.14228087e-03 -2.61002705e-02 -5.21146134e-03
 -8.27459991e-03  3.25036459e-02  4.96104825e-03  4.21057781e-03
 -2.51528155e-02  1.07533718e-02  1.04055479e-02  3.20574269e-02
  4.00680639e-02  8.18432048e-02 -2.80790459e-02  2.04186253e-02
 -5.70624555e-03 -2.02796888e-03  5.66390269e-02 -6.07074844e-03
 -1.95968532e-04 -3.06262057e-02  2.12141201e-02 -1.47589529e-02
  2.53725471e-03 -1.36059020e-02  3.56321409e-02  4.54593487e-02
 -2.18831543e-02  1.74766872e-02 -4.36200574e-02  8.59474167e-02
 -8.25959072e-03  2.34566871e-02  7.09898164e-03 -1.83221865e-02
  1.10567147e-02  6.31728070e-03  1.90790873e-02  2.54445933e-02
  8.95705074e-03 -2.69610770e-02  3.34670022e-02  3.56801264e-02
  1.34425582e-02 -8.95519368e-03  2.67884377e-02 -3.26400548e-02
 -2.40341350e-02 -2.54693367e-02 -2.29058713e-02 -1.35004316e-02
  3.14143673e-02 -4.18917537e-02 -3.05176955e-02  1.59490164e-02
  8.31249077e-03 -2.04211660e-02 -2.10605934e-02  2.42178831e-02
  3.20657119e-02 -1.46931587e-02 -1.07306251e-02 -3.53144929e-02
 -2.70239841e-02  5.29613066e-03  3.13110352e-02 -6.09526597e-02
 -1.64285190e-02 -2.89076078e-03 -1.36250407e-02 -4.85525467e-03
 -5.89070804e-02 -5.78384334e-03 -1.90101787e-02  1.30020045e-02
  1.88294575e-02 -2.32087690e-02 -2.29874644e-02  6.80639176e-04
 -3.47861946e-02  3.73494662e-02  3.54157612e-02  8.38728547e-02
 -3.80173475e-02 -2.03173179e-02 -3.87002081e-02 -1.01681784e-01
 -4.13388722e-02 -4.94896248e-02  3.05263642e-02 -7.70182684e-02
 -6.24274313e-02 -1.63174290e-02  7.23482817e-02  1.78929530e-02
  2.52596587e-02  1.37783829e-02  4.29958291e-02 -2.52723228e-02
  3.79329408e-03  3.88587778e-03  4.41120416e-02  6.89842459e-03
  2.79814787e-02  1.80786662e-02 -1.28799677e-03 -3.41939926e-02
  3.58767547e-02  5.03316037e-02 -6.34066314e-02  2.78767217e-02
  1.34389829e-02  6.64054463e-03  2.68410556e-02  1.12658264e-02
 -1.57829653e-02 -3.01906951e-02 -5.63783050e-02 -2.29493305e-02
  4.64385860e-02  1.64099950e-02 -8.96916818e-03  1.26737818e-01
  1.15127983e-02  2.11620834e-02 -1.78077891e-02  7.01928884e-02
 -2.53143441e-02 -1.11617288e-02  1.05023235e-02 -3.74389673e-03
 -5.53365098e-03 -3.01354155e-02  8.64009187e-03  5.50691858e-02
  4.12851479e-03 -2.01338511e-02  3.77575420e-02  2.06957906e-02
 -3.38576324e-02 -2.37433799e-02  4.24105190e-02  1.59114674e-02
  4.91097383e-03 -1.55240158e-02  6.32130206e-02 -3.00150085e-02
 -2.47266237e-02 -3.01163718e-02 -9.11135692e-03 -5.33025824e-02
 -2.88021807e-02  2.87338719e-03 -1.81223117e-02 -3.77743393e-02
 -3.08020506e-02  1.32424207e-02  2.52274685e-02 -2.18955297e-02
  1.75423510e-02 -1.01775313e-02 -4.85128304e-03  2.85787694e-02
 -1.89633423e-03  3.93317118e-02 -6.95488555e-03  3.34979780e-02
  4.76526376e-03 -1.05554471e-02  4.21750136e-02  2.86228093e-03
  2.07844451e-02  5.79827838e-02  6.36276379e-02 -4.07128222e-03
  1.68037824e-02 -3.64150628e-02 -1.30326301e-02 -2.13809349e-02
  3.01643945e-02  1.68241225e-02  4.61079814e-02  2.38520969e-02
 -4.22168784e-02  5.11656236e-03  3.54905315e-02 -5.96083933e-03
  4.57262732e-02 -1.02703096e-02  3.70136537e-02 -5.25230579e-02
  5.55915385e-03  3.53849083e-02 -3.01389713e-02  1.18265059e-02
  1.22185685e-01 -6.91085681e-02  7.19954744e-02  1.31778177e-02
 -1.33527173e-02 -3.12283542e-02  2.36274842e-02  6.16371306e-03
 -3.27257589e-02 -3.12595209e-03 -3.73815671e-02  1.43393399e-02
  1.70587795e-03  1.05820470e-01 -2.48444472e-02  7.35568861e-03
  1.55395726e-02 -2.66050044e-02 -5.66716231e-02 -8.39539394e-02
 -9.30912234e-03 -3.36304456e-02  9.80462600e-03 -1.69628728e-02
 -1.84520390e-02  9.07934271e-03 -1.71936967e-03  3.11485361e-02
 -2.62132939e-02  1.61899198e-02 -2.43513640e-02  9.01241750e-02
 -1.97834857e-02  7.53419921e-02 -5.69412038e-02  1.34454307e-03
  1.29022368e-03 -1.16101024e-03 -1.55901248e-02 -4.81317937e-02
 -1.88411120e-02  2.57577151e-02  1.55724576e-02  1.90636124e-02
 -1.57293864e-02 -4.56799008e-03 -7.82800689e-02  1.88317783e-02
 -2.96297297e-02 -1.20632527e-02  5.29609993e-02 -2.53413338e-02
 -2.23316029e-02  1.10523440e-02  3.22692357e-02 -4.76684002e-03
 -7.31516769e-03 -3.98573047e-03 -2.55052801e-02 -2.90413126e-02
  7.96516836e-02  4.43669297e-02  5.53940050e-03 -3.22075635e-02
 -5.78889847e-02 -2.47176718e-02  2.53173951e-02  6.03383295e-02
  5.19486051e-03  2.30061840e-02 -8.25184770e-03 -7.33995810e-02
  4.74383347e-02 -7.74608459e-03 -3.88042666e-02  6.09388798e-02
 -4.94944379e-02 -1.31170182e-02  3.16288322e-02 -1.42792184e-02
 -1.22781619e-02  2.13339757e-02 -6.44570142e-02 -4.60977741e-02
  1.58303455e-02 -3.44075225e-02 -9.59570520e-03  7.70803122e-03
  3.86082307e-02 -1.32302905e-03  8.99052098e-02 -6.27743003e-33
  3.71808335e-02  4.56889998e-03 -3.49344104e-03 -1.99789857e-03
 -7.32301027e-02  3.29594947e-02  9.21122450e-03 -2.82206815e-02
 -1.59895048e-02 -1.22076897e-02 -5.15524633e-02 -3.51852737e-02
  2.89262012e-02 -2.29334459e-03 -4.37589064e-02  1.24293389e-02
  6.28133304e-03  4.64917794e-02 -1.26104727e-02 -8.46651644e-02
 -6.14245273e-02  5.29466709e-03  3.08718104e-02  1.03730105e-01
  3.87769528e-02 -6.90695364e-04  2.13214755e-03 -1.76631398e-02
  8.40617046e-02 -1.61901098e-02  2.49017607e-02  7.42910430e-03
  3.70185496e-03 -2.78075016e-03 -1.09455148e-02 -1.20891221e-02
  9.16103739e-03  2.66057979e-02  7.50696054e-03 -5.44914380e-02
 -6.00511022e-02  2.92741600e-03  2.25673504e-02  1.75275356e-02
 -3.34925801e-02 -3.04162744e-02 -3.11644431e-02 -4.48459014e-02
 -8.72489810e-03  8.16983953e-02 -5.87514881e-03 -1.71259064e-02
  1.50538282e-02  6.34000897e-02 -3.95953245e-02 -9.87200998e-03
 -4.19267155e-02 -2.06869915e-02 -3.45247537e-02 -8.01002458e-02
 -2.02029273e-02  8.99258521e-05 -1.43614914e-02 -1.71495974e-02
  2.08257958e-02 -3.54735367e-02 -3.83790359e-02  5.87141961e-02
  5.04590906e-02 -3.04548163e-02  9.96309984e-03 -2.56609675e-02
  1.62068568e-02  3.41349952e-02 -7.92312920e-02 -4.56341356e-02
 -5.21218106e-02  2.08089314e-03 -4.66288924e-02 -1.72399748e-02
  1.52153308e-02 -3.29390652e-02  1.24497702e-02  1.05486214e-02
 -5.59227467e-02  1.71253439e-02  2.63843173e-03  9.37910154e-02
  1.19819734e-02 -9.05942544e-03  3.68394107e-02  4.09628414e-02
  1.76616886e-04 -1.75376199e-02  6.16453141e-02  7.78922392e-03
  2.77722608e-02  3.22930180e-02  9.47799440e-03 -1.08916396e-02
 -3.43976915e-02  5.34287095e-02 -1.77270379e-02  5.79912439e-02
  3.64370085e-02  6.10746397e-03 -2.30932496e-02 -4.22336869e-02
 -2.88861766e-02  6.29578892e-04 -2.99866498e-02  1.44668054e-02
  8.66412930e-03 -2.18974221e-02 -1.23115806e-02 -1.82747077e-02
 -3.74021335e-03 -3.67009938e-02 -1.33697418e-02 -2.07123924e-02
 -5.97110437e-03  1.90660730e-02  2.32320726e-02 -1.10620295e-03
 -7.52941221e-02 -3.55713593e-04  6.17029108e-02  9.76710543e-02
  1.47164119e-02  3.42529034e-03  3.87363881e-02 -4.47680801e-02
  2.65849138e-07 -7.63589004e-03  3.85544673e-02  4.61195782e-02
  2.25173105e-02  1.85820926e-02 -4.54158261e-02 -9.73102972e-02
 -7.71150971e-03 -7.66619621e-03  2.82585863e-02  9.31225121e-02
 -3.83371264e-02 -2.80199572e-02 -3.28478254e-02  4.88067381e-02
  6.68328116e-03 -6.94866525e-03 -5.22754416e-02 -8.28522816e-03
 -4.58520278e-02 -2.50602234e-02  3.85419047e-03 -1.44400746e-02
  1.01284618e-02  1.28591945e-02  4.82284538e-02  3.89929116e-03
 -2.82554906e-02  1.34749673e-02 -5.34701385e-02 -3.15613784e-02
 -9.14751645e-03  2.74891239e-02 -2.28152089e-02 -4.40792218e-02
 -4.81657274e-02 -6.71921019e-03  4.97862287e-02 -1.39287999e-02
  2.34459303e-02 -7.91515708e-02  7.74717145e-03  1.81210656e-02
 -3.58944833e-02 -2.41074692e-02 -1.59090105e-02 -2.33058035e-02
  5.76535538e-02 -4.66010235e-02 -2.24724766e-02  1.98839922e-02
  1.81607306e-02  1.25904074e-02  7.24273920e-02 -6.26542605e-03
  9.87591073e-02 -1.74831171e-02  5.49446046e-02  3.35584991e-02
 -4.63281088e-02 -4.09141891e-02 -6.01689257e-02 -9.10782255e-03
 -4.02444229e-02 -1.37442416e-02 -7.71762477e-03 -2.68111285e-02
  2.34078555e-34  9.29438975e-03 -2.46126521e-02  4.38659936e-02
 -8.28213170e-02  7.00157275e-03 -2.22029025e-03 -1.04719317e-02
 -7.47619255e-04  7.19010551e-03 -4.02108300e-03 -1.38943261e-02]"
South_South_cooperation,Knowledge and operational exchange among developing country partners.,"[ 5.69976121e-02  2.11265199e-02 -6.36844942e-03 -1.65530890e-02
  1.70779191e-02 -3.73704657e-02  4.68489863e-02  3.04401536e-02
 -2.91898698e-02  2.91666035e-02 -1.52713933e-03  2.83317473e-02
  4.44245525e-02  6.63806498e-02 -1.66190006e-02 -2.81425342e-02
  7.34250061e-03 -6.02321792e-03 -6.32073134e-02  4.54205163e-02
  1.65645697e-03 -2.69978940e-02  4.09825984e-03  7.71919126e-03
  1.67547688e-02  1.21570956e-02 -3.75783071e-02 -1.16599919e-02
 -9.20564707e-05 -1.16314441e-02  6.66177832e-03 -1.81549527e-02
 -3.06676794e-02 -5.85706010e-02  1.22671202e-06  4.30656411e-03
 -3.81002650e-02  4.05024290e-02 -7.20601976e-02  5.32087535e-02
 -1.93791725e-02 -4.03070375e-02  1.41737014e-02  1.18042491e-02
 -3.93735059e-02 -2.60863733e-02 -3.90203483e-02 -5.77376671e-02
  4.72031441e-03  1.20074525e-02  3.21915187e-02  1.10114992e-01
 -1.69825535e-02  4.09375802e-02 -1.21782593e-01 -1.62802748e-02
  1.45281721e-02  5.64041734e-02 -1.29441842e-02  3.11599579e-02
 -1.40724219e-02 -9.75858979e-03 -1.18327397e-03  1.70287862e-02
  2.50685960e-02  7.61402585e-03  4.77993228e-02  2.40565035e-02
  1.05251661e-02  5.91431558e-03  9.16066244e-02  6.24643937e-02
 -1.01015931e-02  2.59598084e-02  3.80824991e-02  2.85501331e-02
 -3.30692679e-02 -1.19645977e-02 -2.97190696e-02  3.74987274e-02
  2.00413186e-02  6.22966327e-03  1.66496933e-02 -1.14471717e-02
 -2.04068376e-03  4.00725119e-02 -6.77214265e-02 -3.96077484e-02
 -5.81317395e-02 -5.48219448e-03 -4.94687259e-02 -5.31946635e-03
 -2.19661985e-02  1.21305222e-02  7.28135481e-02 -1.03443936e-02
  5.34851886e-02 -5.27853472e-03 -7.39776855e-03 -8.71651713e-03
 -6.59623891e-02 -4.59776726e-03 -2.08024438e-02 -9.05284192e-03
 -3.32166329e-02 -2.57114992e-02  1.15908207e-02  2.46660318e-02
 -1.03446189e-02 -5.51782437e-02 -1.57367196e-02 -1.25000917e-03
  2.18797699e-02  9.81764495e-03 -6.43754145e-03 -1.82406083e-02
 -1.66014154e-02  1.34748574e-02  1.13799879e-02  6.44339249e-02
 -1.69535596e-02  1.00468220e-02  1.88541822e-02 -1.32367248e-02
 -1.40070776e-02  5.71927577e-02  3.58468592e-02  3.81303430e-02
  2.81446725e-02  1.15850968e-02 -1.79218203e-02 -7.89970346e-03
  1.71116907e-02  2.61676200e-02 -2.38522831e-02  2.31291559e-02
 -3.24586071e-02  2.79363934e-02  4.39982861e-03  2.48818900e-02
  3.56277302e-02 -1.43427029e-02 -8.56617466e-03  9.45598818e-03
 -3.22926929e-03  3.88173945e-02 -2.20979261e-03 -2.08644327e-02
  6.58142613e-03 -4.71553579e-02 -5.97885251e-02 -4.06475440e-02
 -3.47984210e-02  6.63549697e-04 -8.99067707e-03  7.61571750e-02
  3.77152078e-02 -4.38880138e-02 -3.66739444e-02 -2.72919536e-02
 -1.84625816e-02  3.50139514e-02 -3.58959958e-02 -1.59967933e-02
  3.50107765e-03  7.99014978e-03  7.64591843e-02  1.31584294e-02
  3.50590348e-02  9.03942250e-03  3.93070914e-02 -1.23812705e-02
 -1.22356322e-02  3.66282538e-02  1.01343729e-02 -4.57539223e-02
  3.97258736e-02  3.33410986e-02  2.55334824e-02  3.22813913e-02
 -8.59018695e-03 -5.18452525e-02  1.08706271e-02 -1.64429713e-02
  2.18432881e-02  4.27951887e-02  1.11909900e-02  1.55568942e-02
  5.81799960e-03  7.34117851e-02  1.27055161e-02  2.34250706e-02
 -8.39677267e-03 -2.65237846e-04 -2.85051484e-03  1.27119962e-02
 -3.64136277e-03  4.32684831e-03  1.83718596e-02  1.53637985e-02
  3.30484728e-03 -4.31292085e-03  3.21522132e-02  1.35413185e-02
 -5.35009895e-03  1.93734411e-02  2.49656197e-02 -1.10895615e-02
 -8.41889717e-03  7.12275645e-03  3.32780592e-02 -3.41881649e-03
 -2.12791003e-02  5.52965924e-02 -1.04553136e-03  4.73878812e-03
 -6.88583963e-03  2.38004494e-02  3.27139092e-03  7.57975504e-02
  4.98409104e-03  5.13622425e-02  3.13022956e-02  2.05935482e-02
  1.52829825e-03  6.37731627e-02 -3.59590501e-02  9.28512309e-03
 -2.03188639e-02 -8.55382357e-04  4.64422442e-02  1.23271337e-02
 -3.36372517e-02 -1.11385789e-02  1.63221173e-02  6.10187761e-02
  2.56886575e-02  4.31320369e-02 -4.91067255e-03 -2.00677663e-02
 -2.69376021e-03 -6.81336150e-02  4.04627360e-02  2.48609800e-02
  5.33097573e-02  1.17369384e-01  7.29905590e-02 -1.67176723e-02
 -1.31775523e-02  1.63689647e-02 -2.42759716e-02  8.97334330e-03
 -1.48996245e-02 -1.94864944e-02 -1.39693059e-02 -5.73195554e-02
 -9.27048083e-03  1.46688065e-02  4.90338393e-02  6.35512620e-02
 -2.09724531e-03 -4.51885804e-04 -4.32777824e-03 -3.04533225e-02
  5.18181100e-02  1.17354635e-02 -5.12254564e-03 -6.08344972e-02
 -7.68042449e-03 -3.51737603e-03  1.93976276e-02  2.26650592e-02
  8.11244361e-03  1.52772712e-03  5.82871661e-02 -2.44651618e-03
  5.71727082e-02  6.59836680e-02 -1.73858944e-02 -1.33218504e-02
  8.90369415e-02  1.24571705e-03  2.21723411e-02  6.60041496e-02
  3.26091275e-02  1.37118110e-02  3.74010652e-02  1.88404694e-02
 -4.67207246e-02  9.93474480e-03 -1.42519586e-02 -3.81881967e-02
 -3.52189355e-02 -5.60523197e-02  1.66493990e-02  2.55209226e-02
 -4.43385355e-02 -4.68727462e-02 -6.64831921e-02  1.78395342e-02
 -3.71444202e-03 -8.21067840e-02 -4.58309939e-03 -1.52169764e-02
  5.26919914e-03  1.08654110e-03 -6.32227585e-03  2.29921583e-02
 -4.42389678e-03  7.18273222e-04  2.58423481e-02  6.63769469e-02
  8.62454176e-02 -8.05332139e-02 -1.03678172e-02 -5.10336505e-03
 -1.98903810e-02 -5.93966693e-02  2.31272932e-02  1.74317311e-03
  2.13350914e-02  2.52052508e-02 -4.04003784e-02  2.79771863e-03
 -2.09655575e-02 -1.97715056e-03 -1.08739818e-02 -1.79421920e-02
  1.96957067e-02 -1.03692718e-01 -3.65248360e-02 -4.06492129e-02
  1.29336137e-02 -2.54507270e-02  6.23467239e-03  2.16422882e-02
  7.42991781e-03 -4.94458601e-02 -2.26245057e-02 -2.56545078e-02
 -2.77966931e-02  7.47332675e-03 -1.14494441e-02  3.72336097e-02
  3.04182675e-02  3.52279730e-02  3.40075605e-02 -2.69378256e-02
  5.32932617e-02  4.16380167e-02  4.79752682e-02  1.75964553e-02
  1.62025597e-02 -8.42008553e-03  5.98553009e-03 -7.02992380e-02
 -6.20106459e-02  2.59249862e-02  1.55950785e-02 -3.88820842e-02
 -4.18245271e-02 -3.29408608e-02 -1.80762149e-02 -5.85265458e-02
  4.24070582e-02 -4.40313742e-02  1.91193772e-04  5.79383262e-02
 -6.03821827e-04 -3.28064300e-02 -1.45553881e-02  1.28069455e-02
 -9.56787728e-03 -2.12655161e-02 -2.65022945e-02 -5.06545696e-03
 -1.91132221e-02 -6.42735511e-02 -5.26143350e-02 -3.15090828e-02
  4.46617492e-02 -4.44475301e-02  4.01176475e-02 -2.13128161e-02
 -4.33623344e-02 -5.41732684e-02 -1.75622124e-02 -8.13374370e-02
  1.20096616e-02 -5.08566294e-03 -2.02063494e-03 -7.89947808e-03
 -4.55754362e-02  7.63148814e-02  7.66949030e-03  1.38659710e-02
 -1.89648960e-02  1.66027043e-02  1.15782465e-03 -1.04432004e-02
  5.89100644e-02 -2.22202297e-02  1.65211372e-02 -1.76315885e-02
 -5.89341260e-02 -3.09263114e-02  5.37106730e-02 -3.09312046e-02
 -1.16539514e-02  4.16166112e-02 -5.01376837e-02  2.45446879e-02
  2.40362901e-03  3.30746025e-02 -7.62525480e-03 -2.76086628e-02
 -3.20446528e-02  3.99396420e-02 -1.80928279e-02  1.24475770e-02
  4.17022174e-03  9.14425123e-03  2.25478560e-02 -3.59366997e-03
  1.87897924e-02  5.26629798e-02 -2.00923216e-02  1.22782923e-02
 -7.36126862e-03 -2.56443396e-02 -1.06748454e-02  4.97850701e-02
  5.19427517e-03 -1.68589838e-02  6.02604914e-03  4.17985171e-02
  3.04396693e-02  2.54900604e-02  1.49436360e-02 -4.66531795e-03
  2.02921554e-02  9.58325192e-02 -3.30298916e-02  9.04097874e-03
 -1.19150123e-02 -2.70118807e-02 -3.93874869e-02  4.31411676e-02
 -6.53532743e-02 -9.94367152e-03 -4.52615321e-03 -1.77233145e-02
 -2.83824876e-02 -6.23651221e-02 -4.17194813e-02  2.65604258e-02
 -4.85763699e-02 -3.89471687e-02  3.57942693e-02  2.17605736e-02
 -1.71201285e-02  1.39024071e-02 -2.39510313e-02  6.98263124e-02
  3.60249430e-02 -1.08572375e-02  4.62533496e-02 -1.99573543e-02
 -3.16399820e-02 -2.00542640e-02  3.72874849e-02 -2.35388335e-02
 -2.44888067e-02  2.94890888e-02 -8.80468115e-02  5.10052629e-02
 -4.69973795e-02 -2.41579115e-02 -2.90707573e-02  1.72776300e-02
 -4.28257324e-02  5.93532771e-02  3.01565621e-02 -6.67488156e-03
 -4.34803404e-02 -5.37656015e-03  4.86756600e-02  4.11692774e-03
 -6.36328682e-02 -1.56619959e-02 -6.91716606e-03  1.03750573e-02
  2.85688303e-02  2.80691311e-03  2.14603823e-02  2.69387234e-02
 -1.97058124e-03  6.18912466e-02  1.06134275e-02  1.03217168e-02
 -2.11308599e-02  6.22623116e-02  6.17400976e-03 -8.93609747e-02
  1.11753121e-02  1.38910124e-02  5.86928288e-03  3.40233706e-02
 -5.53890551e-03 -3.77457030e-02  5.72615042e-02  3.61777202e-05
  6.87990114e-02 -1.00685440e-01 -6.73623336e-03  6.95511140e-03
  6.25446346e-03 -1.30401365e-02 -2.86059752e-02 -8.76637325e-02
  2.80994773e-02 -3.37028205e-02  4.71528806e-03 -6.44090995e-02
 -1.35681331e-02 -9.51469596e-03 -9.68870148e-03 -9.12268832e-03
  4.61385492e-03  3.83077227e-02 -3.65185700e-02  1.26835080e-02
 -6.20537251e-02  1.21785803e-02  1.25423111e-02  4.16312590e-02
  1.36695281e-01  2.08625617e-03  3.51230777e-03  8.20034519e-02
 -2.29204670e-02  2.67325453e-02 -5.47073707e-02 -8.33691433e-02
 -2.63800770e-02  1.55912973e-02 -5.39345928e-02 -8.42092372e-03
  7.44880224e-03  3.23532298e-02 -4.21712548e-02 -4.89006899e-02
 -2.58494392e-02 -1.17473816e-02  4.96752523e-02 -5.08647573e-33
 -2.67409463e-03 -6.77871937e-03  3.91722806e-02 -7.29890261e-03
 -2.82557085e-02  3.50369960e-02  2.84268102e-03  2.12511085e-02
 -7.88390189e-02 -3.72790731e-02 -7.80195056e-04 -2.48137731e-02
  2.18137931e-02 -5.26259653e-03  2.67436062e-05  3.94612812e-02
 -6.51537776e-02  3.94010171e-02  1.38045140e-02 -7.49123916e-02
  2.58534160e-02  1.24045126e-02  6.23494573e-02  9.28844512e-03
  4.36736271e-02 -4.84748781e-02 -1.76012423e-02  1.77435372e-02
  6.16977662e-02 -2.06752308e-02 -3.21872085e-02 -8.04871023e-02
 -2.31524892e-02 -4.57598418e-02  1.72827784e-02 -5.71639314e-02
  5.96522354e-03  1.79090649e-02  9.02226754e-03 -1.55333038e-02
 -2.30671410e-02 -1.20013747e-02  2.60080975e-02 -1.94566965e-03
  6.92379847e-02 -3.58691551e-02 -1.38899041e-02 -1.31039266e-02
 -2.79468857e-02  6.85008168e-02 -6.44570263e-03 -1.96696334e-02
 -8.09931383e-03  2.43537389e-02  2.99681127e-02  2.27437932e-02
 -4.86528911e-02 -9.89104286e-02 -7.96620827e-03 -3.22899893e-02
  2.14479417e-02  8.55959132e-02  5.00898883e-02  6.98262732e-03
  1.80917997e-02 -4.46981983e-03 -1.13336474e-01 -5.77767901e-02
  2.56062467e-02 -1.63658913e-02  1.75105389e-02  4.34450917e-02
 -2.81397663e-02  3.18769701e-02 -1.11477278e-01 -3.03604361e-02
  1.20875603e-02 -3.18968184e-02 -5.35687692e-02  1.39360474e-02
  9.51037928e-03 -2.19124667e-02  8.35498422e-03 -3.96026261e-02
  1.78413317e-02 -4.17825468e-02 -2.68004183e-02 -4.19562906e-02
  1.42664667e-02  1.20524876e-02 -2.38060150e-02  5.48964739e-02
  1.58134867e-02  1.11601362e-02  7.06635192e-02 -2.21618656e-02
 -3.67221124e-02  7.15004234e-03  1.86250564e-02 -4.48288769e-02
 -9.63547602e-02  1.66631658e-02 -5.48182949e-02  4.26192135e-02
 -3.85901635e-03  3.41100842e-02 -1.17460201e-02 -2.96239275e-03
  3.23920907e-03  2.62339655e-02 -3.33383791e-02  1.75281372e-02
 -3.65014151e-02 -4.54038791e-02 -1.09758005e-01 -3.26526128e-02
 -3.05956658e-02 -5.52118048e-02  9.00558475e-03 -4.77618538e-02
 -1.29576365e-03 -1.00537883e-02  7.01006735e-03 -2.18051597e-02
 -4.93185930e-02  2.59665437e-02  3.14251482e-02 -2.15246174e-02
 -4.27065827e-02  8.14398602e-02  3.70938554e-02  3.05785760e-02
  1.99593899e-07 -6.71406742e-03 -1.23635156e-03  1.96395274e-02
 -2.28214525e-02 -4.05641086e-02 -4.97789588e-03 -1.52991666e-02
  5.42697273e-02 -3.59158553e-02  1.05033210e-02  4.61450145e-02
  9.91244987e-03  4.02499326e-02  3.43024619e-02 -1.08538317e-02
 -4.14283797e-02  8.43650661e-03 -6.55611977e-02  7.54675502e-03
 -7.76963979e-02 -2.28594262e-02 -8.45275521e-02 -1.43387942e-02
  1.32946884e-02  4.03882228e-02  9.43063106e-03  1.72861125e-02
 -3.49051296e-03  1.77881029e-02 -1.33061148e-02  1.15979463e-02
  1.93851385e-02  2.15806672e-03  4.57254238e-02 -8.84054601e-03
 -6.44301549e-02  1.06604267e-02  6.04092255e-02  7.08168149e-02
  2.89562624e-02 -1.19721545e-02 -3.77475098e-02  7.13903224e-03
 -6.18776120e-02 -2.24215556e-02 -1.37496674e-02 -1.03377849e-02
  2.40456909e-02  4.31096181e-02  3.32840951e-03 -1.32432450e-02
  3.01116630e-02  4.85974923e-02  1.39189558e-02 -3.57872387e-03
 -8.47349223e-03  1.00785997e-02  4.67409305e-02  1.29725896e-02
 -7.51382997e-03  5.26675163e-03 -4.83907722e-02 -1.14105120e-02
  9.72461794e-03  6.60194876e-03  5.49392588e-02  4.52467613e-02
  7.25457487e-35 -4.72801924e-02 -5.50698079e-02  1.77259196e-03
  8.46787170e-03  2.65330840e-02  4.38458249e-02  3.05139609e-02
 -1.91740170e-02 -1.21808918e-02  3.23255770e-02  3.59336697e-02]"
Emergency_programming,Rapid crisis-response food assistance and service activation.,"[ 3.43495817e-03 -2.84932996e-03 -7.48240575e-03 -1.94466498e-03
  2.22378853e-03  2.17228420e-02 -3.29678087e-03  1.49822459e-02
  5.03542833e-03 -4.95301932e-02  5.68604805e-02  9.88326222e-03
 -2.44697407e-02  5.38929962e-02  7.81588536e-03 -1.71495369e-03
  1.21441595e-02  2.28542034e-02  3.79274301e-02  2.73434781e-02
  1.60942916e-02  2.45476235e-02 -6.62505487e-03  6.10097777e-03
 -1.96604691e-02  3.30250338e-02 -1.46159241e-02  4.11980450e-02
  2.66108885e-02 -7.68942535e-02  1.79790445e-02 -2.44545545e-02
 -2.76313238e-02 -6.46350533e-02  1.59806200e-06  1.47819780e-02
 -9.58426483e-03  7.02147651e-03 -1.12923950e-01 -6.24935841e-03
 -5.70650632e-03 -1.13717742e-01 -1.57432519e-02  4.88759801e-02
  1.10414997e-02 -6.90292567e-02  2.41057593e-02 -1.98598076e-02
 -1.78055782e-02  3.24567920e-03  1.60077084e-02 -1.04640871e-02
 -5.25398776e-02  2.36065816e-02 -7.33971596e-02  1.22168772e-02
 -3.30999941e-02 -3.95290069e-02  5.06637134e-02 -6.38291389e-02
  5.60808815e-02  5.11248223e-02 -1.27833904e-04  6.39751852e-02
  7.44523574e-03  7.57271647e-02 -3.06970067e-02  2.96515338e-02
 -2.24916190e-02  1.28217321e-02  5.29295532e-03  3.81756425e-02
  8.90955422e-03  2.43351031e-02 -2.51743030e-02  3.97321917e-02
  3.67915444e-02 -8.43746141e-02 -7.36335525e-03 -2.77851894e-02
 -4.41935845e-03  3.15073319e-02  3.24531719e-02 -1.82871439e-03
  1.92392431e-02  4.25919779e-02 -3.90847884e-02 -2.26371884e-02
 -3.00046783e-02 -1.39969727e-02 -6.01711683e-02 -1.03377607e-02
 -8.77849665e-03  4.30149660e-02 -1.54523812e-02 -8.41162074e-03
  2.39234343e-02 -1.66015085e-02 -1.37715526e-02 -5.12763485e-02
 -1.04427114e-02  3.21301892e-02 -5.69215044e-02 -4.74611260e-02
  1.22400429e-02 -1.19411256e-02 -1.99374929e-02 -3.45367268e-02
 -3.52215320e-02  4.70637642e-02 -7.78148323e-02  5.51450215e-02
 -1.89599879e-02  1.24408035e-02 -8.68285354e-03  4.08690535e-02
 -1.18466001e-02 -5.96542982e-03  2.29955874e-02 -2.57831905e-02
 -1.15582841e-02  1.35016087e-02 -2.36319993e-02  2.66863890e-02
 -7.78596476e-03  5.75956516e-02 -2.96288691e-02  2.48579904e-02
  3.22437398e-02 -1.39970062e-02 -5.83416549e-03 -5.84812053e-02
  3.14748809e-02 -1.96801010e-03  9.99206398e-03 -6.52857218e-03
 -4.32327017e-02 -3.73360026e-03 -8.69034082e-02 -9.46683902e-03
  7.89029896e-03 -1.53018190e-02 -4.85765981e-03 -2.81088203e-02
  3.58202192e-03  5.50480522e-02  4.30636369e-02  9.92658585e-02
  5.59308790e-02 -2.21184045e-02 -6.74990639e-02 -1.81169212e-02
  3.77613269e-02  2.51268130e-02  2.11892352e-02  1.24798063e-02
  3.73230949e-02 -2.04788819e-02  1.57292420e-03 -1.32514555e-02
 -5.63610438e-03 -1.31554902e-02 -2.67140269e-02 -1.80132221e-02
 -6.52863011e-02  5.49780279e-02  7.17165461e-03  4.71176067e-03
 -3.11685670e-02  1.94524061e-02  2.25374326e-02 -6.02114089e-02
  8.06396268e-03  5.68943657e-02  2.49911230e-02  5.53119555e-02
 -2.18557995e-02 -1.18529173e-02 -1.85698755e-02  9.26009342e-02
 -6.32676333e-02 -5.09411730e-02 -1.55052692e-02  2.67408080e-02
 -7.73327332e-03  4.08420116e-02  3.49016953e-03  3.04609835e-02
 -3.60830277e-02 -8.44767876e-03 -3.15020494e-02  6.34369999e-03
 -2.20129499e-03  2.72626895e-02 -2.06385627e-02  5.96065260e-03
 -2.89648585e-02 -1.01037603e-02 -3.10567711e-02  8.97126552e-03
  3.97441089e-02 -4.98707667e-02 -3.14671472e-02  1.01605199e-01
  2.72258986e-02 -2.33107582e-02 -1.83763786e-03  1.63752548e-02
  5.69517203e-02 -5.92314973e-02 -5.59064280e-03  5.88399060e-02
  1.30403610e-02  1.59434490e-02 -1.67620108e-02  2.68442221e-02
  5.82206249e-02  3.47328782e-02 -9.03728511e-03  1.78445708e-02
 -5.33936433e-02  8.39442015e-02 -2.70715505e-02 -1.35270425e-03
  8.38941783e-02 -4.13957424e-03 -1.45685785e-02  6.55245082e-03
 -1.00118499e-02 -1.44228982e-02  5.69442883e-02  2.46922988e-02
 -2.18746085e-02 -3.41840237e-02  1.37551967e-03  4.59389277e-02
  4.83462699e-02  2.44730748e-02 -5.05924709e-02 -3.01682297e-03
 -5.93283512e-02  3.69508378e-02  2.33158991e-02  4.71118139e-03
 -5.56124048e-03  4.52702977e-02 -8.80827103e-03 -4.10785712e-02
 -4.05286526e-04  7.20668063e-02 -1.33627150e-02  9.78570338e-03
  1.57705378e-02 -1.72806922e-02  4.10449617e-02 -7.67745376e-02
  4.78809439e-02 -5.85167576e-03  3.25466841e-02  7.16162696e-02
 -3.81592698e-02  8.70596990e-03  1.71018541e-02 -4.45849821e-02
 -1.44624794e-02  3.61340656e-03 -6.59570843e-03  1.36170117e-02
  3.39216217e-02 -2.88976226e-02  1.47029627e-02  1.12615153e-02
  3.84695679e-02  1.45701254e-02  5.71501590e-02 -4.17448692e-02
  1.86747313e-02  7.39046885e-03 -5.29456884e-04 -3.58571894e-02
  1.46188047e-02  1.11945635e-02 -7.26577034e-03  3.98283042e-02
  4.94527631e-03 -4.59776223e-02 -1.01821665e-02 -6.80518746e-02
  1.11830728e-02 -9.15411487e-02  5.51387630e-02 -1.21931797e-02
 -1.56331994e-02 -1.13086373e-01 -1.17723141e-02  2.82658078e-02
 -2.80509163e-02 -1.01530559e-01 -5.78833604e-03  2.78479643e-02
  2.56621763e-02 -6.50521042e-03  4.31958027e-02 -1.05379811e-02
 -4.11520824e-02 -3.22785191e-02 -6.65211231e-02 -9.31520481e-03
 -2.60335933e-02 -1.82577986e-02 -2.96321847e-02  6.21300861e-02
  4.27243263e-02 -8.87220278e-02  3.64873633e-02 -4.16059531e-02
 -7.07700104e-02  2.80682035e-02 -1.85296759e-02  1.12994155e-03
 -2.63885837e-02 -5.21631329e-04 -3.15418206e-02  1.18009672e-02
 -1.43092852e-02 -2.10423712e-02 -2.16287002e-02 -6.68370575e-02
 -5.75308455e-03 -3.38264890e-02 -2.96525401e-03 -2.06308383e-02
  8.33638478e-03  2.21798792e-02  8.26257188e-03 -4.61558513e-02
 -5.72547279e-02 -5.18263504e-02 -4.12058458e-02 -9.39444825e-03
  5.56371594e-03 -2.81052515e-02 -1.44710839e-02  2.12127976e-02
  1.83882471e-02 -2.10799426e-02  1.55911921e-02  2.37948615e-02
 -6.81198165e-02  1.02385283e-02  5.59752025e-02  4.25480679e-02
 -5.02664363e-03 -4.00464013e-02 -4.38571870e-02  4.78224158e-02
 -5.63929975e-02  1.70164891e-02 -1.97920687e-02  4.77532996e-03
  3.01396847e-02  3.79491746e-02  5.67723885e-02 -6.41816109e-02
  2.49297395e-02  3.59688587e-02  1.94918420e-02  3.45846452e-02
  1.69575289e-02  4.45609912e-02 -6.83381967e-03  6.60091043e-02
 -4.37184013e-02  1.94635075e-02  1.45800244e-02 -1.49404174e-02
  1.99743379e-02 -1.58818830e-02 -3.18636820e-02  2.16716416e-02
  3.23499516e-02  2.90651154e-02  3.97276953e-02  1.32526364e-02
 -1.46298446e-02 -8.40561762e-02 -2.02069711e-02 -4.26033549e-02
  3.21718752e-02  1.05978064e-01 -1.49908541e-02 -1.54622765e-02
 -3.54679301e-02  4.50307466e-02  4.81509417e-02  4.13211398e-02
 -2.78275721e-02 -4.62889532e-03 -2.72976626e-02  3.83022148e-03
  1.35767208e-02  6.41359314e-02  8.01494624e-03 -2.38754526e-02
 -3.06556579e-02  3.02611496e-02  1.05584841e-02  1.13715865e-02
 -2.15713680e-02  6.02835901e-02  5.58378734e-02  5.50487898e-02
 -2.76294042e-04  1.87915936e-02 -8.88731098e-04 -2.41923518e-02
 -3.27549153e-03  7.18158716e-03 -1.22363204e-02 -5.77296019e-02
 -9.35203396e-03  3.64613626e-03 -1.50162727e-02 -2.55633760e-02
 -3.94718023e-03 -2.22189240e-02 -3.60699780e-02  4.83833253e-02
 -8.66715703e-03 -4.01575910e-03  3.13958377e-02  2.90720146e-02
  2.95091998e-02 -5.05609140e-02 -2.16627214e-02 -2.35980041e-02
  3.35671343e-02 -6.82744831e-02 -4.75595109e-02 -4.05313727e-03
  8.87450296e-03 -1.63388345e-02  2.31160652e-02 -4.14751992e-02
 -1.25478124e-02 -4.10181247e-02  3.15898210e-02  3.47822867e-02
  2.17635762e-02 -1.43660447e-02  9.99772642e-03 -1.11498479e-02
 -3.57562564e-02 -2.03313697e-02  5.75467534e-02 -2.38977466e-02
  9.54018161e-03  4.47447738e-03  1.05632534e-02  5.13784327e-02
 -2.23956793e-03  1.90566871e-02  2.36045942e-02  2.19782256e-02
  2.83112447e-03  1.15312822e-03  7.91882426e-02 -3.57563421e-02
  1.42882508e-03 -4.07331660e-02 -3.18613537e-02  2.43942416e-03
  2.43292237e-03  3.75198498e-02  1.35553256e-01 -3.45370807e-02
 -2.00345535e-02 -5.13309874e-02  1.20561999e-04 -2.16284469e-02
 -2.04806440e-02  2.27411743e-02  3.21997586e-03 -7.07663596e-02
 -1.60885844e-02 -1.43979080e-02 -8.58518854e-03  1.17147260e-03
 -1.18524209e-02  2.29340550e-02 -9.92828421e-03  1.01414435e-02
  1.14142718e-02 -2.69370358e-02 -2.11628359e-02  3.33213843e-02
  1.87483858e-02 -3.50397676e-02  4.04460169e-02  2.19005086e-02
 -3.11640650e-03  1.38062630e-02  8.82470980e-03  6.14779890e-02
 -2.67661065e-02 -1.30383121e-02 -2.48990790e-03  3.83895189e-02
  2.87323035e-02  1.52908014e-02 -1.71286147e-02  1.45953307e-02
 -2.33182255e-02 -7.38087893e-02  1.59238949e-02  2.01770221e-03
  7.12475227e-03 -6.41387561e-03 -1.85912885e-02 -2.55044531e-02
  3.66024906e-03 -4.42074686e-02  3.74838822e-02 -1.04867935e-03
 -2.54795817e-03  1.60538778e-02  3.08562303e-03  2.77643222e-02
 -3.64366942e-03 -5.64528676e-03  7.39190076e-03  9.66558326e-03
  2.45425738e-02  2.37786695e-02  3.38846967e-02 -4.11124453e-02
 -6.12509474e-02  4.07150462e-02 -1.03477705e-02  1.15976669e-02
 -4.25344072e-02  8.47453438e-03  2.44917497e-02  4.01566084e-03
 -2.80831698e-02  3.02515854e-03  2.41755843e-02 -5.36248833e-02
  8.38008523e-03 -9.67106037e-03 -2.20688116e-02  4.15370129e-02
 -3.59262228e-02 -1.30060567e-02  2.34523434e-02 -5.65174378e-33
  7.62073249e-02 -6.31857961e-02  8.34314339e-03 -3.24454531e-02
  3.29312719e-02  4.54050004e-02  4.85207476e-02  1.16501655e-02
  2.38543898e-02 -3.39560099e-02  2.23547146e-02  1.01344921e-02
  3.02703548e-02 -3.76972146e-02 -8.05753376e-03 -2.50284225e-02
 -2.49180347e-02  2.29708031e-02 -9.86786280e-03 -7.37514496e-02
 -2.68491823e-02 -2.86284834e-03 -4.59829122e-02  9.75885801e-03
  3.92737892e-03 -3.33557129e-02  2.43349131e-02 -4.74026985e-02
  5.64183518e-02 -4.40110527e-02 -2.72646155e-02  3.11453957e-02
  2.35219598e-02 -4.91684675e-02  3.09653971e-02  6.57438636e-02
 -1.70745282e-03  1.29849892e-02  5.12682740e-03 -8.64890218e-02
 -9.38314423e-02 -4.81670499e-02 -2.44433973e-02  5.74034899e-02
  3.55106709e-03 -3.37891877e-02 -7.36179575e-03  1.73381865e-02
 -1.60201953e-03  4.11938317e-02 -3.20890211e-02  1.37847262e-02
 -1.70934275e-02  2.98669450e-02  1.29153077e-02  7.61503726e-02
 -1.57990456e-02  3.33293788e-02  3.02820392e-02 -7.10550025e-02
 -3.38231698e-02  3.60154966e-03 -9.25837143e-04  1.57618094e-02
 -6.76636547e-02 -7.51931872e-03 -6.36017546e-02 -9.64615587e-03
 -5.40669961e-03 -1.25780124e-02  4.33486333e-04 -1.07743265e-02
  2.96014026e-02  7.58715644e-02  1.61733348e-02 -3.95698026e-02
 -6.17233291e-03  2.67278273e-02 -1.61499958e-02 -2.68657543e-02
  1.44213699e-02 -7.57822301e-03 -2.16715317e-02  3.16013470e-02
 -1.38189178e-02 -2.77036475e-03 -1.96870603e-02  3.43758278e-02
  7.74528645e-03 -1.63885169e-02 -2.26375740e-02  6.95773363e-02
 -3.93580412e-03  1.27116486e-01  5.29591218e-02 -3.00027188e-02
  7.40128830e-02  2.98745353e-02 -1.95059795e-02  3.07453293e-02
 -8.38941932e-02  8.11844543e-02  1.03110177e-02  9.48200375e-03
  1.02062346e-02 -2.38901414e-02 -9.08279791e-03 -7.78958574e-03
  4.65430431e-02 -7.19891442e-03  1.01734055e-02  2.15194151e-02
  4.15853858e-02 -6.63346611e-03 -1.08874077e-02 -2.47400515e-02
  6.97019184e-03 -8.77343267e-02 -1.36101805e-02 -4.96174730e-02
  8.87091644e-03  1.01413131e-02 -4.42471802e-02  1.06689734e-02
 -9.96877719e-03  5.41268624e-02 -2.59012263e-02 -8.04218071e-05
 -6.19801171e-02  7.23038893e-03  4.16619107e-02  1.04196863e-02
  2.10127709e-07  4.56319042e-02 -7.58217240e-04  5.47383204e-02
 -4.18377407e-02 -1.33497501e-03 -5.31769805e-02  2.29845126e-03
  4.31052223e-02  2.21434291e-02 -6.75319287e-04  3.85593623e-02
 -2.07922254e-02 -3.53187807e-02  4.60218377e-02  4.35112650e-03
 -2.94609834e-02 -1.29234251e-02  5.75367473e-02 -2.85924617e-02
 -3.79665643e-02  4.72869836e-02  9.71247535e-03 -6.43824367e-03
  5.52345952e-03 -3.06414273e-02  1.87698491e-02  2.80140545e-02
 -6.55180514e-02 -1.04998779e-02 -2.93068606e-02 -5.65409614e-03
  7.68063962e-02 -1.75967757e-02 -1.22032249e-02 -4.14788164e-02
 -3.84411849e-02 -2.40224358e-02  3.25050093e-02 -1.94478761e-02
 -3.57471108e-02 -6.06886409e-02  1.55604212e-02 -2.24588383e-02
 -3.10012349e-03  3.70456390e-02 -9.61825475e-02  4.04496454e-02
  1.25504717e-01 -4.28301468e-02  2.20251661e-02 -5.87240085e-02
  3.01172975e-02  1.04583672e-03  1.17560655e-01  8.56338628e-03
  6.78866869e-03 -1.02033652e-02  1.09771192e-02  2.02385057e-02
  6.84234966e-03  3.54943424e-03 -4.65492904e-02 -4.05679122e-02
  1.63038932e-02 -4.43539098e-02  1.97384530e-03  1.63272582e-02
  1.20699760e-34  5.18886186e-03 -9.93434712e-03  1.72226038e-02
 -2.83890236e-02  3.27099813e-03  2.02970970e-02 -5.78404069e-02
  8.12896760e-04  1.72454771e-02 -2.80890688e-02  8.66473466e-03]"
Food_Assistance,Food pipeline delivery including cash or in-kind support.,"[ 3.34469858e-03  4.17638831e-02 -2.34426558e-02 -1.44949611e-02
 -2.33459519e-03  9.14371572e-03 -2.10642926e-02  4.06977572e-02
  2.35802736e-02 -5.21681495e-02  8.50852877e-02 -2.32589729e-02
  3.19582000e-02  8.32573399e-02  4.34071086e-02 -2.28138883e-02
  3.29849198e-02  3.24739143e-02 -3.83276604e-02  3.82428020e-02
 -1.32968379e-02  4.52171974e-02 -3.38847637e-02 -4.33685584e-03
 -1.92001592e-02  1.45420693e-02 -1.05959922e-02  6.18938208e-02
  3.45132267e-03 -4.86069135e-02  4.84502986e-02 -2.32032500e-02
 -5.86571284e-02 -6.00704364e-02  1.49375126e-06  2.17520539e-02
 -4.18334045e-02  2.22214293e-02 -1.22426398e-01 -1.17553798e-02
 -5.59608638e-03 -1.12194024e-01 -9.15245991e-03  4.60076667e-02
  2.75914241e-02 -3.27894725e-02  6.63548186e-02  2.02024281e-02
 -3.44925895e-02 -3.35979946e-02 -1.01128651e-03  1.08908769e-02
 -4.83946316e-02  1.88399348e-02 -5.91220483e-02  1.66951995e-02
 -2.20131371e-02 -3.40391286e-02  1.37276100e-02 -1.00808758e-02
  2.35834997e-02  2.02170014e-02  1.58019550e-02  2.02554781e-02
  1.97515842e-02  3.10866982e-02 -4.18488719e-02 -3.92940789e-02
 -2.68915556e-02  2.15060953e-02 -3.66942002e-03  3.04661579e-02
 -1.23045743e-02 -1.14957383e-02 -3.69706303e-02 -2.09284332e-02
  2.33430695e-02 -5.23634627e-02 -2.22102460e-02 -1.13497209e-02
 -4.34769271e-03  2.39300895e-02  1.53721832e-02  2.93130856e-02
 -3.87231237e-03  3.31385545e-02 -1.19486284e-02 -1.00312242e-02
 -2.72324812e-02  2.59092785e-02 -2.98708379e-02 -1.90993380e-02
  1.74781661e-02  2.07789782e-02 -2.66049267e-03 -4.79882732e-02
  3.40295620e-02 -1.29780192e-02 -3.08185630e-03 -2.40862425e-02
  1.16997296e-02  1.22475531e-02 -7.88893774e-02  6.71324262e-04
 -6.56031072e-03 -1.62367653e-02 -6.76720440e-02 -3.26951407e-02
 -3.90257016e-02  8.13394338e-02  1.13561703e-02  1.01740891e-02
 -2.98517887e-02  1.54894898e-02 -6.78241998e-02  1.58816052e-03
 -3.47269000e-03 -4.75955801e-03 -4.24205363e-02 -7.78855011e-03
  9.04311389e-02  4.25569788e-02  7.85660278e-03  3.85934412e-02
  1.63038243e-02  8.49023759e-02 -5.43850586e-02  2.55390853e-02
  3.14037390e-02  7.10357679e-04 -1.31554613e-02  9.40691307e-03
 -1.43480324e-03 -3.80875007e-03  3.67819965e-02  4.54573445e-02
 -8.91546998e-03 -4.80496744e-03 -2.55542696e-02  7.52963079e-03
  1.58683322e-02 -4.06048493e-03 -6.01786114e-02  1.79485306e-02
  6.51413528e-03  1.46316178e-02  3.81285250e-02  5.83647266e-02
  3.65549214e-02  9.23765358e-03 -5.96213602e-02 -5.64205386e-02
  1.12118833e-01 -1.02966940e-02  4.22557108e-02  2.42746715e-02
  3.34094353e-02 -5.38457409e-02 -7.46424834e-04 -3.84043204e-03
 -3.19443946e-03 -1.64245870e-02 -5.87489530e-02 -5.19096851e-03
 -5.34971990e-02  3.92313525e-02  1.97739024e-02  2.92065926e-02
  1.66818760e-02  4.54987735e-02  2.22125705e-02  8.12426209e-03
 -2.34096032e-02  4.39264402e-02  4.39257696e-02  1.52222058e-02
  2.58947555e-02 -6.32248297e-02 -2.68603023e-02  5.40107153e-02
 -4.21743561e-03 -8.60971659e-02  5.96575392e-03  1.45645272e-02
 -9.41408146e-03  2.81074438e-02  1.02465635e-03  1.88865494e-02
 -3.68262343e-02 -1.47126717e-02  2.64597428e-03 -2.26797126e-02
  2.18390841e-02  1.70853045e-02 -3.87125998e-03 -6.72121719e-03
 -4.41184081e-02 -2.27012001e-02 -5.28296158e-02 -9.14653763e-03
  4.49471064e-02 -1.13140307e-02 -3.23952250e-02  6.50437325e-02
 -3.46426899e-03 -1.44592458e-02 -9.70613025e-03  6.69809477e-03
 -5.19822352e-02 -6.23319745e-02 -4.70750639e-03  1.62659027e-02
 -1.91741139e-02  2.16153264e-02 -5.72249154e-03  3.33608612e-02
  5.18362448e-02 -6.66576903e-03  6.04584580e-03  3.82050127e-02
 -6.25936314e-02  4.94623221e-02  4.45364378e-02  2.22245548e-02
  6.68826848e-02  1.79804694e-02  2.55871788e-02  1.53183313e-02
  4.20176191e-03  4.26394269e-02  8.29068273e-02  2.74026114e-02
 -2.09905915e-02  3.41140777e-02 -4.50711057e-04  3.85701545e-02
  6.05003089e-02  9.37275812e-02 -3.87129746e-02  7.58537725e-02
 -6.13365062e-02 -2.88715381e-02  3.54993679e-02  2.55778283e-02
 -3.28793237e-03  6.24568649e-02  1.54692149e-02 -2.63404585e-02
  3.60905789e-02  7.12243095e-02 -3.34668416e-03 -2.58321911e-02
  1.83152519e-02  1.57098304e-02  2.38890629e-02 -8.03699344e-02
  1.47674866e-02  1.42162305e-03  1.59043749e-03  9.09419879e-02
  9.35230125e-03  1.11183794e-02 -9.30345803e-03 -3.31049003e-02
  4.12323661e-02 -4.16840836e-02 -1.22729852e-03  5.93769085e-03
  3.45782116e-02 -2.05379166e-02  1.09950546e-02 -3.19079380e-03
  4.44084927e-02  3.70034613e-02  3.95171233e-02 -4.65944074e-02
 -4.93447203e-03  3.11036482e-02 -4.08498719e-02 -7.92210572e-04
 -1.73204727e-02  1.64587162e-02 -3.16729490e-03  2.57966239e-02
  2.07711924e-02 -7.46180536e-03  1.21365557e-03 -6.51985928e-02
 -3.62088010e-02 -8.02183822e-02  4.68147621e-02 -1.31299729e-02
  8.26775096e-03 -4.83966805e-02 -4.63227928e-02  1.63847674e-02
 -6.47743493e-02 -6.79147197e-03 -3.07196006e-02 -1.30893607e-02
 -1.86186526e-02 -3.08983102e-02  2.60378346e-02 -1.87420826e-02
 -4.31776196e-02  2.74446737e-02 -2.28153877e-02  2.86333840e-02
  8.10826104e-03 -4.19565849e-02  1.13443937e-02  3.79648805e-02
  2.42687408e-02 -5.36232442e-02  4.41654995e-02 -1.12702120e-02
 -2.94037070e-02  4.62397747e-02  7.72954850e-03  5.71718626e-02
 -7.48684723e-03 -8.61471461e-04  4.37739771e-03 -4.18458879e-02
 -1.24243945e-02  1.02534918e-02 -2.56460980e-02 -6.65991902e-02
 -2.39039734e-02 -5.17438129e-02  1.06398771e-02 -4.32803519e-02
 -4.70704660e-02  3.15522403e-02  6.48851544e-02 -3.00291851e-02
 -3.58151412e-03 -5.21671437e-02 -4.27342840e-02 -1.59023013e-02
  3.86524200e-02 -3.45926397e-02 -1.82544719e-02  4.70118597e-02
  5.16200513e-02 -1.85359176e-02  4.98074368e-02  3.09186559e-02
 -5.54314665e-02  2.82849390e-02  6.69136783e-03  8.68143067e-02
 -2.46937349e-02 -3.35792638e-02 -3.26314531e-02  2.78523192e-02
 -9.04793739e-02 -1.98200848e-02 -1.05853630e-02 -2.09269840e-02
  3.90836643e-03  2.27522049e-02  2.30930094e-02 -2.20751539e-02
  6.69676363e-02  9.76162478e-02  4.19138521e-02  8.28889105e-03
 -8.83093046e-04  3.00315488e-02  1.29706468e-02  6.33692518e-02
 -7.14080557e-02 -2.57821679e-02  1.71239749e-02 -2.46567968e-02
  1.71541814e-02  3.84179913e-02  7.66265113e-03  1.05268192e-02
  2.26693805e-02 -4.10148017e-02  5.12090810e-02  7.71313207e-03
 -2.49280129e-02 -4.93914746e-02 -2.51284055e-02 -1.12365581e-01
  4.68621217e-02  6.93742484e-02  4.79838671e-03 -4.60045263e-02
 -3.14238220e-02 -6.32583909e-03  1.47168525e-02  2.47279014e-02
 -2.29542144e-02 -1.93133242e-02 -1.81805808e-02  1.26395365e-02
 -9.76819452e-03  2.40191370e-02  2.58726440e-02 -2.92615611e-02
 -2.64531896e-02 -2.40026265e-02  5.12769297e-02 -1.99878234e-02
  1.55931925e-02  7.71250352e-02  9.00959782e-03 -1.37496018e-03
 -3.22001763e-02  2.33423784e-02  1.69611052e-02 -8.23116452e-02
  4.77247027e-04  1.05771217e-02  2.77545024e-02 -7.75811672e-02
 -7.18556251e-03 -1.86931882e-02  4.95874211e-02 -5.15163736e-03
  1.46979783e-02 -1.14688911e-02 -1.56523492e-02  2.27028765e-02
  1.01866117e-02 -3.85370217e-02  2.51400620e-02  3.90483253e-02
  3.45437452e-02 -8.67109820e-02  3.58377434e-02  2.41168179e-02
  4.01999727e-02 -5.57426251e-02  1.14331022e-02 -2.03748420e-02
  3.54123786e-02  1.53157767e-02  5.15341386e-02  7.43132667e-04
  3.75134014e-02  1.43409483e-02  1.18458830e-02  1.32827163e-02
  1.86772123e-02 -3.35772969e-02  3.50454859e-02 -3.12436074e-02
 -3.32082137e-02 -4.61344607e-02  3.24863791e-02 -9.56851337e-03
  1.15193566e-02 -5.19789867e-02 -1.19729312e-02 -1.22964075e-02
 -2.12943065e-03  3.26876231e-02  3.55793200e-02  2.24840990e-03
  5.53752929e-02 -2.32634768e-02  4.22691479e-02 -3.28480359e-03
  4.01004590e-03 -5.24269156e-02 -2.34647058e-02  4.24029015e-04
 -6.44181296e-03  1.94009840e-02  7.85658136e-02  2.01737080e-02
 -2.16442216e-02  5.75759001e-02 -1.85812693e-02  8.31347331e-03
 -2.75110491e-02 -2.21740361e-02  1.64504275e-02 -6.78124949e-02
 -1.48321781e-02  1.77338421e-02 -2.26440039e-02 -3.20144370e-02
 -2.83518843e-02 -2.37627901e-04 -3.24783102e-02 -3.87273799e-03
  1.31731257e-02 -5.17544709e-02 -3.63886245e-02  7.53399953e-02
  5.39357476e-02 -2.18376629e-02 -8.26280471e-03  6.12694246e-04
  5.28688356e-03  2.44317912e-02  2.63688825e-02 -1.67453028e-02
 -4.49259207e-02  2.29709446e-02  4.01331019e-03  5.60287833e-02
  2.15611644e-02  3.30760665e-02 -6.42970726e-02 -1.18964734e-02
  1.58088971e-02 -5.85934035e-02  2.77501773e-02  3.54582779e-02
 -5.83271235e-02 -6.03949018e-02 -9.12297692e-04 -1.19365985e-02
  1.58179644e-02 -2.13735364e-02  4.95479926e-02 -8.32378108e-04
 -1.60808172e-02 -3.37552512e-03  1.47761563e-02  2.89072357e-02
 -4.16467637e-02  9.71200690e-03 -5.91092706e-02  3.28019797e-03
 -5.25061563e-02  4.88747098e-02  1.11073637e-02 -2.27827858e-02
  4.59031621e-03  2.67999386e-03  4.99248458e-03  8.60657450e-03
 -2.32315771e-02  6.48189615e-03 -1.16285728e-02 -2.01286143e-03
  1.09943021e-02  1.15010394e-02 -2.95762084e-02 -2.44256537e-02
 -4.72891517e-03 -3.58740054e-02 -4.52635024e-04  7.68894935e-03
 -5.45493737e-02 -2.41325870e-02 -8.22542515e-03 -5.27162968e-33
  1.88590847e-02 -5.39666303e-02  7.46870646e-03  1.87898427e-02
  3.63878421e-02  7.84481913e-02  3.70306410e-02 -2.58184392e-02
  8.95801373e-03 -4.66829836e-02  1.06172310e-02 -2.17433572e-02
  3.57214473e-02  2.12394167e-02  2.96882121e-04 -1.61301028e-02
 -2.57870536e-02 -6.21301308e-03 -3.05163078e-02 -5.49280159e-02
 -7.71913007e-02 -2.97453138e-03 -5.23257675e-03  9.61486474e-02
  9.12319347e-02 -2.78759152e-02  5.20302169e-03  1.42244538e-02
  4.97750491e-02 -3.96099351e-02 -7.58707756e-03 -3.88341234e-03
  2.26099323e-02 -5.42364158e-02  2.51334589e-02  5.17383702e-02
 -2.99408436e-02  1.38368672e-02 -2.69723032e-02 -3.82914804e-02
 -1.20863162e-01 -5.45019582e-02 -1.48012927e-02  1.25783710e-02
  6.65941788e-03  1.23704446e-03 -7.45623885e-03 -4.17221803e-04
  2.23633125e-02  4.87620048e-02  2.48639677e-02 -3.49630509e-03
 -2.80447248e-02  7.59315863e-02  3.07978652e-02  9.67559889e-02
 -1.34857567e-02  3.61157730e-02  5.84381446e-02 -5.61801866e-02
 -5.21691442e-02 -5.28081600e-03  1.44038920e-03 -3.51759456e-02
 -4.90111783e-02 -3.56536806e-02 -7.60715827e-02 -2.90077347e-02
 -3.20759811e-03 -7.86762685e-03 -3.68124172e-02 -1.06783630e-02
  2.06554513e-02 -4.09671515e-02 -3.87953185e-02 -7.22414162e-03
  4.15170901e-02  2.59716040e-03 -1.05577596e-02 -3.30273807e-02
  1.29123926e-02 -6.56261481e-03 -2.34777085e-03 -1.05505204e-02
 -7.31361955e-02 -1.00238875e-01 -2.28005499e-02  2.17423774e-02
  8.06930289e-03  9.36879590e-03  9.48585849e-03 -2.03103125e-02
 -1.61305610e-02  1.25937998e-01  4.81065735e-02  1.00932550e-02
  6.08195662e-02  3.80192660e-02 -2.05511674e-02  2.09046155e-02
 -2.83154156e-02  5.94805330e-02 -3.70126171e-03  3.46458750e-03
  1.78944729e-02 -3.37464735e-02  2.13898085e-02 -4.62782495e-02
  1.37413619e-03  3.40361372e-02  2.23194249e-02 -8.44580773e-03
  3.26945893e-02  4.46707420e-02 -2.69009937e-02 -5.16757965e-02
  6.49564085e-04  1.01924660e-02 -1.11945160e-02 -2.24064477e-02
  6.93150703e-03  6.19350225e-02 -3.37135158e-02 -1.75024220e-03
 -5.58827147e-02  3.38155553e-02 -2.09087599e-02  1.96162574e-02
  9.21259727e-03 -3.16246450e-02  4.44974788e-02  5.88021125e-04
  2.12946404e-07  1.06279179e-02  3.79504934e-02  3.48944664e-02
 -2.67247520e-02 -3.86066246e-03 -4.75715287e-02  1.97981019e-02
 -1.43898837e-02 -2.85854973e-02  3.48973013e-02  7.12856837e-03
 -2.74824593e-02 -2.09096204e-02  2.86061877e-05  1.48819974e-02
 -6.36669472e-02 -1.22457638e-03  2.04839688e-02 -3.01060528e-02
 -5.42985648e-02  2.97389291e-02  3.65313925e-02  1.59131084e-02
 -4.08406882e-03 -2.04900019e-02  6.40356764e-02 -1.35984330e-03
 -5.41956574e-02  1.54604744e-02 -3.98201048e-02 -1.31556066e-02
  2.59559648e-03  3.30783874e-02 -3.08777150e-02 -3.91443260e-02
 -9.43222940e-02 -8.36979505e-03  4.28261906e-02 -2.23156922e-02
 -2.38760393e-02 -2.64215115e-02  1.46218343e-02 -8.34322814e-03
 -2.28296500e-02  1.29771763e-02 -4.72993739e-02  8.17650650e-03
  1.92360971e-02  1.60271209e-02 -3.88745517e-02 -1.08473683e-02
  4.99233827e-02  1.24337068e-02  8.59771371e-02  3.14769633e-02
  2.62831356e-02  1.35888914e-02  1.92874912e-02 -3.35596036e-03
 -2.40439642e-03 -1.37542712e-03 -2.67767143e-02  5.19116526e-04
  2.99759544e-02 -4.42499593e-02 -1.09711634e-02  1.43119250e-04
  1.74099736e-34  1.36948917e-02 -2.78663002e-02  4.53989729e-02
 -5.99476472e-02  1.04243178e-02 -2.11059134e-02 -3.29576507e-02
 -9.41705517e-03 -2.26048827e-02 -4.14199680e-02 -1.37676457e-02]"
