report_id,topic_rank,topic,similarity
2019_WFPFITTEST_Cash_based_transfers_and_SCOPE,1,Cash_transfers,0.5847
2019_WFPFITTEST_Cash_based_transfers_and_SCOPE,2,Food_Assistance,0.5069
2019_WFPFITTEST_Cash_based_transfers_and_SCOPE,3,Food_Assistance_for_Assets,0.463
2019_WFPFITTEST_Cash_based_transfers_and_SCOPE,4,Energy_for_food_security,0.4592
2019_WFPFITTEST_Cash_based_transfers_and_SCOPE,5,Zero_Hunger,0.4314
2019_WFPFITTEST_Cash_based_transfers_and_SCOPE,6,Information_Technology_and_Telecommunications_in_Emergencies,0.413
2019_WFPFITTEST_Cash_based_transfers_and_SCOPE,7,Food_security_analysis,0.4034
2019_WFPFITTEST_Cash_based_transfers_and_SCOPE,8,Food_systems,0.3963
2019_WFPFITTEST_Cash_based_transfers_and_SCOPE,9,Humanitarian_Support_and_Services,0.3882
2019_WFPFITTEST_Cash_based_transfers_and_SCOPE,10,Food_Security_Cluster,0.3874
2019_WFPFITTEST_Security_Telecommunications_Servic,1,Information_Technology_and_Telecommunications_in_Emergencies,0.5847
2019_WFPFITTEST_Security_Telecommunications_Servic,2,Humanitarian_Support_and_Services,0.5632
2019_WFPFITTEST_Security_Telecommunications_Servic,3,UN_Humanitarian_Air_Service,0.5279
2019_WFPFITTEST_Security_Telecommunications_Servic,4,Emergency_relief,0.4421
2019_WFPFITTEST_Security_Telecommunications_Servic,5,Emergencies,0.4269
2019_WFPFITTEST_Security_Telecommunications_Servic,6,Emergency_Preparedness_and_Response,0.4253
2019_WFPFITTEST_Security_Telecommunications_Servic,7,UN_agencies_and_international_institutions,0.3982
2019_WFPFITTEST_Security_Telecommunications_Servic,8,The_R4_Rural_Resilience_Initiative,0.3644
2019_WFPFITTEST_Security_Telecommunications_Servic,9,Monitoring,0.3557
2019_WFPFITTEST_Security_Telecommunications_Servic,10,Food_Security_Cluster,0.3527
2021_Agricultural_Insurance_Digital_Payments_Chall,1,The_R4_Rural_Resilience_Initiative,0.6174
2021_Agricultural_Insurance_Digital_Payments_Chall,2,Climate_change_adaptation,0.499
2021_Agricultural_Insurance_Digital_Payments_Chall,3,Partnerships,0.4852
2021_Agricultural_Insurance_Digital_Payments_Chall,4,Climate_risk_management_insurance_and_financing,0.4837
2021_Agricultural_Insurance_Digital_Payments_Chall,5,Programme_design,0.4734
2021_Agricultural_Insurance_Digital_Payments_Chall,6,Information_Technology_and_Telecommunications_in_Emergencies,0.4702
2021_Agricultural_Insurance_Digital_Payments_Chall,7,Cash_transfers,0.4524
2021_Agricultural_Insurance_Digital_Payments_Chall,8,Seasonal_and_agricultural_monitoring,0.452
2021_Agricultural_Insurance_Digital_Payments_Chall,9,Procurement,0.4407
2021_Agricultural_Insurance_Digital_Payments_Chall,10,Resilience_building,0.4304
2021_Protection_and_Accountability_Handbook,1,Food_security_analysis,0.7187
2021_Protection_and_Accountability_Handbook,2,Sustainable_development_goals,0.7182
2021_Protection_and_Accountability_Handbook,3,Country_strategic_planning,0.6625
2021_Protection_and_Accountability_Handbook,4,Food_Assistance,0.6551
2021_Protection_and_Accountability_Handbook,5,Energy_for_food_security,0.6465
2021_Protection_and_Accountability_Handbook,6,Humanitarian_Support_and_Services,0.6331
2021_Protection_and_Accountability_Handbook,7,Analyses_and_assessments,0.6179
2021_Protection_and_Accountability_Handbook,8,Climate_change_adaptation,0.617
2021_Protection_and_Accountability_Handbook,9,Cash_transfers,0.613
2021_Protection_and_Accountability_Handbook,10,Social_Protection_and_Safety_Nets,0.6093
2021_Technical_Report_on_Zambia_s_Farmer_Input_Sup,1,Seasonal_and_agricultural_monitoring,0.5771
2021_Technical_Report_on_Zambia_s_Farmer_Input_Sup,2,Climate_risk_management_insurance_and_financing,0.496
2021_Technical_Report_on_Zambia_s_Farmer_Input_Sup,3,Smallholder_agricultural_market_support,0.474
2021_Technical_Report_on_Zambia_s_Farmer_Input_Sup,4,Climate_services,0.4683
2021_Technical_Report_on_Zambia_s_Farmer_Input_Sup,5,Food_security_analysis,0.4455
2021_Technical_Report_on_Zambia_s_Farmer_Input_Sup,6,Energy_for_food_security,0.4436
2021_Technical_Report_on_Zambia_s_Farmer_Input_Sup,7,Food_Assistance_for_Assets,0.4269
2021_Technical_Report_on_Zambia_s_Farmer_Input_Sup,8,Food_safety_and_quality,0.4255
2021_Technical_Report_on_Zambia_s_Farmer_Input_Sup,9,Climate_change_adaptation,0.4196
2021_Technical_Report_on_Zambia_s_Farmer_Input_Sup,10,The_R4_Rural_Resilience_Initiative,0.4149
2021_WFP_Community_Engagement_Strategy_for_Account,1,Humanitarian_Support_and_Services,0.5996
2021_WFP_Community_Engagement_Strategy_for_Account,2,Food_safety_and_quality,0.5726
2021_WFP_Community_Engagement_Strategy_for_Account,3,Food_security_analysis,0.5699
2021_WFP_Community_Engagement_Strategy_for_Account,4,Partnerships,0.5623
2021_WFP_Community_Engagement_Strategy_for_Account,5,Social_Protection_and_Safety_Nets,0.547
2021_WFP_Community_Engagement_Strategy_for_Account,6,Environmental_and_social_sustainability,0.5446
2021_WFP_Community_Engagement_Strategy_for_Account,7,Monitoring_evaluation_and_learning,0.5272
2021_WFP_Community_Engagement_Strategy_for_Account,8,Emergency_Preparedness_and_Response,0.5221
2021_WFP_Community_Engagement_Strategy_for_Account,9,Energy_for_food_security,0.5134
2021_WFP_Community_Engagement_Strategy_for_Account,10,Governance_and_leadership,0.5076
2022_Economic_Impact_Assessment_of_World_Food_Prog,1,Procurement,0.6907
2022_Economic_Impact_Assessment_of_World_Food_Prog,2,Logistics_and_delivery_networks,0.5635
2022_Economic_Impact_Assessment_of_World_Food_Prog,3,Climate_change_adaptation,0.556
2022_Economic_Impact_Assessment_of_World_Food_Prog,4,Cash_transfers,0.5445
2022_Economic_Impact_Assessment_of_World_Food_Prog,5,Country_Capacity_Strengthening,0.5278
2022_Economic_Impact_Assessment_of_World_Food_Prog,6,Humanitarian_Support_and_Services,0.5259
2022_Economic_Impact_Assessment_of_World_Food_Prog,7,Climate_action,0.5216
2022_Economic_Impact_Assessment_of_World_Food_Prog,8,UN_Humanitarian_Air_Service,0.4715
2022_Economic_Impact_Assessment_of_World_Food_Prog,9,Private_sector,0.4698
2022_Economic_Impact_Assessment_of_World_Food_Prog,10,Environmental_and_social_sustainability,0.4693
2022_Linking_Nutrition_and_Social_Protection_in_We,1,Nutrition,0.6513
2022_Linking_Nutrition_and_Social_Protection_in_We,2,Social_Protection_and_Safety_Nets,0.6038
2022_Linking_Nutrition_and_Social_Protection_in_We,3,Food_security_analysis,0.6036
2022_Linking_Nutrition_and_Social_Protection_in_We,4,Food_fortification,0.583
2022_Linking_Nutrition_and_Social_Protection_in_We,5,School_meals,0.5785
2022_Linking_Nutrition_and_Social_Protection_in_We,6,Energy_for_food_security,0.5463
2022_Linking_Nutrition_and_Social_Protection_in_We,7,Specialized_nutritious_food,0.543
2022_Linking_Nutrition_and_Social_Protection_in_We,8,Programme_design,0.5411
2022_Linking_Nutrition_and_Social_Protection_in_We,9,Cash_transfers,0.5327
2022_Linking_Nutrition_and_Social_Protection_in_We,10,The_R4_Rural_Resilience_Initiative,0.5247
2022_Procurement_Infographic,1,Market_analysis,0.4044
2022_Procurement_Infographic,2,Engineering_services,0.3595
2022_Procurement_Infographic,3,Private_sector,0.3349
2022_Procurement_Infographic,4,Supply_chain,0.3194
2022_Procurement_Infographic,5,Logistics_and_delivery_networks,0.3067
2022_Procurement_Infographic,6,Rome_based_agencies,0.2799
2022_Procurement_Infographic,7,Procurement,0.272
2022_Procurement_Infographic,8,Climate_services,0.2681
2022_Procurement_Infographic,9,In_kind_food_distribution,0.2653
2022_Procurement_Infographic,10,Corporate_strategy,0.2513
2022_Western_Africa_Annual_Achievements,1,Country_Capacity_Strengthening,0.7107
2022_Western_Africa_Annual_Achievements,2,Food_security_analysis,0.6731
2022_Western_Africa_Annual_Achievements,3,School_meals,0.6578
2022_Western_Africa_Annual_Achievements,4,Funding_and_donors,0.6309
2022_Western_Africa_Annual_Achievements,5,Resilience_building,0.6226
2022_Western_Africa_Annual_Achievements,6,The_R4_Rural_Resilience_Initiative,0.6201
2022_Western_Africa_Annual_Achievements,7,Food_safety_and_quality,0.6036
2022_Western_Africa_Annual_Achievements,8,Humanitarian_Support_and_Services,0.6007
2022_Western_Africa_Annual_Achievements,9,Resilience_programming,0.5999
2022_Western_Africa_Annual_Achievements,10,Monitoring_evaluation_and_learning,0.5657
2023_A_Year_in_Review_For_WFP_Operations_across_th,1,Food_Assistance_for_Assets,0.6329
2023_A_Year_in_Review_For_WFP_Operations_across_th,2,Partnerships,0.5989
2023_A_Year_in_Review_For_WFP_Operations_across_th,3,The_R4_Rural_Resilience_Initiative,0.5966
2023_A_Year_in_Review_For_WFP_Operations_across_th,4,Country_strategic_planning,0.5449
2023_A_Year_in_Review_For_WFP_Operations_across_th,5,Food_Assistance,0.5393
2023_A_Year_in_Review_For_WFP_Operations_across_th,6,Resilience_building,0.5318
2023_A_Year_in_Review_For_WFP_Operations_across_th,7,Humanitarian_Support_and_Services,0.5252
2023_A_Year_in_Review_For_WFP_Operations_across_th,8,Emergency_Preparedness_and_Response,0.5163
2023_A_Year_in_Review_For_WFP_Operations_across_th,9,Food_security_analysis,0.513
2023_A_Year_in_Review_For_WFP_Operations_across_th,10,Sustainable_livelihoods_and_ecosystems,0.5094
2023_Addressing_Irregular_Migration_through_Princi,1,Migration,0.713
2023_Addressing_Irregular_Migration_through_Princi,2,Food_security_analysis,0.6581
2023_Addressing_Irregular_Migration_through_Princi,3,Energy_for_food_security,0.5621
2023_Addressing_Irregular_Migration_through_Princi,4,Food_safety_and_quality,0.5526
2023_Addressing_Irregular_Migration_through_Princi,5,Food_Assistance,0.5332
2023_Addressing_Irregular_Migration_through_Princi,6,Food_systems,0.5244
2023_Addressing_Irregular_Migration_through_Princi,7,Humanitarian_Support_and_Services,0.523
2023_Addressing_Irregular_Migration_through_Princi,8,Climate_change_adaptation,0.5174
2023_Addressing_Irregular_Migration_through_Princi,9,Nutrition,0.5167
2023_Addressing_Irregular_Migration_through_Princi,10,Food_Security_Cluster,0.5132
2023_Climate_Risk_Insurance_A_key_tool_for_buildin,1,The_R4_Rural_Resilience_Initiative,0.6813
2023_Climate_Risk_Insurance_A_key_tool_for_buildin,2,Partnerships,0.5714
2023_Climate_Risk_Insurance_A_key_tool_for_buildin,3,Food_Assistance_for_Assets,0.5195
2023_Climate_Risk_Insurance_A_key_tool_for_buildin,4,Resilience_building,0.5155
2023_Climate_Risk_Insurance_A_key_tool_for_buildin,5,Climate_risk_management_insurance_and_financing,0.5115
2023_Climate_Risk_Insurance_A_key_tool_for_buildin,6,Sustainable_development_goals,0.474
2023_Climate_Risk_Insurance_A_key_tool_for_buildin,7,Smallholder_agricultural_market_support,0.4644
2023_Climate_Risk_Insurance_A_key_tool_for_buildin,8,UN_agencies_and_international_institutions,0.4576
2023_Climate_Risk_Insurance_A_key_tool_for_buildin,9,Climate_change_adaptation,0.4489
2023_Climate_Risk_Insurance_A_key_tool_for_buildin,10,Humanitarian_Support_and_Services,0.445
2023_Conflict_Sensitivity_Mainstreaming_Strategy,1,Conflicts,0.657
2023_Conflict_Sensitivity_Mainstreaming_Strategy,2,Partnerships,0.6261
2023_Conflict_Sensitivity_Mainstreaming_Strategy,3,Humanitarian_Support_and_Services,0.6187
2023_Conflict_Sensitivity_Mainstreaming_Strategy,4,Procurement,0.6183
2023_Conflict_Sensitivity_Mainstreaming_Strategy,5,Country_Capacity_Strengthening,0.6106
2023_Conflict_Sensitivity_Mainstreaming_Strategy,6,Funding_and_donors,0.6039
2023_Conflict_Sensitivity_Mainstreaming_Strategy,7,Resilience_programming,0.5531
2023_Conflict_Sensitivity_Mainstreaming_Strategy,8,Supply_chain,0.5504
2023_Conflict_Sensitivity_Mainstreaming_Strategy,9,Analyses_and_assessments,0.5501
2023_Conflict_Sensitivity_Mainstreaming_Strategy,10,Food_security_analysis,0.5439
2023_HIV_year_in_review,1,Food_Assistance_for_Assets,0.4821
2023_HIV_year_in_review,2,HIV_and_tuberculosis,0.4735
2023_HIV_year_in_review,3,Food_Assistance,0.4459
2023_HIV_year_in_review,4,Food_security_analysis,0.4382
2023_HIV_year_in_review,5,Emergency_Preparedness_and_Response,0.435
2023_HIV_year_in_review,6,Humanitarian_Support_and_Services,0.4332
2023_HIV_year_in_review,7,Nutrition,0.4318
2023_HIV_year_in_review,8,The_R4_Rural_Resilience_Initiative,0.4241
2023_HIV_year_in_review,9,Food_fortification,0.4229
2023_HIV_year_in_review,10,Energy_for_food_security,0.4095
2023_Kyrgyz_Republic_Strategic_Outcome_1_Enhanced_,1,Food_security_analysis,0.6339
2023_Kyrgyz_Republic_Strategic_Outcome_1_Enhanced_,2,Food_Assistance,0.5898
2023_Kyrgyz_Republic_Strategic_Outcome_1_Enhanced_,3,Food_Assistance_for_Assets,0.5803
2023_Kyrgyz_Republic_Strategic_Outcome_1_Enhanced_,4,Energy_for_food_security,0.5526
2023_Kyrgyz_Republic_Strategic_Outcome_1_Enhanced_,5,Food_safety_and_quality,0.5306
2023_Kyrgyz_Republic_Strategic_Outcome_1_Enhanced_,6,Nutrition,0.5198
2023_Kyrgyz_Republic_Strategic_Outcome_1_Enhanced_,7,Country_Capacity_Strengthening,0.5153
2023_Kyrgyz_Republic_Strategic_Outcome_1_Enhanced_,8,Social_Protection_and_Safety_Nets,0.4991
2023_Kyrgyz_Republic_Strategic_Outcome_1_Enhanced_,9,The_R4_Rural_Resilience_Initiative,0.4965
2023_Kyrgyz_Republic_Strategic_Outcome_1_Enhanced_,10,In_kind_food_distribution,0.4694
2023_Kyrgyz_Republic_Strategic_Outcome_3_Strengthe,1,Climate_risk_management_insurance_and_financing,0.5202
2023_Kyrgyz_Republic_Strategic_Outcome_3_Strengthe,2,Nutrition,0.485
2023_Kyrgyz_Republic_Strategic_Outcome_3_Strengthe,3,Partnerships,0.4739
2023_Kyrgyz_Republic_Strategic_Outcome_3_Strengthe,4,Food_systems,0.4453
2023_Kyrgyz_Republic_Strategic_Outcome_3_Strengthe,5,Food_Assistance,0.4395
2023_Kyrgyz_Republic_Strategic_Outcome_3_Strengthe,6,Supply_chain,0.4338
2023_Kyrgyz_Republic_Strategic_Outcome_3_Strengthe,7,Logistics_and_delivery_networks,0.4234
2023_Kyrgyz_Republic_Strategic_Outcome_3_Strengthe,8,Specialized_nutritious_food,0.4211
2023_Kyrgyz_Republic_Strategic_Outcome_3_Strengthe,9,Energy_for_food_security,0.42
2023_Kyrgyz_Republic_Strategic_Outcome_3_Strengthe,10,The_R4_Rural_Resilience_Initiative,0.4169
2023_Operationalising_the_HDP_Nexus_in_WFP_Western,1,Humanitarian_Support_and_Services,0.6816
2023_Operationalising_the_HDP_Nexus_in_WFP_Western,2,Emergency_Preparedness_and_Response,0.6204
2023_Operationalising_the_HDP_Nexus_in_WFP_Western,3,Procurement,0.6006
2023_Operationalising_the_HDP_Nexus_in_WFP_Western,4,Resilience_building,0.5832
2023_Operationalising_the_HDP_Nexus_in_WFP_Western,5,The_R4_Rural_Resilience_Initiative,0.5575
2023_Operationalising_the_HDP_Nexus_in_WFP_Western,6,Food_Assistance,0.5525
2023_Operationalising_the_HDP_Nexus_in_WFP_Western,7,Gender_equality,0.5503
2023_Operationalising_the_HDP_Nexus_in_WFP_Western,8,Zero_Hunger,0.5334
2023_Operationalising_the_HDP_Nexus_in_WFP_Western,9,Food_security_analysis,0.5241
2023_Operationalising_the_HDP_Nexus_in_WFP_Western,10,Smallholder_agricultural_market_support,0.523
2023_Procurement_Infographic,1,Logistics_and_delivery_networks,0.4281
2023_Procurement_Infographic,2,Information_Technology_and_Telecommunications_in_Emergencies,0.3888
2023_Procurement_Infographic,3,Engineering_services,0.3514
2023_Procurement_Infographic,4,Centre_of_Excellence,0.34
2023_Procurement_Infographic,5,Food_safety_and_quality,0.3368
2023_Procurement_Infographic,6,Supply_chain,0.31
2023_Procurement_Infographic,7,Corporate_strategy,0.3064
2023_Procurement_Infographic,8,Private_sector,0.3016
2023_Procurement_Infographic,9,Food_systems,0.3005
2023_Procurement_Infographic,10,Emergency_Preparedness_and_Response,0.267
2023_R4_Rural_Resilience_Initiative_Factsheet,1,The_R4_Rural_Resilience_Initiative,0.8062
2023_R4_Rural_Resilience_Initiative_Factsheet,2,Gender_equality,0.6578
2023_R4_Rural_Resilience_Initiative_Factsheet,3,Resilience_building,0.5082
2023_R4_Rural_Resilience_Initiative_Factsheet,4,Energy_for_food_security,0.4946
2023_R4_Rural_Resilience_Initiative_Factsheet,5,Climate_risk_management_insurance_and_financing,0.4914
2023_R4_Rural_Resilience_Initiative_Factsheet,6,Food_security_analysis,0.4891
2023_R4_Rural_Resilience_Initiative_Factsheet,7,Food_safety_and_quality,0.483
2023_R4_Rural_Resilience_Initiative_Factsheet,8,Resilience_programming,0.4621
2023_R4_Rural_Resilience_Initiative_Factsheet,9,Food_Assistance,0.4542
2023_R4_Rural_Resilience_Initiative_Factsheet,10,Sustainable_livelihoods_and_ecosystems,0.4539
2023_South_South_and_Triangular_Cooperation_Innova,1,School_meals,0.6415
2023_South_South_and_Triangular_Cooperation_Innova,2,South_South_cooperation,0.6188
2023_South_South_and_Triangular_Cooperation_Innova,3,The_R4_Rural_Resilience_Initiative,0.616
2023_South_South_and_Triangular_Cooperation_Innova,4,Food_security_analysis,0.6042
2023_South_South_and_Triangular_Cooperation_Innova,5,Monitoring,0.596
2023_South_South_and_Triangular_Cooperation_Innova,6,Sustainable_development_goals,0.5877
2023_South_South_and_Triangular_Cooperation_Innova,7,Sustainable_livelihoods_and_ecosystems,0.5798
2023_South_South_and_Triangular_Cooperation_Innova,8,Nutrition,0.5385
2023_South_South_and_Triangular_Cooperation_Innova,9,Seasonal_and_agricultural_monitoring,0.5361
2023_South_South_and_Triangular_Cooperation_Innova,10,Food_safety_and_quality,0.5292
2023_South_South_and_Triangular_Cooperation_policy,1,South_South_cooperation,0.7451
2023_South_South_and_Triangular_Cooperation_policy,2,Country_Capacity_Strengthening,0.6693
2023_South_South_and_Triangular_Cooperation_policy,3,Gender_equality,0.6245
2023_South_South_and_Triangular_Cooperation_policy,4,Partnerships,0.5894
2023_South_South_and_Triangular_Cooperation_policy,5,Sustainable_development_goals,0.5747
2023_South_South_and_Triangular_Cooperation_policy,6,Innovation,0.5665
2023_South_South_and_Triangular_Cooperation_policy,7,Funding_and_donors,0.5509
2023_South_South_and_Triangular_Cooperation_policy,8,School_meals,0.5414
2023_South_South_and_Triangular_Cooperation_policy,9,Emergency_Preparedness_and_Response,0.527
2023_South_South_and_Triangular_Cooperation_policy,10,Rome_based_agencies,0.5186
2023_Testing_the_Acceptability_and_Organoleptic_Qu,1,School_meals,0.6168
2023_Testing_the_Acceptability_and_Organoleptic_Qu,2,Nutrition,0.6016
2023_Testing_the_Acceptability_and_Organoleptic_Qu,3,Food_fortification,0.5267
2023_Testing_the_Acceptability_and_Organoleptic_Qu,4,Food_Assistance_for_Assets,0.5108
2023_Testing_the_Acceptability_and_Organoleptic_Qu,5,Smallholder_agricultural_market_support,0.5107
2023_Testing_the_Acceptability_and_Organoleptic_Qu,6,Food_safety_and_quality,0.4975
2023_Testing_the_Acceptability_and_Organoleptic_Qu,7,Food_security_analysis,0.4928
2023_Testing_the_Acceptability_and_Organoleptic_Qu,8,Specialized_nutritious_food,0.4748
2023_Testing_the_Acceptability_and_Organoleptic_Qu,9,Food_systems,0.4678
2023_Testing_the_Acceptability_and_Organoleptic_Qu,10,Food_Assistance,0.459
2023_WFP_Engineering_two_pager,1,Humanitarian_Support_and_Services,0.4802
2023_WFP_Engineering_two_pager,2,Emergency_Preparedness_and_Response,0.4323
2023_WFP_Engineering_two_pager,3,UN_Humanitarian_Air_Service,0.409
2023_WFP_Engineering_two_pager,4,Emergencies,0.4046
2023_WFP_Engineering_two_pager,5,Engineering_services,0.3941
2023_WFP_Engineering_two_pager,6,Food_safety_and_quality,0.3795
2023_WFP_Engineering_two_pager,7,The_R4_Rural_Resilience_Initiative,0.3649
2023_WFP_Engineering_two_pager,8,Partnerships,0.3621
2023_WFP_Engineering_two_pager,9,Rome_based_agencies,0.361
2023_WFP_Engineering_two_pager,10,Energy_for_food_security,0.3608
2023_WFP_Urban_Strategy_Achieving_zero_hunger_in_a,1,The_R4_Rural_Resilience_Initiative,0.7433
2023_WFP_Urban_Strategy_Achieving_zero_hunger_in_a,2,Nutrition,0.6912
2023_WFP_Urban_Strategy_Achieving_zero_hunger_in_a,3,Emergency_Preparedness_and_Response,0.6881
2023_WFP_Urban_Strategy_Achieving_zero_hunger_in_a,4,Food_security_analysis,0.6838
2023_WFP_Urban_Strategy_Achieving_zero_hunger_in_a,5,Resilience_programming,0.6816
2023_WFP_Urban_Strategy_Achieving_zero_hunger_in_a,6,Partnerships,0.6468
2023_WFP_Urban_Strategy_Achieving_zero_hunger_in_a,7,Resilience_building,0.6439
2023_WFP_Urban_Strategy_Achieving_zero_hunger_in_a,8,Private_sector,0.6265
2023_WFP_Urban_Strategy_Achieving_zero_hunger_in_a,9,Humanitarian_Support_and_Services,0.6185
2023_WFP_Urban_Strategy_Achieving_zero_hunger_in_a,10,Smallholder_agricultural_market_support,0.618
2024_A_Year_in_Review_Pathways_to_Change,1,Resilience_building,0.6734
2024_A_Year_in_Review_Pathways_to_Change,2,Humanitarian_Support_and_Services,0.5949
2024_A_Year_in_Review_Pathways_to_Change,3,Social_Protection_and_Safety_Nets,0.5891
2024_A_Year_in_Review_Pathways_to_Change,4,Emergency_Preparedness_and_Response,0.5677
2024_A_Year_in_Review_Pathways_to_Change,5,The_R4_Rural_Resilience_Initiative,0.5656
2024_A_Year_in_Review_Pathways_to_Change,6,Resilience_programming,0.5338
2024_A_Year_in_Review_Pathways_to_Change,7,UN_Humanitarian_Air_Service,0.4972
2024_A_Year_in_Review_Pathways_to_Change,8,Emergencies,0.4933
2024_A_Year_in_Review_Pathways_to_Change,9,UN_agencies_and_international_institutions,0.4857
2024_A_Year_in_Review_Pathways_to_Change,10,In_kind_food_distribution,0.4792
2024_Anticipatory_Cash_Technical_Guidance,1,Anticipatory_Action,0.6145
2024_Anticipatory_Cash_Technical_Guidance,2,Emergency_Preparedness_and_Response,0.6125
2024_Anticipatory_Cash_Technical_Guidance,3,Cash_transfers,0.6072
2024_Anticipatory_Cash_Technical_Guidance,4,Climate_action,0.5218
2024_Anticipatory_Cash_Technical_Guidance,5,Food_Assistance_for_Assets,0.5133
2024_Anticipatory_Cash_Technical_Guidance,6,Humanitarian_Support_and_Services,0.5084
2024_Anticipatory_Cash_Technical_Guidance,7,Climate_change_adaptation,0.4939
2024_Anticipatory_Cash_Technical_Guidance,8,Emergency_relief,0.4887
2024_Anticipatory_Cash_Technical_Guidance,9,The_R4_Rural_Resilience_Initiative,0.4858
2024_Anticipatory_Cash_Technical_Guidance,10,Local_market_developments,0.4743
2024_Climatic_Disaster_Risk_Assessment_in_Cambodia,1,Emergency_Preparedness_and_Response,0.6481
2024_Climatic_Disaster_Risk_Assessment_in_Cambodia,2,The_R4_Rural_Resilience_Initiative,0.5781
2024_Climatic_Disaster_Risk_Assessment_in_Cambodia,3,Resilience_building,0.5735
2024_Climatic_Disaster_Risk_Assessment_in_Cambodia,4,Seasonal_and_agricultural_monitoring,0.5622
2024_Climatic_Disaster_Risk_Assessment_in_Cambodia,5,Food_security_analysis,0.5413
2024_Climatic_Disaster_Risk_Assessment_in_Cambodia,6,Climate_risk_management_insurance_and_financing,0.5397
2024_Climatic_Disaster_Risk_Assessment_in_Cambodia,7,Nutrition,0.5287
2024_Climatic_Disaster_Risk_Assessment_in_Cambodia,8,Sustainable_livelihoods_and_ecosystems,0.5235
2024_Climatic_Disaster_Risk_Assessment_in_Cambodia,9,Climate_change_adaptation,0.5111
2024_Climatic_Disaster_Risk_Assessment_in_Cambodia,10,Food_Assistance_for_Assets,0.5076
2024_Humanitarian_Simulation_Exercise_SimEx_Techni,1,Emergency_Preparedness_and_Response,0.688
2024_Humanitarian_Simulation_Exercise_SimEx_Techni,2,Humanitarian_Support_and_Services,0.545
2024_Humanitarian_Simulation_Exercise_SimEx_Techni,3,Zero_Hunger,0.5222
2024_Humanitarian_Simulation_Exercise_SimEx_Techni,4,Emergencies,0.5078
2024_Humanitarian_Simulation_Exercise_SimEx_Techni,5,Emergency_relief,0.4981
2024_Humanitarian_Simulation_Exercise_SimEx_Techni,6,The_R4_Rural_Resilience_Initiative,0.4969
2024_Humanitarian_Simulation_Exercise_SimEx_Techni,7,Analyses_and_assessments,0.4821
2024_Humanitarian_Simulation_Exercise_SimEx_Techni,8,Supply_chain,0.4647
2024_Humanitarian_Simulation_Exercise_SimEx_Techni,9,Energy_for_food_security,0.461
2024_Humanitarian_Simulation_Exercise_SimEx_Techni,10,UN_Humanitarian_Air_Service,0.4551
2024_Innovative_Solutions_to_Climate_Change_Adapta,1,Partnerships,0.6368
2024_Innovative_Solutions_to_Climate_Change_Adapta,2,Social_Protection_and_Safety_Nets,0.5867
2024_Innovative_Solutions_to_Climate_Change_Adapta,3,Resilience_programming,0.5837
2024_Innovative_Solutions_to_Climate_Change_Adapta,4,Monitoring,0.5521
2024_Innovative_Solutions_to_Climate_Change_Adapta,5,The_R4_Rural_Resilience_Initiative,0.5502
2024_Innovative_Solutions_to_Climate_Change_Adapta,6,Humanitarian_Support_and_Services,0.5454
2024_Innovative_Solutions_to_Climate_Change_Adapta,7,Resilience_building,0.527
2024_Innovative_Solutions_to_Climate_Change_Adapta,8,Sustainable_livelihoods_and_ecosystems,0.5049
2024_Innovative_Solutions_to_Climate_Change_Adapta,9,Gender_equality,0.4974
2024_Innovative_Solutions_to_Climate_Change_Adapta,10,Food_Assistance,0.4939
2024_Maximizing_impact_the_intersection_of_social_,1,Resilience_building,0.7931
2024_Maximizing_impact_the_intersection_of_social_,2,Resilience_programming,0.7372
2024_Maximizing_impact_the_intersection_of_social_,3,The_R4_Rural_Resilience_Initiative,0.6972
2024_Maximizing_impact_the_intersection_of_social_,4,Social_Protection_and_Safety_Nets,0.6896
2024_Maximizing_impact_the_intersection_of_social_,5,Food_systems,0.6822
2024_Maximizing_impact_the_intersection_of_social_,6,Sustainable_livelihoods_and_ecosystems,0.5898
2024_Maximizing_impact_the_intersection_of_social_,7,Energy_for_food_security,0.5818
2024_Maximizing_impact_the_intersection_of_social_,8,Sustainable_development_goals,0.5797
2024_Maximizing_impact_the_intersection_of_social_,9,Food_security_analysis,0.5795
2024_Maximizing_impact_the_intersection_of_social_,10,UN_agencies_and_international_institutions,0.5408
2024_Mid_Year_Overview_Egypt_Country_Office,1,Food_Assistance_for_Assets,0.4081
2024_Mid_Year_Overview_Egypt_Country_Office,2,Food_Assistance,0.387
2024_Mid_Year_Overview_Egypt_Country_Office,3,Humanitarian_Support_and_Services,0.3598
2024_Mid_Year_Overview_Egypt_Country_Office,4,Funding_and_donors,0.3355
2024_Mid_Year_Overview_Egypt_Country_Office,5,Smallholder_agricultural_market_support,0.2802
2024_Mid_Year_Overview_Egypt_Country_Office,6,Gender_equality,0.2731
2024_Mid_Year_Overview_Egypt_Country_Office,7,Cash_transfers,0.2694
2024_Mid_Year_Overview_Egypt_Country_Office,8,UN_Humanitarian_Air_Service,0.2549
2024_Mid_Year_Overview_Egypt_Country_Office,9,Partnerships,0.254
2024_Mid_Year_Overview_Egypt_Country_Office,10,The_R4_Rural_Resilience_Initiative,0.2522
2024_Procurement_Infographics,1,Smallholder_agricultural_market_support,0.4694
2024_Procurement_Infographics,2,Logistics_and_delivery_networks,0.4354
2024_Procurement_Infographics,3,Supply_chain,0.4302
2024_Procurement_Infographics,4,Local_market_developments,0.4212
2024_Procurement_Infographics,5,Food_Assistance_for_Assets,0.393
2024_Procurement_Infographics,6,Humanitarian_Support_and_Services,0.3664
2024_Procurement_Infographics,7,Emergency_relief,0.3568
2024_Procurement_Infographics,8,Emergency_Preparedness_and_Response,0.3567
2024_Procurement_Infographics,9,Climate_risk_management_insurance_and_financing,0.3555
2024_Procurement_Infographics,10,Food_safety_and_quality,0.3513
2024_The_Impacts_of_WFP_s_Integrated_Climate_Risk_,1,The_R4_Rural_Resilience_Initiative,0.7833
2024_The_Impacts_of_WFP_s_Integrated_Climate_Risk_,2,Nutrition,0.5972
2024_The_Impacts_of_WFP_s_Integrated_Climate_Risk_,3,Food_security_analysis,0.5316
2024_The_Impacts_of_WFP_s_Integrated_Climate_Risk_,4,Energy_for_food_security,0.5026
2024_The_Impacts_of_WFP_s_Integrated_Climate_Risk_,5,Resilience_building,0.4933
2024_The_Impacts_of_WFP_s_Integrated_Climate_Risk_,6,Food_systems,0.4834
2024_The_Impacts_of_WFP_s_Integrated_Climate_Risk_,7,Food_safety_and_quality,0.4653
2024_The_Impacts_of_WFP_s_Integrated_Climate_Risk_,8,Climate_services,0.4599
2024_The_Impacts_of_WFP_s_Integrated_Climate_Risk_,9,Specialized_nutritious_food,0.4516
2024_The_Impacts_of_WFP_s_Integrated_Climate_Risk_,10,Food_Assistance_for_Assets,0.4404
2024_The_global_food_and_economic_crisis_impact_on,1,Food_security_analysis,0.6407
2024_The_global_food_and_economic_crisis_impact_on,2,Energy_for_food_security,0.6093
2024_The_global_food_and_economic_crisis_impact_on,3,Food_safety_and_quality,0.5685
2024_The_global_food_and_economic_crisis_impact_on,4,Food_systems,0.54
2024_The_global_food_and_economic_crisis_impact_on,5,Seasonal_and_agricultural_monitoring,0.5373
2024_The_global_food_and_economic_crisis_impact_on,6,Food_Security_Cluster,0.5262
2024_The_global_food_and_economic_crisis_impact_on,7,Food_Assistance_for_Assets,0.5095
2024_The_global_food_and_economic_crisis_impact_on,8,Food_Assistance,0.5009
2024_The_global_food_and_economic_crisis_impact_on,9,Nutrition,0.4828
2024_The_global_food_and_economic_crisis_impact_on,10,In_kind_food_distribution,0.4755
2024_Typhoon_Season_WFP_Philippines_Response_Repor,1,Food_security_analysis,0.7003
2024_Typhoon_Season_WFP_Philippines_Response_Repor,2,Humanitarian_Support_and_Services,0.6342
2024_Typhoon_Season_WFP_Philippines_Response_Repor,3,Emergency_Preparedness_and_Response,0.6035
2024_Typhoon_Season_WFP_Philippines_Response_Repor,4,Emergency_relief,0.561
2024_Typhoon_Season_WFP_Philippines_Response_Repor,5,Cash_transfers,0.5474
2024_Typhoon_Season_WFP_Philippines_Response_Repor,6,Food_safety_and_quality,0.5305
2024_Typhoon_Season_WFP_Philippines_Response_Repor,7,UN_Humanitarian_Air_Service,0.5296
2024_Typhoon_Season_WFP_Philippines_Response_Repor,8,Emergencies,0.5213
2024_Typhoon_Season_WFP_Philippines_Response_Repor,9,Energy_for_food_security,0.5197
2024_Typhoon_Season_WFP_Philippines_Response_Repor,10,Information_Technology_and_Telecommunications_in_Emergencies,0.5141
2024_Women_s_Empowerment_In_Agriculture_Index_WEAI,1,Food_Assistance_for_Assets,0.5218
2024_Women_s_Empowerment_In_Agriculture_Index_WEAI,2,Smallholder_agricultural_market_support,0.4554
2024_Women_s_Empowerment_In_Agriculture_Index_WEAI,3,The_R4_Rural_Resilience_Initiative,0.4462
2024_Women_s_Empowerment_In_Agriculture_Index_WEAI,4,Food_systems,0.4136
2024_Women_s_Empowerment_In_Agriculture_Index_WEAI,5,Seasonal_and_agricultural_monitoring,0.4126
2024_Women_s_Empowerment_In_Agriculture_Index_WEAI,6,Food_safety_and_quality,0.4099
2024_Women_s_Empowerment_In_Agriculture_Index_WEAI,7,Sustainable_livelihoods_and_ecosystems,0.3888
2024_Women_s_Empowerment_In_Agriculture_Index_WEAI,8,Food_security_analysis,0.3804
2024_Women_s_Empowerment_In_Agriculture_Index_WEAI,9,Analyses_and_assessments,0.363
2024_Women_s_Empowerment_In_Agriculture_Index_WEAI,10,Emergencies,0.3607
2025_Anticipatory_Action_Learning_and_validation_R,1,Humanitarian_Support_and_Services,0.5372
2025_Anticipatory_Action_Learning_and_validation_R,2,Resilience_building,0.5301
2025_Anticipatory_Action_Learning_and_validation_R,3,Anticipatory_Action,0.5017
2025_Anticipatory_Action_Learning_and_validation_R,4,Social_Protection_and_Safety_Nets,0.4973
2025_Anticipatory_Action_Learning_and_validation_R,5,Emergency_Preparedness_and_Response,0.4921
2025_Anticipatory_Action_Learning_and_validation_R,6,Emergencies,0.4884
2025_Anticipatory_Action_Learning_and_validation_R,7,The_R4_Rural_Resilience_Initiative,0.4761
2025_Anticipatory_Action_Learning_and_validation_R,8,Partnerships,0.4761
2025_Anticipatory_Action_Learning_and_validation_R,9,Emergency_relief,0.4691
2025_Anticipatory_Action_Learning_and_validation_R,10,Analyses_and_assessments,0.4391
2025_Climate_Services_Accelerator_Programme,1,Climate_services,0.6262
2025_Climate_Services_Accelerator_Programme,2,Climate_action,0.4999
2025_Climate_Services_Accelerator_Programme,3,Humanitarian_Support_and_Services,0.477
2025_Climate_Services_Accelerator_Programme,4,Gender_equality,0.4702
2025_Climate_Services_Accelerator_Programme,5,Climate_risk_management_insurance_and_financing,0.4675
2025_Climate_Services_Accelerator_Programme,6,Climate_change_adaptation,0.4591
2025_Climate_Services_Accelerator_Programme,7,Emergency_Preparedness_and_Response,0.4386
2025_Climate_Services_Accelerator_Programme,8,Sustainable_development_goals,0.4254
2025_Climate_Services_Accelerator_Programme,9,Programme_design,0.4196
2025_Climate_Services_Accelerator_Programme,10,Partnerships,0.3985
2025_Gender_Protection_and_Inclusion_in_Anticipato,1,Resilience_building,0.7444
2025_Gender_Protection_and_Inclusion_in_Anticipato,2,Anticipatory_Action,0.6607
2025_Gender_Protection_and_Inclusion_in_Anticipato,3,The_R4_Rural_Resilience_Initiative,0.6198
2025_Gender_Protection_and_Inclusion_in_Anticipato,4,Food_safety_and_quality,0.5957
2025_Gender_Protection_and_Inclusion_in_Anticipato,5,Food_security_analysis,0.5785
2025_Gender_Protection_and_Inclusion_in_Anticipato,6,Resilience_programming,0.5767
2025_Gender_Protection_and_Inclusion_in_Anticipato,7,Climate_action,0.5679
2025_Gender_Protection_and_Inclusion_in_Anticipato,8,Sustainable_livelihoods_and_ecosystems,0.5636
2025_Gender_Protection_and_Inclusion_in_Anticipato,9,Social_Protection_and_Safety_Nets,0.5581
2025_Gender_Protection_and_Inclusion_in_Anticipato,10,Climate_change_adaptation,0.557
2025_Midyear_Update_Say_No_to_5S_Project_School_Fe,1,School_meals,0.4829
2025_Midyear_Update_Say_No_to_5S_Project_School_Fe,2,Food_security_analysis,0.468
2025_Midyear_Update_Say_No_to_5S_Project_School_Fe,3,Sustainable_development_goals,0.4492
2025_Midyear_Update_Say_No_to_5S_Project_School_Fe,4,Food_safety_and_quality,0.4459
2025_Midyear_Update_Say_No_to_5S_Project_School_Fe,5,Food_fortification,0.4416
2025_Midyear_Update_Say_No_to_5S_Project_School_Fe,6,Seasonal_and_agricultural_monitoring,0.438
2025_Midyear_Update_Say_No_to_5S_Project_School_Fe,7,Food_Assistance,0.4307
2025_Midyear_Update_Say_No_to_5S_Project_School_Fe,8,In_kind_food_distribution,0.4253
2025_Midyear_Update_Say_No_to_5S_Project_School_Fe,9,Monitoring,0.4179
2025_Midyear_Update_Say_No_to_5S_Project_School_Fe,10,Programme_design,0.4131
2025_People_s_experience_of_Anticipatory_Action,1,Food_Assistance,0.6113
2025_People_s_experience_of_Anticipatory_Action,2,Cash_transfers,0.5915
2025_People_s_experience_of_Anticipatory_Action,3,Food_Assistance_for_Assets,0.549
2025_People_s_experience_of_Anticipatory_Action,4,Anticipatory_Action,0.5128
2025_People_s_experience_of_Anticipatory_Action,5,Smallholder_agricultural_market_support,0.5117
2025_People_s_experience_of_Anticipatory_Action,6,Climate_action,0.4997
2025_People_s_experience_of_Anticipatory_Action,7,Analyses_and_assessments,0.4947
2025_People_s_experience_of_Anticipatory_Action,8,Partnerships,0.4856
2025_People_s_experience_of_Anticipatory_Action,9,Food_security_analysis,0.4779
2025_People_s_experience_of_Anticipatory_Action,10,School_meals,0.4704
2025_Saving_lives_time_and_money_Evidence_from_ant,1,Food_security_analysis,0.6645
2025_Saving_lives_time_and_money_Evidence_from_ant,2,Energy_for_food_security,0.6404
2025_Saving_lives_time_and_money_Evidence_from_ant,3,Anticipatory_Action,0.6023
2025_Saving_lives_time_and_money_Evidence_from_ant,4,Food_safety_and_quality,0.566
2025_Saving_lives_time_and_money_Evidence_from_ant,5,Food_Security_Cluster,0.5401
2025_Saving_lives_time_and_money_Evidence_from_ant,6,Food_fortification,0.5252
2025_Saving_lives_time_and_money_Evidence_from_ant,7,Humanitarian_Support_and_Services,0.5209
2025_Saving_lives_time_and_money_Evidence_from_ant,8,Food_Assistance,0.5204
2025_Saving_lives_time_and_money_Evidence_from_ant,9,Food_Assistance_for_Assets,0.481
2025_Saving_lives_time_and_money_Evidence_from_ant,10,Emergency_Preparedness_and_Response,0.4795
A_lifeline_at_risk_food_assistance_at_a_breaking_p,1,Food_security_analysis,0.6836
A_lifeline_at_risk_food_assistance_at_a_breaking_p,2,Local_market_developments,0.6364
A_lifeline_at_risk_food_assistance_at_a_breaking_p,3,Resilience_building,0.6345
A_lifeline_at_risk_food_assistance_at_a_breaking_p,4,The_R4_Rural_Resilience_Initiative,0.6256
A_lifeline_at_risk_food_assistance_at_a_breaking_p,5,Humanitarian_Support_and_Services,0.6166
A_lifeline_at_risk_food_assistance_at_a_breaking_p,6,Food_Assistance,0.6118
A_lifeline_at_risk_food_assistance_at_a_breaking_p,7,Resilience_programming,0.5775
A_lifeline_at_risk_food_assistance_at_a_breaking_p,8,Nutrition,0.5619
A_lifeline_at_risk_food_assistance_at_a_breaking_p,9,Funding_and_donors,0.5586
A_lifeline_at_risk_food_assistance_at_a_breaking_p,10,Food_Assistance_for_Assets,0.5482
A_quick_glance_at_the_costed_implementation_plan_f,1,South_South_cooperation,0.5529
A_quick_glance_at_the_costed_implementation_plan_f,2,Partnerships,0.5161
A_quick_glance_at_the_costed_implementation_plan_f,3,Country_strategic_planning,0.507
A_quick_glance_at_the_costed_implementation_plan_f,4,Funding_and_donors,0.4317
A_quick_glance_at_the_costed_implementation_plan_f,5,Food_Assistance_for_Assets,0.426
A_quick_glance_at_the_costed_implementation_plan_f,6,Procurement,0.4157
A_quick_glance_at_the_costed_implementation_plan_f,7,Local_market_developments,0.3905
A_quick_glance_at_the_costed_implementation_plan_f,8,Country_Capacity_Strengthening,0.3883
A_quick_glance_at_the_costed_implementation_plan_f,9,Sustainable_development_goals,0.3854
A_quick_glance_at_the_costed_implementation_plan_f,10,Smallholder_agricultural_market_support,0.3698
A_world_of_WFP_FITTEST_2019,1,Country_strategic_planning,0.2382
A_world_of_WFP_FITTEST_2019,2,South_South_cooperation,0.2103
A_world_of_WFP_FITTEST_2019,3,UN_agencies_and_international_institutions,0.183
A_world_of_WFP_FITTEST_2019,4,Country_Capacity_Strengthening,0.1439
A_world_of_WFP_FITTEST_2019,5,HIV_and_tuberculosis,0.1368
A_world_of_WFP_FITTEST_2019,6,Sustainable_development_goals,0.1309
A_world_of_WFP_FITTEST_2019,7,UN_Humanitarian_Air_Service,0.1251
A_world_of_WFP_FITTEST_2019,8,Governance_and_leadership,0.1232
A_world_of_WFP_FITTEST_2019,9,Humanitarian_Support_and_Services,0.1038
A_world_of_WFP_FITTEST_2019,10,Emergency_Preparedness_and_Response,0.1002
After_Action_Review_Leveraging_4Ps_Programme_for_E,1,Food_Assistance_for_Assets,0.5929
After_Action_Review_Leveraging_4Ps_Programme_for_E,2,Cash_transfers,0.5832
After_Action_Review_Leveraging_4Ps_Programme_for_E,3,Humanitarian_Support_and_Services,0.5684
After_Action_Review_Leveraging_4Ps_Programme_for_E,4,Emergency_Preparedness_and_Response,0.5644
After_Action_Review_Leveraging_4Ps_Programme_for_E,5,Emergency_relief,0.5566
After_Action_Review_Leveraging_4Ps_Programme_for_E,6,Food_Assistance,0.5458
After_Action_Review_Leveraging_4Ps_Programme_for_E,7,The_R4_Rural_Resilience_Initiative,0.5396
After_Action_Review_Leveraging_4Ps_Programme_for_E,8,Sustainable_livelihoods_and_ecosystems,0.5311
After_Action_Review_Leveraging_4Ps_Programme_for_E,9,Resilience_building,0.4905
After_Action_Review_Leveraging_4Ps_Programme_for_E,10,Emergencies,0.4825
Annual_Country_Reports_Cameroon,1,Emergencies,0.595
Annual_Country_Reports_Cameroon,2,The_R4_Rural_Resilience_Initiative,0.59
Annual_Country_Reports_Cameroon,3,Sustainable_livelihoods_and_ecosystems,0.5556
Annual_Country_Reports_Cameroon,4,Nutrition,0.5225
Annual_Country_Reports_Cameroon,5,Information_Technology_and_Telecommunications_in_Emergencies,0.5068
Annual_Country_Reports_Cameroon,6,Emergency_Preparedness_and_Response,0.4972
Annual_Country_Reports_Cameroon,7,Emergency_relief,0.4954
Annual_Country_Reports_Cameroon,8,Food_Security_Cluster,0.4844
Annual_Country_Reports_Cameroon,9,Food_security_analysis,0.4771
Annual_Country_Reports_Cameroon,10,Food_safety_and_quality,0.4749
Annual_Evaluation_Report_2024,1,Emergency_Preparedness_and_Response,0.732
Annual_Evaluation_Report_2024,2,Country_Capacity_Strengthening,0.6304
Annual_Evaluation_Report_2024,3,Food_security_analysis,0.6257
Annual_Evaluation_Report_2024,4,School_meals,0.6129
Annual_Evaluation_Report_2024,5,Food_safety_and_quality,0.5777
Annual_Evaluation_Report_2024,6,UN_Humanitarian_Air_Service,0.5685
Annual_Evaluation_Report_2024,7,Environmental_and_social_sustainability,0.5569
Annual_Evaluation_Report_2024,8,Humanitarian_Support_and_Services,0.5536
Annual_Evaluation_Report_2024,9,Food_Assistance_for_Assets,0.5532
Annual_Evaluation_Report_2024,10,Food_Assistance,0.5458
Annual_Performance_Report,1,Food_Security_Cluster,0.6671
Annual_Performance_Report,2,Nutrition,0.6368
Annual_Performance_Report,3,Emergency_Preparedness_and_Response,0.6225
Annual_Performance_Report,4,Information_Technology_and_Telecommunications_in_Emergencies,0.6221
Annual_Performance_Report,5,Sustainable_development_goals,0.6124
Annual_Performance_Report,6,Environmental_and_social_sustainability,0.6086
Annual_Performance_Report,7,School_meals,0.6071
Annual_Performance_Report,8,Funding_and_donors,0.6037
Annual_Performance_Report,9,Food_security_analysis,0.6023
Annual_Performance_Report,10,Food_Assistance_for_Assets,0.602
Annual_Report_2021_WFP_Centre_of_Excellence_agains,1,Centre_of_Excellence,0.6689
Annual_Report_2021_WFP_Centre_of_Excellence_agains,2,Partnerships,0.6525
Annual_Report_2021_WFP_Centre_of_Excellence_agains,3,Funding_and_donors,0.6191
Annual_Report_2021_WFP_Centre_of_Excellence_agains,4,Nutrition,0.5654
Annual_Report_2021_WFP_Centre_of_Excellence_agains,5,South_South_cooperation,0.5548
Annual_Report_2021_WFP_Centre_of_Excellence_agains,6,Food_security_analysis,0.5529
Annual_Report_2021_WFP_Centre_of_Excellence_agains,7,School_meals,0.5413
Annual_Report_2021_WFP_Centre_of_Excellence_agains,8,Humanitarian_Support_and_Services,0.5218
Annual_Report_2021_WFP_Centre_of_Excellence_agains,9,Food_systems,0.5214
Annual_Report_2021_WFP_Centre_of_Excellence_agains,10,Food_Assistance,0.5212
Annual_Report_2022_WFP_Centre_of_Excellence_agains,1,South_South_cooperation,0.6306
Annual_Report_2022_WFP_Centre_of_Excellence_agains,2,Centre_of_Excellence,0.6286
Annual_Report_2022_WFP_Centre_of_Excellence_agains,3,School_meals,0.6137
Annual_Report_2022_WFP_Centre_of_Excellence_agains,4,Food_security_analysis,0.6043
Annual_Report_2022_WFP_Centre_of_Excellence_agains,5,Partnerships,0.5986
Annual_Report_2022_WFP_Centre_of_Excellence_agains,6,Nutrition,0.588
Annual_Report_2022_WFP_Centre_of_Excellence_agains,7,Country_strategic_planning,0.5876
Annual_Report_2022_WFP_Centre_of_Excellence_agains,8,Sustainable_development_goals,0.5705
Annual_Report_2022_WFP_Centre_of_Excellence_agains,9,Humanitarian_Support_and_Services,0.5622
Annual_Report_2022_WFP_Centre_of_Excellence_agains,10,Smallholder_agricultural_market_support,0.5353
Annual_Report_2023_Centre_of_Excellence_Against_Hu,1,Sustainable_development_goals,0.5981
Annual_Report_2023_Centre_of_Excellence_Against_Hu,2,Centre_of_Excellence,0.5937
Annual_Report_2023_Centre_of_Excellence_Against_Hu,3,School_meals,0.5925
Annual_Report_2023_Centre_of_Excellence_Against_Hu,4,Food_security_analysis,0.592
Annual_Report_2023_Centre_of_Excellence_Against_Hu,5,Partnerships,0.5747
Annual_Report_2023_Centre_of_Excellence_Against_Hu,6,Smallholder_agricultural_market_support,0.5703
Annual_Report_2023_Centre_of_Excellence_Against_Hu,7,Nutrition,0.5623
Annual_Report_2023_Centre_of_Excellence_Against_Hu,8,Energy_for_food_security,0.5496
Annual_Report_2023_Centre_of_Excellence_Against_Hu,9,Food_systems,0.5286
Annual_Report_2023_Centre_of_Excellence_Against_Hu,10,Supply_chain,0.5245
Annual_Report_2024_WFP_Centre_of_Excellence_agains,1,Food_systems,0.7775
Annual_Report_2024_WFP_Centre_of_Excellence_agains,2,School_meals,0.5922
Annual_Report_2024_WFP_Centre_of_Excellence_agains,3,Smallholder_agricultural_market_support,0.5673
Annual_Report_2024_WFP_Centre_of_Excellence_agains,4,Partnerships,0.5563
Annual_Report_2024_WFP_Centre_of_Excellence_agains,5,Centre_of_Excellence,0.5562
Annual_Report_2024_WFP_Centre_of_Excellence_agains,6,Specialized_nutritious_food,0.5173
Annual_Report_2024_WFP_Centre_of_Excellence_agains,7,Nutrition,0.5035
Annual_Report_2024_WFP_Centre_of_Excellence_agains,8,Food_security_analysis,0.5011
Annual_Report_2024_WFP_Centre_of_Excellence_agains,9,UN_agencies_and_international_institutions,0.4965
Annual_Report_2024_WFP_Centre_of_Excellence_agains,10,Food_Assistance,0.4788
Annual_Report_Strategic_Advisory_Panel_on_Impact_E,1,Partnerships,0.7977
Annual_Report_Strategic_Advisory_Panel_on_Impact_E,2,Resilience_programming,0.707
Annual_Report_Strategic_Advisory_Panel_on_Impact_E,3,Resilience_building,0.6941
Annual_Report_Strategic_Advisory_Panel_on_Impact_E,4,School_meals,0.6849
Annual_Report_Strategic_Advisory_Panel_on_Impact_E,5,The_R4_Rural_Resilience_Initiative,0.6755
Annual_Report_Strategic_Advisory_Panel_on_Impact_E,6,Food_Assistance_for_Assets,0.6124
Annual_Report_Strategic_Advisory_Panel_on_Impact_E,7,Procurement,0.6025
Annual_Report_Strategic_Advisory_Panel_on_Impact_E,8,Food_security_analysis,0.5533
Annual_Report_Strategic_Advisory_Panel_on_Impact_E,9,Gender_equality,0.5399
Annual_Report_Strategic_Advisory_Panel_on_Impact_E,10,Sustainable_livelihoods_and_ecosystems,0.5279
Annual_country_reports_-_Algeria_-_2020_DZ02,1,Food_Assistance,0.5992
Annual_country_reports_-_Algeria_-_2020_DZ02,2,Food_Assistance_for_Assets,0.5332
Annual_country_reports_-_Algeria_-_2020_DZ02,3,Food_security_analysis,0.5156
Annual_country_reports_-_Algeria_-_2020_DZ02,4,Humanitarian_Support_and_Services,0.5005
Annual_country_reports_-_Algeria_-_2020_DZ02,5,Funding_and_donors,0.4838
Annual_country_reports_-_Algeria_-_2020_DZ02,6,Food_Security_Cluster,0.4429
Annual_country_reports_-_Algeria_-_2020_DZ02,7,Energy_for_food_security,0.4412
Annual_country_reports_-_Algeria_-_2020_DZ02,8,Food_fortification,0.4328
Annual_country_reports_-_Algeria_-_2020_DZ02,9,The_R4_Rural_Resilience_Initiative,0.4265
Annual_country_reports_-_Algeria_-_2020_DZ02,10,In_kind_food_distribution,0.4203
Annual_country_reports_-_Algeria_-_2023_DZ02,1,Food_Assistance,0.5803
Annual_country_reports_-_Algeria_-_2023_DZ02,2,School_meals,0.5635
Annual_country_reports_-_Algeria_-_2023_DZ02,3,Food_Assistance_for_Assets,0.5392
Annual_country_reports_-_Algeria_-_2023_DZ02,4,Food_security_analysis,0.5375
Annual_country_reports_-_Algeria_-_2023_DZ02,5,Humanitarian_Support_and_Services,0.5333
Annual_country_reports_-_Algeria_-_2023_DZ02,6,Country_strategic_planning,0.5305
Annual_country_reports_-_Algeria_-_2023_DZ02,7,Food_fortification,0.5187
Annual_country_reports_-_Algeria_-_2023_DZ02,8,Funding_and_donors,0.5095
Annual_country_reports_-_Algeria_-_2023_DZ02,9,Nutrition,0.5085
Annual_country_reports_-_Algeria_-_2023_DZ02,10,Energy_for_food_security,0.4907
Annual_country_reports_-_Armenia_-_2023_AM02,1,Food_Assistance_for_Assets,0.5719
Annual_country_reports_-_Armenia_-_2023_AM02,2,Energy_for_food_security,0.5554
Annual_country_reports_-_Armenia_-_2023_AM02,3,Food_security_analysis,0.5468
Annual_country_reports_-_Armenia_-_2023_AM02,4,School_meals,0.5272
Annual_country_reports_-_Armenia_-_2023_AM02,5,Gender_equality,0.519
Annual_country_reports_-_Armenia_-_2023_AM02,6,Funding_and_donors,0.5073
Annual_country_reports_-_Armenia_-_2023_AM02,7,Food_Assistance,0.4993
Annual_country_reports_-_Armenia_-_2023_AM02,8,The_R4_Rural_Resilience_Initiative,0.4894
Annual_country_reports_-_Armenia_-_2023_AM02,9,Food_safety_and_quality,0.4878
Annual_country_reports_-_Armenia_-_2023_AM02,10,Food_systems,0.4753
Annual_country_reports_-_Armenia_-_2024_AM02,1,Food_Assistance_for_Assets,0.578
Annual_country_reports_-_Armenia_-_2024_AM02,2,Energy_for_food_security,0.5473
Annual_country_reports_-_Armenia_-_2024_AM02,3,Food_security_analysis,0.5468
Annual_country_reports_-_Armenia_-_2024_AM02,4,Country_Capacity_Strengthening,0.5368
Annual_country_reports_-_Armenia_-_2024_AM02,5,School_meals,0.5117
Annual_country_reports_-_Armenia_-_2024_AM02,6,Food_Assistance,0.4993
Annual_country_reports_-_Armenia_-_2024_AM02,7,Food_safety_and_quality,0.4878
Annual_country_reports_-_Armenia_-_2024_AM02,8,Humanitarian_Support_and_Services,0.4808
Annual_country_reports_-_Armenia_-_2024_AM02,9,Funding_and_donors,0.4727
Annual_country_reports_-_Armenia_-_2024_AM02,10,Food_fortification,0.471
Annual_country_reports_-_Benin_-_2023_BJ02,1,School_meals,0.6152
Annual_country_reports_-_Benin_-_2023_BJ02,2,Climate_change_adaptation,0.5147
Annual_country_reports_-_Benin_-_2023_BJ02,3,Funding_and_donors,0.5069
Annual_country_reports_-_Benin_-_2023_BJ02,4,Food_Assistance_for_Assets,0.4989
Annual_country_reports_-_Benin_-_2023_BJ02,5,Food_security_analysis,0.4987
Annual_country_reports_-_Benin_-_2023_BJ02,6,Energy_for_food_security,0.4904
Annual_country_reports_-_Benin_-_2023_BJ02,7,Nutrition,0.4786
Annual_country_reports_-_Benin_-_2023_BJ02,8,The_R4_Rural_Resilience_Initiative,0.469
Annual_country_reports_-_Benin_-_2023_BJ02,9,Humanitarian_Support_and_Services,0.4661
Annual_country_reports_-_Benin_-_2023_BJ02,10,Country_Capacity_Strengthening,0.4637
Annual_country_reports_-_Benin_-_2024_BJ03,1,Food_Assistance_for_Assets,0.5612
Annual_country_reports_-_Benin_-_2024_BJ03,2,Funding_and_donors,0.5525
Annual_country_reports_-_Benin_-_2024_BJ03,3,Energy_for_food_security,0.5358
Annual_country_reports_-_Benin_-_2024_BJ03,4,School_meals,0.5197
Annual_country_reports_-_Benin_-_2024_BJ03,5,Food_Assistance,0.5183
Annual_country_reports_-_Benin_-_2024_BJ03,6,Cash_transfers,0.4903
Annual_country_reports_-_Benin_-_2024_BJ03,7,Food_security_analysis,0.4898
Annual_country_reports_-_Benin_-_2024_BJ03,8,Social_Protection_and_Safety_Nets,0.4754
Annual_country_reports_-_Benin_-_2024_BJ03,9,Nutrition,0.4657
Annual_country_reports_-_Benin_-_2024_BJ03,10,Food_fortification,0.4635
Annual_country_reports_-_Bolivia_Plurinational_State_of_-_2023_BO03,1,Food_security_analysis,0.592
Annual_country_reports_-_Bolivia_Plurinational_State_of_-_2023_BO03,2,Smallholder_agricultural_market_support,0.5852
Annual_country_reports_-_Bolivia_Plurinational_State_of_-_2023_BO03,3,Food_Assistance_for_Assets,0.5496
Annual_country_reports_-_Bolivia_Plurinational_State_of_-_2023_BO03,4,Country_Capacity_Strengthening,0.5483
Annual_country_reports_-_Bolivia_Plurinational_State_of_-_2023_BO03,5,The_R4_Rural_Resilience_Initiative,0.54
Annual_country_reports_-_Bolivia_Plurinational_State_of_-_2023_BO03,6,Food_Security_Cluster,0.5361
Annual_country_reports_-_Bolivia_Plurinational_State_of_-_2023_BO03,7,Funding_and_donors,0.5334
Annual_country_reports_-_Bolivia_Plurinational_State_of_-_2023_BO03,8,Energy_for_food_security,0.5299
Annual_country_reports_-_Bolivia_Plurinational_State_of_-_2023_BO03,9,Emergencies,0.4762
Annual_country_reports_-_Bolivia_Plurinational_State_of_-_2023_BO03,10,Sustainable_livelihoods_and_ecosystems,0.4756
Annual_country_reports_-_Bolivia_Plurinational_State_of_-_2024_BO03,1,Food_security_analysis,0.6032
Annual_country_reports_-_Bolivia_Plurinational_State_of_-_2024_BO03,2,Cash_transfers,0.5879
Annual_country_reports_-_Bolivia_Plurinational_State_of_-_2024_BO03,3,Smallholder_agricultural_market_support,0.5852
Annual_country_reports_-_Bolivia_Plurinational_State_of_-_2024_BO03,4,Food_Assistance_for_Assets,0.5567
Annual_country_reports_-_Bolivia_Plurinational_State_of_-_2024_BO03,5,Country_Capacity_Strengthening,0.5483
Annual_country_reports_-_Bolivia_Plurinational_State_of_-_2024_BO03,6,Food_Security_Cluster,0.541
Annual_country_reports_-_Bolivia_Plurinational_State_of_-_2024_BO03,7,The_R4_Rural_Resilience_Initiative,0.54
Annual_country_reports_-_Bolivia_Plurinational_State_of_-_2024_BO03,8,Energy_for_food_security,0.5366
Annual_country_reports_-_Bolivia_Plurinational_State_of_-_2024_BO03,9,In_kind_food_distribution,0.4947
Annual_country_reports_-_Bolivia_Plurinational_State_of_-_2024_BO03,10,Sustainable_livelihoods_and_ecosystems,0.4733
Annual_country_reports_-_Burkina_Faso_-_2023_BF02,1,School_meals,0.6542
Annual_country_reports_-_Burkina_Faso_-_2023_BF02,2,Food_Assistance_for_Assets,0.6393
Annual_country_reports_-_Burkina_Faso_-_2023_BF02,3,Sustainable_livelihoods_and_ecosystems,0.6179
Annual_country_reports_-_Burkina_Faso_-_2023_BF02,4,Smallholder_agricultural_market_support,0.5673
Annual_country_reports_-_Burkina_Faso_-_2023_BF02,5,The_R4_Rural_Resilience_Initiative,0.5621
Annual_country_reports_-_Burkina_Faso_-_2023_BF02,6,Food_Assistance,0.5553
Annual_country_reports_-_Burkina_Faso_-_2023_BF02,7,Energy_for_food_security,0.542
Annual_country_reports_-_Burkina_Faso_-_2023_BF02,8,Humanitarian_Support_and_Services,0.531
Annual_country_reports_-_Burkina_Faso_-_2023_BF02,9,Country_Capacity_Strengthening,0.5295
Annual_country_reports_-_Burkina_Faso_-_2023_BF02,10,Food_security_analysis,0.5264
Annual_country_reports_-_Burkina_Faso_-_2024_BF02,1,The_R4_Rural_Resilience_Initiative,0.6411
Annual_country_reports_-_Burkina_Faso_-_2024_BF02,2,Smallholder_agricultural_market_support,0.6258
Annual_country_reports_-_Burkina_Faso_-_2024_BF02,3,Humanitarian_Support_and_Services,0.6183
Annual_country_reports_-_Burkina_Faso_-_2024_BF02,4,Sustainable_livelihoods_and_ecosystems,0.6179
Annual_country_reports_-_Burkina_Faso_-_2024_BF02,5,School_meals,0.6059
Annual_country_reports_-_Burkina_Faso_-_2024_BF02,6,Funding_and_donors,0.5971
Annual_country_reports_-_Burkina_Faso_-_2024_BF02,7,Food_Assistance_for_Assets,0.5861
Annual_country_reports_-_Burkina_Faso_-_2024_BF02,8,Resilience_building,0.5705
Annual_country_reports_-_Burkina_Faso_-_2024_BF02,9,UN_Humanitarian_Air_Service,0.5501
Annual_country_reports_-_Burkina_Faso_-_2024_BF02,10,Food_fortification,0.536
Annual_country_reports_-_Burundi_-_2023_BI02,1,Food_Assistance_for_Assets,0.5671
Annual_country_reports_-_Burundi_-_2023_BI02,2,Nutrition,0.5261
Annual_country_reports_-_Burundi_-_2023_BI02,3,School_meals,0.5163
Annual_country_reports_-_Burundi_-_2023_BI02,4,Funding_and_donors,0.5066
Annual_country_reports_-_Burundi_-_2023_BI02,5,Food_Assistance,0.5057
Annual_country_reports_-_Burundi_-_2023_BI02,6,Food_security_analysis,0.4972
Annual_country_reports_-_Burundi_-_2023_BI02,7,Energy_for_food_security,0.488
Annual_country_reports_-_Burundi_-_2023_BI02,8,Humanitarian_Support_and_Services,0.4875
Annual_country_reports_-_Burundi_-_2023_BI02,9,Food_fortification,0.4769
Annual_country_reports_-_Burundi_-_2023_BI02,10,Smallholder_agricultural_market_support,0.4723
Annual_country_reports_-_Burundi_-_2024_BI03,1,Smallholder_agricultural_market_support,0.5802
Annual_country_reports_-_Burundi_-_2024_BI03,2,Country_Capacity_Strengthening,0.5744
Annual_country_reports_-_Burundi_-_2024_BI03,3,Humanitarian_Support_and_Services,0.5443
Annual_country_reports_-_Burundi_-_2024_BI03,4,The_R4_Rural_Resilience_Initiative,0.5397
Annual_country_reports_-_Burundi_-_2024_BI03,5,Food_Assistance_for_Assets,0.538
Annual_country_reports_-_Burundi_-_2024_BI03,6,Food_security_analysis,0.5317
Annual_country_reports_-_Burundi_-_2024_BI03,7,Energy_for_food_security,0.5072
Annual_country_reports_-_Burundi_-_2024_BI03,8,Funding_and_donors,0.5013
Annual_country_reports_-_Burundi_-_2024_BI03,9,Nutrition,0.4874
Annual_country_reports_-_Burundi_-_2024_BI03,10,Food_Assistance,0.4843
Annual_country_reports_-_Central_African_Republic_-_2023_CF01,1,Resilience_building,0.6384
Annual_country_reports_-_Central_African_Republic_-_2023_CF01,2,Food_Assistance_for_Assets,0.6146
Annual_country_reports_-_Central_African_Republic_-_2023_CF01,3,UN_Humanitarian_Air_Service,0.601
Annual_country_reports_-_Central_African_Republic_-_2023_CF01,4,Humanitarian_Support_and_Services,0.583
Annual_country_reports_-_Central_African_Republic_-_2023_CF01,5,Food_security_analysis,0.5552
Annual_country_reports_-_Central_African_Republic_-_2023_CF01,6,Gender_equality,0.5465
Annual_country_reports_-_Central_African_Republic_-_2023_CF01,7,Funding_and_donors,0.5202
Annual_country_reports_-_Central_African_Republic_-_2023_CF01,8,Energy_for_food_security,0.52
Annual_country_reports_-_Central_African_Republic_-_2023_CF01,9,Smallholder_agricultural_market_support,0.5172
Annual_country_reports_-_Central_African_Republic_-_2023_CF01,10,The_R4_Rural_Resilience_Initiative,0.5155
Annual_country_reports_-_Central_African_Republic_-_2024_CF02,1,Food_Assistance_for_Assets,0.6443
Annual_country_reports_-_Central_African_Republic_-_2024_CF02,2,Sustainable_livelihoods_and_ecosystems,0.5728
Annual_country_reports_-_Central_African_Republic_-_2024_CF02,3,Country_Capacity_Strengthening,0.5385
Annual_country_reports_-_Central_African_Republic_-_2024_CF02,4,Food_fortification,0.536
Annual_country_reports_-_Central_African_Republic_-_2024_CF02,5,Smallholder_agricultural_market_support,0.5343
Annual_country_reports_-_Central_African_Republic_-_2024_CF02,6,Food_safety_and_quality,0.5305
Annual_country_reports_-_Central_African_Republic_-_2024_CF02,7,Nutrition,0.5286
Annual_country_reports_-_Central_African_Republic_-_2024_CF02,8,School_meals,0.526
Annual_country_reports_-_Central_African_Republic_-_2024_CF02,9,Food_Assistance,0.5227
Annual_country_reports_-_Central_African_Republic_-_2024_CF02,10,Country_strategic_planning,0.5212
Annual_country_reports_-_Chad_-_2024_TD01,1,School_meals,0.6647
Annual_country_reports_-_Chad_-_2024_TD01,2,Food_Assistance_for_Assets,0.6587
Annual_country_reports_-_Chad_-_2024_TD01,3,Food_security_analysis,0.6268
Annual_country_reports_-_Chad_-_2024_TD01,4,Food_Assistance,0.6011
Annual_country_reports_-_Chad_-_2024_TD01,5,Smallholder_agricultural_market_support,0.5967
Annual_country_reports_-_Chad_-_2024_TD01,6,Country_Capacity_Strengthening,0.5933
Annual_country_reports_-_Chad_-_2024_TD01,7,Emergencies,0.5715
Annual_country_reports_-_Chad_-_2024_TD01,8,Humanitarian_Support_and_Services,0.5682
Annual_country_reports_-_Chad_-_2024_TD01,9,Energy_for_food_security,0.5618
Annual_country_reports_-_Chad_-_2024_TD01,10,Funding_and_donors,0.5594
Annual_country_reports_-_Chad_-_2024_TD02,1,Food_Assistance_for_Assets,0.5965
Annual_country_reports_-_Chad_-_2024_TD02,2,School_meals,0.5709
Annual_country_reports_-_Chad_-_2024_TD02,3,Funding_and_donors,0.5548
Annual_country_reports_-_Chad_-_2024_TD02,4,Humanitarian_Support_and_Services,0.5506
Annual_country_reports_-_Chad_-_2024_TD02,5,Sustainable_livelihoods_and_ecosystems,0.5413
Annual_country_reports_-_Chad_-_2024_TD02,6,UN_Humanitarian_Air_Service,0.5327
Annual_country_reports_-_Chad_-_2024_TD02,7,The_R4_Rural_Resilience_Initiative,0.5319
Annual_country_reports_-_Chad_-_2024_TD02,8,Food_security_analysis,0.5214
Annual_country_reports_-_Chad_-_2024_TD02,9,Food_fortification,0.5155
Annual_country_reports_-_Chad_-_2024_TD02,10,Country_strategic_planning,0.5138
Annual_country_reports_-_China_-_2023_CN02,1,School_meals,0.6392
Annual_country_reports_-_China_-_2023_CN02,2,The_R4_Rural_Resilience_Initiative,0.6168
Annual_country_reports_-_China_-_2023_CN02,3,Resilience_building,0.6164
Annual_country_reports_-_China_-_2023_CN02,4,Energy_for_food_security,0.6132
Annual_country_reports_-_China_-_2023_CN02,5,Food_security_analysis,0.6062
Annual_country_reports_-_China_-_2023_CN02,6,Food_safety_and_quality,0.606
Annual_country_reports_-_China_-_2023_CN02,7,Supply_chain,0.602
Annual_country_reports_-_China_-_2023_CN02,8,Partnerships,0.5885
Annual_country_reports_-_China_-_2023_CN02,9,Sustainable_development_goals,0.5843
Annual_country_reports_-_China_-_2023_CN02,10,Nutrition,0.5836
Annual_country_reports_-_China_-_2024_CN02,1,Country_Capacity_Strengthening,0.6194
Annual_country_reports_-_China_-_2024_CN02,2,Funding_and_donors,0.6182
Annual_country_reports_-_China_-_2024_CN02,3,Resilience_building,0.6017
Annual_country_reports_-_China_-_2024_CN02,4,Nutrition,0.5836
Annual_country_reports_-_China_-_2024_CN02,5,Specialized_nutritious_food,0.579
Annual_country_reports_-_China_-_2024_CN02,6,Partnerships,0.5524
Annual_country_reports_-_China_-_2024_CN02,7,The_R4_Rural_Resilience_Initiative,0.5519
Annual_country_reports_-_China_-_2024_CN02,8,UN_agencies_and_international_institutions,0.5455
Annual_country_reports_-_China_-_2024_CN02,9,School_meals,0.5359
Annual_country_reports_-_China_-_2024_CN02,10,Food_Assistance,0.5296
Annual_country_reports_-_Côte_dIvoire_-_2023_CI02,1,School_meals,0.6436
Annual_country_reports_-_Côte_dIvoire_-_2023_CI02,2,Food_Assistance,0.59
Annual_country_reports_-_Côte_dIvoire_-_2023_CI02,3,Food_Assistance_for_Assets,0.5709
Annual_country_reports_-_Côte_dIvoire_-_2023_CI02,4,Food_security_analysis,0.5455
Annual_country_reports_-_Côte_dIvoire_-_2023_CI02,5,Smallholder_agricultural_market_support,0.5403
Annual_country_reports_-_Côte_dIvoire_-_2023_CI02,6,Logistics_and_delivery_networks,0.5381
Annual_country_reports_-_Côte_dIvoire_-_2023_CI02,7,Nutrition,0.5331
Annual_country_reports_-_Côte_dIvoire_-_2023_CI02,8,Energy_for_food_security,0.518
Annual_country_reports_-_Côte_dIvoire_-_2023_CI02,9,Gender_equality,0.4958
Annual_country_reports_-_Côte_dIvoire_-_2023_CI02,10,The_R4_Rural_Resilience_Initiative,0.4892
Annual_country_reports_-_Côte_dIvoire_-_2024_CI02,1,Food_Assistance_for_Assets,0.6118
Annual_country_reports_-_Côte_dIvoire_-_2024_CI02,2,Food_Assistance,0.5797
Annual_country_reports_-_Côte_dIvoire_-_2024_CI02,3,School_meals,0.5701
Annual_country_reports_-_Côte_dIvoire_-_2024_CI02,4,Funding_and_donors,0.5554
Annual_country_reports_-_Côte_dIvoire_-_2024_CI02,5,Smallholder_agricultural_market_support,0.5395
Annual_country_reports_-_Côte_dIvoire_-_2024_CI02,6,Food_fortification,0.536
Annual_country_reports_-_Côte_dIvoire_-_2024_CI02,7,Food_security_analysis,0.5266
Annual_country_reports_-_Côte_dIvoire_-_2024_CI02,8,Nutrition,0.5259
Annual_country_reports_-_Côte_dIvoire_-_2024_CI02,9,Energy_for_food_security,0.5156
Annual_country_reports_-_Côte_dIvoire_-_2024_CI02,10,Sustainable_livelihoods_and_ecosystems,0.5069
Annual_country_reports_-_Mauritania_-_2024_MR02,1,Resilience_building,0.7164
Annual_country_reports_-_Mauritania_-_2024_MR02,2,Resilience_programming,0.6649
Annual_country_reports_-_Mauritania_-_2024_MR02,3,The_R4_Rural_Resilience_Initiative,0.6644
Annual_country_reports_-_Mauritania_-_2024_MR02,4,Anticipatory_Action,0.6579
Annual_country_reports_-_Mauritania_-_2024_MR02,5,Food_Assistance_for_Assets,0.6089
Annual_country_reports_-_Mauritania_-_2024_MR02,6,School_meals,0.5918
Annual_country_reports_-_Mauritania_-_2024_MR02,7,UN_Humanitarian_Air_Service,0.5885
Annual_country_reports_-_Mauritania_-_2024_MR02,8,Sustainable_livelihoods_and_ecosystems,0.5816
Annual_country_reports_-_Mauritania_-_2024_MR02,9,Humanitarian_Support_and_Services,0.5788
Annual_country_reports_-_Mauritania_-_2024_MR02,10,Food_Assistance,0.5507
Annual_country_reports_-_Mauritania_-_2024_MR03,1,Resilience_building,0.7184
Annual_country_reports_-_Mauritania_-_2024_MR03,2,The_R4_Rural_Resilience_Initiative,0.6709
Annual_country_reports_-_Mauritania_-_2024_MR03,3,Resilience_programming,0.6661
Annual_country_reports_-_Mauritania_-_2024_MR03,4,Sustainable_livelihoods_and_ecosystems,0.6387
Annual_country_reports_-_Mauritania_-_2024_MR03,5,Food_Assistance_for_Assets,0.6326
Annual_country_reports_-_Mauritania_-_2024_MR03,6,School_meals,0.6307
Annual_country_reports_-_Mauritania_-_2024_MR03,7,Humanitarian_Support_and_Services,0.6194
Annual_country_reports_-_Mauritania_-_2024_MR03,8,Nutrition,0.6095
Annual_country_reports_-_Mauritania_-_2024_MR03,9,Food_fortification,0.605
Annual_country_reports_-_Mauritania_-_2024_MR03,10,Funding_and_donors,0.5882
Annual_country_reports_-_Nicaragua_-_2024_NI02,1,The_R4_Rural_Resilience_Initiative,0.6572
Annual_country_reports_-_Nicaragua_-_2024_NI02,2,Humanitarian_Support_and_Services,0.6259
Annual_country_reports_-_Nicaragua_-_2024_NI02,3,Food_Assistance,0.563
Annual_country_reports_-_Nicaragua_-_2024_NI02,4,Funding_and_donors,0.5594
Annual_country_reports_-_Nicaragua_-_2024_NI02,5,Energy_for_food_security,0.5401
Annual_country_reports_-_Nicaragua_-_2024_NI02,6,Food_Assistance_for_Assets,0.5361
Annual_country_reports_-_Nicaragua_-_2024_NI02,7,Food_security_analysis,0.534
Annual_country_reports_-_Nicaragua_-_2024_NI02,8,Emergency_Preparedness_and_Response,0.5329
Annual_country_reports_-_Nicaragua_-_2024_NI02,9,School_meals,0.5264
Annual_country_reports_-_Nicaragua_-_2024_NI02,10,Smallholder_agricultural_market_support,0.5134
Annual_country_reports_-_Nicaragua_-_2024_NI02-checkpoint,1,The_R4_Rural_Resilience_Initiative,0.6572
Annual_country_reports_-_Nicaragua_-_2024_NI02-checkpoint,2,Humanitarian_Support_and_Services,0.6259
Annual_country_reports_-_Nicaragua_-_2024_NI02-checkpoint,3,Food_Assistance,0.563
Annual_country_reports_-_Nicaragua_-_2024_NI02-checkpoint,4,Funding_and_donors,0.5594
Annual_country_reports_-_Nicaragua_-_2024_NI02-checkpoint,5,Energy_for_food_security,0.5401
Annual_country_reports_-_Nicaragua_-_2024_NI02-checkpoint,6,Food_Assistance_for_Assets,0.5361
Annual_country_reports_-_Nicaragua_-_2024_NI02-checkpoint,7,Food_security_analysis,0.534
Annual_country_reports_-_Nicaragua_-_2024_NI02-checkpoint,8,Emergency_Preparedness_and_Response,0.5329
Annual_country_reports_-_Nicaragua_-_2024_NI02-checkpoint,9,School_meals,0.5264
Annual_country_reports_-_Nicaragua_-_2024_NI02-checkpoint,10,Smallholder_agricultural_market_support,0.5134
Annual_country_reports_-_Nicaragua_-_2024_NI03,1,Smallholder_agricultural_market_support,0.6147
Annual_country_reports_-_Nicaragua_-_2024_NI03,2,School_meals,0.5915
Annual_country_reports_-_Nicaragua_-_2024_NI03,3,Humanitarian_Support_and_Services,0.5818
Annual_country_reports_-_Nicaragua_-_2024_NI03,4,Food_security_analysis,0.537
Annual_country_reports_-_Nicaragua_-_2024_NI03,5,The_R4_Rural_Resilience_Initiative,0.5309
Annual_country_reports_-_Nicaragua_-_2024_NI03,6,Sustainable_livelihoods_and_ecosystems,0.4993
Annual_country_reports_-_Nicaragua_-_2024_NI03,7,Energy_for_food_security,0.4991
Annual_country_reports_-_Nicaragua_-_2024_NI03,8,Emergency_Preparedness_and_Response,0.4984
Annual_country_reports_-_Nicaragua_-_2024_NI03,9,Emergency_relief,0.4946
Annual_country_reports_-_Nicaragua_-_2024_NI03,10,Food_Assistance_for_Assets,0.486
Annual_country_reports_-_Nigeria_-_2023_NG01,1,Food_security_analysis,0.6622
Annual_country_reports_-_Nigeria_-_2023_NG01,2,UN_Humanitarian_Air_Service,0.6229
Annual_country_reports_-_Nigeria_-_2023_NG01,3,Food_Assistance,0.6002
Annual_country_reports_-_Nigeria_-_2023_NG01,4,Sustainable_development_goals,0.5996
Annual_country_reports_-_Nigeria_-_2023_NG01,5,Humanitarian_Support_and_Services,0.5733
Annual_country_reports_-_Nigeria_-_2023_NG01,6,Energy_for_food_security,0.5729
Annual_country_reports_-_Nigeria_-_2023_NG01,7,Funding_and_donors,0.5594
Annual_country_reports_-_Nigeria_-_2023_NG01,8,Food_Security_Cluster,0.5584
Annual_country_reports_-_Nigeria_-_2023_NG01,9,Food_Assistance_for_Assets,0.5549
Annual_country_reports_-_Nigeria_-_2023_NG01,10,Sustainable_livelihoods_and_ecosystems,0.5471
Annual_country_reports_-_Nigeria_-_2024_NG02,1,Nutrition,0.5623
Annual_country_reports_-_Nigeria_-_2024_NG02,2,The_R4_Rural_Resilience_Initiative,0.5502
Annual_country_reports_-_Nigeria_-_2024_NG02,3,Food_Assistance_for_Assets,0.547
Annual_country_reports_-_Nigeria_-_2024_NG02,4,Funding_and_donors,0.535
Annual_country_reports_-_Nigeria_-_2024_NG02,5,Food_security_analysis,0.5338
Annual_country_reports_-_Nigeria_-_2024_NG02,6,Humanitarian_Support_and_Services,0.5317
Annual_country_reports_-_Nigeria_-_2024_NG02,7,Smallholder_agricultural_market_support,0.5246
Annual_country_reports_-_Nigeria_-_2024_NG02,8,Food_Assistance,0.509
Annual_country_reports_-_Nigeria_-_2024_NG02,9,Emergency_Preparedness_and_Response,0.5077
Annual_country_reports_-_Nigeria_-_2024_NG02,10,Emergency_relief,0.5059
Annual_country_reports_-_Rwanda_-_2023_RW01,1,Smallholder_agricultural_market_support,0.6016
Annual_country_reports_-_Rwanda_-_2023_RW01,2,Food_security_analysis,0.5708
Annual_country_reports_-_Rwanda_-_2023_RW01,3,Food_Assistance_for_Assets,0.5597
Annual_country_reports_-_Rwanda_-_2023_RW01,4,Country_Capacity_Strengthening,0.5524
Annual_country_reports_-_Rwanda_-_2023_RW01,5,Humanitarian_Support_and_Services,0.5512
Annual_country_reports_-_Rwanda_-_2023_RW01,6,School_meals,0.533
Annual_country_reports_-_Rwanda_-_2023_RW01,7,Energy_for_food_security,0.5263
Annual_country_reports_-_Rwanda_-_2023_RW01,8,Food_Assistance,0.4985
Annual_country_reports_-_Rwanda_-_2023_RW01,9,Food_safety_and_quality,0.4751
Annual_country_reports_-_Rwanda_-_2023_RW01,10,The_R4_Rural_Resilience_Initiative,0.4747
Annual_country_reports_-_Rwanda_-_2024_RW01,1,Smallholder_agricultural_market_support,0.5984
Annual_country_reports_-_Rwanda_-_2024_RW01,2,Food_Assistance_for_Assets,0.5597
Annual_country_reports_-_Rwanda_-_2024_RW01,3,Funding_and_donors,0.5548
Annual_country_reports_-_Rwanda_-_2024_RW01,4,Food_security_analysis,0.5499
Annual_country_reports_-_Rwanda_-_2024_RW01,5,Energy_for_food_security,0.5449
Annual_country_reports_-_Rwanda_-_2024_RW01,6,Humanitarian_Support_and_Services,0.5374
Annual_country_reports_-_Rwanda_-_2024_RW01,7,Food_fortification,0.536
Annual_country_reports_-_Rwanda_-_2024_RW01,8,Food_Assistance,0.4985
Annual_country_reports_-_Rwanda_-_2024_RW01,9,Nutrition,0.4821
Annual_country_reports_-_Rwanda_-_2024_RW01,10,Specialized_nutritious_food,0.4817
Annual_country_reports_-_Sao_Tome_and_Principe_-_2023_ST02,1,Country_strategic_planning,0.578
Annual_country_reports_-_Sao_Tome_and_Principe_-_2023_ST02,2,Food_Assistance_for_Assets,0.5529
Annual_country_reports_-_Sao_Tome_and_Principe_-_2023_ST02,3,Funding_and_donors,0.5229
Annual_country_reports_-_Sao_Tome_and_Principe_-_2023_ST02,4,Food_security_analysis,0.5198
Annual_country_reports_-_Sao_Tome_and_Principe_-_2023_ST02,5,Energy_for_food_security,0.4979
Annual_country_reports_-_Sao_Tome_and_Principe_-_2023_ST02,6,Food_Assistance,0.4858
Annual_country_reports_-_Sao_Tome_and_Principe_-_2023_ST02,7,South_South_cooperation,0.4793
Annual_country_reports_-_Sao_Tome_and_Principe_-_2023_ST02,8,Environmental_and_social_sustainability,0.4777
Annual_country_reports_-_Sao_Tome_and_Principe_-_2023_ST02,9,School_meals,0.4692
Annual_country_reports_-_Sao_Tome_and_Principe_-_2023_ST02,10,Country_Capacity_Strengthening,0.4631
Annual_country_reports_-_Sao_Tome_and_Principe_-_2024_ST03,1,Food_Assistance,0.5429
Annual_country_reports_-_Sao_Tome_and_Principe_-_2024_ST03,2,Sustainable_development_goals,0.5358
Annual_country_reports_-_Sao_Tome_and_Principe_-_2024_ST03,3,Food_Assistance_for_Assets,0.5223
Annual_country_reports_-_Sao_Tome_and_Principe_-_2024_ST03,4,Funding_and_donors,0.514
Annual_country_reports_-_Sao_Tome_and_Principe_-_2024_ST03,5,Food_security_analysis,0.4996
Annual_country_reports_-_Sao_Tome_and_Principe_-_2024_ST03,6,Energy_for_food_security,0.4919
Annual_country_reports_-_Sao_Tome_and_Principe_-_2024_ST03,7,Humanitarian_Support_and_Services,0.484
Annual_country_reports_-_Sao_Tome_and_Principe_-_2024_ST03,8,School_meals,0.4771
Annual_country_reports_-_Sao_Tome_and_Principe_-_2024_ST03,9,Smallholder_agricultural_market_support,0.4659
Annual_country_reports_-_Sao_Tome_and_Principe_-_2024_ST03,10,Emergency_Preparedness_and_Response,0.4572
Annual_country_reports_-_Senegal_-_2023_SN02,1,Food_Assistance_for_Assets,0.6188
Annual_country_reports_-_Senegal_-_2023_SN02,2,Sustainable_livelihoods_and_ecosystems,0.5767
Annual_country_reports_-_Senegal_-_2023_SN02,3,The_R4_Rural_Resilience_Initiative,0.5724
Annual_country_reports_-_Senegal_-_2023_SN02,4,Food_Assistance,0.5716
Annual_country_reports_-_Senegal_-_2023_SN02,5,Energy_for_food_security,0.5686
Annual_country_reports_-_Senegal_-_2023_SN02,6,Food_security_analysis,0.5567
Annual_country_reports_-_Senegal_-_2023_SN02,7,Seasonal_and_agricultural_monitoring,0.5304
Annual_country_reports_-_Senegal_-_2023_SN02,8,Nutrition,0.5142
Annual_country_reports_-_Senegal_-_2023_SN02,9,Specialized_nutritious_food,0.5024
Annual_country_reports_-_Senegal_-_2023_SN02,10,Funding_and_donors,0.5012
Annual_country_reports_-_Senegal_-_2024_SN02,1,Food_Assistance_for_Assets,0.6397
Annual_country_reports_-_Senegal_-_2024_SN02,2,Resilience_building,0.633
Annual_country_reports_-_Senegal_-_2024_SN02,3,Energy_for_food_security,0.5804
Annual_country_reports_-_Senegal_-_2024_SN02,4,Food_security_analysis,0.577
Annual_country_reports_-_Senegal_-_2024_SN02,5,Food_Assistance,0.5766
Annual_country_reports_-_Senegal_-_2024_SN02,6,The_R4_Rural_Resilience_Initiative,0.5724
Annual_country_reports_-_Senegal_-_2024_SN02,7,Nutrition,0.5384
Annual_country_reports_-_Senegal_-_2024_SN02,8,Food_fortification,0.536
Annual_country_reports_-_Senegal_-_2024_SN02,9,Funding_and_donors,0.5155
Annual_country_reports_-_Senegal_-_2024_SN02,10,Gender_equality,0.5134
Annual_country_reports_-_Sierra_Leone_-_2023_SL02,1,Food_security_analysis,0.7235
Annual_country_reports_-_Sierra_Leone_-_2023_SL02,2,The_R4_Rural_Resilience_Initiative,0.6259
Annual_country_reports_-_Sierra_Leone_-_2023_SL02,3,Smallholder_agricultural_market_support,0.6034
Annual_country_reports_-_Sierra_Leone_-_2023_SL02,4,Food_Assistance_for_Assets,0.593
Annual_country_reports_-_Sierra_Leone_-_2023_SL02,5,School_meals,0.5728
Annual_country_reports_-_Sierra_Leone_-_2023_SL02,6,Energy_for_food_security,0.5572
Annual_country_reports_-_Sierra_Leone_-_2023_SL02,7,Resilience_building,0.5568
Annual_country_reports_-_Sierra_Leone_-_2023_SL02,8,Food_Security_Cluster,0.5517
Annual_country_reports_-_Sierra_Leone_-_2023_SL02,9,Food_safety_and_quality,0.5254
Annual_country_reports_-_Sierra_Leone_-_2023_SL02,10,Food_Assistance,0.517
Annual_country_reports_-_Sierra_Leone_-_2024_SL02,1,The_R4_Rural_Resilience_Initiative,0.6139
Annual_country_reports_-_Sierra_Leone_-_2024_SL02,2,School_meals,0.5728
Annual_country_reports_-_Sierra_Leone_-_2024_SL02,3,Smallholder_agricultural_market_support,0.5623
Annual_country_reports_-_Sierra_Leone_-_2024_SL02,4,Food_Assistance_for_Assets,0.5586
Annual_country_reports_-_Sierra_Leone_-_2024_SL02,5,Funding_and_donors,0.5554
Annual_country_reports_-_Sierra_Leone_-_2024_SL02,6,Food_security_analysis,0.5239
Annual_country_reports_-_Sierra_Leone_-_2024_SL02,7,Food_Assistance,0.517
Annual_country_reports_-_Sierra_Leone_-_2024_SL02,8,Energy_for_food_security,0.5125
Annual_country_reports_-_Sierra_Leone_-_2024_SL02,9,Nutrition,0.5107
Annual_country_reports_-_Sierra_Leone_-_2024_SL02,10,Sustainable_livelihoods_and_ecosystems,0.5064
Anticipatory_Cash_Transfers_and_Early_Warning_Info,1,Cash_transfers,0.644
Anticipatory_Cash_Transfers_and_Early_Warning_Info,2,Food_security_analysis,0.5848
Anticipatory_Cash_Transfers_and_Early_Warning_Info,3,Food_safety_and_quality,0.5115
Anticipatory_Cash_Transfers_and_Early_Warning_Info,4,Anticipatory_Action,0.5101
Anticipatory_Cash_Transfers_and_Early_Warning_Info,5,Energy_for_food_security,0.5063
Anticipatory_Cash_Transfers_and_Early_Warning_Info,6,Emergency_Preparedness_and_Response,0.4921
Anticipatory_Cash_Transfers_and_Early_Warning_Info,7,Partnerships,0.4712
Anticipatory_Cash_Transfers_and_Early_Warning_Info,8,Food_Security_Cluster,0.4646
Anticipatory_Cash_Transfers_and_Early_Warning_Info,9,Seasonal_and_agricultural_monitoring,0.456
Anticipatory_Cash_Transfers_and_Early_Warning_Info,10,Climate_action,0.455
April_2022_Ukraine_Conflict_Addressing_Acute_Needs,1,Humanitarian_Support_and_Services,0.6695
April_2022_Ukraine_Conflict_Addressing_Acute_Needs,2,Gender_equality,0.607
April_2022_Ukraine_Conflict_Addressing_Acute_Needs,3,Food_security_analysis,0.5892
April_2022_Ukraine_Conflict_Addressing_Acute_Needs,4,Emergencies,0.5788
April_2022_Ukraine_Conflict_Addressing_Acute_Needs,5,Food_safety_and_quality,0.5441
April_2022_Ukraine_Conflict_Addressing_Acute_Needs,6,Energy_for_food_security,0.5425
April_2022_Ukraine_Conflict_Addressing_Acute_Needs,7,Conflicts,0.5153
April_2022_Ukraine_Conflict_Addressing_Acute_Needs,8,Cash_transfers,0.5142
April_2022_Ukraine_Conflict_Addressing_Acute_Needs,9,Food_Assistance,0.5084
April_2022_Ukraine_Conflict_Addressing_Acute_Needs,10,Food_Assistance_for_Assets,0.5028
Armenia_Evaluation_of_School_Feeding_Modalities_Ap,1,School_meals,0.7114
Armenia_Evaluation_of_School_Feeding_Modalities_Ap,2,Gender_equality,0.5991
Armenia_Evaluation_of_School_Feeding_Modalities_Ap,3,Food_security_analysis,0.5949
Armenia_Evaluation_of_School_Feeding_Modalities_Ap,4,Environmental_and_social_sustainability,0.583
Armenia_Evaluation_of_School_Feeding_Modalities_Ap,5,Cash_transfers,0.582
Armenia_Evaluation_of_School_Feeding_Modalities_Ap,6,Country_Capacity_Strengthening,0.5662
Armenia_Evaluation_of_School_Feeding_Modalities_Ap,7,Nutrition,0.5622
Armenia_Evaluation_of_School_Feeding_Modalities_Ap,8,Food_Assistance,0.562
Armenia_Evaluation_of_School_Feeding_Modalities_Ap,9,Smallholder_agricultural_market_support,0.542
Armenia_Evaluation_of_School_Feeding_Modalities_Ap,10,Resilience_building,0.5392
Assessment_of_Rice_Fortification_Scheme_in_Malkang,1,School_meals,0.6216
Assessment_of_Rice_Fortification_Scheme_in_Malkang,2,Nutrition,0.6167
Assessment_of_Rice_Fortification_Scheme_in_Malkang,3,Food_fortification,0.6126
Assessment_of_Rice_Fortification_Scheme_in_Malkang,4,Food_security_analysis,0.5902
Assessment_of_Rice_Fortification_Scheme_in_Malkang,5,Analyses_and_assessments,0.5555
Assessment_of_Rice_Fortification_Scheme_in_Malkang,6,Food_Assistance,0.5402
Assessment_of_Rice_Fortification_Scheme_in_Malkang,7,Food_Assistance_for_Assets,0.5375
Assessment_of_Rice_Fortification_Scheme_in_Malkang,8,Environmental_and_social_sustainability,0.5372
Assessment_of_Rice_Fortification_Scheme_in_Malkang,9,Food_systems,0.53
Assessment_of_Rice_Fortification_Scheme_in_Malkang,10,Supply_chain,0.5258
Assistance_to_Refugees_and_Crisis_Affected_Populat,1,Funding_and_donors,0.5569
Assistance_to_Refugees_and_Crisis_Affected_Populat,2,Humanitarian_Support_and_Services,0.529
Assistance_to_Refugees_and_Crisis_Affected_Populat,3,Food_Assistance,0.502
Assistance_to_Refugees_and_Crisis_Affected_Populat,4,Emergency_relief,0.4768
Assistance_to_Refugees_and_Crisis_Affected_Populat,5,Emergency_Preparedness_and_Response,0.4765
Assistance_to_Refugees_and_Crisis_Affected_Populat,6,Food_Assistance_for_Assets,0.4702
Assistance_to_Refugees_and_Crisis_Affected_Populat,7,Energy_for_food_security,0.4427
Assistance_to_Refugees_and_Crisis_Affected_Populat,8,Food_security_analysis,0.43
Assistance_to_Refugees_and_Crisis_Affected_Populat,9,Food_safety_and_quality,0.4154
Assistance_to_Refugees_and_Crisis_Affected_Populat,10,UN_Humanitarian_Air_Service,0.4152
Audited_Annual_Accounts,1,Cash_transfers,0.727
Audited_Annual_Accounts,2,Analyses_and_assessments,0.6941
Audited_Annual_Accounts,3,Funding_and_donors,0.6566
Audited_Annual_Accounts,4,Humanitarian_Support_and_Services,0.6542
Audited_Annual_Accounts,5,Sustainable_development_goals,0.6277
Audited_Annual_Accounts,6,Partnerships,0.6046
Audited_Annual_Accounts,7,Executive_Board,0.6011
Audited_Annual_Accounts,8,Smallholder_agricultural_market_support,0.5849
Audited_Annual_Accounts,9,Procurement,0.5778
Audited_Annual_Accounts,10,Corporate_strategy,0.5647
Barrier_analysis_for_the_social_economic_integrati,1,Humanitarian_Support_and_Services,0.6887
Barrier_analysis_for_the_social_economic_integrati,2,Sustainable_livelihoods_and_ecosystems,0.6331
Barrier_analysis_for_the_social_economic_integrati,3,Food_security_analysis,0.5783
Barrier_analysis_for_the_social_economic_integrati,4,Private_sector,0.5642
Barrier_analysis_for_the_social_economic_integrati,5,The_R4_Rural_Resilience_Initiative,0.5404
Barrier_analysis_for_the_social_economic_integrati,6,Resilience_building,0.5321
Barrier_analysis_for_the_social_economic_integrati,7,Local_market_developments,0.5151
Barrier_analysis_for_the_social_economic_integrati,8,UN_Humanitarian_Air_Service,0.5051
Barrier_analysis_for_the_social_economic_integrati,9,Food_systems,0.4936
Barrier_analysis_for_the_social_economic_integrati,10,Food_safety_and_quality,0.4837
Biography_Assistant_Executive_Director_for_Workpla,1,Executive_Board,0.4075
Biography_Assistant_Executive_Director_for_Workpla,2,UN_agencies_and_international_institutions,0.3871
Biography_Assistant_Executive_Director_for_Workpla,3,Humanitarian_Support_and_Services,0.356
Biography_Assistant_Executive_Director_for_Workpla,4,UN_Humanitarian_Air_Service,0.3534
Biography_Assistant_Executive_Director_for_Workpla,5,Rome_based_agencies,0.3275
Biography_Assistant_Executive_Director_for_Workpla,6,Governance_and_leadership,0.3263
Biography_Assistant_Executive_Director_for_Workpla,7,Centre_of_Excellence,0.3164
Biography_Assistant_Executive_Director_for_Workpla,8,Partnerships,0.3089
Biography_Assistant_Executive_Director_for_Workpla,9,Emergencies,0.3061
Biography_Assistant_Executive_Director_for_Workpla,10,Emergency_relief,0.287
Biography_Chief_Financial_Officer_Robert_van_der_Z,1,Executive_Board,0.3157
Biography_Chief_Financial_Officer_Robert_van_der_Z,2,Governance_and_leadership,0.2298
Biography_Chief_Financial_Officer_Robert_van_der_Z,3,UN_agencies_and_international_institutions,0.2156
Biography_Chief_Financial_Officer_Robert_van_der_Z,4,Private_sector,0.1909
Biography_Chief_Financial_Officer_Robert_van_der_Z,5,Rome_based_agencies,0.1631
Biography_Chief_Financial_Officer_Robert_van_der_Z,6,Partnerships,0.1614
Biography_Chief_Financial_Officer_Robert_van_der_Z,7,UN_Humanitarian_Air_Service,0.16
Biography_Chief_Financial_Officer_Robert_van_der_Z,8,Climate_risk_management_insurance_and_financing,0.1487
Biography_Chief_Financial_Officer_Robert_van_der_Z,9,Cash_transfers,0.1473
Biography_Chief_Financial_Officer_Robert_van_der_Z,10,Corporate_strategy,0.1402
Brazil_Centre_of_Excellence_and_the_African_Union_,1,School_meals,0.553
Brazil_Centre_of_Excellence_and_the_African_Union_,2,Food_Security_Cluster,0.4954
Brazil_Centre_of_Excellence_and_the_African_Union_,3,Corporate_strategy,0.4457
Brazil_Centre_of_Excellence_and_the_African_Union_,4,Food_systems,0.4327
Brazil_Centre_of_Excellence_and_the_African_Union_,5,Centre_of_Excellence,0.424
Brazil_Centre_of_Excellence_and_the_African_Union_,6,Smallholder_agricultural_market_support,0.4237
Brazil_Centre_of_Excellence_and_the_African_Union_,7,Food_Assistance,0.4225
Brazil_Centre_of_Excellence_and_the_African_Union_,8,Partnerships,0.4195
Brazil_Centre_of_Excellence_and_the_African_Union_,9,Country_strategic_planning,0.4044
Brazil_Centre_of_Excellence_and_the_African_Union_,10,Nutrition,0.399
Brazil_CoE_Good_Practices_no_2_Financing_School_Fe,1,School_meals,0.5815
Brazil_CoE_Good_Practices_no_2_Financing_School_Fe,2,Funding_and_donors,0.5788
Brazil_CoE_Good_Practices_no_2_Financing_School_Fe,3,Nutrition,0.5516
Brazil_CoE_Good_Practices_no_2_Financing_School_Fe,4,Food_Assistance_for_Assets,0.517
Brazil_CoE_Good_Practices_no_2_Financing_School_Fe,5,Food_Assistance,0.4686
Brazil_CoE_Good_Practices_no_2_Financing_School_Fe,6,Food_security_analysis,0.46
Brazil_CoE_Good_Practices_no_2_Financing_School_Fe,7,Food_systems,0.452
Brazil_CoE_Good_Practices_no_2_Financing_School_Fe,8,Energy_for_food_security,0.4355
Brazil_CoE_Good_Practices_no_2_Financing_School_Fe,9,Partnerships,0.4337
Brazil_CoE_Good_Practices_no_2_Financing_School_Fe,10,Procurement,0.4317
Building_and_maintaining_social_protection_systems,1,Social_Protection_and_Safety_Nets,0.6071
Building_and_maintaining_social_protection_systems,2,Logistics_and_delivery_networks,0.546
Building_and_maintaining_social_protection_systems,3,Country_Capacity_Strengthening,0.542
Building_and_maintaining_social_protection_systems,4,Humanitarian_Support_and_Services,0.5024
Building_and_maintaining_social_protection_systems,5,The_R4_Rural_Resilience_Initiative,0.4574
Building_and_maintaining_social_protection_systems,6,Resilience_building,0.4457
Building_and_maintaining_social_protection_systems,7,Resilience_programming,0.4268
Building_and_maintaining_social_protection_systems,8,Cash_transfers,0.4251
Building_and_maintaining_social_protection_systems,9,Governance_and_leadership,0.4014
Building_and_maintaining_social_protection_systems,10,Information_Technology_and_Telecommunications_in_Emergencies,0.3883
CERFAM_Strategic_Partnership_Framework_2020_2022,1,Partnerships,0.612
CERFAM_Strategic_Partnership_Framework_2020_2022,2,Humanitarian_Support_and_Services,0.5121
CERFAM_Strategic_Partnership_Framework_2020_2022,3,Country_Capacity_Strengthening,0.4981
CERFAM_Strategic_Partnership_Framework_2020_2022,4,Food_Assistance_for_Assets,0.4863
CERFAM_Strategic_Partnership_Framework_2020_2022,5,Food_security_analysis,0.4843
CERFAM_Strategic_Partnership_Framework_2020_2022,6,Energy_for_food_security,0.475
CERFAM_Strategic_Partnership_Framework_2020_2022,7,Monitoring,0.4631
CERFAM_Strategic_Partnership_Framework_2020_2022,8,Food_Assistance,0.4504
CERFAM_Strategic_Partnership_Framework_2020_2022,9,Zero_Hunger,0.4476
CERFAM_Strategic_Partnership_Framework_2020_2022,10,Funding_and_donors,0.4459
Cambodia_KOICA_supported_Home_Grown_School_Feeding,1,Programme_design,0.6906
Cambodia_KOICA_supported_Home_Grown_School_Feeding,2,School_meals,0.6861
Cambodia_KOICA_supported_Home_Grown_School_Feeding,3,Gender_equality,0.6792
Cambodia_KOICA_supported_Home_Grown_School_Feeding,4,Procurement,0.6531
Cambodia_KOICA_supported_Home_Grown_School_Feeding,5,The_R4_Rural_Resilience_Initiative,0.6205
Cambodia_KOICA_supported_Home_Grown_School_Feeding,6,Food_safety_and_quality,0.6078
Cambodia_KOICA_supported_Home_Grown_School_Feeding,7,Environmental_and_social_sustainability,0.6064
Cambodia_KOICA_supported_Home_Grown_School_Feeding,8,Smallholder_agricultural_market_support,0.5993
Cambodia_KOICA_supported_Home_Grown_School_Feeding,9,Funding_and_donors,0.5986
Cambodia_KOICA_supported_Home_Grown_School_Feeding,10,Food_security_analysis,0.5745
Caribbean_Food_Security_and_Livelihoods_Survey_Reg,1,Food_security_analysis,0.7135
Caribbean_Food_Security_and_Livelihoods_Survey_Reg,2,Emergency_Preparedness_and_Response,0.6725
Caribbean_Food_Security_and_Livelihoods_Survey_Reg,3,Resilience_building,0.6173
Caribbean_Food_Security_and_Livelihoods_Survey_Reg,4,Energy_for_food_security,0.5781
Caribbean_Food_Security_and_Livelihoods_Survey_Reg,5,Sustainable_livelihoods_and_ecosystems,0.5593
Caribbean_Food_Security_and_Livelihoods_Survey_Reg,6,The_R4_Rural_Resilience_Initiative,0.5544
Caribbean_Food_Security_and_Livelihoods_Survey_Reg,7,Food_systems,0.5485
Caribbean_Food_Security_and_Livelihoods_Survey_Reg,8,Food_safety_and_quality,0.5414
Caribbean_Food_Security_and_Livelihoods_Survey_Reg,9,Food_Security_Cluster,0.5362
Caribbean_Food_Security_and_Livelihoods_Survey_Reg,10,Emergencies,0.5336
Cash_assistance_and_social_benefits_in_Ukraine_Jul,1,Rome_based_agencies,0.5474
Cash_assistance_and_social_benefits_in_Ukraine_Jul,2,Cash_transfers,0.5267
Cash_assistance_and_social_benefits_in_Ukraine_Jul,3,Social_Protection_and_Safety_Nets,0.4681
Cash_assistance_and_social_benefits_in_Ukraine_Jul,4,Humanitarian_Support_and_Services,0.4586
Cash_assistance_and_social_benefits_in_Ukraine_Jul,5,Food_Assistance_for_Assets,0.4222
Cash_assistance_and_social_benefits_in_Ukraine_Jul,6,UN_Humanitarian_Air_Service,0.3993
Cash_assistance_and_social_benefits_in_Ukraine_Jul,7,Funding_and_donors,0.3911
Cash_assistance_and_social_benefits_in_Ukraine_Jul,8,Food_Assistance,0.3734
Cash_assistance_and_social_benefits_in_Ukraine_Jul,9,Gender_equality,0.3262
Cash_assistance_and_social_benefits_in_Ukraine_Jul,10,Food_fortification,0.319
Clean_and_Modern_Energy_for_Cooking_A_Path_to_Food,1,Energy_for_food_security,0.6466
Clean_and_Modern_Energy_for_Cooking_A_Path_to_Food,2,Humanitarian_Support_and_Services,0.6039
Clean_and_Modern_Energy_for_Cooking_A_Path_to_Food,3,Partnerships,0.5968
Clean_and_Modern_Energy_for_Cooking_A_Path_to_Food,4,Food_security_analysis,0.563
Clean_and_Modern_Energy_for_Cooking_A_Path_to_Food,5,Analyses_and_assessments,0.551
Clean_and_Modern_Energy_for_Cooking_A_Path_to_Food,6,Food_systems,0.548
Clean_and_Modern_Energy_for_Cooking_A_Path_to_Food,7,Innovation,0.546
Clean_and_Modern_Energy_for_Cooking_A_Path_to_Food,8,Food_Assistance,0.5414
Clean_and_Modern_Energy_for_Cooking_A_Path_to_Food,9,Zero_Hunger,0.5392
Clean_and_Modern_Energy_for_Cooking_A_Path_to_Food,10,Local_market_developments,0.5271
Clean_cooking_solutions_in_Malawi,1,School_meals,0.6365
Clean_cooking_solutions_in_Malawi,2,Sustainable_livelihoods_and_ecosystems,0.5252
Clean_cooking_solutions_in_Malawi,3,Sustainable_development_goals,0.524
Clean_cooking_solutions_in_Malawi,4,Energy_for_food_security,0.4872
Clean_cooking_solutions_in_Malawi,5,Food_security_analysis,0.4748
Clean_cooking_solutions_in_Malawi,6,Procurement,0.4719
Clean_cooking_solutions_in_Malawi,7,Seasonal_and_agricultural_monitoring,0.462
Clean_cooking_solutions_in_Malawi,8,Analyses_and_assessments,0.445
Clean_cooking_solutions_in_Malawi,9,Environmental_and_social_sustainability,0.4406
Clean_cooking_solutions_in_Malawi,10,Nutrition,0.4362
Climate_Risk_Insurance_A_key_tool_to_achieve_resil,1,The_R4_Rural_Resilience_Initiative,0.6549
Climate_Risk_Insurance_A_key_tool_to_achieve_resil,2,Climate_change_adaptation,0.5614
Climate_Risk_Insurance_A_key_tool_to_achieve_resil,3,Resilience_building,0.5442
Climate_Risk_Insurance_A_key_tool_to_achieve_resil,4,Climate_risk_management_insurance_and_financing,0.5158
Climate_Risk_Insurance_A_key_tool_to_achieve_resil,5,Humanitarian_Support_and_Services,0.4917
Climate_Risk_Insurance_A_key_tool_to_achieve_resil,6,Environmental_and_social_sustainability,0.4901
Climate_Risk_Insurance_A_key_tool_to_achieve_resil,7,Sustainable_development_goals,0.4834
Climate_Risk_Insurance_A_key_tool_to_achieve_resil,8,Energy_for_food_security,0.4768
Climate_Risk_Insurance_A_key_tool_to_achieve_resil,9,Sustainable_livelihoods_and_ecosystems,0.4743
Climate_Risk_Insurance_A_key_tool_to_achieve_resil,10,Zero_Hunger,0.4669
Corporate_Emergency_Evaluation_of_WFP_s_Response_i,1,Partnerships,0.6615
Corporate_Emergency_Evaluation_of_WFP_s_Response_i,2,Country_Capacity_Strengthening,0.6594
Corporate_Emergency_Evaluation_of_WFP_s_Response_i,3,Resilience_building,0.6486
Corporate_Emergency_Evaluation_of_WFP_s_Response_i,4,The_R4_Rural_Resilience_Initiative,0.6321
Corporate_Emergency_Evaluation_of_WFP_s_Response_i,5,Cash_transfers,0.6293
Corporate_Emergency_Evaluation_of_WFP_s_Response_i,6,Food_security_analysis,0.6227
Corporate_Emergency_Evaluation_of_WFP_s_Response_i,7,Funding_and_donors,0.6189
Corporate_Emergency_Evaluation_of_WFP_s_Response_i,8,Humanitarian_Support_and_Services,0.6069
Corporate_Emergency_Evaluation_of_WFP_s_Response_i,9,Food_Assistance_for_Assets,0.6051
Corporate_Emergency_Evaluation_of_WFP_s_Response_i,10,School_meals,0.6018
Corporate_Results_Framework_2022_2025,1,Smallholder_agricultural_market_support,0.6049
Corporate_Results_Framework_2022_2025,2,Executive_Board,0.6026
Corporate_Results_Framework_2022_2025,3,Partnerships,0.5546
Corporate_Results_Framework_2022_2025,4,Emergency_Preparedness_and_Response,0.5526
Corporate_Results_Framework_2022_2025,5,Country_Capacity_Strengthening,0.5486
Corporate_Results_Framework_2022_2025,6,Food_Assistance_for_Assets,0.5461
Corporate_Results_Framework_2022_2025,7,The_R4_Rural_Resilience_Initiative,0.5295
Corporate_Results_Framework_2022_2025,8,Sustainable_development_goals,0.5201
Corporate_Results_Framework_2022_2025,9,Energy_for_food_security,0.5108
Corporate_Results_Framework_2022_2025,10,Food_security_analysis,0.4944
Cost_of_the_Diet_Analysis_in_Samoa_August_2025,1,Nutrition,0.6168
Cost_of_the_Diet_Analysis_in_Samoa_August_2025,2,School_meals,0.6146
Cost_of_the_Diet_Analysis_in_Samoa_August_2025,3,Food_security_analysis,0.5957
Cost_of_the_Diet_Analysis_in_Samoa_August_2025,4,Specialized_nutritious_food,0.559
Cost_of_the_Diet_Analysis_in_Samoa_August_2025,5,Energy_for_food_security,0.5552
Cost_of_the_Diet_Analysis_in_Samoa_August_2025,6,Food_safety_and_quality,0.5438
Cost_of_the_Diet_Analysis_in_Samoa_August_2025,7,Sustainable_development_goals,0.5218
Cost_of_the_Diet_Analysis_in_Samoa_August_2025,8,Environmental_and_social_sustainability,0.5217
Cost_of_the_Diet_Analysis_in_Samoa_August_2025,9,Food_Assistance,0.5203
Cost_of_the_Diet_Analysis_in_Samoa_August_2025,10,Food_systems,0.504
DRC_WFP_UNHAS_Flash_Appeal_May_2024,1,UN_Humanitarian_Air_Service,0.5889
DRC_WFP_UNHAS_Flash_Appeal_May_2024,2,Humanitarian_Support_and_Services,0.5508
DRC_WFP_UNHAS_Flash_Appeal_May_2024,3,Emergencies,0.4071
DRC_WFP_UNHAS_Flash_Appeal_May_2024,4,Emergency_Preparedness_and_Response,0.4069
DRC_WFP_UNHAS_Flash_Appeal_May_2024,5,The_R4_Rural_Resilience_Initiative,0.3728
DRC_WFP_UNHAS_Flash_Appeal_May_2024,6,Emergency_relief,0.3727
DRC_WFP_UNHAS_Flash_Appeal_May_2024,7,UN_agencies_and_international_institutions,0.3562
DRC_WFP_UNHAS_Flash_Appeal_May_2024,8,Information_Technology_and_Telecommunications_in_Emergencies,0.336
DRC_WFP_UNHAS_Flash_Appeal_May_2024,9,Resilience_building,0.316
DRC_WFP_UNHAS_Flash_Appeal_May_2024,10,Logistics_and_delivery_networks,0.31
Delivering_shock_responsive_social_protection_in_t,1,Social_Protection_and_Safety_Nets,0.5745
Delivering_shock_responsive_social_protection_in_t,2,The_R4_Rural_Resilience_Initiative,0.5578
Delivering_shock_responsive_social_protection_in_t,3,Resilience_building,0.5467
Delivering_shock_responsive_social_protection_in_t,4,Humanitarian_Support_and_Services,0.5386
Delivering_shock_responsive_social_protection_in_t,5,Cash_transfers,0.4863
Delivering_shock_responsive_social_protection_in_t,6,Resilience_programming,0.4745
Delivering_shock_responsive_social_protection_in_t,7,Funding_and_donors,0.4729
Delivering_shock_responsive_social_protection_in_t,8,Logistics_and_delivery_networks,0.4623
Delivering_shock_responsive_social_protection_in_t,9,Partnerships,0.4563
Delivering_shock_responsive_social_protection_in_t,10,Climate_risk_management_insurance_and_financing,0.4557
Developmental_Evaluation_of_Catalyzing_Good_Food_T,1,Gender_equality,0.7398
Developmental_Evaluation_of_Catalyzing_Good_Food_T,2,School_meals,0.6877
Developmental_Evaluation_of_Catalyzing_Good_Food_T,3,Nutrition,0.6416
Developmental_Evaluation_of_Catalyzing_Good_Food_T,4,Food_systems,0.6324
Developmental_Evaluation_of_Catalyzing_Good_Food_T,5,Food_security_analysis,0.6304
Developmental_Evaluation_of_Catalyzing_Good_Food_T,6,Food_safety_and_quality,0.6194
Developmental_Evaluation_of_Catalyzing_Good_Food_T,7,Partnerships,0.6129
Developmental_Evaluation_of_Catalyzing_Good_Food_T,8,Sustainable_livelihoods_and_ecosystems,0.6042
Developmental_Evaluation_of_Catalyzing_Good_Food_T,9,Funding_and_donors,0.5835
Developmental_Evaluation_of_Catalyzing_Good_Food_T,10,The_R4_Rural_Resilience_Initiative,0.5763
Diagnostic_report_on_Gender_Social_Cohesion_Socio_,1,Resilience_building,0.6408
Diagnostic_report_on_Gender_Social_Cohesion_Socio_,2,The_R4_Rural_Resilience_Initiative,0.6267
Diagnostic_report_on_Gender_Social_Cohesion_Socio_,3,Food_security_analysis,0.5999
Diagnostic_report_on_Gender_Social_Cohesion_Socio_,4,Humanitarian_Support_and_Services,0.5826
Diagnostic_report_on_Gender_Social_Cohesion_Socio_,5,Resilience_programming,0.5677
Diagnostic_report_on_Gender_Social_Cohesion_Socio_,6,Migration,0.5496
Diagnostic_report_on_Gender_Social_Cohesion_Socio_,7,Food_Assistance,0.5234
Diagnostic_report_on_Gender_Social_Cohesion_Socio_,8,Gender_equality,0.5215
Diagnostic_report_on_Gender_Social_Cohesion_Socio_,9,Food_safety_and_quality,0.5135
Diagnostic_report_on_Gender_Social_Cohesion_Socio_,10,Energy_for_food_security,0.5111
Disability_Inclusive_Early_Warning_Messages_in_Lao,1,Resilience_building,0.6416
Disability_Inclusive_Early_Warning_Messages_in_Lao,2,Resilience_programming,0.6219
Disability_Inclusive_Early_Warning_Messages_in_Lao,3,Emergency_Preparedness_and_Response,0.5517
Disability_Inclusive_Early_Warning_Messages_in_Lao,4,Information_Technology_and_Telecommunications_in_Emergencies,0.521
Disability_Inclusive_Early_Warning_Messages_in_Lao,5,The_R4_Rural_Resilience_Initiative,0.481
Disability_Inclusive_Early_Warning_Messages_in_Lao,6,Emergencies,0.4672
Disability_Inclusive_Early_Warning_Messages_in_Lao,7,Humanitarian_Support_and_Services,0.456
Disability_Inclusive_Early_Warning_Messages_in_Lao,8,Partnerships,0.4311
Disability_Inclusive_Early_Warning_Messages_in_Lao,9,Emergency_relief,0.4256
Disability_Inclusive_Early_Warning_Messages_in_Lao,10,Climate_action,0.408
Disaster_risk_financing_Annual_Report,1,Emergency_Preparedness_and_Response,0.6828
Disaster_risk_financing_Annual_Report,2,Anticipatory_Action,0.6666
Disaster_risk_financing_Annual_Report,3,The_R4_Rural_Resilience_Initiative,0.6292
Disaster_risk_financing_Annual_Report,4,Food_systems,0.6151
Disaster_risk_financing_Annual_Report,5,Climate_risk_management_insurance_and_financing,0.607
Disaster_risk_financing_Annual_Report,6,Logistics_and_delivery_networks,0.6066
Disaster_risk_financing_Annual_Report,7,Sustainable_development_goals,0.6026
Disaster_risk_financing_Annual_Report,8,Resilience_building,0.602
Disaster_risk_financing_Annual_Report,9,Climate_services,0.5916
Disaster_risk_financing_Annual_Report,10,Sustainable_livelihoods_and_ecosystems,0.5913
Does_Climate_Insurance_Work_Evidence_from_WFP_Supp,1,Climate_risk_management_insurance_and_financing,0.5401
Does_Climate_Insurance_Work_Evidence_from_WFP_Supp,2,Resilience_programming,0.5246
Does_Climate_Insurance_Work_Evidence_from_WFP_Supp,3,Resilience_building,0.5104
Does_Climate_Insurance_Work_Evidence_from_WFP_Supp,4,The_R4_Rural_Resilience_Initiative,0.5013
Does_Climate_Insurance_Work_Evidence_from_WFP_Supp,5,Cash_transfers,0.48
Does_Climate_Insurance_Work_Evidence_from_WFP_Supp,6,Smallholder_agricultural_market_support,0.4676
Does_Climate_Insurance_Work_Evidence_from_WFP_Supp,7,Food_security_analysis,0.4651
Does_Climate_Insurance_Work_Evidence_from_WFP_Supp,8,Energy_for_food_security,0.4493
Does_Climate_Insurance_Work_Evidence_from_WFP_Supp,9,Social_Protection_and_Safety_Nets,0.4309
Does_Climate_Insurance_Work_Evidence_from_WFP_Supp,10,Sustainable_livelihoods_and_ecosystems,0.4302
Economic_Impact_of_Using_Fortified_Rice_in_Cambodi,1,Nutrition,0.6348
Economic_Impact_of_Using_Fortified_Rice_in_Cambodi,2,Food_fortification,0.5029
Economic_Impact_of_Using_Fortified_Rice_in_Cambodi,3,School_meals,0.4779
Economic_Impact_of_Using_Fortified_Rice_in_Cambodi,4,Specialized_nutritious_food,0.4241
Economic_Impact_of_Using_Fortified_Rice_in_Cambodi,5,Food_security_analysis,0.4023
Economic_Impact_of_Using_Fortified_Rice_in_Cambodi,6,Zero_Hunger,0.3956
Economic_Impact_of_Using_Fortified_Rice_in_Cambodi,7,Partnerships,0.3921
Economic_Impact_of_Using_Fortified_Rice_in_Cambodi,8,Food_Assistance,0.3857
Economic_Impact_of_Using_Fortified_Rice_in_Cambodi,9,Food_safety_and_quality,0.3844
Economic_Impact_of_Using_Fortified_Rice_in_Cambodi,10,Energy_for_food_security,0.3836
Egypt_Smallholders_climate_portfolio_2021_2025_Eva,1,Nutrition,0.7054
Egypt_Smallholders_climate_portfolio_2021_2025_Eva,2,The_R4_Rural_Resilience_Initiative,0.6567
Egypt_Smallholders_climate_portfolio_2021_2025_Eva,3,Sustainable_development_goals,0.6367
Egypt_Smallholders_climate_portfolio_2021_2025_Eva,4,Analyses_and_assessments,0.611
Egypt_Smallholders_climate_portfolio_2021_2025_Eva,5,Resilience_building,0.6025
Egypt_Smallholders_climate_portfolio_2021_2025_Eva,6,Independent_evaluation,0.5862
Egypt_Smallholders_climate_portfolio_2021_2025_Eva,7,Climate_change_adaptation,0.5739
Egypt_Smallholders_climate_portfolio_2021_2025_Eva,8,Food_security_analysis,0.5641
Egypt_Smallholders_climate_portfolio_2021_2025_Eva,9,Specialized_nutritious_food,0.5533
Egypt_Smallholders_climate_portfolio_2021_2025_Eva,10,Monitoring_evaluation_and_learning,0.5463
Emergency_Preparedness_and_Response_in_Madagascar,1,Anticipatory_Action,0.7006
Emergency_Preparedness_and_Response_in_Madagascar,2,Climate_change_adaptation,0.5785
Emergency_Preparedness_and_Response_in_Madagascar,3,Food_Assistance,0.5511
Emergency_Preparedness_and_Response_in_Madagascar,4,Nutrition,0.523
Emergency_Preparedness_and_Response_in_Madagascar,5,Energy_for_food_security,0.5159
Emergency_Preparedness_and_Response_in_Madagascar,6,Food_Assistance_for_Assets,0.504
Emergency_Preparedness_and_Response_in_Madagascar,7,Emergency_Preparedness_and_Response,0.5
Emergency_Preparedness_and_Response_in_Madagascar,8,UN_Humanitarian_Air_Service,0.4972
Emergency_Preparedness_and_Response_in_Madagascar,9,Food_security_analysis,0.4827
Emergency_Preparedness_and_Response_in_Madagascar,10,Food_safety_and_quality,0.4801
Empowering_Countries_to_achieve_Zero_Hunger,1,Sustainable_development_goals,0.7235
Empowering_Countries_to_achieve_Zero_Hunger,2,Nutrition,0.6633
Empowering_Countries_to_achieve_Zero_Hunger,3,Partnerships,0.6453
Empowering_Countries_to_achieve_Zero_Hunger,4,Zero_Hunger,0.6129
Empowering_Countries_to_achieve_Zero_Hunger,5,School_meals,0.605
Empowering_Countries_to_achieve_Zero_Hunger,6,Food_security_analysis,0.5796
Empowering_Countries_to_achieve_Zero_Hunger,7,Centre_of_Excellence,0.577
Empowering_Countries_to_achieve_Zero_Hunger,8,Energy_for_food_security,0.5726
Empowering_Countries_to_achieve_Zero_Hunger,9,Smallholder_agricultural_market_support,0.5462
Empowering_Countries_to_achieve_Zero_Hunger,10,Private_sector,0.5378
End_of_Project_Report_HS3_Strengthening_public_hea,1,Logistics_and_delivery_networks,0.5724
End_of_Project_Report_HS3_Strengthening_public_hea,2,Partnerships,0.5696
End_of_Project_Report_HS3_Strengthening_public_hea,3,Supply_chain,0.5408
End_of_Project_Report_HS3_Strengthening_public_hea,4,Sustainable_development_goals,0.4851
End_of_Project_Report_HS3_Strengthening_public_hea,5,HIV_and_tuberculosis,0.4754
End_of_Project_Report_HS3_Strengthening_public_hea,6,Humanitarian_Support_and_Services,0.4631
End_of_Project_Report_HS3_Strengthening_public_hea,7,UN_Humanitarian_Air_Service,0.4309
End_of_Project_Report_HS3_Strengthening_public_hea,8,Monitoring,0.4276
End_of_Project_Report_HS3_Strengthening_public_hea,9,The_R4_Rural_Resilience_Initiative,0.4219
End_of_Project_Report_HS3_Strengthening_public_hea,10,Corporate_strategy,0.4118
End_of_Project_Report_HS3_Strengthening_public_hea-checkpoint,1,Logistics_and_delivery_networks,0.5724
End_of_Project_Report_HS3_Strengthening_public_hea-checkpoint,2,Partnerships,0.5696
End_of_Project_Report_HS3_Strengthening_public_hea-checkpoint,3,Supply_chain,0.5408
End_of_Project_Report_HS3_Strengthening_public_hea-checkpoint,4,Sustainable_development_goals,0.4851
End_of_Project_Report_HS3_Strengthening_public_hea-checkpoint,5,HIV_and_tuberculosis,0.4754
End_of_Project_Report_HS3_Strengthening_public_hea-checkpoint,6,Humanitarian_Support_and_Services,0.4631
End_of_Project_Report_HS3_Strengthening_public_hea-checkpoint,7,UN_Humanitarian_Air_Service,0.4309
End_of_Project_Report_HS3_Strengthening_public_hea-checkpoint,8,Monitoring,0.4276
End_of_Project_Report_HS3_Strengthening_public_hea-checkpoint,9,The_R4_Rural_Resilience_Initiative,0.4219
End_of_Project_Report_HS3_Strengthening_public_hea-checkpoint,10,Corporate_strategy,0.4118
Enhancing_financial_protection_The_five_impact_pat,1,Food_security_analysis,0.6443
Enhancing_financial_protection_The_five_impact_pat,2,Innovation,0.5978
Enhancing_financial_protection_The_five_impact_pat,3,The_R4_Rural_Resilience_Initiative,0.5961
Enhancing_financial_protection_The_five_impact_pat,4,Energy_for_food_security,0.5921
Enhancing_financial_protection_The_five_impact_pat,5,Resilience_building,0.5694
Enhancing_financial_protection_The_five_impact_pat,6,Climate_risk_management_insurance_and_financing,0.5566
Enhancing_financial_protection_The_five_impact_pat,7,Sustainable_livelihoods_and_ecosystems,0.541
Enhancing_financial_protection_The_five_impact_pat,8,Food_Assistance_for_Assets,0.533
Enhancing_financial_protection_The_five_impact_pat,9,Resilience_programming,0.5117
Enhancing_financial_protection_The_five_impact_pat,10,Food_safety_and_quality,0.5092
Environmental_and_Social_Management_Plan_Annex_to_,1,Emergency_Preparedness_and_Response,0.5401
Environmental_and_Social_Management_Plan_Annex_to_,2,Funding_and_donors,0.5288
Environmental_and_Social_Management_Plan_Annex_to_,3,Environmental_and_social_sustainability,0.4727
Environmental_and_Social_Management_Plan_Annex_to_,4,Sustainable_development_goals,0.4485
Environmental_and_Social_Management_Plan_Annex_to_,5,Procurement,0.3966
Environmental_and_Social_Management_Plan_Annex_to_,6,Monitoring,0.3943
Environmental_and_Social_Management_Plan_Annex_to_,7,Emergency_programming,0.3807
Environmental_and_Social_Management_Plan_Annex_to_,8,Analyses_and_assessments,0.3805
Environmental_and_Social_Management_Plan_Annex_to_,9,Energy_for_food_security,0.3738
Environmental_and_Social_Management_Plan_Annex_to_,10,Emergency_relief,0.3696
Environmental_and_social_impact_assessment_report_,1,Resilience_building,0.7114
Environmental_and_social_impact_assessment_report_,2,Partnerships,0.6915
Environmental_and_social_impact_assessment_report_,3,The_R4_Rural_Resilience_Initiative,0.6767
Environmental_and_social_impact_assessment_report_,4,Sustainable_livelihoods_and_ecosystems,0.626
Environmental_and_social_impact_assessment_report_,5,Funding_and_donors,0.6188
Environmental_and_social_impact_assessment_report_,6,Nutrition,0.6166
Environmental_and_social_impact_assessment_report_,7,Gender_equality,0.6082
Environmental_and_social_impact_assessment_report_,8,Climate_change_adaptation,0.604
Environmental_and_social_impact_assessment_report_,9,Environmental_and_social_sustainability,0.5996
Environmental_and_social_impact_assessment_report_,10,Sustainable_development_goals,0.5921
Essential_Needs_Assessment_for_Productive_Social_S,1,School_meals,0.4962
Essential_Needs_Assessment_for_Productive_Social_S,2,Nutrition,0.4962
Essential_Needs_Assessment_for_Productive_Social_S,3,Specialized_nutritious_food,0.494
Essential_Needs_Assessment_for_Productive_Social_S,4,Cash_transfers,0.4673
Essential_Needs_Assessment_for_Productive_Social_S,5,Food_Assistance_for_Assets,0.4455
Essential_Needs_Assessment_for_Productive_Social_S,6,Food_security_analysis,0.4435
Essential_Needs_Assessment_for_Productive_Social_S,7,Food_Assistance,0.432
Essential_Needs_Assessment_for_Productive_Social_S,8,Energy_for_food_security,0.4284
Essential_Needs_Assessment_for_Productive_Social_S,9,Food_fortification,0.4037
Essential_Needs_Assessment_for_Productive_Social_S,10,Food_safety_and_quality,0.3909
Ethiopia_Endline_Evaluation_of_Satellite_Index_Ins,1,Partnerships,0.7511
Ethiopia_Endline_Evaluation_of_Satellite_Index_Ins,2,Gender_equality,0.6743
Ethiopia_Endline_Evaluation_of_Satellite_Index_Ins,3,Humanitarian_Support_and_Services,0.6215
Ethiopia_Endline_Evaluation_of_Satellite_Index_Ins,4,Food_security_analysis,0.6186
Ethiopia_Endline_Evaluation_of_Satellite_Index_Ins,5,Sustainable_development_goals,0.616
Ethiopia_Endline_Evaluation_of_Satellite_Index_Ins,6,Nutrition,0.598
Ethiopia_Endline_Evaluation_of_Satellite_Index_Ins,7,The_R4_Rural_Resilience_Initiative,0.5886
Ethiopia_Endline_Evaluation_of_Satellite_Index_Ins,8,Sustainable_livelihoods_and_ecosystems,0.5876
Ethiopia_Endline_Evaluation_of_Satellite_Index_Ins,9,Cash_transfers,0.5769
Ethiopia_Endline_Evaluation_of_Satellite_Index_Ins,10,Private_sector,0.5731
Ethiopia_Final_Evaluation_of_the_Rural_Resilience_,1,Analyses_and_assessments,0.6639
Ethiopia_Final_Evaluation_of_the_Rural_Resilience_,2,The_R4_Rural_Resilience_Initiative,0.662
Ethiopia_Final_Evaluation_of_the_Rural_Resilience_,3,Independent_evaluation,0.6159
Ethiopia_Final_Evaluation_of_the_Rural_Resilience_,4,Food_security_analysis,0.5808
Ethiopia_Final_Evaluation_of_the_Rural_Resilience_,5,Gender_equality,0.5688
Ethiopia_Final_Evaluation_of_the_Rural_Resilience_,6,Resilience_programming,0.5472
Ethiopia_Final_Evaluation_of_the_Rural_Resilience_,7,Monitoring_evaluation_and_learning,0.5471
Ethiopia_Final_Evaluation_of_the_Rural_Resilience_,8,Social_Protection_and_Safety_Nets,0.5432
Ethiopia_Final_Evaluation_of_the_Rural_Resilience_,9,Resilience_building,0.5351
Ethiopia_Final_Evaluation_of_the_Rural_Resilience_,10,Partnerships,0.5344
Ethiopia_Food_for_Education_and_Child_Nutrition_20,1,School_meals,0.7451
Ethiopia_Food_for_Education_and_Child_Nutrition_20,2,Independent_evaluation,0.7124
Ethiopia_Food_for_Education_and_Child_Nutrition_20,3,Food_safety_and_quality,0.7056
Ethiopia_Food_for_Education_and_Child_Nutrition_20,4,Environmental_and_social_sustainability,0.6527
Ethiopia_Food_for_Education_and_Child_Nutrition_20,5,Monitoring_evaluation_and_learning,0.651
Ethiopia_Food_for_Education_and_Child_Nutrition_20,6,Nutrition,0.6483
Ethiopia_Food_for_Education_and_Child_Nutrition_20,7,Food_security_analysis,0.6366
Ethiopia_Food_for_Education_and_Child_Nutrition_20,8,Procurement,0.6323
Ethiopia_Food_for_Education_and_Child_Nutrition_20,9,Energy_for_food_security,0.6291
Ethiopia_Food_for_Education_and_Child_Nutrition_20,10,Sustainable_development_goals,0.6264
Evaluation_Synthesis_of_WFP_s_Performance_Measurem,1,Resilience_building,0.7486
Evaluation_Synthesis_of_WFP_s_Performance_Measurem,2,Country_Capacity_Strengthening,0.6845
Evaluation_Synthesis_of_WFP_s_Performance_Measurem,3,Gender_equality,0.6597
Evaluation_Synthesis_of_WFP_s_Performance_Measurem,4,Resilience_programming,0.6362
Evaluation_Synthesis_of_WFP_s_Performance_Measurem,5,Monitoring_evaluation_and_learning,0.6238
Evaluation_Synthesis_of_WFP_s_Performance_Measurem,6,The_R4_Rural_Resilience_Initiative,0.6227
Evaluation_Synthesis_of_WFP_s_Performance_Measurem,7,School_meals,0.6189
Evaluation_Synthesis_of_WFP_s_Performance_Measurem,8,Country_strategic_planning,0.596
Evaluation_Synthesis_of_WFP_s_Performance_Measurem,9,Analyses_and_assessments,0.5895
Evaluation_Synthesis_of_WFP_s_Performance_Measurem,10,Monitoring,0.5874
Evaluation_of_Burkina_Faso_WFP_Country_Strategic_P,1,Seasonal_and_agricultural_monitoring,0.2866
Evaluation_of_Burkina_Faso_WFP_Country_Strategic_P,2,Climate_change_adaptation,0.276
Evaluation_of_Burkina_Faso_WFP_Country_Strategic_P,3,Sustainable_development_goals,0.2678
Evaluation_of_Burkina_Faso_WFP_Country_Strategic_P,4,Climate_action,0.2537
Evaluation_of_Burkina_Faso_WFP_Country_Strategic_P,5,Country_strategic_planning,0.2488
Evaluation_of_Burkina_Faso_WFP_Country_Strategic_P,6,Climate_risk_management_insurance_and_financing,0.2286
Evaluation_of_Burkina_Faso_WFP_Country_Strategic_P,7,Analyses_and_assessments,0.2139
Evaluation_of_Burkina_Faso_WFP_Country_Strategic_P,8,Local_market_developments,0.1945
Evaluation_of_Burkina_Faso_WFP_Country_Strategic_P,9,Climate_services,0.183
Evaluation_of_Burkina_Faso_WFP_Country_Strategic_P,10,Achievements_and_history,0.1752
Evaluation_of_China_WFP_Country_Strategic_Plan_202,1,Country_Capacity_Strengthening,0.6346
Evaluation_of_China_WFP_Country_Strategic_Plan_202,2,Country_strategic_planning,0.6299
Evaluation_of_China_WFP_Country_Strategic_Plan_202,3,Partnerships,0.6267
Evaluation_of_China_WFP_Country_Strategic_Plan_202,4,The_R4_Rural_Resilience_Initiative,0.6098
Evaluation_of_China_WFP_Country_Strategic_Plan_202,5,Nutrition,0.6081
Evaluation_of_China_WFP_Country_Strategic_Plan_202,6,South_South_cooperation,0.5881
Evaluation_of_China_WFP_Country_Strategic_Plan_202,7,Environmental_and_social_sustainability,0.5851
Evaluation_of_China_WFP_Country_Strategic_Plan_202,8,Smallholder_agricultural_market_support,0.5837
Evaluation_of_China_WFP_Country_Strategic_Plan_202,9,Gender_equality,0.5692
Evaluation_of_China_WFP_Country_Strategic_Plan_202,10,School_meals,0.566
Evaluation_of_Democratic_Republic_of_the_Congo_WFP,1,The_R4_Rural_Resilience_Initiative,0.4851
Evaluation_of_Democratic_Republic_of_the_Congo_WFP,2,Climate_change_adaptation,0.4078
Evaluation_of_Democratic_Republic_of_the_Congo_WFP,3,Gender_equality,0.3982
Evaluation_of_Democratic_Republic_of_the_Congo_WFP,4,Climate_action,0.3736
Evaluation_of_Democratic_Republic_of_the_Congo_WFP,5,Sustainable_livelihoods_and_ecosystems,0.3601
Evaluation_of_Democratic_Republic_of_the_Congo_WFP,6,Sustainable_development_goals,0.3541
Evaluation_of_Democratic_Republic_of_the_Congo_WFP,7,Resilience_building,0.3415
Evaluation_of_Democratic_Republic_of_the_Congo_WFP,8,Zero_Hunger,0.3394
Evaluation_of_Democratic_Republic_of_the_Congo_WFP,9,Environmental_and_social_sustainability,0.32
Evaluation_of_Democratic_Republic_of_the_Congo_WFP,10,Climate_services,0.3133
Evaluation_of_Egypt_WFP_Country_Strategic_Plan_201,1,Procurement,0.6813
Evaluation_of_Egypt_WFP_Country_Strategic_Plan_201,2,Food_Assistance_for_Assets,0.6675
Evaluation_of_Egypt_WFP_Country_Strategic_Plan_201,3,Partnerships,0.6604
Evaluation_of_Egypt_WFP_Country_Strategic_Plan_201,4,Funding_and_donors,0.6384
Evaluation_of_Egypt_WFP_Country_Strategic_Plan_201,5,Analyses_and_assessments,0.6171
Evaluation_of_Egypt_WFP_Country_Strategic_Plan_201,6,Resilience_building,0.6146
Evaluation_of_Egypt_WFP_Country_Strategic_Plan_201,7,Seasonal_and_agricultural_monitoring,0.609
Evaluation_of_Egypt_WFP_Country_Strategic_Plan_201,8,The_R4_Rural_Resilience_Initiative,0.6034
Evaluation_of_Egypt_WFP_Country_Strategic_Plan_201,9,Private_sector,0.5974
Evaluation_of_Egypt_WFP_Country_Strategic_Plan_201,10,Country_Capacity_Strengthening,0.5931
Evaluation_of_Eswatini_WFP_Country_Strategic_Plan_,1,Country_Capacity_Strengthening,0.7874
Evaluation_of_Eswatini_WFP_Country_Strategic_Plan_,2,Partnerships,0.7458
Evaluation_of_Eswatini_WFP_Country_Strategic_Plan_,3,Food_Assistance_for_Assets,0.7104
Evaluation_of_Eswatini_WFP_Country_Strategic_Plan_,4,Resilience_building,0.6948
Evaluation_of_Eswatini_WFP_Country_Strategic_Plan_,5,In_kind_food_distribution,0.6784
Evaluation_of_Eswatini_WFP_Country_Strategic_Plan_,6,Food_security_analysis,0.6705
Evaluation_of_Eswatini_WFP_Country_Strategic_Plan_,7,Country_strategic_planning,0.6684
Evaluation_of_Eswatini_WFP_Country_Strategic_Plan_,8,Gender_equality,0.649
Evaluation_of_Eswatini_WFP_Country_Strategic_Plan_,9,School_meals,0.6483
Evaluation_of_Eswatini_WFP_Country_Strategic_Plan_,10,The_R4_Rural_Resilience_Initiative,0.6348
Evaluation_of_Indonesia_WFP_Country_Strategic_Plan,1,Food_security_analysis,0.6889
Evaluation_of_Indonesia_WFP_Country_Strategic_Plan,2,Environmental_and_social_sustainability,0.6774
Evaluation_of_Indonesia_WFP_Country_Strategic_Plan,3,Partnerships,0.6728
Evaluation_of_Indonesia_WFP_Country_Strategic_Plan,4,School_meals,0.6535
Evaluation_of_Indonesia_WFP_Country_Strategic_Plan,5,Resilience_building,0.6367
Evaluation_of_Indonesia_WFP_Country_Strategic_Plan,6,Sustainable_development_goals,0.6351
Evaluation_of_Indonesia_WFP_Country_Strategic_Plan,7,Country_Capacity_Strengthening,0.6343
Evaluation_of_Indonesia_WFP_Country_Strategic_Plan,8,Energy_for_food_security,0.6153
Evaluation_of_Indonesia_WFP_Country_Strategic_Plan,9,Food_Assistance,0.5941
Evaluation_of_Indonesia_WFP_Country_Strategic_Plan,10,The_R4_Rural_Resilience_Initiative,0.5897
Evaluation_of_Kenya_WFP_Country_Strategic_Plan_201,1,Food_safety_and_quality,0.7677
Evaluation_of_Kenya_WFP_Country_Strategic_Plan_201,2,Country_Capacity_Strengthening,0.7619
Evaluation_of_Kenya_WFP_Country_Strategic_Plan_201,3,The_R4_Rural_Resilience_Initiative,0.6975
Evaluation_of_Kenya_WFP_Country_Strategic_Plan_201,4,Food_Assistance_for_Assets,0.6838
Evaluation_of_Kenya_WFP_Country_Strategic_Plan_201,5,Food_security_analysis,0.6635
Evaluation_of_Kenya_WFP_Country_Strategic_Plan_201,6,Resilience_building,0.6559
Evaluation_of_Kenya_WFP_Country_Strategic_Plan_201,7,Country_strategic_planning,0.6499
Evaluation_of_Kenya_WFP_Country_Strategic_Plan_201,8,Monitoring_evaluation_and_learning,0.6429
Evaluation_of_Kenya_WFP_Country_Strategic_Plan_201,9,Cash_transfers,0.6312
Evaluation_of_Kenya_WFP_Country_Strategic_Plan_201,10,HIV_and_tuberculosis,0.6198
Evaluation_of_Malawi_WFP_Country_Strategic_Plan_20,1,Sustainable_development_goals,0.7049
Evaluation_of_Malawi_WFP_Country_Strategic_Plan_20,2,Resilience_building,0.7004
Evaluation_of_Malawi_WFP_Country_Strategic_Plan_20,3,Emergency_Preparedness_and_Response,0.6763
Evaluation_of_Malawi_WFP_Country_Strategic_Plan_20,4,Country_strategic_planning,0.6732
Evaluation_of_Malawi_WFP_Country_Strategic_Plan_20,5,Food_security_analysis,0.6678
Evaluation_of_Malawi_WFP_Country_Strategic_Plan_20,6,The_R4_Rural_Resilience_Initiative,0.6469
Evaluation_of_Malawi_WFP_Country_Strategic_Plan_20,7,Resilience_programming,0.6355
Evaluation_of_Malawi_WFP_Country_Strategic_Plan_20,8,Gender_equality,0.6317
Evaluation_of_Malawi_WFP_Country_Strategic_Plan_20,9,Country_Capacity_Strengthening,0.613
Evaluation_of_Malawi_WFP_Country_Strategic_Plan_20,10,Food_systems,0.6093
Evaluation_of_Niger_WFP_Country_Strategic_Plan_202,1,The_R4_Rural_Resilience_Initiative,0.4851
Evaluation_of_Niger_WFP_Country_Strategic_Plan_202,2,Climate_change_adaptation,0.4078
Evaluation_of_Niger_WFP_Country_Strategic_Plan_202,3,Gender_equality,0.3982
Evaluation_of_Niger_WFP_Country_Strategic_Plan_202,4,Climate_action,0.3736
Evaluation_of_Niger_WFP_Country_Strategic_Plan_202,5,Sustainable_livelihoods_and_ecosystems,0.3601
Evaluation_of_Niger_WFP_Country_Strategic_Plan_202,6,Sustainable_development_goals,0.3541
Evaluation_of_Niger_WFP_Country_Strategic_Plan_202,7,Resilience_building,0.3415
Evaluation_of_Niger_WFP_Country_Strategic_Plan_202,8,Zero_Hunger,0.3394
Evaluation_of_Niger_WFP_Country_Strategic_Plan_202,9,Environmental_and_social_sustainability,0.32
Evaluation_of_Niger_WFP_Country_Strategic_Plan_202,10,Climate_services,0.3133
Evaluation_of_Sierra_Leone_WFP_Country_Strategic_P,1,Food_security_analysis,0.6732
Evaluation_of_Sierra_Leone_WFP_Country_Strategic_P,2,School_meals,0.6524
Evaluation_of_Sierra_Leone_WFP_Country_Strategic_P,3,The_R4_Rural_Resilience_Initiative,0.6477
Evaluation_of_Sierra_Leone_WFP_Country_Strategic_P,4,Resilience_building,0.6351
Evaluation_of_Sierra_Leone_WFP_Country_Strategic_P,5,Smallholder_agricultural_market_support,0.6332
Evaluation_of_Sierra_Leone_WFP_Country_Strategic_P,6,Partnerships,0.6264
Evaluation_of_Sierra_Leone_WFP_Country_Strategic_P,7,Environmental_and_social_sustainability,0.6046
Evaluation_of_Sierra_Leone_WFP_Country_Strategic_P,8,Country_Capacity_Strengthening,0.5969
Evaluation_of_Sierra_Leone_WFP_Country_Strategic_P,9,Country_strategic_planning,0.5944
Evaluation_of_Sierra_Leone_WFP_Country_Strategic_P,10,Emergency_Preparedness_and_Response,0.5895
Evaluation_of_T_rkiye_WFP_Country_Strategic_Plans_,1,Resilience_building,0.6884
Evaluation_of_T_rkiye_WFP_Country_Strategic_Plans_,2,Country_strategic_planning,0.6494
Evaluation_of_T_rkiye_WFP_Country_Strategic_Plans_,3,Humanitarian_Support_and_Services,0.6427
Evaluation_of_T_rkiye_WFP_Country_Strategic_Plans_,4,Emergency_Preparedness_and_Response,0.6201
Evaluation_of_T_rkiye_WFP_Country_Strategic_Plans_,5,School_meals,0.6138
Evaluation_of_T_rkiye_WFP_Country_Strategic_Plans_,6,Environmental_and_social_sustainability,0.6125
Evaluation_of_T_rkiye_WFP_Country_Strategic_Plans_,7,Partnerships,0.5925
Evaluation_of_T_rkiye_WFP_Country_Strategic_Plans_,8,Sustainable_livelihoods_and_ecosystems,0.5796
Evaluation_of_T_rkiye_WFP_Country_Strategic_Plans_,9,Sustainable_development_goals,0.579
Evaluation_of_T_rkiye_WFP_Country_Strategic_Plans_,10,Food_security_analysis,0.5734
Evaluation_of_Uganda_WFP_Country_Strategic_Plan_20,1,The_R4_Rural_Resilience_Initiative,0.6931
Evaluation_of_Uganda_WFP_Country_Strategic_Plan_20,2,Partnerships,0.6416
Evaluation_of_Uganda_WFP_Country_Strategic_Plan_20,3,Smallholder_agricultural_market_support,0.6348
Evaluation_of_Uganda_WFP_Country_Strategic_Plan_20,4,Nutrition,0.628
Evaluation_of_Uganda_WFP_Country_Strategic_Plan_20,5,Funding_and_donors,0.6204
Evaluation_of_Uganda_WFP_Country_Strategic_Plan_20,6,Gender_equality,0.6038
Evaluation_of_Uganda_WFP_Country_Strategic_Plan_20,7,Cash_transfers,0.6032
Evaluation_of_Uganda_WFP_Country_Strategic_Plan_20,8,Analyses_and_assessments,0.6002
Evaluation_of_Uganda_WFP_Country_Strategic_Plan_20,9,School_meals,0.5917
Evaluation_of_Uganda_WFP_Country_Strategic_Plan_20,10,Food_security_analysis,0.5856
Evaluation_of_WFP_s_Corporate_Emergency_Response_t,1,Independent_evaluation,0.6286
Evaluation_of_WFP_s_Corporate_Emergency_Response_t,2,Analyses_and_assessments,0.6125
Evaluation_of_WFP_s_Corporate_Emergency_Response_t,3,Humanitarian_Support_and_Services,0.6014
Evaluation_of_WFP_s_Corporate_Emergency_Response_t,4,Sustainable_livelihoods_and_ecosystems,0.5806
Evaluation_of_WFP_s_Corporate_Emergency_Response_t,5,Food_security_analysis,0.5717
Evaluation_of_WFP_s_Corporate_Emergency_Response_t,6,Gender_equality,0.5515
Evaluation_of_WFP_s_Corporate_Emergency_Response_t,7,Monitoring_evaluation_and_learning,0.5506
Evaluation_of_WFP_s_Corporate_Emergency_Response_t,8,Environmental_and_social_sustainability,0.5248
Evaluation_of_WFP_s_Corporate_Emergency_Response_t,9,UN_Humanitarian_Air_Service,0.5104
Evaluation_of_WFP_s_Corporate_Emergency_Response_t,10,Food_Assistance,0.5094
Evaluation_of_WFP_s_Emergency_Preparedness_Policy_,1,Emergency_Preparedness_and_Response,0.7546
Evaluation_of_WFP_s_Emergency_Preparedness_Policy_,2,The_R4_Rural_Resilience_Initiative,0.7439
Evaluation_of_WFP_s_Emergency_Preparedness_Policy_,3,Partnerships,0.6854
Evaluation_of_WFP_s_Emergency_Preparedness_Policy_,4,Resilience_programming,0.6777
Evaluation_of_WFP_s_Emergency_Preparedness_Policy_,5,Resilience_building,0.6511
Evaluation_of_WFP_s_Emergency_Preparedness_Policy_,6,Analyses_and_assessments,0.634
Evaluation_of_WFP_s_Emergency_Preparedness_Policy_,7,Country_Capacity_Strengthening,0.6322
Evaluation_of_WFP_s_Emergency_Preparedness_Policy_,8,Information_Technology_and_Telecommunications_in_Emergencies,0.6293
Evaluation_of_WFP_s_Emergency_Preparedness_Policy_,9,Food_systems,0.6196
Evaluation_of_WFP_s_Emergency_Preparedness_Policy_,10,Humanitarian_Support_and_Services,0.6108
Evaluation_of_WFP_s_Enterprise_Risk_Management_Pol,1,Emergency_Preparedness_and_Response,0.6454
Evaluation_of_WFP_s_Enterprise_Risk_Management_Pol,2,Country_strategic_planning,0.628
Evaluation_of_WFP_s_Enterprise_Risk_Management_Pol,3,Partnerships,0.5905
Evaluation_of_WFP_s_Enterprise_Risk_Management_Pol,4,Gender_equality,0.5748
Evaluation_of_WFP_s_Enterprise_Risk_Management_Pol,5,Funding_and_donors,0.5678
Evaluation_of_WFP_s_Enterprise_Risk_Management_Pol,6,Country_Capacity_Strengthening,0.5486
Evaluation_of_WFP_s_Enterprise_Risk_Management_Pol,7,Humanitarian_Support_and_Services,0.5418
Evaluation_of_WFP_s_Enterprise_Risk_Management_Pol,8,Corporate_strategy,0.5294
Evaluation_of_WFP_s_Enterprise_Risk_Management_Pol,9,Analyses_and_assessments,0.5255
Evaluation_of_WFP_s_Enterprise_Risk_Management_Pol,10,Information_Technology_and_Telecommunications_in_Emergencies,0.516
Evaluation_of_WFP_s_Environmental_Policy,1,Environmental_and_social_sustainability,0.7674
Evaluation_of_WFP_s_Environmental_Policy,2,Sustainable_development_goals,0.6272
Evaluation_of_WFP_s_Environmental_Policy,3,Emergency_relief,0.6232
Evaluation_of_WFP_s_Environmental_Policy,4,Sustainable_livelihoods_and_ecosystems,0.6195
Evaluation_of_WFP_s_Environmental_Policy,5,Monitoring,0.6096
Evaluation_of_WFP_s_Environmental_Policy,6,Country_Capacity_Strengthening,0.598
Evaluation_of_WFP_s_Environmental_Policy,7,Analyses_and_assessments,0.585
Evaluation_of_WFP_s_Environmental_Policy,8,Funding_and_donors,0.5793
Evaluation_of_WFP_s_Environmental_Policy,9,Resilience_building,0.5646
Evaluation_of_WFP_s_Environmental_Policy,10,Emergency_Preparedness_and_Response,0.5642
Evaluation_of_Zimbabwe_WFP_Country_Strategic_Plan_,1,The_R4_Rural_Resilience_Initiative,0.7914
Evaluation_of_Zimbabwe_WFP_Country_Strategic_Plan_,2,Country_strategic_planning,0.7219
Evaluation_of_Zimbabwe_WFP_Country_Strategic_Plan_,3,Resilience_building,0.7043
Evaluation_of_Zimbabwe_WFP_Country_Strategic_Plan_,4,Country_Capacity_Strengthening,0.6999
Evaluation_of_Zimbabwe_WFP_Country_Strategic_Plan_,5,Partnerships,0.6944
Evaluation_of_Zimbabwe_WFP_Country_Strategic_Plan_,6,Sustainable_development_goals,0.6845
Evaluation_of_Zimbabwe_WFP_Country_Strategic_Plan_,7,Analyses_and_assessments,0.6681
Evaluation_of_Zimbabwe_WFP_Country_Strategic_Plan_,8,Food_security_analysis,0.6665
Evaluation_of_Zimbabwe_WFP_Country_Strategic_Plan_,9,Food_Assistance_for_Assets,0.6602
Evaluation_of_Zimbabwe_WFP_Country_Strategic_Plan_,10,Gender_equality,0.6484
Evaluation_of_the_EU_MADAD_Project_Strengthening_s,1,Country_Capacity_Strengthening,0.717
Evaluation_of_the_EU_MADAD_Project_Strengthening_s,2,Cash_transfers,0.6746
Evaluation_of_the_EU_MADAD_Project_Strengthening_s,3,Social_Protection_and_Safety_Nets,0.6447
Evaluation_of_the_EU_MADAD_Project_Strengthening_s,4,Gender_equality,0.6309
Evaluation_of_the_EU_MADAD_Project_Strengthening_s,5,Funding_and_donors,0.619
Evaluation_of_the_EU_MADAD_Project_Strengthening_s,6,Analyses_and_assessments,0.6028
Evaluation_of_the_EU_MADAD_Project_Strengthening_s,7,Sustainable_development_goals,0.5983
Evaluation_of_the_EU_MADAD_Project_Strengthening_s,8,Food_security_analysis,0.5923
Evaluation_of_the_EU_MADAD_Project_Strengthening_s,9,Food_safety_and_quality,0.5737
Evaluation_of_the_EU_MADAD_Project_Strengthening_s,10,Humanitarian_Support_and_Services,0.5732
Evaluation_of_the_project_SAIO_Fostering_Community,1,The_R4_Rural_Resilience_Initiative,0.628
Evaluation_of_the_project_SAIO_Fostering_Community,2,Emergency_Preparedness_and_Response,0.6196
Evaluation_of_the_project_SAIO_Fostering_Community,3,Independent_evaluation,0.6126
Evaluation_of_the_project_SAIO_Fostering_Community,4,Analyses_and_assessments,0.611
Evaluation_of_the_project_SAIO_Fostering_Community,5,Partnerships,0.6076
Evaluation_of_the_project_SAIO_Fostering_Community,6,Gender_equality,0.6049
Evaluation_of_the_project_SAIO_Fostering_Community,7,Resilience_building,0.587
Evaluation_of_the_project_SAIO_Fostering_Community,8,Sustainable_development_goals,0.5712
Evaluation_of_the_project_SAIO_Fostering_Community,9,Monitoring_evaluation_and_learning,0.5699
Evaluation_of_the_project_SAIO_Fostering_Community,10,Country_Capacity_Strengthening,0.5517
Evaluation_synthesis_on_WFP_s_engagement_in_UN_hum,1,Humanitarian_Support_and_Services,0.5661
Evaluation_synthesis_on_WFP_s_engagement_in_UN_hum,2,Analyses_and_assessments,0.5605
Evaluation_synthesis_on_WFP_s_engagement_in_UN_hum,3,Supply_chain,0.547
Evaluation_synthesis_on_WFP_s_engagement_in_UN_hum,4,UN_Humanitarian_Air_Service,0.5217
Evaluation_synthesis_on_WFP_s_engagement_in_UN_hum,5,Food_Security_Cluster,0.5126
Evaluation_synthesis_on_WFP_s_engagement_in_UN_hum,6,Gender_equality,0.4982
Evaluation_synthesis_on_WFP_s_engagement_in_UN_hum,7,Logistics_and_delivery_networks,0.4834
Evaluation_synthesis_on_WFP_s_engagement_in_UN_hum,8,UN_agencies_and_international_institutions,0.4711
Evaluation_synthesis_on_WFP_s_engagement_in_UN_hum,9,Food_systems,0.4679
Evaluation_synthesis_on_WFP_s_engagement_in_UN_hum,10,Country_strategic_planning,0.4616
FEEDING_RESILIENCE_Unraveling_the_Asia_Pacific_Foo,1,Resilience_building,0.6463
FEEDING_RESILIENCE_Unraveling_the_Asia_Pacific_Foo,2,Food_security_analysis,0.6453
FEEDING_RESILIENCE_Unraveling_the_Asia_Pacific_Foo,3,The_R4_Rural_Resilience_Initiative,0.6426
FEEDING_RESILIENCE_Unraveling_the_Asia_Pacific_Foo,4,Nutrition,0.637
FEEDING_RESILIENCE_Unraveling_the_Asia_Pacific_Foo,5,Food_systems,0.595
FEEDING_RESILIENCE_Unraveling_the_Asia_Pacific_Foo,6,Energy_for_food_security,0.5872
FEEDING_RESILIENCE_Unraveling_the_Asia_Pacific_Foo,7,Food_safety_and_quality,0.5686
FEEDING_RESILIENCE_Unraveling_the_Asia_Pacific_Foo,8,Social_Protection_and_Safety_Nets,0.5588
FEEDING_RESILIENCE_Unraveling_the_Asia_Pacific_Foo,9,Specialized_nutritious_food,0.5508
FEEDING_RESILIENCE_Unraveling_the_Asia_Pacific_Foo,10,Resilience_programming,0.5416
FITTEST_Digital_Assistance_Surge_in_Ethiopia_2021,1,Cash_transfers,0.3912
FITTEST_Digital_Assistance_Surge_in_Ethiopia_2021,2,Logistics_and_delivery_networks,0.3448
FITTEST_Digital_Assistance_Surge_in_Ethiopia_2021,3,Sustainable_development_goals,0.3407
FITTEST_Digital_Assistance_Surge_in_Ethiopia_2021,4,Programme_design,0.3296
FITTEST_Digital_Assistance_Surge_in_Ethiopia_2021,5,Information_Technology_and_Telecommunications_in_Emergencies,0.3225
FITTEST_Digital_Assistance_Surge_in_Ethiopia_2021,6,Resilience_building,0.3119
FITTEST_Digital_Assistance_Surge_in_Ethiopia_2021,7,Monitoring,0.3111
FITTEST_Digital_Assistance_Surge_in_Ethiopia_2021,8,The_R4_Rural_Resilience_Initiative,0.3103
FITTEST_Digital_Assistance_Surge_in_Ethiopia_2021,9,Resilience_programming,0.3088
FITTEST_Digital_Assistance_Surge_in_Ethiopia_2021,10,Country_Capacity_Strengthening,0.2991
FITTEST_Digital_Assistance_Surge_in_Niger_2021,1,Information_Technology_and_Telecommunications_in_Emergencies,0.4007
FITTEST_Digital_Assistance_Surge_in_Niger_2021,2,Humanitarian_Support_and_Services,0.3688
FITTEST_Digital_Assistance_Surge_in_Niger_2021,3,Food_Assistance,0.3411
FITTEST_Digital_Assistance_Surge_in_Niger_2021,4,The_R4_Rural_Resilience_Initiative,0.3237
FITTEST_Digital_Assistance_Surge_in_Niger_2021,5,Food_Assistance_for_Assets,0.316
FITTEST_Digital_Assistance_Surge_in_Niger_2021,6,Emergency_relief,0.2988
FITTEST_Digital_Assistance_Surge_in_Niger_2021,7,Engineering_services,0.2909
FITTEST_Digital_Assistance_Surge_in_Niger_2021,8,UN_Humanitarian_Air_Service,0.2782
FITTEST_Digital_Assistance_Surge_in_Niger_2021,9,Smallholder_agricultural_market_support,0.2773
FITTEST_Digital_Assistance_Surge_in_Niger_2021,10,Climate_services,0.2713
Feeding_Health_the_last_mile_on_HIV_WFP_s_global_s,1,Emergency_Preparedness_and_Response,0.6492
Feeding_Health_the_last_mile_on_HIV_WFP_s_global_s,2,Partnerships,0.6286
Feeding_Health_the_last_mile_on_HIV_WFP_s_global_s,3,Food_security_analysis,0.5763
Feeding_Health_the_last_mile_on_HIV_WFP_s_global_s,4,The_R4_Rural_Resilience_Initiative,0.5755
Feeding_Health_the_last_mile_on_HIV_WFP_s_global_s,5,Food_Assistance,0.562
Feeding_Health_the_last_mile_on_HIV_WFP_s_global_s,6,Humanitarian_Support_and_Services,0.5615
Feeding_Health_the_last_mile_on_HIV_WFP_s_global_s,7,Emergency_programming,0.5565
Feeding_Health_the_last_mile_on_HIV_WFP_s_global_s,8,Resilience_building,0.5358
Feeding_Health_the_last_mile_on_HIV_WFP_s_global_s,9,Nutrition,0.5258
Feeding_Health_the_last_mile_on_HIV_WFP_s_global_s,10,Energy_for_food_security,0.5245
Food_Fortification,1,Nutrition,0.6672
Food_Fortification,2,Food_fortification,0.6505
Food_Fortification,3,Social_Protection_and_Safety_Nets,0.5702
Food_Fortification,4,School_meals,0.5303
Food_Fortification,5,Food_security_analysis,0.4919
Food_Fortification,6,Food_Assistance,0.4898
Food_Fortification,7,Specialized_nutritious_food,0.4829
Food_Fortification,8,Food_safety_and_quality,0.4771
Food_Fortification,9,Food_systems,0.4732
Food_Fortification,10,Analyses_and_assessments,0.462
Food_Security_Monitoring_System_Report_WFP_Sierra_,1,Food_security_analysis,0.7139
Food_Security_Monitoring_System_Report_WFP_Sierra_,2,Sustainable_development_goals,0.5827
Food_Security_Monitoring_System_Report_WFP_Sierra_,3,Seasonal_and_agricultural_monitoring,0.574
Food_Security_Monitoring_System_Report_WFP_Sierra_,4,The_R4_Rural_Resilience_Initiative,0.5633
Food_Security_Monitoring_System_Report_WFP_Sierra_,5,Food_safety_and_quality,0.563
Food_Security_Monitoring_System_Report_WFP_Sierra_,6,Food_Security_Cluster,0.5621
Food_Security_Monitoring_System_Report_WFP_Sierra_,7,Energy_for_food_security,0.5464
Food_Security_Monitoring_System_Report_WFP_Sierra_,8,Resilience_building,0.5386
Food_Security_Monitoring_System_Report_WFP_Sierra_,9,Nutrition,0.5242
Food_Security_Monitoring_System_Report_WFP_Sierra_,10,Food_Assistance_for_Assets,0.518
Food_Security_and_Vulnerability_Assessment_in_Arme,1,Food_security_analysis,0.7184
Food_Security_and_Vulnerability_Assessment_in_Arme,2,Nutrition,0.6313
Food_Security_and_Vulnerability_Assessment_in_Arme,3,Food_Security_Cluster,0.6056
Food_Security_and_Vulnerability_Assessment_in_Arme,4,Energy_for_food_security,0.5971
Food_Security_and_Vulnerability_Assessment_in_Arme,5,Food_Assistance,0.5479
Food_Security_and_Vulnerability_Assessment_in_Arme,6,Food_Assistance_for_Assets,0.5376
Food_Security_and_Vulnerability_Assessment_in_Arme,7,Humanitarian_Support_and_Services,0.5299
Food_Security_and_Vulnerability_Assessment_in_Arme,8,Food_safety_and_quality,0.5255
Food_Security_and_Vulnerability_Assessment_in_Arme,9,Country_Capacity_Strengthening,0.5118
Food_Security_and_Vulnerability_Assessment_in_Arme,10,Food_fortification,0.5053
Gaza_Food_Security_Assessment_December_2023,1,Food_safety_and_quality,0.5571
Gaza_Food_Security_Assessment_December_2023,2,Food_security_analysis,0.4763
Gaza_Food_Security_Assessment_December_2023,3,Nutrition,0.4753
Gaza_Food_Security_Assessment_December_2023,4,Energy_for_food_security,0.4487
Gaza_Food_Security_Assessment_December_2023,5,Food_Assistance,0.4321
Gaza_Food_Security_Assessment_December_2023,6,The_R4_Rural_Resilience_Initiative,0.4225
Gaza_Food_Security_Assessment_December_2023,7,Zero_Hunger,0.4188
Gaza_Food_Security_Assessment_December_2023,8,Humanitarian_Support_and_Services,0.4123
Gaza_Food_Security_Assessment_December_2023,9,In_kind_food_distribution,0.4045
Gaza_Food_Security_Assessment_December_2023,10,Analyses_and_assessments,0.3929
Gender_Equality_and_Social_Inclusion_Factsheet_Jun,1,Food_Assistance_for_Assets,0.5702
Gender_Equality_and_Social_Inclusion_Factsheet_Jun,2,Emergency_Preparedness_and_Response,0.5559
Gender_Equality_and_Social_Inclusion_Factsheet_Jun,3,Food_Assistance,0.5129
Gender_Equality_and_Social_Inclusion_Factsheet_Jun,4,Gender_equality,0.4868
Gender_Equality_and_Social_Inclusion_Factsheet_Jun,5,School_meals,0.475
Gender_Equality_and_Social_Inclusion_Factsheet_Jun,6,The_R4_Rural_Resilience_Initiative,0.4695
Gender_Equality_and_Social_Inclusion_Factsheet_Jun,7,Humanitarian_Support_and_Services,0.4461
Gender_Equality_and_Social_Inclusion_Factsheet_Jun,8,Social_Protection_and_Safety_Nets,0.4376
Gender_Equality_and_Social_Inclusion_Factsheet_Jun,9,Food_safety_and_quality,0.4256
Gender_Equality_and_Social_Inclusion_Factsheet_Jun,10,Smallholder_agricultural_market_support,0.4177
Ghana_Farmer_support_activity_Impact_Evaluation,1,Cash_transfers,0.7167
Ghana_Farmer_support_activity_Impact_Evaluation,2,Food_security_analysis,0.7059
Ghana_Farmer_support_activity_Impact_Evaluation,3,Smallholder_agricultural_market_support,0.605
Ghana_Farmer_support_activity_Impact_Evaluation,4,Energy_for_food_security,0.5874
Ghana_Farmer_support_activity_Impact_Evaluation,5,Analyses_and_assessments,0.5735
Ghana_Farmer_support_activity_Impact_Evaluation,6,Seasonal_and_agricultural_monitoring,0.5665
Ghana_Farmer_support_activity_Impact_Evaluation,7,The_R4_Rural_Resilience_Initiative,0.5642
Ghana_Farmer_support_activity_Impact_Evaluation,8,Food_Security_Cluster,0.5623
Ghana_Farmer_support_activity_Impact_Evaluation,9,Resilience_building,0.5615
Ghana_Farmer_support_activity_Impact_Evaluation,10,Monitoring_evaluation_and_learning,0.5549
Global_Report_on_Food_Crises_GRFC_2025,1,Humanitarian_Support_and_Services,0.5947
Global_Report_on_Food_Crises_GRFC_2025,2,Food_security_analysis,0.5823
Global_Report_on_Food_Crises_GRFC_2025,3,Food_Security_Cluster,0.5632
Global_Report_on_Food_Crises_GRFC_2025,4,Climate_change_adaptation,0.5265
Global_Report_on_Food_Crises_GRFC_2025,5,Nutrition,0.5127
Global_Report_on_Food_Crises_GRFC_2025,6,Energy_for_food_security,0.5105
Global_Report_on_Food_Crises_GRFC_2025,7,Emergencies,0.5033
Global_Report_on_Food_Crises_GRFC_2025,8,The_R4_Rural_Resilience_Initiative,0.4994
Global_Report_on_Food_Crises_GRFC_2025,9,Zero_Hunger,0.4951
Global_Report_on_Food_Crises_GRFC_2025,10,Food_systems,0.4799
Guatemala_Local_and_Regional_Food_Procurement_Poli,1,The_R4_Rural_Resilience_Initiative,0.6801
Guatemala_Local_and_Regional_Food_Procurement_Poli,2,Resilience_building,0.548
Guatemala_Local_and_Regional_Food_Procurement_Poli,3,Supply_chain,0.517
Guatemala_Local_and_Regional_Food_Procurement_Poli,4,Sustainable_livelihoods_and_ecosystems,0.5063
Guatemala_Local_and_Regional_Food_Procurement_Poli,5,Smallholder_agricultural_market_support,0.4959
Guatemala_Local_and_Regional_Food_Procurement_Poli,6,Partnerships,0.4906
Guatemala_Local_and_Regional_Food_Procurement_Poli,7,Resilience_programming,0.4806
Guatemala_Local_and_Regional_Food_Procurement_Poli,8,Climate_change_adaptation,0.4761
Guatemala_Local_and_Regional_Food_Procurement_Poli,9,Nutrition,0.4691
Guatemala_Local_and_Regional_Food_Procurement_Poli,10,Gender_equality,0.4631
Hope_on_the_Horizon_Cash_Transfers_Fueling_the_Fig,1,Nutrition,0.5274
Hope_on_the_Horizon_Cash_Transfers_Fueling_the_Fig,2,School_meals,0.503
Hope_on_the_Horizon_Cash_Transfers_Fueling_the_Fig,3,Specialized_nutritious_food,0.5006
Hope_on_the_Horizon_Cash_Transfers_Fueling_the_Fig,4,The_R4_Rural_Resilience_Initiative,0.4648
Hope_on_the_Horizon_Cash_Transfers_Fueling_the_Fig,5,Resilience_building,0.4624
Hope_on_the_Horizon_Cash_Transfers_Fueling_the_Fig,6,Seasonal_and_agricultural_monitoring,0.4451
Hope_on_the_Horizon_Cash_Transfers_Fueling_the_Fig,7,Zero_Hunger,0.4281
Hope_on_the_Horizon_Cash_Transfers_Fueling_the_Fig,8,Smallholder_agricultural_market_support,0.4275
Hope_on_the_Horizon_Cash_Transfers_Fueling_the_Fig,9,Sustainable_livelihoods_and_ecosystems,0.4265
Hope_on_the_Horizon_Cash_Transfers_Fueling_the_Fig,10,Food_fortification,0.4237
Hunger_Hotspots_FAO_WFP_early_warnings_on_acute_fo,1,Humanitarian_Support_and_Services,0.6627
Hunger_Hotspots_FAO_WFP_early_warnings_on_acute_fo,2,Food_security_analysis,0.6518
Hunger_Hotspots_FAO_WFP_early_warnings_on_acute_fo,3,Emergency_Preparedness_and_Response,0.631
Hunger_Hotspots_FAO_WFP_early_warnings_on_acute_fo,4,Nutrition,0.5821
Hunger_Hotspots_FAO_WFP_early_warnings_on_acute_fo,5,Energy_for_food_security,0.5792
Hunger_Hotspots_FAO_WFP_early_warnings_on_acute_fo,6,Food_Assistance,0.5776
Hunger_Hotspots_FAO_WFP_early_warnings_on_acute_fo,7,Food_Assistance_for_Assets,0.5765
Hunger_Hotspots_FAO_WFP_early_warnings_on_acute_fo,8,Food_safety_and_quality,0.5632
Hunger_Hotspots_FAO_WFP_early_warnings_on_acute_fo,9,Anticipatory_Action,0.5294
Hunger_Hotspots_FAO_WFP_early_warnings_on_acute_fo,10,Seasonal_and_agricultural_monitoring,0.5246
Hurricane_Beryl_Jamaica_Cash_Assistance_Report_Aug,1,Funding_and_donors,0.5916
Hurricane_Beryl_Jamaica_Cash_Assistance_Report_Aug,2,Cash_transfers,0.5714
Hurricane_Beryl_Jamaica_Cash_Assistance_Report_Aug,3,Humanitarian_Support_and_Services,0.5197
Hurricane_Beryl_Jamaica_Cash_Assistance_Report_Aug,4,Food_Assistance,0.5133
Hurricane_Beryl_Jamaica_Cash_Assistance_Report_Aug,5,Food_Assistance_for_Assets,0.5116
Hurricane_Beryl_Jamaica_Cash_Assistance_Report_Aug,6,Country_strategic_planning,0.5104
Hurricane_Beryl_Jamaica_Cash_Assistance_Report_Aug,7,Partnerships,0.5042
Hurricane_Beryl_Jamaica_Cash_Assistance_Report_Aug,8,Climate_risk_management_insurance_and_financing,0.4964
Hurricane_Beryl_Jamaica_Cash_Assistance_Report_Aug,9,Monitoring,0.4951
Hurricane_Beryl_Jamaica_Cash_Assistance_Report_Aug,10,Logistics_and_delivery_networks,0.4883
Impact_Evaluations_to_Optimize_Humanitarian_Interv,1,Emergency_Preparedness_and_Response,0.5772
Impact_Evaluations_to_Optimize_Humanitarian_Interv,2,Cash_transfers,0.5208
Impact_Evaluations_to_Optimize_Humanitarian_Interv,3,Analyses_and_assessments,0.5194
Impact_Evaluations_to_Optimize_Humanitarian_Interv,4,Food_security_analysis,0.5019
Impact_Evaluations_to_Optimize_Humanitarian_Interv,5,Humanitarian_Support_and_Services,0.4899
Impact_Evaluations_to_Optimize_Humanitarian_Interv,6,Energy_for_food_security,0.4564
Impact_Evaluations_to_Optimize_Humanitarian_Interv,7,Resilience_programming,0.4387
Impact_Evaluations_to_Optimize_Humanitarian_Interv,8,UN_Humanitarian_Air_Service,0.4182
Impact_Evaluations_to_Optimize_Humanitarian_Interv,9,Emergency_relief,0.4175
Impact_Evaluations_to_Optimize_Humanitarian_Interv,10,In_kind_food_distribution,0.4147
Indonesia_WFP_Seasonal_Monitoring_Bulletin_July_Se,1,Food_security_analysis,0.5481
Indonesia_WFP_Seasonal_Monitoring_Bulletin_July_Se,2,Food_Security_Cluster,0.5134
Indonesia_WFP_Seasonal_Monitoring_Bulletin_July_Se,3,Energy_for_food_security,0.4756
Indonesia_WFP_Seasonal_Monitoring_Bulletin_July_Se,4,Climate_change_adaptation,0.4512
Indonesia_WFP_Seasonal_Monitoring_Bulletin_July_Se,5,Seasonal_and_agricultural_monitoring,0.4496
Indonesia_WFP_Seasonal_Monitoring_Bulletin_July_Se,6,Food_safety_and_quality,0.4451
Indonesia_WFP_Seasonal_Monitoring_Bulletin_July_Se,7,Food_systems,0.4343
Indonesia_WFP_Seasonal_Monitoring_Bulletin_July_Se,8,Information_Technology_and_Telecommunications_in_Emergencies,0.4286
Indonesia_WFP_Seasonal_Monitoring_Bulletin_July_Se,9,Food_fortification,0.4273
Indonesia_WFP_Seasonal_Monitoring_Bulletin_July_Se,10,Social_Protection_and_Safety_Nets,0.4178
Indonesia_WFP_Seasonal_Monitoring_Bulletin_October,1,Climate_change_adaptation,0.4282
Indonesia_WFP_Seasonal_Monitoring_Bulletin_October,2,Seasonal_and_agricultural_monitoring,0.4056
Indonesia_WFP_Seasonal_Monitoring_Bulletin_October,3,The_R4_Rural_Resilience_Initiative,0.345
Indonesia_WFP_Seasonal_Monitoring_Bulletin_October,4,Climate_action,0.3221
Indonesia_WFP_Seasonal_Monitoring_Bulletin_October,5,Climate_risk_management_insurance_and_financing,0.3194
Indonesia_WFP_Seasonal_Monitoring_Bulletin_October,6,Sustainable_livelihoods_and_ecosystems,0.298
Indonesia_WFP_Seasonal_Monitoring_Bulletin_October,7,Climate_services,0.2769
Indonesia_WFP_Seasonal_Monitoring_Bulletin_October,8,Country_Capacity_Strengthening,0.2696
Indonesia_WFP_Seasonal_Monitoring_Bulletin_October,9,Resilience_building,0.2686
Indonesia_WFP_Seasonal_Monitoring_Bulletin_October,10,Country_strategic_planning,0.2512
Infrastructure_in_emergencies,1,Emergency_Preparedness_and_Response,0.5637
Infrastructure_in_emergencies,2,Emergencies,0.5365
Infrastructure_in_emergencies,3,Emergency_relief,0.5147
Infrastructure_in_emergencies,4,Logistics_and_delivery_networks,0.4919
Infrastructure_in_emergencies,5,The_R4_Rural_Resilience_Initiative,0.4897
Infrastructure_in_emergencies,6,Humanitarian_Support_and_Services,0.4847
Infrastructure_in_emergencies,7,Resilience_building,0.4618
Infrastructure_in_emergencies,8,Information_Technology_and_Telecommunications_in_Emergencies,0.4415
Infrastructure_in_emergencies,9,Energy_for_food_security,0.4094
Infrastructure_in_emergencies,10,Sustainable_development_goals,0.3925
Innovation_Advisory_Services_LACRO,1,Innovation,0.5975
Innovation_Advisory_Services_LACRO,2,Zero_Hunger,0.5743
Innovation_Advisory_Services_LACRO,3,Partnerships,0.509
Innovation_Advisory_Services_LACRO,4,Local_market_developments,0.4757
Innovation_Advisory_Services_LACRO,5,Country_strategic_planning,0.455
Innovation_Advisory_Services_LACRO,6,The_R4_Rural_Resilience_Initiative,0.4289
Innovation_Advisory_Services_LACRO,7,Humanitarian_Support_and_Services,0.418
Innovation_Advisory_Services_LACRO,8,Sustainable_development_goals,0.405
Innovation_Advisory_Services_LACRO,9,Food_Assistance_for_Assets,0.3841
Innovation_Advisory_Services_LACRO,10,Country_Capacity_Strengthening,0.3763
Integrated_resilience_approach_in_Madagascar,1,The_R4_Rural_Resilience_Initiative,0.5867
Integrated_resilience_approach_in_Madagascar,2,Resilience_building,0.5584
Integrated_resilience_approach_in_Madagascar,3,Climate_risk_management_insurance_and_financing,0.5462
Integrated_resilience_approach_in_Madagascar,4,Smallholder_agricultural_market_support,0.5458
Integrated_resilience_approach_in_Madagascar,5,Food_Assistance_for_Assets,0.5221
Integrated_resilience_approach_in_Madagascar,6,Food_Assistance,0.499
Integrated_resilience_approach_in_Madagascar,7,Sustainable_development_goals,0.4875
Integrated_resilience_approach_in_Madagascar,8,Resilience_programming,0.4819
Integrated_resilience_approach_in_Madagascar,9,Food_security_analysis,0.4694
Integrated_resilience_approach_in_Madagascar,10,Energy_for_food_security,0.4668
Integrating_Anticipatory_Action_in_Indonesia,1,South_South_cooperation,0.5938
Integrating_Anticipatory_Action_in_Indonesia,2,Emergency_Preparedness_and_Response,0.5866
Integrating_Anticipatory_Action_in_Indonesia,3,Resilience_building,0.5433
Integrating_Anticipatory_Action_in_Indonesia,4,Monitoring,0.5308
Integrating_Anticipatory_Action_in_Indonesia,5,Seasonal_and_agricultural_monitoring,0.5284
Integrating_Anticipatory_Action_in_Indonesia,6,Funding_and_donors,0.5277
Integrating_Anticipatory_Action_in_Indonesia,7,The_R4_Rural_Resilience_Initiative,0.5269
Integrating_Anticipatory_Action_in_Indonesia,8,Climate_services,0.5156
Integrating_Anticipatory_Action_in_Indonesia,9,Partnerships,0.4839
Integrating_Anticipatory_Action_in_Indonesia,10,Emergency_relief,0.4701
Inter_Agency_Humanitarian_Evaluation_of_the_Respon,1,Emergency_Preparedness_and_Response,0.7265
Inter_Agency_Humanitarian_Evaluation_of_the_Respon,2,UN_agencies_and_international_institutions,0.6419
Inter_Agency_Humanitarian_Evaluation_of_the_Respon,3,Funding_and_donors,0.641
Inter_Agency_Humanitarian_Evaluation_of_the_Respon,4,Humanitarian_Support_and_Services,0.6269
Inter_Agency_Humanitarian_Evaluation_of_the_Respon,5,Information_Technology_and_Telecommunications_in_Emergencies,0.5669
Inter_Agency_Humanitarian_Evaluation_of_the_Respon,6,UN_Humanitarian_Air_Service,0.5614
Inter_Agency_Humanitarian_Evaluation_of_the_Respon,7,Emergency_relief,0.5609
Inter_Agency_Humanitarian_Evaluation_of_the_Respon,8,The_R4_Rural_Resilience_Initiative,0.5344
Inter_Agency_Humanitarian_Evaluation_of_the_Respon,9,Country_Capacity_Strengthening,0.5291
Inter_Agency_Humanitarian_Evaluation_of_the_Respon,10,Resilience_building,0.5184
Investing_in_Ukraine_s_economy_and_food_systems_fa,1,Humanitarian_Support_and_Services,0.4851
Investing_in_Ukraine_s_economy_and_food_systems_fa,2,Food_Assistance_for_Assets,0.4678
Investing_in_Ukraine_s_economy_and_food_systems_fa,3,Logistics_and_delivery_networks,0.4341
Investing_in_Ukraine_s_economy_and_food_systems_fa,4,Food_fortification,0.4276
Investing_in_Ukraine_s_economy_and_food_systems_fa,5,Food_Assistance,0.4233
Investing_in_Ukraine_s_economy_and_food_systems_fa,6,Procurement,0.4179
Investing_in_Ukraine_s_economy_and_food_systems_fa,7,Energy_for_food_security,0.4155
Investing_in_Ukraine_s_economy_and_food_systems_fa,8,Food_security_analysis,0.4095
Investing_in_Ukraine_s_economy_and_food_systems_fa,9,Food_Security_Cluster,0.4008
Investing_in_Ukraine_s_economy_and_food_systems_fa,10,Smallholder_agricultural_market_support,0.4004
Joint_Evaluation_on_the_Collaboration_among_the_Un,1,Rome_based_agencies,0.7636
Joint_Evaluation_on_the_Collaboration_among_the_Un,2,Resilience_building,0.7098
Joint_Evaluation_on_the_Collaboration_among_the_Un,3,Partnerships,0.6988
Joint_Evaluation_on_the_Collaboration_among_the_Un,4,The_R4_Rural_Resilience_Initiative,0.6768
Joint_Evaluation_on_the_Collaboration_among_the_Un,5,South_South_cooperation,0.6561
Joint_Evaluation_on_the_Collaboration_among_the_Un,6,Procurement,0.6538
Joint_Evaluation_on_the_Collaboration_among_the_Un,7,Food_security_analysis,0.6488
Joint_Evaluation_on_the_Collaboration_among_the_Un,8,Food_Security_Cluster,0.6457
Joint_Evaluation_on_the_Collaboration_among_the_Un,9,Energy_for_food_security,0.6343
Joint_Evaluation_on_the_Collaboration_among_the_Un,10,Resilience_programming,0.6292
Joint_Report_on_Dual_Currency_Disbursement_UNHCR_W,1,Food_security_analysis,0.6296
Joint_Report_on_Dual_Currency_Disbursement_UNHCR_W,2,Food_Assistance,0.5434
Joint_Report_on_Dual_Currency_Disbursement_UNHCR_W,3,Energy_for_food_security,0.5174
Joint_Report_on_Dual_Currency_Disbursement_UNHCR_W,4,Food_Assistance_for_Assets,0.5072
Joint_Report_on_Dual_Currency_Disbursement_UNHCR_W,5,Food_safety_and_quality,0.4871
Joint_Report_on_Dual_Currency_Disbursement_UNHCR_W,6,Cash_transfers,0.4621
Joint_Report_on_Dual_Currency_Disbursement_UNHCR_W,7,Emergency_Preparedness_and_Response,0.4417
Joint_Report_on_Dual_Currency_Disbursement_UNHCR_W,8,Humanitarian_Support_and_Services,0.4405
Joint_Report_on_Dual_Currency_Disbursement_UNHCR_W,9,Food_Security_Cluster,0.4257
Joint_Report_on_Dual_Currency_Disbursement_UNHCR_W,10,Analyses_and_assessments,0.4032
Kenya_USDA_supported_Local_and_Regional_Procuremen,1,Procurement,0.7539
Kenya_USDA_supported_Local_and_Regional_Procuremen,2,School_meals,0.706
Kenya_USDA_supported_Local_and_Regional_Procuremen,3,Analyses_and_assessments,0.637
Kenya_USDA_supported_Local_and_Regional_Procuremen,4,Smallholder_agricultural_market_support,0.6366
Kenya_USDA_supported_Local_and_Regional_Procuremen,5,Sustainable_development_goals,0.6286
Kenya_USDA_supported_Local_and_Regional_Procuremen,6,Food_safety_and_quality,0.6279
Kenya_USDA_supported_Local_and_Regional_Procuremen,7,Nutrition,0.6228
Kenya_USDA_supported_Local_and_Regional_Procuremen,8,Country_Capacity_Strengthening,0.621
Kenya_USDA_supported_Local_and_Regional_Procuremen,9,Gender_equality,0.6118
Kenya_USDA_supported_Local_and_Regional_Procuremen,10,Humanitarian_Support_and_Services,0.6003
Knowledge_Management_Strategy_Regional_Bureau_Nair,1,Country_Capacity_Strengthening,0.8002
Knowledge_Management_Strategy_Regional_Bureau_Nair,2,Country_strategic_planning,0.6429
Knowledge_Management_Strategy_Regional_Bureau_Nair,3,Partnerships,0.6112
Knowledge_Management_Strategy_Regional_Bureau_Nair,4,Governance_and_leadership,0.5453
Knowledge_Management_Strategy_Regional_Bureau_Nair,5,Corporate_strategy,0.5394
Knowledge_Management_Strategy_Regional_Bureau_Nair,6,Innovation,0.5369
Knowledge_Management_Strategy_Regional_Bureau_Nair,7,Procurement,0.5299
Knowledge_Management_Strategy_Regional_Bureau_Nair,8,Sustainable_development_goals,0.5204
Knowledge_Management_Strategy_Regional_Bureau_Nair,9,The_R4_Rural_Resilience_Initiative,0.498
Knowledge_Management_Strategy_Regional_Bureau_Nair,10,Centre_of_Excellence,0.4904
Labour_Management_Procedures,1,Funding_and_donors,0.5731
Labour_Management_Procedures,2,Cash_transfers,0.5582
Labour_Management_Procedures,3,Humanitarian_Support_and_Services,0.515
Labour_Management_Procedures,4,Analyses_and_assessments,0.5102
Labour_Management_Procedures,5,Conflicts,0.5037
Labour_Management_Procedures,6,Social_Protection_and_Safety_Nets,0.446
Labour_Management_Procedures,7,Procurement,0.4306
Labour_Management_Procedures,8,Partnerships,0.4108
Labour_Management_Procedures,9,Smallholder_agricultural_market_support,0.4094
Labour_Management_Procedures,10,UN_Humanitarian_Air_Service,0.4045
Lesotho_Improving_adaptive_capacity_of_vulnerable_,1,Food_security_analysis,0.6202
Lesotho_Improving_adaptive_capacity_of_vulnerable_,2,Seasonal_and_agricultural_monitoring,0.6119
Lesotho_Improving_adaptive_capacity_of_vulnerable_,3,Analyses_and_assessments,0.611
Lesotho_Improving_adaptive_capacity_of_vulnerable_,4,The_R4_Rural_Resilience_Initiative,0.6097
Lesotho_Improving_adaptive_capacity_of_vulnerable_,5,Climate_change_adaptation,0.5979
Lesotho_Improving_adaptive_capacity_of_vulnerable_,6,Independent_evaluation,0.5923
Lesotho_Improving_adaptive_capacity_of_vulnerable_,7,Gender_equality,0.5917
Lesotho_Improving_adaptive_capacity_of_vulnerable_,8,Environmental_and_social_sustainability,0.5776
Lesotho_Improving_adaptive_capacity_of_vulnerable_,9,Resilience_building,0.569
Lesotho_Improving_adaptive_capacity_of_vulnerable_,10,Climate_services,0.5586
Lessons_from_Peru_Strengthening_linkages_between_s,1,Nutrition,0.5175
Lessons_from_Peru_Strengthening_linkages_between_s,2,School_meals,0.5168
Lessons_from_Peru_Strengthening_linkages_between_s,3,Country_Capacity_Strengthening,0.5159
Lessons_from_Peru_Strengthening_linkages_between_s,4,Food_security_analysis,0.5105
Lessons_from_Peru_Strengthening_linkages_between_s,5,Procurement,0.5013
Lessons_from_Peru_Strengthening_linkages_between_s,6,Food_fortification,0.4863
Lessons_from_Peru_Strengthening_linkages_between_s,7,Energy_for_food_security,0.486
Lessons_from_Peru_Strengthening_linkages_between_s,8,Food_Assistance,0.4757
Lessons_from_Peru_Strengthening_linkages_between_s,9,Food_safety_and_quality,0.462
Lessons_from_Peru_Strengthening_linkages_between_s,10,Specialized_nutritious_food,0.4617
Libya_Evaluation_of_livelihoods_and_school_feeding,1,Funding_and_donors,0.6554
Libya_Evaluation_of_livelihoods_and_school_feeding,2,Cash_transfers,0.6455
Libya_Evaluation_of_livelihoods_and_school_feeding,3,Sustainable_livelihoods_and_ecosystems,0.644
Libya_Evaluation_of_livelihoods_and_school_feeding,4,Partnerships,0.6398
Libya_Evaluation_of_livelihoods_and_school_feeding,5,Smallholder_agricultural_market_support,0.6312
Libya_Evaluation_of_livelihoods_and_school_feeding,6,School_meals,0.6275
Libya_Evaluation_of_livelihoods_and_school_feeding,7,Gender_equality,0.6234
Libya_Evaluation_of_livelihoods_and_school_feeding,8,UN_agencies_and_international_institutions,0.6158
Libya_Evaluation_of_livelihoods_and_school_feeding,9,Humanitarian_Support_and_Services,0.6092
Libya_Evaluation_of_livelihoods_and_school_feeding,10,Resilience_programming,0.6011
Linking_Anticipatory_Action_and_Social_Protection_,1,Food_security_analysis,0.719
Linking_Anticipatory_Action_and_Social_Protection_,2,Food_Security_Cluster,0.5868
Linking_Anticipatory_Action_and_Social_Protection_,3,Partnerships,0.5428
Linking_Anticipatory_Action_and_Social_Protection_,4,Energy_for_food_security,0.5354
Linking_Anticipatory_Action_and_Social_Protection_,5,Humanitarian_Support_and_Services,0.5197
Linking_Anticipatory_Action_and_Social_Protection_,6,Cash_transfers,0.518
Linking_Anticipatory_Action_and_Social_Protection_,7,The_R4_Rural_Resilience_Initiative,0.4963
Linking_Anticipatory_Action_and_Social_Protection_,8,Food_safety_and_quality,0.4941
Linking_Anticipatory_Action_and_Social_Protection_,9,Social_Protection_and_Safety_Nets,0.489
Linking_Anticipatory_Action_and_Social_Protection_,10,Emergency_Preparedness_and_Response,0.4848
Macro_level_Disaster_Risk_Financing_for_vulnerable,1,Humanitarian_Support_and_Services,0.6197
Macro_level_Disaster_Risk_Financing_for_vulnerable,2,Climate_risk_management_insurance_and_financing,0.5361
Macro_level_Disaster_Risk_Financing_for_vulnerable,3,Sustainable_livelihoods_and_ecosystems,0.5105
Macro_level_Disaster_Risk_Financing_for_vulnerable,4,Climate_change_adaptation,0.4997
Macro_level_Disaster_Risk_Financing_for_vulnerable,5,Climate_action,0.4988
Macro_level_Disaster_Risk_Financing_for_vulnerable,6,Emergency_Preparedness_and_Response,0.4881
Macro_level_Disaster_Risk_Financing_for_vulnerable,7,The_R4_Rural_Resilience_Initiative,0.4836
Macro_level_Disaster_Risk_Financing_for_vulnerable,8,Resilience_building,0.4614
Macro_level_Disaster_Risk_Financing_for_vulnerable,9,UN_Humanitarian_Air_Service,0.4478
Macro_level_Disaster_Risk_Financing_for_vulnerable,10,Funding_and_donors,0.4393
Madagascar_Country_Strategic_Plan_2024_2028_Factsh,1,Country_strategic_planning,0.6836
Madagascar_Country_Strategic_Plan_2024_2028_Factsh,2,The_R4_Rural_Resilience_Initiative,0.6118
Madagascar_Country_Strategic_Plan_2024_2028_Factsh,3,Smallholder_agricultural_market_support,0.5337
Madagascar_Country_Strategic_Plan_2024_2028_Factsh,4,Emergency_Preparedness_and_Response,0.5108
Madagascar_Country_Strategic_Plan_2024_2028_Factsh,5,Sustainable_livelihoods_and_ecosystems,0.5092
Madagascar_Country_Strategic_Plan_2024_2028_Factsh,6,Resilience_building,0.5018
Madagascar_Country_Strategic_Plan_2024_2028_Factsh,7,Seasonal_and_agricultural_monitoring,0.5006
Madagascar_Country_Strategic_Plan_2024_2028_Factsh,8,Climate_change_adaptation,0.4698
Madagascar_Country_Strategic_Plan_2024_2028_Factsh,9,Nutrition,0.4559
Madagascar_Country_Strategic_Plan_2024_2028_Factsh,10,Energy_for_food_security,0.4535
Malawi_Evaluation_of_Tsogolo_la_Thanzi_Healthy_Fut,1,School_meals,0.713
Malawi_Evaluation_of_Tsogolo_la_Thanzi_Healthy_Fut,2,Smallholder_agricultural_market_support,0.6896
Malawi_Evaluation_of_Tsogolo_la_Thanzi_Healthy_Fut,3,Analyses_and_assessments,0.611
Malawi_Evaluation_of_Tsogolo_la_Thanzi_Healthy_Fut,4,Partnerships,0.5968
Malawi_Evaluation_of_Tsogolo_la_Thanzi_Healthy_Fut,5,Independent_evaluation,0.5837
Malawi_Evaluation_of_Tsogolo_la_Thanzi_Healthy_Fut,6,Monitoring_evaluation_and_learning,0.5701
Malawi_Evaluation_of_Tsogolo_la_Thanzi_Healthy_Fut,7,Funding_and_donors,0.5511
Malawi_Evaluation_of_Tsogolo_la_Thanzi_Healthy_Fut,8,Food_Assistance_for_Assets,0.5448
Malawi_Evaluation_of_Tsogolo_la_Thanzi_Healthy_Fut,9,Nutrition,0.5312
Malawi_Evaluation_of_Tsogolo_la_Thanzi_Healthy_Fut,10,Gender_equality,0.5258
Malawi_Integrated_risk_management_and_climate_serv,1,Sustainable_development_goals,0.7169
Malawi_Integrated_risk_management_and_climate_serv,2,Sustainable_livelihoods_and_ecosystems,0.7128
Malawi_Integrated_risk_management_and_climate_serv,3,Food_security_analysis,0.6488
Malawi_Integrated_risk_management_and_climate_serv,4,The_R4_Rural_Resilience_Initiative,0.6001
Malawi_Integrated_risk_management_and_climate_serv,5,Climate_change_adaptation,0.5988
Malawi_Integrated_risk_management_and_climate_serv,6,Smallholder_agricultural_market_support,0.5979
Malawi_Integrated_risk_management_and_climate_serv,7,Climate_risk_management_insurance_and_financing,0.597
Malawi_Integrated_risk_management_and_climate_serv,8,Analyses_and_assessments,0.5934
Malawi_Integrated_risk_management_and_climate_serv,9,Independent_evaluation,0.5862
Malawi_Integrated_risk_management_and_climate_serv,10,Country_strategic_planning,0.5576
Managing_the_Supply_Chain_of_Specialized_Nutritiou,1,Food_safety_and_quality,0.8686
Managing_the_Supply_Chain_of_Specialized_Nutritiou,2,Procurement,0.6902
Managing_the_Supply_Chain_of_Specialized_Nutritiou,3,Supply_chain,0.6553
Managing_the_Supply_Chain_of_Specialized_Nutritiou,4,Nutrition,0.6445
Managing_the_Supply_Chain_of_Specialized_Nutritiou,5,Food_security_analysis,0.6442
Managing_the_Supply_Chain_of_Specialized_Nutritiou,6,Specialized_nutritious_food,0.6329
Managing_the_Supply_Chain_of_Specialized_Nutritiou,7,Monitoring_evaluation_and_learning,0.61
Managing_the_Supply_Chain_of_Specialized_Nutritiou,8,School_meals,0.5952
Managing_the_Supply_Chain_of_Specialized_Nutritiou,9,Partnerships,0.5925
Managing_the_Supply_Chain_of_Specialized_Nutritiou,10,HIV_and_tuberculosis,0.5867
March_2024_Country_Strategic_Plan_2024_2028_summar,1,Country_strategic_planning,0.5647
March_2024_Country_Strategic_Plan_2024_2028_summar,2,Food_Assistance,0.5315
March_2024_Country_Strategic_Plan_2024_2028_summar,3,Food_Assistance_for_Assets,0.5145
March_2024_Country_Strategic_Plan_2024_2028_summar,4,Sustainable_development_goals,0.5111
March_2024_Country_Strategic_Plan_2024_2028_summar,5,Nutrition,0.4829
March_2024_Country_Strategic_Plan_2024_2028_summar,6,Energy_for_food_security,0.4656
March_2024_Country_Strategic_Plan_2024_2028_summar,7,Food_safety_and_quality,0.4414
March_2024_Country_Strategic_Plan_2024_2028_summar,8,Food_security_analysis,0.4411
March_2024_Country_Strategic_Plan_2024_2028_summar,9,Food_fortification,0.4221
March_2024_Country_Strategic_Plan_2024_2028_summar,10,The_R4_Rural_Resilience_Initiative,0.4196
March_2024_Informing_national_school_feeding_and_n,1,Nutrition,0.5518
March_2024_Informing_national_school_feeding_and_n,2,Specialized_nutritious_food,0.4887
March_2024_Informing_national_school_feeding_and_n,3,School_meals,0.4872
March_2024_Informing_national_school_feeding_and_n,4,Food_Assistance,0.4028
March_2024_Informing_national_school_feeding_and_n,5,Food_safety_and_quality,0.3989
March_2024_Informing_national_school_feeding_and_n,6,Food_fortification,0.3981
March_2024_Informing_national_school_feeding_and_n,7,In_kind_food_distribution,0.3789
March_2024_Informing_national_school_feeding_and_n,8,Food_security_analysis,0.3785
March_2024_Informing_national_school_feeding_and_n,9,Food_systems,0.3753
March_2024_Informing_national_school_feeding_and_n,10,Energy_for_food_security,0.3531
March_2024_Strengthening_supply_chain_capacity_in_,1,Smallholder_agricultural_market_support,0.6231
March_2024_Strengthening_supply_chain_capacity_in_,2,Supply_chain,0.5143
March_2024_Strengthening_supply_chain_capacity_in_,3,Logistics_and_delivery_networks,0.4842
March_2024_Strengthening_supply_chain_capacity_in_,4,Humanitarian_Support_and_Services,0.4829
March_2024_Strengthening_supply_chain_capacity_in_,5,Emergency_Preparedness_and_Response,0.4583
March_2024_Strengthening_supply_chain_capacity_in_,6,Country_Capacity_Strengthening,0.4357
March_2024_Strengthening_supply_chain_capacity_in_,7,The_R4_Rural_Resilience_Initiative,0.4303
March_2024_Strengthening_supply_chain_capacity_in_,8,Sustainable_livelihoods_and_ecosystems,0.4292
March_2024_Strengthening_supply_chain_capacity_in_,9,UN_Humanitarian_Air_Service,0.4253
March_2024_Strengthening_supply_chain_capacity_in_,10,Food_Assistance,0.4145
March_2024_Using_social_behaviour_change_to_promot,1,Food_safety_and_quality,0.5519
March_2024_Using_social_behaviour_change_to_promot,2,Nutrition,0.5196
March_2024_Using_social_behaviour_change_to_promot,3,Specialized_nutritious_food,0.5068
March_2024_Using_social_behaviour_change_to_promot,4,Food_Assistance,0.4613
March_2024_Using_social_behaviour_change_to_promot,5,In_kind_food_distribution,0.4448
March_2024_Using_social_behaviour_change_to_promot,6,Food_security_analysis,0.4111
March_2024_Using_social_behaviour_change_to_promot,7,Food_Assistance_for_Assets,0.3935
March_2024_Using_social_behaviour_change_to_promot,8,Food_fortification,0.3928
March_2024_Using_social_behaviour_change_to_promot,9,Food_systems,0.3911
March_2024_Using_social_behaviour_change_to_promot,10,Energy_for_food_security,0.3906
Market_Price_Monitoring_Bulletin_WFP_Armenia_2024_,1,Specialized_nutritious_food,0.4849
Market_Price_Monitoring_Bulletin_WFP_Armenia_2024_,2,Nutrition,0.4749
Market_Price_Monitoring_Bulletin_WFP_Armenia_2024_,3,In_kind_food_distribution,0.4108
Market_Price_Monitoring_Bulletin_WFP_Armenia_2024_,4,Food_security_analysis,0.3638
Market_Price_Monitoring_Bulletin_WFP_Armenia_2024_,5,Energy_for_food_security,0.3601
Market_Price_Monitoring_Bulletin_WFP_Armenia_2024_,6,Food_safety_and_quality,0.3514
Market_Price_Monitoring_Bulletin_WFP_Armenia_2024_,7,Food_fortification,0.3371
Market_Price_Monitoring_Bulletin_WFP_Armenia_2024_,8,Food_systems,0.328
Market_Price_Monitoring_Bulletin_WFP_Armenia_2024_,9,Country_Capacity_Strengthening,0.3066
Market_Price_Monitoring_Bulletin_WFP_Armenia_2024_,10,Sustainable_livelihoods_and_ecosystems,0.3037
Maximizing_Digital_Payments_for_Social_Protection_,1,Cash_transfers,0.6217
Maximizing_Digital_Payments_for_Social_Protection_,2,Humanitarian_Support_and_Services,0.5562
Maximizing_Digital_Payments_for_Social_Protection_,3,Social_Protection_and_Safety_Nets,0.5359
Maximizing_Digital_Payments_for_Social_Protection_,4,Food_Assistance,0.5133
Maximizing_Digital_Payments_for_Social_Protection_,5,Sustainable_livelihoods_and_ecosystems,0.5107
Maximizing_Digital_Payments_for_Social_Protection_,6,Funding_and_donors,0.5001
Maximizing_Digital_Payments_for_Social_Protection_,7,The_R4_Rural_Resilience_Initiative,0.4977
Maximizing_Digital_Payments_for_Social_Protection_,8,Food_Assistance_for_Assets,0.4842
Maximizing_Digital_Payments_for_Social_Protection_,9,Climate_risk_management_insurance_and_financing,0.48
Maximizing_Digital_Payments_for_Social_Protection_,10,Resilience_building,0.479
Mid_term_Evaluation_of_WFP_s_Private_Sector_Partne,1,Country_Capacity_Strengthening,0.7367
Mid_term_Evaluation_of_WFP_s_Private_Sector_Partne,2,Partnerships,0.7099
Mid_term_Evaluation_of_WFP_s_Private_Sector_Partne,3,Private_sector,0.6195
Mid_term_Evaluation_of_WFP_s_Private_Sector_Partne,4,Innovation,0.6168
Mid_term_Evaluation_of_WFP_s_Private_Sector_Partne,5,Gender_equality,0.6006
Mid_term_Evaluation_of_WFP_s_Private_Sector_Partne,6,Environmental_and_social_sustainability,0.5937
Mid_term_Evaluation_of_WFP_s_Private_Sector_Partne,7,Funding_and_donors,0.5667
Mid_term_Evaluation_of_WFP_s_Private_Sector_Partne,8,Corporate_strategy,0.5519
Mid_term_Evaluation_of_WFP_s_Private_Sector_Partne,9,Analyses_and_assessments,0.5309
Mid_term_Evaluation_of_WFP_s_Private_Sector_Partne,10,Zero_Hunger,0.5215
Myanmar_Community_Resilience_Project_Environmental,1,Food_safety_and_quality,0.7297
Myanmar_Community_Resilience_Project_Environmental,2,Climate_change_adaptation,0.6353
Myanmar_Community_Resilience_Project_Environmental,3,Partnerships,0.6197
Myanmar_Community_Resilience_Project_Environmental,4,Emergency_Preparedness_and_Response,0.6042
Myanmar_Community_Resilience_Project_Environmental,5,Food_security_analysis,0.5941
Myanmar_Community_Resilience_Project_Environmental,6,Zero_Hunger,0.589
Myanmar_Community_Resilience_Project_Environmental,7,Sustainable_livelihoods_and_ecosystems,0.5795
Myanmar_Community_Resilience_Project_Environmental,8,Resilience_building,0.5792
Myanmar_Community_Resilience_Project_Environmental,9,The_R4_Rural_Resilience_Initiative,0.578
Myanmar_Community_Resilience_Project_Environmental,10,Gender_equality,0.5657
Myanmar_Community_Support_Project_Environmental_an,1,Food_safety_and_quality,0.6562
Myanmar_Community_Support_Project_Environmental_an,2,Climate_change_adaptation,0.6353
Myanmar_Community_Support_Project_Environmental_an,3,Partnerships,0.6197
Myanmar_Community_Support_Project_Environmental_an,4,Sustainable_development_goals,0.6078
Myanmar_Community_Support_Project_Environmental_an,5,Resilience_building,0.5943
Myanmar_Community_Support_Project_Environmental_an,6,Food_security_analysis,0.5799
Myanmar_Community_Support_Project_Environmental_an,7,The_R4_Rural_Resilience_Initiative,0.5767
Myanmar_Community_Support_Project_Environmental_an,8,Gender_equality,0.5657
Myanmar_Community_Support_Project_Environmental_an,9,Sustainable_livelihoods_and_ecosystems,0.5546
Myanmar_Community_Support_Project_Environmental_an,10,Procurement,0.5471
Myanmar_Community_Support_Project_Stakeholder_Enga,1,Emergency_relief,0.6476
Myanmar_Community_Support_Project_Stakeholder_Enga,2,Partnerships,0.5728
Myanmar_Community_Support_Project_Stakeholder_Enga,3,Food_security_analysis,0.5419
Myanmar_Community_Support_Project_Stakeholder_Enga,4,The_R4_Rural_Resilience_Initiative,0.5345
Myanmar_Community_Support_Project_Stakeholder_Enga,5,Environmental_and_social_sustainability,0.5285
Myanmar_Community_Support_Project_Stakeholder_Enga,6,Emergencies,0.5236
Myanmar_Community_Support_Project_Stakeholder_Enga,7,Resilience_programming,0.518
Myanmar_Community_Support_Project_Stakeholder_Enga,8,Food_Assistance,0.5165
Myanmar_Community_Support_Project_Stakeholder_Enga,9,Nutrition,0.5085
Myanmar_Community_Support_Project_Stakeholder_Enga,10,Analyses_and_assessments,0.5078
NUTRITION_ET_VIH_Manuel_du_formateur,1,HIV_and_tuberculosis,0.3451
NUTRITION_ET_VIH_Manuel_du_formateur,2,Nutrition,0.2415
NUTRITION_ET_VIH_Manuel_du_formateur,3,Emergency_relief,0.2262
NUTRITION_ET_VIH_Manuel_du_formateur,4,Food_security_analysis,0.2247
NUTRITION_ET_VIH_Manuel_du_formateur,5,Rome_based_agencies,0.2216
NUTRITION_ET_VIH_Manuel_du_formateur,6,Anticipatory_Action,0.2174
NUTRITION_ET_VIH_Manuel_du_formateur,7,Monitoring_evaluation_and_learning,0.2127
NUTRITION_ET_VIH_Manuel_du_formateur,8,Emergency_Preparedness_and_Response,0.2118
NUTRITION_ET_VIH_Manuel_du_formateur,9,Food_fortification,0.2065
NUTRITION_ET_VIH_Manuel_du_formateur,10,Food_safety_and_quality,0.2065
Nepal_Anticipatory_Action_Impact_evaluation,1,Cash_transfers,0.6412
Nepal_Anticipatory_Action_Impact_evaluation,2,Food_security_analysis,0.6109
Nepal_Anticipatory_Action_Impact_evaluation,3,The_R4_Rural_Resilience_Initiative,0.5766
Nepal_Anticipatory_Action_Impact_evaluation,4,Analyses_and_assessments,0.5735
Nepal_Anticipatory_Action_Impact_evaluation,5,Monitoring_evaluation_and_learning,0.5549
Nepal_Anticipatory_Action_Impact_evaluation,6,Humanitarian_Support_and_Services,0.5496
Nepal_Anticipatory_Action_Impact_evaluation,7,School_meals,0.5496
Nepal_Anticipatory_Action_Impact_evaluation,8,Resilience_building,0.5453
Nepal_Anticipatory_Action_Impact_evaluation,9,Nutrition,0.5356
Nepal_Anticipatory_Action_Impact_evaluation,10,Food_fortification,0.531
Nepal_COVID_19_Economic_Vulnerability_Index,1,Country_Capacity_Strengthening,0.5809
Nepal_COVID_19_Economic_Vulnerability_Index,2,Food_security_analysis,0.5226
Nepal_COVID_19_Economic_Vulnerability_Index,3,The_R4_Rural_Resilience_Initiative,0.4882
Nepal_COVID_19_Economic_Vulnerability_Index,4,Energy_for_food_security,0.4716
Nepal_COVID_19_Economic_Vulnerability_Index,5,Emergencies,0.4683
Nepal_COVID_19_Economic_Vulnerability_Index,6,Emergency_Preparedness_and_Response,0.4662
Nepal_COVID_19_Economic_Vulnerability_Index,7,Resilience_building,0.4643
Nepal_COVID_19_Economic_Vulnerability_Index,8,Food_safety_and_quality,0.4618
Nepal_COVID_19_Economic_Vulnerability_Index,9,In_kind_food_distribution,0.4476
Nepal_COVID_19_Economic_Vulnerability_Index,10,Analyses_and_assessments,0.4433
Niger_Resilience_Learning_in_the_Sahel_Impact_eval,1,Resilience_programming,0.663
Niger_Resilience_Learning_in_the_Sahel_Impact_eval,2,Resilience_building,0.6523
Niger_Resilience_Learning_in_the_Sahel_Impact_eval,3,Food_security_analysis,0.6518
Niger_Resilience_Learning_in_the_Sahel_Impact_eval,4,Cash_transfers,0.6495
Niger_Resilience_Learning_in_the_Sahel_Impact_eval,5,The_R4_Rural_Resilience_Initiative,0.6478
Niger_Resilience_Learning_in_the_Sahel_Impact_eval,6,School_meals,0.6354
Niger_Resilience_Learning_in_the_Sahel_Impact_eval,7,Programme_design,0.5811
Niger_Resilience_Learning_in_the_Sahel_Impact_eval,8,Sustainable_livelihoods_and_ecosystems,0.5731
Niger_Resilience_Learning_in_the_Sahel_Impact_eval,9,Energy_for_food_security,0.57
Niger_Resilience_Learning_in_the_Sahel_Impact_eval,10,Food_Assistance_for_Assets,0.5614
Niger_valuation_d_impact_du_projet_Partenariat_UNI,1,Smallholder_agricultural_market_support,0.5319
Niger_valuation_d_impact_du_projet_Partenariat_UNI,2,Food_Assistance_for_Assets,0.5129
Niger_valuation_d_impact_du_projet_Partenariat_UNI,3,The_R4_Rural_Resilience_Initiative,0.4975
Niger_valuation_d_impact_du_projet_Partenariat_UNI,4,Resilience_building,0.4704
Niger_valuation_d_impact_du_projet_Partenariat_UNI,5,Humanitarian_Support_and_Services,0.467
Niger_valuation_d_impact_du_projet_Partenariat_UNI,6,Food_Assistance,0.4614
Niger_valuation_d_impact_du_projet_Partenariat_UNI,7,Sustainable_livelihoods_and_ecosystems,0.4572
Niger_valuation_d_impact_du_projet_Partenariat_UNI,8,Partnerships,0.4051
Niger_valuation_d_impact_du_projet_Partenariat_UNI,9,School_meals,0.395
Niger_valuation_d_impact_du_projet_Partenariat_UNI,10,Emergency_Preparedness_and_Response,0.3886
Nutrition_Barrier_Analysis_Qualitative_Study_Repor,1,School_meals,0.5799
Nutrition_Barrier_Analysis_Qualitative_Study_Repor,2,Specialized_nutritious_food,0.5589
Nutrition_Barrier_Analysis_Qualitative_Study_Repor,3,Food_safety_and_quality,0.5587
Nutrition_Barrier_Analysis_Qualitative_Study_Repor,4,Food_Assistance_for_Assets,0.5509
Nutrition_Barrier_Analysis_Qualitative_Study_Repor,5,Food_security_analysis,0.5386
Nutrition_Barrier_Analysis_Qualitative_Study_Repor,6,Nutrition,0.5241
Nutrition_Barrier_Analysis_Qualitative_Study_Repor,7,Food_Assistance,0.5143
Nutrition_Barrier_Analysis_Qualitative_Study_Repor,8,Energy_for_food_security,0.4882
Nutrition_Barrier_Analysis_Qualitative_Study_Repor,9,In_kind_food_distribution,0.4708
Nutrition_Barrier_Analysis_Qualitative_Study_Repor,10,Food_fortification,0.4583
Nutrition_Snapshot_2024,1,Humanitarian_Support_and_Services,0.5646
Nutrition_Snapshot_2024,2,Nutrition,0.5266
Nutrition_Snapshot_2024,3,The_R4_Rural_Resilience_Initiative,0.4819
Nutrition_Snapshot_2024,4,Energy_for_food_security,0.4713
Nutrition_Snapshot_2024,5,Emergencies,0.468
Nutrition_Snapshot_2024,6,Food_Assistance,0.4652
Nutrition_Snapshot_2024,7,Food_safety_and_quality,0.4622
Nutrition_Snapshot_2024,8,Specialized_nutritious_food,0.456
Nutrition_Snapshot_2024,9,Food_security_analysis,0.4503
Nutrition_Snapshot_2024,10,Procurement,0.4428
Nutrition_at_the_Heart_of_WFP_s_Work_in_Madagascar,1,School_meals,0.623
Nutrition_at_the_Heart_of_WFP_s_Work_in_Madagascar,2,Nutrition,0.5457
Nutrition_at_the_Heart_of_WFP_s_Work_in_Madagascar,3,Food_safety_and_quality,0.5406
Nutrition_at_the_Heart_of_WFP_s_Work_in_Madagascar,4,Food_Assistance,0.5008
Nutrition_at_the_Heart_of_WFP_s_Work_in_Madagascar,5,Specialized_nutritious_food,0.4562
Nutrition_at_the_Heart_of_WFP_s_Work_in_Madagascar,6,Food_Assistance_for_Assets,0.4357
Nutrition_at_the_Heart_of_WFP_s_Work_in_Madagascar,7,Food_systems,0.4345
Nutrition_at_the_Heart_of_WFP_s_Work_in_Madagascar,8,Food_security_analysis,0.433
Nutrition_at_the_Heart_of_WFP_s_Work_in_Madagascar,9,Food_fortification,0.4209
Nutrition_at_the_Heart_of_WFP_s_Work_in_Madagascar,10,Energy_for_food_security,0.4072
Palestine_Environmental_and_Social_Commitment_Plan,1,Monitoring,0.6123
Palestine_Environmental_and_Social_Commitment_Plan,2,Funding_and_donors,0.5359
Palestine_Environmental_and_Social_Commitment_Plan,3,Humanitarian_Support_and_Services,0.5235
Palestine_Environmental_and_Social_Commitment_Plan,4,Analyses_and_assessments,0.5087
Palestine_Environmental_and_Social_Commitment_Plan,5,Emergency_Preparedness_and_Response,0.4499
Palestine_Environmental_and_Social_Commitment_Plan,6,UN_Humanitarian_Air_Service,0.4332
Palestine_Environmental_and_Social_Commitment_Plan,7,Environmental_and_social_sustainability,0.4312
Palestine_Environmental_and_Social_Commitment_Plan,8,Procurement,0.4294
Palestine_Environmental_and_Social_Commitment_Plan,9,Food_Assistance_for_Assets,0.4293
Palestine_Environmental_and_Social_Commitment_Plan,10,Information_Technology_and_Telecommunications_in_Emergencies,0.4172
Palestine_Stakeholder_Engagement_Plan_SEP_for_Emer,1,Humanitarian_Support_and_Services,0.5539
Palestine_Stakeholder_Engagement_Plan_SEP_for_Emer,2,Social_Protection_and_Safety_Nets,0.5532
Palestine_Stakeholder_Engagement_Plan_SEP_for_Emer,3,Gender_equality,0.4675
Palestine_Stakeholder_Engagement_Plan_SEP_for_Emer,4,UN_Humanitarian_Air_Service,0.4643
Palestine_Stakeholder_Engagement_Plan_SEP_for_Emer,5,Partnerships,0.4552
Palestine_Stakeholder_Engagement_Plan_SEP_for_Emer,6,Food_Assistance,0.4472
Palestine_Stakeholder_Engagement_Plan_SEP_for_Emer,7,Emergency_Preparedness_and_Response,0.4455
Palestine_Stakeholder_Engagement_Plan_SEP_for_Emer,8,Food_safety_and_quality,0.4447
Palestine_Stakeholder_Engagement_Plan_SEP_for_Emer,9,Conflicts,0.4202
Palestine_Stakeholder_Engagement_Plan_SEP_for_Emer,10,Energy_for_food_security,0.4147
Partnering_with_WFP_to_protect_vulnerable_communit,1,Partnerships,0.6958
Partnering_with_WFP_to_protect_vulnerable_communit,2,The_R4_Rural_Resilience_Initiative,0.6042
Partnering_with_WFP_to_protect_vulnerable_communit,3,Resilience_building,0.48
Partnering_with_WFP_to_protect_vulnerable_communit,4,Climate_risk_management_insurance_and_financing,0.4706
Partnering_with_WFP_to_protect_vulnerable_communit,5,Climate_action,0.4666
Partnering_with_WFP_to_protect_vulnerable_communit,6,Funding_and_donors,0.464
Partnering_with_WFP_to_protect_vulnerable_communit,7,Local_market_developments,0.4591
Partnering_with_WFP_to_protect_vulnerable_communit,8,Climate_change_adaptation,0.4438
Partnering_with_WFP_to_protect_vulnerable_communit,9,Humanitarian_Support_and_Services,0.4312
Partnering_with_WFP_to_protect_vulnerable_communit,10,Innovation,0.424
Payouts_from_WFP_supported_Disaster_Risk_Financing,1,Resilience_building,0.5353
Payouts_from_WFP_supported_Disaster_Risk_Financing,2,Climate_risk_management_insurance_and_financing,0.5272
Payouts_from_WFP_supported_Disaster_Risk_Financing,3,Sustainable_development_goals,0.5162
Payouts_from_WFP_supported_Disaster_Risk_Financing,4,The_R4_Rural_Resilience_Initiative,0.4894
Payouts_from_WFP_supported_Disaster_Risk_Financing,5,Humanitarian_Support_and_Services,0.4873
Payouts_from_WFP_supported_Disaster_Risk_Financing,6,Resilience_programming,0.4616
Payouts_from_WFP_supported_Disaster_Risk_Financing,7,Climate_change_adaptation,0.4567
Payouts_from_WFP_supported_Disaster_Risk_Financing,8,Smallholder_agricultural_market_support,0.4549
Payouts_from_WFP_supported_Disaster_Risk_Financing,9,Emergency_Preparedness_and_Response,0.4451
Payouts_from_WFP_supported_Disaster_Risk_Financing,10,Environmental_and_social_sustainability,0.4422
Planet_friendly_home_grown_school_feeding_What_doe,1,School_meals,0.6391
Planet_friendly_home_grown_school_feeding_What_doe,2,Procurement,0.6007
Planet_friendly_home_grown_school_feeding_What_doe,3,Food_safety_and_quality,0.596
Planet_friendly_home_grown_school_feeding_What_doe,4,Food_Assistance,0.5914
Planet_friendly_home_grown_school_feeding_What_doe,5,Nutrition,0.5881
Planet_friendly_home_grown_school_feeding_What_doe,6,Climate_change_adaptation,0.585
Planet_friendly_home_grown_school_feeding_What_doe,7,Food_fortification,0.5676
Planet_friendly_home_grown_school_feeding_What_doe,8,Partnerships,0.5585
Planet_friendly_home_grown_school_feeding_What_doe,9,Energy_for_food_security,0.5566
Planet_friendly_home_grown_school_feeding_What_doe,10,Sustainable_livelihoods_and_ecosystems,0.5564
Powering_progress_market_creation_strategies_for_s,1,Environmental_and_social_sustainability,0.5856
Powering_progress_market_creation_strategies_for_s,2,Funding_and_donors,0.5784
Powering_progress_market_creation_strategies_for_s,3,Climate_change_adaptation,0.5477
Powering_progress_market_creation_strategies_for_s,4,Climate_action,0.5446
Powering_progress_market_creation_strategies_for_s,5,Partnerships,0.5339
Powering_progress_market_creation_strategies_for_s,6,Sustainable_livelihoods_and_ecosystems,0.532
Powering_progress_market_creation_strategies_for_s,7,Climate_risk_management_insurance_and_financing,0.5317
Powering_progress_market_creation_strategies_for_s,8,Humanitarian_Support_and_Services,0.5159
Powering_progress_market_creation_strategies_for_s,9,Energy_for_food_security,0.5142
Powering_progress_market_creation_strategies_for_s,10,Private_sector,0.5125
Pre_arranged_Finance_for_Food_Security,1,Humanitarian_Support_and_Services,0.6266
Pre_arranged_Finance_for_Food_Security,2,Sustainable_livelihoods_and_ecosystems,0.5519
Pre_arranged_Finance_for_Food_Security,3,Climate_risk_management_insurance_and_financing,0.4895
Pre_arranged_Finance_for_Food_Security,4,Emergency_Preparedness_and_Response,0.4816
Pre_arranged_Finance_for_Food_Security,5,The_R4_Rural_Resilience_Initiative,0.4671
Pre_arranged_Finance_for_Food_Security,6,Smallholder_agricultural_market_support,0.4518
Pre_arranged_Finance_for_Food_Security,7,Food_security_analysis,0.448
Pre_arranged_Finance_for_Food_Security,8,Energy_for_food_security,0.4427
Pre_arranged_Finance_for_Food_Security,9,Emergency_relief,0.4355
Pre_arranged_Finance_for_Food_Security,10,Anticipatory_Action,0.4331
Prevention_of_Sexual_Exploitation_and_Abuse_Sexual,1,Humanitarian_Support_and_Services,0.419
Prevention_of_Sexual_Exploitation_and_Abuse_Sexual,2,Partnerships,0.3927
Prevention_of_Sexual_Exploitation_and_Abuse_Sexual,3,Country_Capacity_Strengthening,0.3819
Prevention_of_Sexual_Exploitation_and_Abuse_Sexual,4,Climate_services,0.3816
Prevention_of_Sexual_Exploitation_and_Abuse_Sexual,5,Emergency_Preparedness_and_Response,0.3718
Prevention_of_Sexual_Exploitation_and_Abuse_Sexual,6,Social_Protection_and_Safety_Nets,0.3498
Prevention_of_Sexual_Exploitation_and_Abuse_Sexual,7,Analyses_and_assessments,0.3351
Prevention_of_Sexual_Exploitation_and_Abuse_Sexual,8,Private_sector,0.319
Prevention_of_Sexual_Exploitation_and_Abuse_Sexual,9,Food_safety_and_quality,0.3157
Prevention_of_Sexual_Exploitation_and_Abuse_Sexual,10,Food_Assistance_for_Assets,0.3148
Price_monitoring_for_food_security_in_the_Kyrgyz_R,1,Nutrition,0.4699
Price_monitoring_for_food_security_in_the_Kyrgyz_R,2,Energy_for_food_security,0.4356
Price_monitoring_for_food_security_in_the_Kyrgyz_R,3,Specialized_nutritious_food,0.4152
Price_monitoring_for_food_security_in_the_Kyrgyz_R,4,Analyses_and_assessments,0.4113
Price_monitoring_for_food_security_in_the_Kyrgyz_R,5,Humanitarian_Support_and_Services,0.404
Price_monitoring_for_food_security_in_the_Kyrgyz_R,6,Seasonal_and_agricultural_monitoring,0.3997
Price_monitoring_for_food_security_in_the_Kyrgyz_R,7,Food_security_analysis,0.3805
Price_monitoring_for_food_security_in_the_Kyrgyz_R,8,In_kind_food_distribution,0.3774
Price_monitoring_for_food_security_in_the_Kyrgyz_R,9,Market_analysis,0.3709
Price_monitoring_for_food_security_in_the_Kyrgyz_R,10,Climate_change_adaptation,0.3555
R4_Rural_Resilience_Initiative_Quarterly_Report_3_,1,Resilience_building,0.6278
R4_Rural_Resilience_Initiative_Quarterly_Report_3_,2,Climate_services,0.6205
R4_Rural_Resilience_Initiative_Quarterly_Report_3_,3,The_R4_Rural_Resilience_Initiative,0.5884
R4_Rural_Resilience_Initiative_Quarterly_Report_3_,4,Seasonal_and_agricultural_monitoring,0.566
R4_Rural_Resilience_Initiative_Quarterly_Report_3_,5,Partnerships,0.5537
R4_Rural_Resilience_Initiative_Quarterly_Report_3_,6,Resilience_programming,0.5392
R4_Rural_Resilience_Initiative_Quarterly_Report_3_,7,Climate_risk_management_insurance_and_financing,0.5373
R4_Rural_Resilience_Initiative_Quarterly_Report_3_,8,Smallholder_agricultural_market_support,0.528
R4_Rural_Resilience_Initiative_Quarterly_Report_3_,9,Country_Capacity_Strengthening,0.5157
R4_Rural_Resilience_Initiative_Quarterly_Report_3_,10,Climate_change_adaptation,0.5018
RBA_Canada_2nd_Steering_Committee_meeting_Septembe,1,The_R4_Rural_Resilience_Initiative,0.6035
RBA_Canada_2nd_Steering_Committee_meeting_Septembe,2,Nutrition,0.5815
RBA_Canada_2nd_Steering_Committee_meeting_Septembe,3,Partnerships,0.577
RBA_Canada_2nd_Steering_Committee_meeting_Septembe,4,Gender_equality,0.5392
RBA_Canada_2nd_Steering_Committee_meeting_Septembe,5,Cash_transfers,0.5375
RBA_Canada_2nd_Steering_Committee_meeting_Septembe,6,Funding_and_donors,0.4857
RBA_Canada_2nd_Steering_Committee_meeting_Septembe,7,Resilience_building,0.4748
RBA_Canada_2nd_Steering_Committee_meeting_Septembe,8,Food_security_analysis,0.4709
RBA_Canada_2nd_Steering_Committee_meeting_Septembe,9,Analyses_and_assessments,0.465
RBA_Canada_2nd_Steering_Committee_meeting_Septembe,10,Food_Assistance_for_Assets,0.4617
Rajasthan_Food_and_Nutrition_Security_Analysis_202,1,Food_security_analysis,0.7143
Rajasthan_Food_and_Nutrition_Security_Analysis_202,2,Sustainable_development_goals,0.663
Rajasthan_Food_and_Nutrition_Security_Analysis_202,3,Nutrition,0.6396
Rajasthan_Food_and_Nutrition_Security_Analysis_202,4,Social_Protection_and_Safety_Nets,0.6241
Rajasthan_Food_and_Nutrition_Security_Analysis_202,5,Zero_Hunger,0.6074
Rajasthan_Food_and_Nutrition_Security_Analysis_202,6,Food_safety_and_quality,0.6069
Rajasthan_Food_and_Nutrition_Security_Analysis_202,7,Energy_for_food_security,0.6003
Rajasthan_Food_and_Nutrition_Security_Analysis_202,8,Food_Security_Cluster,0.5976
Rajasthan_Food_and_Nutrition_Security_Analysis_202,9,Cash_transfers,0.5765
Rajasthan_Food_and_Nutrition_Security_Analysis_202,10,Sustainable_livelihoods_and_ecosystems,0.5628
Ready_to_learn_and_thrive_School_health_and_nutrit,1,School_meals,0.6798
Ready_to_learn_and_thrive_School_health_and_nutrit,2,Partnerships,0.6672
Ready_to_learn_and_thrive_School_health_and_nutrit,3,Sustainable_development_goals,0.66
Ready_to_learn_and_thrive_School_health_and_nutrit,4,Nutrition,0.6333
Ready_to_learn_and_thrive_School_health_and_nutrit,5,Environmental_and_social_sustainability,0.5626
Ready_to_learn_and_thrive_School_health_and_nutrit,6,Monitoring_evaluation_and_learning,0.5531
Ready_to_learn_and_thrive_School_health_and_nutrit,7,Emergency_Preparedness_and_Response,0.5383
Ready_to_learn_and_thrive_School_health_and_nutrit,8,Monitoring,0.5283
Ready_to_learn_and_thrive_School_health_and_nutrit,9,Gender_equality,0.5252
Ready_to_learn_and_thrive_School_health_and_nutrit,10,Food_security_analysis,0.5225
Regenerating_Ecosystems_and_Restoring_Livelihoods_,1,Sustainable_livelihoods_and_ecosystems,0.6428
Regenerating_Ecosystems_and_Restoring_Livelihoods_,2,Food_Assistance_for_Assets,0.6275
Regenerating_Ecosystems_and_Restoring_Livelihoods_,3,Food_security_analysis,0.5749
Regenerating_Ecosystems_and_Restoring_Livelihoods_,4,Energy_for_food_security,0.5391
Regenerating_Ecosystems_and_Restoring_Livelihoods_,5,Food_Assistance,0.5387
Regenerating_Ecosystems_and_Restoring_Livelihoods_,6,Climate_change_adaptation,0.525
Regenerating_Ecosystems_and_Restoring_Livelihoods_,7,Resilience_building,0.5152
Regenerating_Ecosystems_and_Restoring_Livelihoods_,8,The_R4_Rural_Resilience_Initiative,0.5063
Regenerating_Ecosystems_and_Restoring_Livelihoods_,9,Food_Security_Cluster,0.5012
Regenerating_Ecosystems_and_Restoring_Livelihoods_,10,Resilience_programming,0.4687
Regional_Office_for_Eastern_and_Southern_Africa_No,1,Humanitarian_Support_and_Services,0.3079
Regional_Office_for_Eastern_and_Southern_Africa_No,2,UN_agencies_and_international_institutions,0.2907
Regional_Office_for_Eastern_and_Southern_Africa_No,3,The_R4_Rural_Resilience_Initiative,0.2602
Regional_Office_for_Eastern_and_Southern_Africa_No,4,Country_Capacity_Strengthening,0.2498
Regional_Office_for_Eastern_and_Southern_Africa_No,5,Country_strategic_planning,0.2374
Regional_Office_for_Eastern_and_Southern_Africa_No,6,Seasonal_and_agricultural_monitoring,0.2232
Regional_Office_for_Eastern_and_Southern_Africa_No,7,Sustainable_development_goals,0.2204
Regional_Office_for_Eastern_and_Southern_Africa_No,8,Programme_design,0.2177
Regional_Office_for_Eastern_and_Southern_Africa_No,9,Monitoring_evaluation_and_learning,0.2149
Regional_Office_for_Eastern_and_Southern_Africa_No,10,UN_Humanitarian_Air_Service,0.2052
Resilient_Food_Systems_for_Climate_Action,1,Smallholder_agricultural_market_support,0.6436
Resilient_Food_Systems_for_Climate_Action,2,Food_systems,0.6224
Resilient_Food_Systems_for_Climate_Action,3,Food_safety_and_quality,0.5542
Resilient_Food_Systems_for_Climate_Action,4,Food_security_analysis,0.5428
Resilient_Food_Systems_for_Climate_Action,5,Sustainable_livelihoods_and_ecosystems,0.5236
Resilient_Food_Systems_for_Climate_Action,6,Energy_for_food_security,0.518
Resilient_Food_Systems_for_Climate_Action,7,Nutrition,0.5145
Resilient_Food_Systems_for_Climate_Action,8,School_meals,0.5057
Resilient_Food_Systems_for_Climate_Action,9,The_R4_Rural_Resilience_Initiative,0.4942
Resilient_Food_Systems_for_Climate_Action,10,Food_Security_Cluster,0.4812
Revised_Corporate_Results_Framework_2017_2021_,1,Country_Capacity_Strengthening,0.6631
Revised_Corporate_Results_Framework_2017_2021_,2,Sustainable_development_goals,0.6597
Revised_Corporate_Results_Framework_2017_2021_,3,Country_strategic_planning,0.6025
Revised_Corporate_Results_Framework_2017_2021_,4,Food_security_analysis,0.5951
Revised_Corporate_Results_Framework_2017_2021_,5,Food_systems,0.5798
Revised_Corporate_Results_Framework_2017_2021_,6,Nutrition,0.5771
Revised_Corporate_Results_Framework_2017_2021_,7,Monitoring,0.5701
Revised_Corporate_Results_Framework_2017_2021_,8,Corporate_strategy,0.5681
Revised_Corporate_Results_Framework_2017_2021_,9,Food_Assistance_for_Assets,0.5665
Revised_Corporate_Results_Framework_2017_2021_,10,Smallholder_agricultural_market_support,0.5662
Rwanda_Cash_based_transfers_on_food_security_and_g,1,Resilience_programming,0.7232
Rwanda_Cash_based_transfers_on_food_security_and_g,2,Food_security_analysis,0.6846
Rwanda_Cash_based_transfers_on_food_security_and_g,3,Food_Assistance_for_Assets,0.6502
Rwanda_Cash_based_transfers_on_food_security_and_g,4,Resilience_building,0.6488
Rwanda_Cash_based_transfers_on_food_security_and_g,5,The_R4_Rural_Resilience_Initiative,0.6413
Rwanda_Cash_based_transfers_on_food_security_and_g,6,Gender_equality,0.6097
Rwanda_Cash_based_transfers_on_food_security_and_g,7,Cash_transfers,0.5961
Rwanda_Cash_based_transfers_on_food_security_and_g,8,Private_sector,0.5821
Rwanda_Cash_based_transfers_on_food_security_and_g,9,Seasonal_and_agricultural_monitoring,0.5601
Rwanda_Cash_based_transfers_on_food_security_and_g,10,Food_Security_Cluster,0.5527
Rwanda_Evaluation_of_Home_Grown_School_Feeding_202,1,School_meals,0.7357
Rwanda_Evaluation_of_Home_Grown_School_Feeding_202,2,Food_safety_and_quality,0.7082
Rwanda_Evaluation_of_Home_Grown_School_Feeding_202,3,Procurement,0.6787
Rwanda_Evaluation_of_Home_Grown_School_Feeding_202,4,Nutrition,0.6649
Rwanda_Evaluation_of_Home_Grown_School_Feeding_202,5,Monitoring,0.627
Rwanda_Evaluation_of_Home_Grown_School_Feeding_202,6,Smallholder_agricultural_market_support,0.6117
Rwanda_Evaluation_of_Home_Grown_School_Feeding_202,7,Analyses_and_assessments,0.6074
Rwanda_Evaluation_of_Home_Grown_School_Feeding_202,8,Food_security_analysis,0.5953
Rwanda_Evaluation_of_Home_Grown_School_Feeding_202,9,Country_Capacity_Strengthening,0.5919
Rwanda_Evaluation_of_Home_Grown_School_Feeding_202,10,UN_agencies_and_international_institutions,0.5918
Rwanda_Evaluation_of_WFP_and_Mastercard_Foundation,1,Smallholder_agricultural_market_support,0.6813
Rwanda_Evaluation_of_WFP_and_Mastercard_Foundation,2,Country_Capacity_Strengthening,0.6767
Rwanda_Evaluation_of_WFP_and_Mastercard_Foundation,3,Resilience_building,0.6566
Rwanda_Evaluation_of_WFP_and_Mastercard_Foundation,4,Partnerships,0.6422
Rwanda_Evaluation_of_WFP_and_Mastercard_Foundation,5,Sustainable_livelihoods_and_ecosystems,0.6419
Rwanda_Evaluation_of_WFP_and_Mastercard_Foundation,6,Gender_equality,0.6377
Rwanda_Evaluation_of_WFP_and_Mastercard_Foundation,7,The_R4_Rural_Resilience_Initiative,0.6227
Rwanda_Evaluation_of_WFP_and_Mastercard_Foundation,8,Analyses_and_assessments,0.6182
Rwanda_Evaluation_of_WFP_and_Mastercard_Foundation,9,Monitoring_evaluation_and_learning,0.6088
Rwanda_Evaluation_of_WFP_and_Mastercard_Foundation,10,Resilience_programming,0.5938
Scaling_Up_of_the_Rapid_Rural_Transformation_RRT_I,1,The_R4_Rural_Resilience_Initiative,0.5405
Scaling_Up_of_the_Rapid_Rural_Transformation_RRT_I,2,Climate_services,0.4798
Scaling_Up_of_the_Rapid_Rural_Transformation_RRT_I,3,Sustainable_livelihoods_and_ecosystems,0.4626
Scaling_Up_of_the_Rapid_Rural_Transformation_RRT_I,4,Food_systems,0.4562
Scaling_Up_of_the_Rapid_Rural_Transformation_RRT_I,5,Country_Capacity_Strengthening,0.4517
Scaling_Up_of_the_Rapid_Rural_Transformation_RRT_I,6,Food_Assistance,0.4269
Scaling_Up_of_the_Rapid_Rural_Transformation_RRT_I,7,Environmental_and_social_sustainability,0.4228
Scaling_Up_of_the_Rapid_Rural_Transformation_RRT_I,8,Partnerships,0.4215
Scaling_Up_of_the_Rapid_Rural_Transformation_RRT_I,9,Food_Assistance_for_Assets,0.415
Scaling_Up_of_the_Rapid_Rural_Transformation_RRT_I,10,Smallholder_agricultural_market_support,0.3963
School_Meals_Programme_in_Madagascar,1,Nutrition,0.5931
School_Meals_Programme_in_Madagascar,2,School_meals,0.5767
School_Meals_Programme_in_Madagascar,3,Specialized_nutritious_food,0.4924
School_Meals_Programme_in_Madagascar,4,Food_systems,0.4648
School_Meals_Programme_in_Madagascar,5,Sustainable_development_goals,0.4578
School_Meals_Programme_in_Madagascar,6,Food_fortification,0.4411
School_Meals_Programme_in_Madagascar,7,Food_Assistance,0.4311
School_Meals_Programme_in_Madagascar,8,Food_Assistance_for_Assets,0.4201
School_Meals_Programme_in_Madagascar,9,Energy_for_food_security,0.4178
School_Meals_Programme_in_Madagascar,10,Procurement,0.4131
School_Nutrition_Education_Material_for_Teachers_P,1,Nutrition,0.5533
School_Nutrition_Education_Material_for_Teachers_P,2,Specialized_nutritious_food,0.4706
School_Nutrition_Education_Material_for_Teachers_P,3,School_meals,0.469
School_Nutrition_Education_Material_for_Teachers_P,4,Food_safety_and_quality,0.4528
School_Nutrition_Education_Material_for_Teachers_P,5,Food_security_analysis,0.4046
School_Nutrition_Education_Material_for_Teachers_P,6,Food_systems,0.3785
School_Nutrition_Education_Material_for_Teachers_P,7,Energy_for_food_security,0.3784
School_Nutrition_Education_Material_for_Teachers_P,8,Food_fortification,0.3439
School_Nutrition_Education_Material_for_Teachers_P,9,Food_Assistance,0.342
School_Nutrition_Education_Material_for_Teachers_P,10,Food_Security_Cluster,0.3401
Seasonal_Monitoring_in_Cambodia,1,Climate_change_adaptation,0.3915
Seasonal_Monitoring_in_Cambodia,2,Seasonal_and_agricultural_monitoring,0.3901
Seasonal_Monitoring_in_Cambodia,3,Sustainable_livelihoods_and_ecosystems,0.3724
Seasonal_Monitoring_in_Cambodia,4,Climate_action,0.3493
Seasonal_Monitoring_in_Cambodia,5,Climate_services,0.3246
Seasonal_Monitoring_in_Cambodia,6,UN_Humanitarian_Air_Service,0.3185
Seasonal_Monitoring_in_Cambodia,7,Emergency_Preparedness_and_Response,0.2674
Seasonal_Monitoring_in_Cambodia,8,Monitoring,0.2596
Seasonal_Monitoring_in_Cambodia,9,The_R4_Rural_Resilience_Initiative,0.2581
Seasonal_Monitoring_in_Cambodia,10,Humanitarian_Support_and_Services,0.2452
Security_Impact_on_WFP_s_Operation_in_the_South_Oc,1,Food_safety_and_quality,0.5314
Security_Impact_on_WFP_s_Operation_in_the_South_Oc,2,Cash_transfers,0.5107
Security_Impact_on_WFP_s_Operation_in_the_South_Oc,3,Food_security_analysis,0.5032
Security_Impact_on_WFP_s_Operation_in_the_South_Oc,4,Emergency_Preparedness_and_Response,0.4995
Security_Impact_on_WFP_s_Operation_in_the_South_Oc,5,Emergency_relief,0.4817
Security_Impact_on_WFP_s_Operation_in_the_South_Oc,6,Food_Security_Cluster,0.4354
Security_Impact_on_WFP_s_Operation_in_the_South_Oc,7,Emergencies,0.428
Security_Impact_on_WFP_s_Operation_in_the_South_Oc,8,In_kind_food_distribution,0.41
Security_Impact_on_WFP_s_Operation_in_the_South_Oc,9,Food_systems,0.3868
Security_Impact_on_WFP_s_Operation_in_the_South_Oc,10,Energy_for_food_security,0.378
Security_Risk_Assessment_and_Security_Management_P,1,UN_agencies_and_international_institutions,0.548
Security_Risk_Assessment_and_Security_Management_P,2,Humanitarian_Support_and_Services,0.4614
Security_Risk_Assessment_and_Security_Management_P,3,UN_Humanitarian_Air_Service,0.4453
Security_Risk_Assessment_and_Security_Management_P,4,Partnerships,0.4181
Security_Risk_Assessment_and_Security_Management_P,5,Emergency_Preparedness_and_Response,0.3945
Security_Risk_Assessment_and_Security_Management_P,6,Social_Protection_and_Safety_Nets,0.3826
Security_Risk_Assessment_and_Security_Management_P,7,Procurement,0.3282
Security_Risk_Assessment_and_Security_Management_P,8,Country_strategic_planning,0.3242
Security_Risk_Assessment_and_Security_Management_P,9,Food_security_analysis,0.3238
Security_Risk_Assessment_and_Security_Management_P,10,Sustainable_development_goals,0.321
Senegal_Evaluation_of_Green_Climate_Fund_Project_2,1,The_R4_Rural_Resilience_Initiative,0.7933
Senegal_Evaluation_of_Green_Climate_Fund_Project_2,2,Resilience_building,0.7436
Senegal_Evaluation_of_Green_Climate_Fund_Project_2,3,Food_security_analysis,0.7111
Senegal_Evaluation_of_Green_Climate_Fund_Project_2,4,Sustainable_development_goals,0.6676
Senegal_Evaluation_of_Green_Climate_Fund_Project_2,5,Social_Protection_and_Safety_Nets,0.6635
Senegal_Evaluation_of_Green_Climate_Fund_Project_2,6,Energy_for_food_security,0.6508
Senegal_Evaluation_of_Green_Climate_Fund_Project_2,7,Cash_transfers,0.6336
Senegal_Evaluation_of_Green_Climate_Fund_Project_2,8,Governance_and_leadership,0.6161
Senegal_Evaluation_of_Green_Climate_Fund_Project_2,9,Gender_equality,0.5909
Senegal_Evaluation_of_Green_Climate_Fund_Project_2,10,Rome_based_agencies,0.5903
Severe_Tropical_Storm_Kristine_Trami_Rapid_Damage_,1,Food_security_analysis,0.6529
Severe_Tropical_Storm_Kristine_Trami_Rapid_Damage_,2,Humanitarian_Support_and_Services,0.5987
Severe_Tropical_Storm_Kristine_Trami_Rapid_Damage_,3,Emergency_relief,0.5624
Severe_Tropical_Storm_Kristine_Trami_Rapid_Damage_,4,Energy_for_food_security,0.5506
Severe_Tropical_Storm_Kristine_Trami_Rapid_Damage_,5,Food_Assistance,0.5362
Severe_Tropical_Storm_Kristine_Trami_Rapid_Damage_,6,Local_market_developments,0.519
Severe_Tropical_Storm_Kristine_Trami_Rapid_Damage_,7,Food_Security_Cluster,0.5149
Severe_Tropical_Storm_Kristine_Trami_Rapid_Damage_,8,Emergencies,0.5148
Severe_Tropical_Storm_Kristine_Trami_Rapid_Damage_,9,Emergency_Preparedness_and_Response,0.5136
Severe_Tropical_Storm_Kristine_Trami_Rapid_Damage_,10,Food_Assistance_for_Assets,0.4978
Shifting_schools_to_eCooking_in_Burkina_Faso_an_in,1,Energy_for_food_security,0.5052
Shifting_schools_to_eCooking_in_Burkina_Faso_an_in,2,The_R4_Rural_Resilience_Initiative,0.4892
Shifting_schools_to_eCooking_in_Burkina_Faso_an_in,3,School_meals,0.479
Shifting_schools_to_eCooking_in_Burkina_Faso_an_in,4,Sustainable_livelihoods_and_ecosystems,0.4221
Shifting_schools_to_eCooking_in_Burkina_Faso_an_in,5,Food_safety_and_quality,0.4212
Shifting_schools_to_eCooking_in_Burkina_Faso_an_in,6,Food_Assistance,0.3965
Shifting_schools_to_eCooking_in_Burkina_Faso_an_in,7,Nutrition,0.3921
Shifting_schools_to_eCooking_in_Burkina_Faso_an_in,8,Climate_change_adaptation,0.358
Shifting_schools_to_eCooking_in_Burkina_Faso_an_in,9,Food_security_analysis,0.3514
Shifting_schools_to_eCooking_in_Burkina_Faso_an_in,10,Specialized_nutritious_food,0.3476
Shifting_to_e_cooking_in_schools_Insights_from_Les,1,School_meals,0.6264
Shifting_to_e_cooking_in_schools_Insights_from_Les,2,Energy_for_food_security,0.402
Shifting_to_e_cooking_in_schools_Insights_from_Les,3,Food_systems,0.4005
Shifting_to_e_cooking_in_schools_Insights_from_Les,4,Food_Assistance,0.3708
Shifting_to_e_cooking_in_schools_Insights_from_Les,5,Seasonal_and_agricultural_monitoring,0.3617
Shifting_to_e_cooking_in_schools_Insights_from_Les,6,Analyses_and_assessments,0.3571
Shifting_to_e_cooking_in_schools_Insights_from_Les,7,Food_safety_and_quality,0.3499
Shifting_to_e_cooking_in_schools_Insights_from_Les,8,Food_security_analysis,0.3389
Shifting_to_e_cooking_in_schools_Insights_from_Les,9,Country_Capacity_Strengthening,0.3143
Shifting_to_e_cooking_in_schools_Insights_from_Les,10,Food_Security_Cluster,0.3121
Skills_for_Livelihood_Opportunities_SLO_Global_Pro,1,The_R4_Rural_Resilience_Initiative,0.6153
Skills_for_Livelihood_Opportunities_SLO_Global_Pro,2,Partnerships,0.6127
Skills_for_Livelihood_Opportunities_SLO_Global_Pro,3,Climate_change_adaptation,0.5594
Skills_for_Livelihood_Opportunities_SLO_Global_Pro,4,Sustainable_livelihoods_and_ecosystems,0.5488
Skills_for_Livelihood_Opportunities_SLO_Global_Pro,5,Humanitarian_Support_and_Services,0.5417
Skills_for_Livelihood_Opportunities_SLO_Global_Pro,6,Resilience_building,0.5378
Skills_for_Livelihood_Opportunities_SLO_Global_Pro,7,Energy_for_food_security,0.5059
Skills_for_Livelihood_Opportunities_SLO_Global_Pro,8,UN_agencies_and_international_institutions,0.4822
Skills_for_Livelihood_Opportunities_SLO_Global_Pro,9,Food_security_analysis,0.4801
Skills_for_Livelihood_Opportunities_SLO_Global_Pro,10,Private_sector,0.4673
Social_Assessment_and_Social_Development_Plan_Suda,1,Cash_transfers,0.7328
Social_Assessment_and_Social_Development_Plan_Suda,2,Food_security_analysis,0.596
Social_Assessment_and_Social_Development_Plan_Suda,3,Logistics_and_delivery_networks,0.5931
Social_Assessment_and_Social_Development_Plan_Suda,4,Gender_equality,0.5637
Social_Assessment_and_Social_Development_Plan_Suda,5,Sustainable_livelihoods_and_ecosystems,0.5621
Social_Assessment_and_Social_Development_Plan_Suda,6,Partnerships,0.548
Social_Assessment_and_Social_Development_Plan_Suda,7,Food_safety_and_quality,0.5434
Social_Assessment_and_Social_Development_Plan_Suda,8,Social_Protection_and_Safety_Nets,0.5412
Social_Assessment_and_Social_Development_Plan_Suda,9,Humanitarian_Support_and_Services,0.5322
Social_Assessment_and_Social_Development_Plan_Suda,10,Funding_and_donors,0.5305
Social_and_Behaviour_Change_Communication_Pre_Post,1,Food_Assistance,0.4663
Social_and_Behaviour_Change_Communication_Pre_Post,2,Programme_design,0.4481
Social_and_Behaviour_Change_Communication_Pre_Post,3,Emergency_relief,0.395
Social_and_Behaviour_Change_Communication_Pre_Post,4,Gender_equality,0.3886
Social_and_Behaviour_Change_Communication_Pre_Post,5,Food_Assistance_for_Assets,0.3653
Social_and_Behaviour_Change_Communication_Pre_Post,6,Executive_Board,0.3628
Social_and_Behaviour_Change_Communication_Pre_Post,7,Humanitarian_Support_and_Services,0.3578
Social_and_Behaviour_Change_Communication_Pre_Post,8,Analyses_and_assessments,0.3576
Social_and_Behaviour_Change_Communication_Pre_Post,9,Funding_and_donors,0.3515
Social_and_Behaviour_Change_Communication_Pre_Post,10,Monitoring,0.3392
Social_protection_food_security_and_nutrition_Crit,1,Sustainable_development_goals,0.655
Social_protection_food_security_and_nutrition_Crit,2,HIV_and_tuberculosis,0.5524
Social_protection_food_security_and_nutrition_Crit,3,Environmental_and_social_sustainability,0.5516
Social_protection_food_security_and_nutrition_Crit,4,Nutrition,0.5235
Social_protection_food_security_and_nutrition_Crit,5,Food_security_analysis,0.5067
Social_protection_food_security_and_nutrition_Crit,6,Humanitarian_Support_and_Services,0.4989
Social_protection_food_security_and_nutrition_Crit,7,Social_Protection_and_Safety_Nets,0.4904
Social_protection_food_security_and_nutrition_Crit,8,Food_Assistance_for_Assets,0.4899
Social_protection_food_security_and_nutrition_Crit,9,Energy_for_food_security,0.4803
Social_protection_food_security_and_nutrition_Crit,10,School_meals,0.476
South_South_Quarterly_February_2025_Edition,1,Smallholder_agricultural_market_support,0.561
South_South_Quarterly_February_2025_Edition,2,School_meals,0.5347
South_South_Quarterly_February_2025_Edition,3,The_R4_Rural_Resilience_Initiative,0.5299
South_South_Quarterly_February_2025_Edition,4,Sustainable_livelihoods_and_ecosystems,0.5048
South_South_Quarterly_February_2025_Edition,5,South_South_cooperation,0.5029
South_South_Quarterly_February_2025_Edition,6,Funding_and_donors,0.4857
South_South_Quarterly_February_2025_Edition,7,Humanitarian_Support_and_Services,0.4819
South_South_Quarterly_February_2025_Edition,8,Partnerships,0.4789
South_South_Quarterly_February_2025_Edition,9,Food_security_analysis,0.4704
South_South_Quarterly_February_2025_Edition,10,Food_Assistance,0.4626
South_South_Quarterly_October_2024_Edition,1,The_R4_Rural_Resilience_Initiative,0.7316
South_South_Quarterly_October_2024_Edition,2,Nutrition,0.5988
South_South_Quarterly_October_2024_Edition,3,Food_security_analysis,0.5808
South_South_Quarterly_October_2024_Edition,4,Smallholder_agricultural_market_support,0.5591
South_South_Quarterly_October_2024_Edition,5,Partnerships,0.5562
South_South_Quarterly_October_2024_Edition,6,Energy_for_food_security,0.5484
South_South_Quarterly_October_2024_Edition,7,Emergency_relief,0.528
South_South_Quarterly_October_2024_Edition,8,Climate_action,0.5265
South_South_Quarterly_October_2024_Edition,9,School_meals,0.5066
South_South_Quarterly_October_2024_Edition,10,Information_Technology_and_Telecommunications_in_Emergencies,0.4993
South_South_and_Triangular_Cooperation_SSTC_Fast_F,1,South_South_cooperation,0.7627
South_South_and_Triangular_Cooperation_SSTC_Fast_F,2,Sustainable_development_goals,0.6295
South_South_and_Triangular_Cooperation_SSTC_Fast_F,3,Emergency_Preparedness_and_Response,0.594
South_South_and_Triangular_Cooperation_SSTC_Fast_F,4,Emergency_relief,0.536
South_South_and_Triangular_Cooperation_SSTC_Fast_F,5,Food_security_analysis,0.5157
South_South_and_Triangular_Cooperation_SSTC_Fast_F,6,Funding_and_donors,0.5012
South_South_and_Triangular_Cooperation_SSTC_Fast_F,7,Zero_Hunger,0.479
South_South_and_Triangular_Cooperation_SSTC_Fast_F,8,Country_strategic_planning,0.4781
South_South_and_Triangular_Cooperation_SSTC_Fast_F,9,Country_Capacity_Strengthening,0.4744
South_South_and_Triangular_Cooperation_SSTC_Fast_F,10,Energy_for_food_security,0.4738
South_Sudan_Resilience_Learning_Impact_evaluation,1,Resilience_programming,0.7264
South_Sudan_Resilience_Learning_Impact_evaluation,2,Food_security_analysis,0.6665
South_Sudan_Resilience_Learning_Impact_evaluation,3,Resilience_building,0.6501
South_Sudan_Resilience_Learning_Impact_evaluation,4,The_R4_Rural_Resilience_Initiative,0.6474
South_Sudan_Resilience_Learning_Impact_evaluation,5,Seasonal_and_agricultural_monitoring,0.6274
South_Sudan_Resilience_Learning_Impact_evaluation,6,School_meals,0.5811
South_Sudan_Resilience_Learning_Impact_evaluation,7,Cash_transfers,0.5764
South_Sudan_Resilience_Learning_Impact_evaluation,8,Sustainable_livelihoods_and_ecosystems,0.5737
South_Sudan_Resilience_Learning_Impact_evaluation,9,Energy_for_food_security,0.5664
South_Sudan_Resilience_Learning_Impact_evaluation,10,Food_safety_and_quality,0.5501
Special_Report_2024_FAO_WFP_Crop_and_Food_Security,1,Food_security_analysis,0.6969
Special_Report_2024_FAO_WFP_Crop_and_Food_Security,2,Seasonal_and_agricultural_monitoring,0.6169
Special_Report_2024_FAO_WFP_Crop_and_Food_Security,3,Climate_change_adaptation,0.609
Special_Report_2024_FAO_WFP_Crop_and_Food_Security,4,Food_safety_and_quality,0.5724
Special_Report_2024_FAO_WFP_Crop_and_Food_Security,5,Nutrition,0.5464
Special_Report_2024_FAO_WFP_Crop_and_Food_Security,6,Governance_and_leadership,0.5393
Special_Report_2024_FAO_WFP_Crop_and_Food_Security,7,Smallholder_agricultural_market_support,0.5309
Special_Report_2024_FAO_WFP_Crop_and_Food_Security,8,Food_Security_Cluster,0.5293
Special_Report_2024_FAO_WFP_Crop_and_Food_Security,9,Energy_for_food_security,0.5233
Special_Report_2024_FAO_WFP_Crop_and_Food_Security,10,Country_Capacity_Strengthening,0.5065
Special_Report_FAO_WFP_Crop_and_Food_Security_Asse,1,Nutrition,0.5647
Special_Report_FAO_WFP_Crop_and_Food_Security_Asse,2,Seasonal_and_agricultural_monitoring,0.5284
Special_Report_FAO_WFP_Crop_and_Food_Security_Asse,3,Food_security_analysis,0.5201
Special_Report_FAO_WFP_Crop_and_Food_Security_Asse,4,Food_Assistance_for_Assets,0.4558
Special_Report_FAO_WFP_Crop_and_Food_Security_Asse,5,Sustainable_livelihoods_and_ecosystems,0.4536
Special_Report_FAO_WFP_Crop_and_Food_Security_Asse,6,Specialized_nutritious_food,0.4473
Special_Report_FAO_WFP_Crop_and_Food_Security_Asse,7,Food_systems,0.4434
Special_Report_FAO_WFP_Crop_and_Food_Security_Asse,8,Energy_for_food_security,0.4386
Special_Report_FAO_WFP_Crop_and_Food_Security_Asse,9,Emergencies,0.436
Special_Report_FAO_WFP_Crop_and_Food_Security_Asse,10,In_kind_food_distribution,0.4353
Strategic_Evaluation_of_WFP_s_Protection_from_Sexu,1,Food_Security_Cluster,0.6869
Strategic_Evaluation_of_WFP_s_Protection_from_Sexu,2,Gender_equality,0.6379
Strategic_Evaluation_of_WFP_s_Protection_from_Sexu,3,Humanitarian_Support_and_Services,0.6044
Strategic_Evaluation_of_WFP_s_Protection_from_Sexu,4,Food_security_analysis,0.5988
Strategic_Evaluation_of_WFP_s_Protection_from_Sexu,5,Funding_and_donors,0.5898
Strategic_Evaluation_of_WFP_s_Protection_from_Sexu,6,Executive_Board,0.5867
Strategic_Evaluation_of_WFP_s_Protection_from_Sexu,7,Cash_transfers,0.5842
Strategic_Evaluation_of_WFP_s_Protection_from_Sexu,8,Country_Capacity_Strengthening,0.5831
Strategic_Evaluation_of_WFP_s_Protection_from_Sexu,9,Partnerships,0.5618
Strategic_Evaluation_of_WFP_s_Protection_from_Sexu,10,Analyses_and_assessments,0.5505
Strategic_Evaluation_of_WFP_s_Work_on_Nutrition_an,1,HIV_and_tuberculosis,0.7762
Strategic_Evaluation_of_WFP_s_Work_on_Nutrition_an,2,UN_agencies_and_international_institutions,0.6947
Strategic_Evaluation_of_WFP_s_Work_on_Nutrition_an,3,Gender_equality,0.6739
Strategic_Evaluation_of_WFP_s_Work_on_Nutrition_an,4,Monitoring,0.6736
Strategic_Evaluation_of_WFP_s_Work_on_Nutrition_an,5,Cash_transfers,0.6576
Strategic_Evaluation_of_WFP_s_Work_on_Nutrition_an,6,Partnerships,0.655
Strategic_Evaluation_of_WFP_s_Work_on_Nutrition_an,7,Country_Capacity_Strengthening,0.645
Strategic_Evaluation_of_WFP_s_Work_on_Nutrition_an,8,Nutrition,0.637
Strategic_Evaluation_of_WFP_s_Work_on_Nutrition_an,9,Social_Protection_and_Safety_Nets,0.6082
Strategic_Evaluation_of_WFP_s_Work_on_Nutrition_an,10,Resilience_programming,0.6078
Strategic_Roadmap_for_the_SUN_Business_Network_in_,1,Food_safety_and_quality,0.7037
Strategic_Roadmap_for_the_SUN_Business_Network_in_,2,Private_sector,0.6423
Strategic_Roadmap_for_the_SUN_Business_Network_in_,3,Nutrition,0.6099
Strategic_Roadmap_for_the_SUN_Business_Network_in_,4,Supply_chain,0.5868
Strategic_Roadmap_for_the_SUN_Business_Network_in_,5,Food_fortification,0.5782
Strategic_Roadmap_for_the_SUN_Business_Network_in_,6,Specialized_nutritious_food,0.5327
Strategic_Roadmap_for_the_SUN_Business_Network_in_,7,Sustainable_development_goals,0.5323
Strategic_Roadmap_for_the_SUN_Business_Network_in_,8,Food_security_analysis,0.5268
Strategic_Roadmap_for_the_SUN_Business_Network_in_,9,Funding_and_donors,0.5023
Strategic_Roadmap_for_the_SUN_Business_Network_in_,10,Smallholder_agricultural_market_support,0.4988
Strategic_evaluation_of_WFP_s_approaches_to_target,1,Food_Assistance_for_Assets,0.5687
Strategic_evaluation_of_WFP_s_approaches_to_target,2,Food_Assistance,0.5553
Strategic_evaluation_of_WFP_s_approaches_to_target,3,Independent_evaluation,0.5452
Strategic_evaluation_of_WFP_s_approaches_to_target,4,Food_security_analysis,0.5379
Strategic_evaluation_of_WFP_s_approaches_to_target,5,Monitoring_evaluation_and_learning,0.5046
Strategic_evaluation_of_WFP_s_approaches_to_target,6,Food_safety_and_quality,0.5027
Strategic_evaluation_of_WFP_s_approaches_to_target,7,Analyses_and_assessments,0.4846
Strategic_evaluation_of_WFP_s_approaches_to_target,8,Energy_for_food_security,0.4768
Strategic_evaluation_of_WFP_s_approaches_to_target,9,Executive_Board,0.4642
Strategic_evaluation_of_WFP_s_approaches_to_target,10,Humanitarian_Support_and_Services,0.4622
Strategic_evaluation_on_WFP_s_support_to_refugees_,1,Food_security_analysis,0.6963
Strategic_evaluation_on_WFP_s_support_to_refugees_,2,Country_strategic_planning,0.6704
Strategic_evaluation_on_WFP_s_support_to_refugees_,3,The_R4_Rural_Resilience_Initiative,0.6404
Strategic_evaluation_on_WFP_s_support_to_refugees_,4,Resilience_building,0.6358
Strategic_evaluation_on_WFP_s_support_to_refugees_,5,Resilience_programming,0.6289
Strategic_evaluation_on_WFP_s_support_to_refugees_,6,Food_Assistance_for_Assets,0.6289
Strategic_evaluation_on_WFP_s_support_to_refugees_,7,Emergency_Preparedness_and_Response,0.622
Strategic_evaluation_on_WFP_s_support_to_refugees_,8,Partnerships,0.6169
Strategic_evaluation_on_WFP_s_support_to_refugees_,9,Food_Assistance,0.6053
Strategic_evaluation_on_WFP_s_support_to_refugees_,10,Humanitarian_Support_and_Services,0.6045
Strengthening_Early_Warning_Systems_for_Anticipato,1,The_R4_Rural_Resilience_Initiative,0.4748
Strengthening_Early_Warning_Systems_for_Anticipato,2,Emergency_Preparedness_and_Response,0.4602
Strengthening_Early_Warning_Systems_for_Anticipato,3,Climate_services,0.4114
Strengthening_Early_Warning_Systems_for_Anticipato,4,Country_strategic_planning,0.4095
Strengthening_Early_Warning_Systems_for_Anticipato,5,Innovation,0.4083
Strengthening_Early_Warning_Systems_for_Anticipato,6,Country_Capacity_Strengthening,0.3946
Strengthening_Early_Warning_Systems_for_Anticipato,7,Humanitarian_Support_and_Services,0.3941
Strengthening_Early_Warning_Systems_for_Anticipato,8,Climate_change_adaptation,0.3868
Strengthening_Early_Warning_Systems_for_Anticipato,9,Climate_action,0.3812
Strengthening_Early_Warning_Systems_for_Anticipato,10,Information_Technology_and_Telecommunications_in_Emergencies,0.367
Strengthening_Government_Institutions_for_Inclusiv,1,Food_security_analysis,0.5662
Strengthening_Government_Institutions_for_Inclusiv,2,Energy_for_food_security,0.5228
Strengthening_Government_Institutions_for_Inclusiv,3,Food_Security_Cluster,0.52
Strengthening_Government_Institutions_for_Inclusiv,4,Food_systems,0.5063
Strengthening_Government_Institutions_for_Inclusiv,5,Food_safety_and_quality,0.485
Strengthening_Government_Institutions_for_Inclusiv,6,Food_Assistance,0.4345
Strengthening_Government_Institutions_for_Inclusiv,7,Food_Assistance_for_Assets,0.4293
Strengthening_Government_Institutions_for_Inclusiv,8,Food_fortification,0.4247
Strengthening_Government_Institutions_for_Inclusiv,9,The_R4_Rural_Resilience_Initiative,0.42
Strengthening_Government_Institutions_for_Inclusiv,10,Sustainable_livelihoods_and_ecosystems,0.4137
Strengthening_human_capital_for_resilience_and_foo,1,Food_security_analysis,0.5761
Strengthening_human_capital_for_resilience_and_foo,2,Energy_for_food_security,0.5225
Strengthening_human_capital_for_resilience_and_foo,3,Food_Assistance_for_Assets,0.4881
Strengthening_human_capital_for_resilience_and_foo,4,Food_safety_and_quality,0.4731
Strengthening_human_capital_for_resilience_and_foo,5,Food_Security_Cluster,0.4488
Strengthening_human_capital_for_resilience_and_foo,6,The_R4_Rural_Resilience_Initiative,0.4453
Strengthening_human_capital_for_resilience_and_foo,7,Sustainable_livelihoods_and_ecosystems,0.4196
Strengthening_human_capital_for_resilience_and_foo,8,Food_Assistance,0.4092
Strengthening_human_capital_for_resilience_and_foo,9,Specialized_nutritious_food,0.3927
Strengthening_human_capital_for_resilience_and_foo,10,Country_Capacity_Strengthening,0.3865
Strengthening_the_Humanitarian_System_in_India,1,Humanitarian_Support_and_Services,0.6795
Strengthening_the_Humanitarian_System_in_India,2,Emergency_Preparedness_and_Response,0.6585
Strengthening_the_Humanitarian_System_in_India,3,Emergency_relief,0.6144
Strengthening_the_Humanitarian_System_in_India,4,UN_agencies_and_international_institutions,0.5918
Strengthening_the_Humanitarian_System_in_India,5,Resilience_building,0.546
Strengthening_the_Humanitarian_System_in_India,6,Gender_equality,0.5288
Strengthening_the_Humanitarian_System_in_India,7,Emergencies,0.5121
Strengthening_the_Humanitarian_System_in_India,8,Supply_chain,0.5118
Strengthening_the_Humanitarian_System_in_India,9,UN_Humanitarian_Air_Service,0.5094
Strengthening_the_Humanitarian_System_in_India,10,Climate_risk_management_insurance_and_financing,0.5085
Sudan_Emergency_Wheat_Production_Project_Final_eva,1,Analyses_and_assessments,0.611
Sudan_Emergency_Wheat_Production_Project_Final_eva,2,Gender_equality,0.6038
Sudan_Emergency_Wheat_Production_Project_Final_eva,3,The_R4_Rural_Resilience_Initiative,0.6033
Sudan_Emergency_Wheat_Production_Project_Final_eva,4,Humanitarian_Support_and_Services,0.598
Sudan_Emergency_Wheat_Production_Project_Final_eva,5,Independent_evaluation,0.5862
Sudan_Emergency_Wheat_Production_Project_Final_eva,6,Sustainable_development_goals,0.5748
Sudan_Emergency_Wheat_Production_Project_Final_eva,7,Smallholder_agricultural_market_support,0.5481
Sudan_Emergency_Wheat_Production_Project_Final_eva,8,Food_security_analysis,0.5447
Sudan_Emergency_Wheat_Production_Project_Final_eva,9,Funding_and_donors,0.5308
Sudan_Emergency_Wheat_Production_Project_Final_eva,10,Monitoring_evaluation_and_learning,0.5305
Sudan_SOMOUD_Enhancing_Community_Resilience_Projec,1,Governance_and_leadership,0.5657
Sudan_SOMOUD_Enhancing_Community_Resilience_Projec,2,Smallholder_agricultural_market_support,0.5286
Sudan_SOMOUD_Enhancing_Community_Resilience_Projec,3,Gender_equality,0.5044
Sudan_SOMOUD_Enhancing_Community_Resilience_Projec,4,Analyses_and_assessments,0.4755
Sudan_SOMOUD_Enhancing_Community_Resilience_Projec,5,Environmental_and_social_sustainability,0.4726
Sudan_SOMOUD_Enhancing_Community_Resilience_Projec,6,Food_safety_and_quality,0.4686
Sudan_SOMOUD_Enhancing_Community_Resilience_Projec,7,Seasonal_and_agricultural_monitoring,0.4591
Sudan_SOMOUD_Enhancing_Community_Resilience_Projec,8,Food_Assistance_for_Assets,0.4557
Sudan_SOMOUD_Enhancing_Community_Resilience_Projec,9,Social_Protection_and_Safety_Nets,0.4529
Sudan_SOMOUD_Enhancing_Community_Resilience_Projec,10,The_R4_Rural_Resilience_Initiative,0.4526
Summary_of_evaluation_evidence_Prioritization,1,Analyses_and_assessments,0.5289
Summary_of_evaluation_evidence_Prioritization,2,Resilience_building,0.5072
Summary_of_evaluation_evidence_Prioritization,3,The_R4_Rural_Resilience_Initiative,0.4763
Summary_of_evaluation_evidence_Prioritization,4,Funding_and_donors,0.472
Summary_of_evaluation_evidence_Prioritization,5,Country_strategic_planning,0.4526
Summary_of_evaluation_evidence_Prioritization,6,Country_Capacity_Strengthening,0.4509
Summary_of_evaluation_evidence_Prioritization,7,Resilience_programming,0.4409
Summary_of_evaluation_evidence_Prioritization,8,Corporate_strategy,0.4338
Summary_of_evaluation_evidence_Prioritization,9,Nutrition,0.4161
Summary_of_evaluation_evidence_Prioritization,10,Food_Assistance_for_Assets,0.4117
Summary_of_evaluation_evidence_Targeting_in_Emerge,1,Food_security_analysis,0.6805
Summary_of_evaluation_evidence_Targeting_in_Emerge,2,Food_Security_Cluster,0.5977
Summary_of_evaluation_evidence_Targeting_in_Emerge,3,Food_Assistance,0.5838
Summary_of_evaluation_evidence_Targeting_in_Emerge,4,Country_Capacity_Strengthening,0.5777
Summary_of_evaluation_evidence_Targeting_in_Emerge,5,Emergency_Preparedness_and_Response,0.5655
Summary_of_evaluation_evidence_Targeting_in_Emerge,6,Food_Assistance_for_Assets,0.5654
Summary_of_evaluation_evidence_Targeting_in_Emerge,7,Humanitarian_Support_and_Services,0.5145
Summary_of_evaluation_evidence_Targeting_in_Emerge,8,Energy_for_food_security,0.5141
Summary_of_evaluation_evidence_Targeting_in_Emerge,9,Food_safety_and_quality,0.5034
Summary_of_evaluation_evidence_Targeting_in_Emerge,10,Partnerships,0.4989
Summary_of_evaluation_evidence_USDA_McGovern_Dole_,1,School_meals,0.5462
Summary_of_evaluation_evidence_USDA_McGovern_Dole_,2,Food_Assistance,0.5379
Summary_of_evaluation_evidence_USDA_McGovern_Dole_,3,Food_Assistance_for_Assets,0.5249
Summary_of_evaluation_evidence_USDA_McGovern_Dole_,4,Monitoring_evaluation_and_learning,0.5153
Summary_of_evaluation_evidence_USDA_McGovern_Dole_,5,Procurement,0.5136
Summary_of_evaluation_evidence_USDA_McGovern_Dole_,6,Analyses_and_assessments,0.5071
Summary_of_evaluation_evidence_USDA_McGovern_Dole_,7,Sustainable_development_goals,0.5002
Summary_of_evaluation_evidence_USDA_McGovern_Dole_,8,Funding_and_donors,0.479
Summary_of_evaluation_evidence_USDA_McGovern_Dole_,9,Monitoring,0.4651
Summary_of_evaluation_evidence_USDA_McGovern_Dole_,10,Food_security_analysis,0.4615
Summary_of_evaluation_evidence_WFP_s_actions_to_ad,1,The_R4_Rural_Resilience_Initiative,0.6664
Summary_of_evaluation_evidence_WFP_s_actions_to_ad,2,Climate_risk_management_insurance_and_financing,0.6135
Summary_of_evaluation_evidence_WFP_s_actions_to_ad,3,Sustainable_livelihoods_and_ecosystems,0.6013
Summary_of_evaluation_evidence_WFP_s_actions_to_ad,4,Climate_action,0.5828
Summary_of_evaluation_evidence_WFP_s_actions_to_ad,5,Partnerships,0.5551
Summary_of_evaluation_evidence_WFP_s_actions_to_ad,6,Climate_change_adaptation,0.5418
Summary_of_evaluation_evidence_WFP_s_actions_to_ad,7,Country_strategic_planning,0.5312
Summary_of_evaluation_evidence_WFP_s_actions_to_ad,8,Resilience_building,0.5132
Summary_of_evaluation_evidence_WFP_s_actions_to_ad,9,Social_Protection_and_Safety_Nets,0.5007
Summary_of_evaluation_evidence_WFP_s_actions_to_ad,10,Climate_services,0.481
Summary_of_evaluation_evidence_WFP_s_budget_revisi,1,Emergency_Preparedness_and_Response,0.5326
Summary_of_evaluation_evidence_WFP_s_budget_revisi,2,Analyses_and_assessments,0.5177
Summary_of_evaluation_evidence_WFP_s_budget_revisi,3,Country_strategic_planning,0.5021
Summary_of_evaluation_evidence_WFP_s_budget_revisi,4,Emergencies,0.4644
Summary_of_evaluation_evidence_WFP_s_budget_revisi,5,Country_Capacity_Strengthening,0.4173
Summary_of_evaluation_evidence_WFP_s_budget_revisi,6,UN_agencies_and_international_institutions,0.3975
Summary_of_evaluation_evidence_WFP_s_budget_revisi,7,Emergency_relief,0.397
Summary_of_evaluation_evidence_WFP_s_budget_revisi,8,Resilience_building,0.3775
Summary_of_evaluation_evidence_WFP_s_budget_revisi,9,Programme_design,0.3619
Summary_of_evaluation_evidence_WFP_s_budget_revisi,10,Information_Technology_and_Telecommunications_in_Emergencies,0.3612
Supporting_Social_Protection_Systems_in_the_Sahel_,1,Social_Protection_and_Safety_Nets,0.6413
Supporting_Social_Protection_Systems_in_the_Sahel_,2,The_R4_Rural_Resilience_Initiative,0.607
Supporting_Social_Protection_Systems_in_the_Sahel_,3,Humanitarian_Support_and_Services,0.6066
Supporting_Social_Protection_Systems_in_the_Sahel_,4,Cash_transfers,0.5556
Supporting_Social_Protection_Systems_in_the_Sahel_,5,Resilience_building,0.5188
Supporting_Social_Protection_Systems_in_the_Sahel_,6,Programme_design,0.5073
Supporting_Social_Protection_Systems_in_the_Sahel_,7,Nutrition,0.4913
Supporting_Social_Protection_Systems_in_the_Sahel_,8,Partnerships,0.4892
Supporting_Social_Protection_Systems_in_the_Sahel_,9,Climate_risk_management_insurance_and_financing,0.4674
Supporting_Social_Protection_Systems_in_the_Sahel_,10,Food_Assistance_for_Assets,0.457
Sustainable_Healthy_Diets_in_Cambodia_Evidence_for,1,Nutrition,0.6035
Sustainable_Healthy_Diets_in_Cambodia_Evidence_for,2,Food_fortification,0.5559
Sustainable_Healthy_Diets_in_Cambodia_Evidence_for,3,Smallholder_agricultural_market_support,0.5363
Sustainable_Healthy_Diets_in_Cambodia_Evidence_for,4,Food_systems,0.4904
Sustainable_Healthy_Diets_in_Cambodia_Evidence_for,5,Specialized_nutritious_food,0.4881
Sustainable_Healthy_Diets_in_Cambodia_Evidence_for,6,Energy_for_food_security,0.4867
Sustainable_Healthy_Diets_in_Cambodia_Evidence_for,7,Partnerships,0.4851
Sustainable_Healthy_Diets_in_Cambodia_Evidence_for,8,Food_safety_and_quality,0.4722
Sustainable_Healthy_Diets_in_Cambodia_Evidence_for,9,Food_security_analysis,0.4703
Sustainable_Healthy_Diets_in_Cambodia_Evidence_for,10,Seasonal_and_agricultural_monitoring,0.4628
Sustaining_Relief_and_Development_Responses_in_Nig,1,Social_Protection_and_Safety_Nets,0.7496
Sustaining_Relief_and_Development_Responses_in_Nig,2,Resilience_building,0.6589
Sustaining_Relief_and_Development_Responses_in_Nig,3,Humanitarian_Support_and_Services,0.6185
Sustaining_Relief_and_Development_Responses_in_Nig,4,The_R4_Rural_Resilience_Initiative,0.6104
Sustaining_Relief_and_Development_Responses_in_Nig,5,Cash_transfers,0.6088
Sustaining_Relief_and_Development_Responses_in_Nig,6,Resilience_programming,0.5516
Sustaining_Relief_and_Development_Responses_in_Nig,7,Emergency_Preparedness_and_Response,0.5473
Sustaining_Relief_and_Development_Responses_in_Nig,8,Climate_change_adaptation,0.5095
Sustaining_Relief_and_Development_Responses_in_Nig,9,Food_security_analysis,0.502
Sustaining_Relief_and_Development_Responses_in_Nig,10,Energy_for_food_security,0.4949
Synthesis_of_evaluative_evidence_on_the_humanitari,1,Humanitarian_Support_and_Services,0.6361
Synthesis_of_evaluative_evidence_on_the_humanitari,2,Country_Capacity_Strengthening,0.6348
Synthesis_of_evaluative_evidence_on_the_humanitari,3,Gender_equality,0.5823
Synthesis_of_evaluative_evidence_on_the_humanitari,4,Partnerships,0.5774
Synthesis_of_evaluative_evidence_on_the_humanitari,5,UN_agencies_and_international_institutions,0.5695
Synthesis_of_evaluative_evidence_on_the_humanitari,6,Sustainable_development_goals,0.5623
Synthesis_of_evaluative_evidence_on_the_humanitari,7,Food_security_analysis,0.5619
Synthesis_of_evaluative_evidence_on_the_humanitari,8,The_R4_Rural_Resilience_Initiative,0.5501
Synthesis_of_evaluative_evidence_on_the_humanitari,9,Procurement,0.534
Synthesis_of_evaluative_evidence_on_the_humanitari,10,Emergency_Preparedness_and_Response,0.5282
Tanzania_Evaluation_of_the_Farm_to_Market_Alliance,1,Analyses_and_assessments,0.5812
Tanzania_Evaluation_of_the_Farm_to_Market_Alliance,2,Smallholder_agricultural_market_support,0.5465
Tanzania_Evaluation_of_the_Farm_to_Market_Alliance,3,Sustainable_development_goals,0.5079
Tanzania_Evaluation_of_the_Farm_to_Market_Alliance,4,Monitoring_evaluation_and_learning,0.5062
Tanzania_Evaluation_of_the_Farm_to_Market_Alliance,5,Country_strategic_planning,0.4876
Tanzania_Evaluation_of_the_Farm_to_Market_Alliance,6,UN_agencies_and_international_institutions,0.4828
Tanzania_Evaluation_of_the_Farm_to_Market_Alliance,7,Sustainable_livelihoods_and_ecosystems,0.4705
Tanzania_Evaluation_of_the_Farm_to_Market_Alliance,8,The_R4_Rural_Resilience_Initiative,0.4675
Tanzania_Evaluation_of_the_Farm_to_Market_Alliance,9,Private_sector,0.4604
Tanzania_Evaluation_of_the_Farm_to_Market_Alliance,10,Food_Assistance_for_Assets,0.4583
The_Climate_Crisis_and_Hunger,1,Climate_risk_management_insurance_and_financing,0.6098
The_Climate_Crisis_and_Hunger,2,Food_security_analysis,0.5593
The_Climate_Crisis_and_Hunger,3,Climate_change_adaptation,0.5489
The_Climate_Crisis_and_Hunger,4,Food_systems,0.5463
The_Climate_Crisis_and_Hunger,5,Climate_action,0.5395
The_Climate_Crisis_and_Hunger,6,Energy_for_food_security,0.5263
The_Climate_Crisis_and_Hunger,7,Food_safety_and_quality,0.5061
The_Climate_Crisis_and_Hunger,8,Food_Security_Cluster,0.4673
The_Climate_Crisis_and_Hunger,9,Sustainable_livelihoods_and_ecosystems,0.4609
The_Climate_Crisis_and_Hunger,10,Specialized_nutritious_food,0.449
The_State_of_Food_Security_and_Nutrition_in_the_Wo,1,Nutrition,0.6201
The_State_of_Food_Security_and_Nutrition_in_the_Wo,2,Food_security_analysis,0.5912
The_State_of_Food_Security_and_Nutrition_in_the_Wo,3,Corporate_strategy,0.552
The_State_of_Food_Security_and_Nutrition_in_the_Wo,4,Energy_for_food_security,0.5519
The_State_of_Food_Security_and_Nutrition_in_the_Wo,5,In_kind_food_distribution,0.5277
The_State_of_Food_Security_and_Nutrition_in_the_Wo,6,Sustainable_development_goals,0.5251
The_State_of_Food_Security_and_Nutrition_in_the_Wo,7,Food_safety_and_quality,0.5225
The_State_of_Food_Security_and_Nutrition_in_the_Wo,8,Food_systems,0.5009
The_State_of_Food_Security_and_Nutrition_in_the_Wo,9,Smallholder_agricultural_market_support,0.4927
The_State_of_Food_Security_and_Nutrition_in_the_Wo,10,Specialized_nutritious_food,0.4921
The_future_of_food_systems_in_the_Amazon,1,Food_safety_and_quality,0.7044
The_future_of_food_systems_in_the_Amazon,2,Food_systems,0.6721
The_future_of_food_systems_in_the_Amazon,3,Sustainable_livelihoods_and_ecosystems,0.6511
The_future_of_food_systems_in_the_Amazon,4,Partnerships,0.6438
The_future_of_food_systems_in_the_Amazon,5,Food_security_analysis,0.639
The_future_of_food_systems_in_the_Amazon,6,Governance_and_leadership,0.5998
The_future_of_food_systems_in_the_Amazon,7,Nutrition,0.5908
The_future_of_food_systems_in_the_Amazon,8,The_R4_Rural_Resilience_Initiative,0.5737
The_future_of_food_systems_in_the_Amazon,9,Energy_for_food_security,0.5669
The_future_of_food_systems_in_the_Amazon,10,Conflicts,0.5398
The_importance_of_investing_in_the_wellbeing_of_ch,1,School_meals,0.5582
The_importance_of_investing_in_the_wellbeing_of_ch,2,Partnerships,0.5055
The_importance_of_investing_in_the_wellbeing_of_ch,3,Nutrition,0.4786
The_importance_of_investing_in_the_wellbeing_of_ch,4,Energy_for_food_security,0.4425
The_importance_of_investing_in_the_wellbeing_of_ch,5,Humanitarian_Support_and_Services,0.4396
The_importance_of_investing_in_the_wellbeing_of_ch,6,Funding_and_donors,0.4244
The_importance_of_investing_in_the_wellbeing_of_ch,7,Food_security_analysis,0.4172
The_importance_of_investing_in_the_wellbeing_of_ch,8,The_R4_Rural_Resilience_Initiative,0.4122
The_importance_of_investing_in_the_wellbeing_of_ch,9,Food_Assistance_for_Assets,0.4072
The_importance_of_investing_in_the_wellbeing_of_ch,10,Sustainable_development_goals,0.4009
The_importance_of_school_meals_programmes_in_fragi,1,Conflicts,0.7225
The_importance_of_school_meals_programmes_in_fragi,2,School_meals,0.7037
The_importance_of_school_meals_programmes_in_fragi,3,Emergencies,0.6979
The_importance_of_school_meals_programmes_in_fragi,4,Emergency_Preparedness_and_Response,0.6536
The_importance_of_school_meals_programmes_in_fragi,5,Resilience_programming,0.6118
The_importance_of_school_meals_programmes_in_fragi,6,Emergency_relief,0.6017
The_importance_of_school_meals_programmes_in_fragi,7,The_R4_Rural_Resilience_Initiative,0.5989
The_importance_of_school_meals_programmes_in_fragi,8,Resilience_building,0.588
The_importance_of_school_meals_programmes_in_fragi,9,Food_safety_and_quality,0.584
The_importance_of_school_meals_programmes_in_fragi,10,Humanitarian_Support_and_Services,0.5839
The_role_of_clean_energy_in_food_value_chains,1,Energy_for_food_security,0.6536
The_role_of_clean_energy_in_food_value_chains,2,Logistics_and_delivery_networks,0.5758
The_role_of_clean_energy_in_food_value_chains,3,Local_market_developments,0.5258
The_role_of_clean_energy_in_food_value_chains,4,School_meals,0.5189
The_role_of_clean_energy_in_food_value_chains,5,Sustainable_livelihoods_and_ecosystems,0.5108
The_role_of_clean_energy_in_food_value_chains,6,Smallholder_agricultural_market_support,0.5095
The_role_of_clean_energy_in_food_value_chains,7,Food_systems,0.4782
The_role_of_clean_energy_in_food_value_chains,8,Food_Assistance_for_Assets,0.4618
The_role_of_clean_energy_in_food_value_chains,9,Partnerships,0.4609
The_role_of_clean_energy_in_food_value_chains,10,Food_security_analysis,0.4564
Thematic_Fact_Sheets_Philippines,1,Food_fortification,0.481
Thematic_Fact_Sheets_Philippines,2,The_R4_Rural_Resilience_Initiative,0.4617
Thematic_Fact_Sheets_Philippines,3,School_meals,0.4378
Thematic_Fact_Sheets_Philippines,4,Nutrition,0.3935
Thematic_Fact_Sheets_Philippines,5,Food_Security_Cluster,0.3861
Thematic_Fact_Sheets_Philippines,6,Food_Assistance,0.3751
Thematic_Fact_Sheets_Philippines,7,Smallholder_agricultural_market_support,0.374
Thematic_Fact_Sheets_Philippines,8,Energy_for_food_security,0.3737
Thematic_Fact_Sheets_Philippines,9,Partnerships,0.3714
Thematic_Fact_Sheets_Philippines,10,Food_security_analysis,0.3679
Timor_Leste_Cost_of_Diet_Analysis_2023_Update,1,Nutrition,0.5961
Timor_Leste_Cost_of_Diet_Analysis_2023_Update,2,Food_security_analysis,0.5865
Timor_Leste_Cost_of_Diet_Analysis_2023_Update,3,Food_safety_and_quality,0.5062
Timor_Leste_Cost_of_Diet_Analysis_2023_Update,4,Specialized_nutritious_food,0.4876
Timor_Leste_Cost_of_Diet_Analysis_2023_Update,5,Energy_for_food_security,0.4861
Timor_Leste_Cost_of_Diet_Analysis_2023_Update,6,In_kind_food_distribution,0.4785
Timor_Leste_Cost_of_Diet_Analysis_2023_Update,7,Market_analysis,0.4562
Timor_Leste_Cost_of_Diet_Analysis_2023_Update,8,Food_systems,0.4205
Timor_Leste_Cost_of_Diet_Analysis_2023_Update,9,Zero_Hunger,0.4198
Timor_Leste_Cost_of_Diet_Analysis_2023_Update,10,Food_Assistance,0.4131
Timor_Leste_School_Feeding_Recipe_Book_2023_Reseit,1,School_meals,0.2663
Timor_Leste_School_Feeding_Recipe_Book_2023_Reseit,2,Zero_Hunger,0.2357
Timor_Leste_School_Feeding_Recipe_Book_2023_Reseit,3,Food_safety_and_quality,0.2202
Timor_Leste_School_Feeding_Recipe_Book_2023_Reseit,4,Innovation,0.1978
Timor_Leste_School_Feeding_Recipe_Book_2023_Reseit,5,Gender_equality,0.1879
Timor_Leste_School_Feeding_Recipe_Book_2023_Reseit,6,Food_fortification,0.186
Timor_Leste_School_Feeding_Recipe_Book_2023_Reseit,7,Anticipatory_Action,0.1719
Timor_Leste_School_Feeding_Recipe_Book_2023_Reseit,8,Country_Capacity_Strengthening,0.1716
Timor_Leste_School_Feeding_Recipe_Book_2023_Reseit,9,Food_systems,0.1623
Timor_Leste_School_Feeding_Recipe_Book_2023_Reseit,10,Centre_of_Excellence,0.1619
Turkiye_In_Camp_E_Voucher_Programme_Factsheet_2023,1,Humanitarian_Support_and_Services,0.468
Turkiye_In_Camp_E_Voucher_Programme_Factsheet_2023,2,Food_Assistance,0.4169
Turkiye_In_Camp_E_Voucher_Programme_Factsheet_2023,3,The_R4_Rural_Resilience_Initiative,0.3765
Turkiye_In_Camp_E_Voucher_Programme_Factsheet_2023,4,Food_Assistance_for_Assets,0.3573
Turkiye_In_Camp_E_Voucher_Programme_Factsheet_2023,5,Emergency_relief,0.3265
Turkiye_In_Camp_E_Voucher_Programme_Factsheet_2023,6,Emergency_Preparedness_and_Response,0.3246
Turkiye_In_Camp_E_Voucher_Programme_Factsheet_2023,7,Gender_equality,0.3221
Turkiye_In_Camp_E_Voucher_Programme_Factsheet_2023,8,Food_fortification,0.3103
Turkiye_In_Camp_E_Voucher_Programme_Factsheet_2023,9,Food_security_analysis,0.2969
Turkiye_In_Camp_E_Voucher_Programme_Factsheet_2023,10,UN_Humanitarian_Air_Service,0.2959
Turkiye_In_Camp_E_Voucher_Programme_Factsheets_202,1,Social_Protection_and_Safety_Nets,0.5112
Turkiye_In_Camp_E_Voucher_Programme_Factsheets_202,2,Humanitarian_Support_and_Services,0.457
Turkiye_In_Camp_E_Voucher_Programme_Factsheets_202,3,Emergency_Preparedness_and_Response,0.4369
Turkiye_In_Camp_E_Voucher_Programme_Factsheets_202,4,Programme_design,0.4123
Turkiye_In_Camp_E_Voucher_Programme_Factsheets_202,5,The_R4_Rural_Resilience_Initiative,0.3989
Turkiye_In_Camp_E_Voucher_Programme_Factsheets_202,6,Resilience_building,0.3933
Turkiye_In_Camp_E_Voucher_Programme_Factsheets_202,7,Analyses_and_assessments,0.3916
Turkiye_In_Camp_E_Voucher_Programme_Factsheets_202,8,Food_Assistance_for_Assets,0.374
Turkiye_In_Camp_E_Voucher_Programme_Factsheets_202,9,Emergencies,0.3493
Turkiye_In_Camp_E_Voucher_Programme_Factsheets_202,10,Emergency_relief,0.347
UNHAS_Annual_Review_2024_Facilitating_global_human,1,UN_Humanitarian_Air_Service,0.7459
UNHAS_Annual_Review_2024_Facilitating_global_human,2,Innovation,0.6604
UNHAS_Annual_Review_2024_Facilitating_global_human,3,Humanitarian_Support_and_Services,0.617
UNHAS_Annual_Review_2024_Facilitating_global_human,4,Partnerships,0.5911
UNHAS_Annual_Review_2024_Facilitating_global_human,5,Environmental_and_social_sustainability,0.571
UNHAS_Annual_Review_2024_Facilitating_global_human,6,Food_Assistance,0.5472
UNHAS_Annual_Review_2024_Facilitating_global_human,7,Sustainable_development_goals,0.5317
UNHAS_Annual_Review_2024_Facilitating_global_human,8,Funding_and_donors,0.5117
UNHAS_Annual_Review_2024_Facilitating_global_human,9,Food_security_analysis,0.486
UNHAS_Annual_Review_2024_Facilitating_global_human,10,Food_Assistance_for_Assets,0.4699
UNHAS_Chad_Monthly_Reports_2024,1,Humanitarian_Support_and_Services,0.556
UNHAS_Chad_Monthly_Reports_2024,2,The_R4_Rural_Resilience_Initiative,0.4155
UNHAS_Chad_Monthly_Reports_2024,3,UN_Humanitarian_Air_Service,0.4144
UNHAS_Chad_Monthly_Reports_2024,4,Emergency_Preparedness_and_Response,0.379
UNHAS_Chad_Monthly_Reports_2024,5,Emergency_relief,0.3146
UNHAS_Chad_Monthly_Reports_2024,6,Funding_and_donors,0.2918
UNHAS_Chad_Monthly_Reports_2024,7,UN_agencies_and_international_institutions,0.2855
UNHAS_Chad_Monthly_Reports_2024,8,Sustainable_livelihoods_and_ecosystems,0.2853
UNHAS_Chad_Monthly_Reports_2024,9,Resilience_building,0.2827
UNHAS_Chad_Monthly_Reports_2024,10,Food_Assistance_for_Assets,0.2826
UN_WFP_India_Quarterly_Bulletin_April_June_2023,1,Climate_change_adaptation,0.6029
UN_WFP_India_Quarterly_Bulletin_April_June_2023,2,The_R4_Rural_Resilience_Initiative,0.553
UN_WFP_India_Quarterly_Bulletin_April_June_2023,3,Logistics_and_delivery_networks,0.5486
UN_WFP_India_Quarterly_Bulletin_April_June_2023,4,Sustainable_livelihoods_and_ecosystems,0.5112
UN_WFP_India_Quarterly_Bulletin_April_June_2023,5,Funding_and_donors,0.4745
UN_WFP_India_Quarterly_Bulletin_April_June_2023,6,Seasonal_and_agricultural_monitoring,0.4623
UN_WFP_India_Quarterly_Bulletin_April_June_2023,7,Climate_action,0.4583
UN_WFP_India_Quarterly_Bulletin_April_June_2023,8,Monitoring,0.4503
UN_WFP_India_Quarterly_Bulletin_April_June_2023,9,Climate_risk_management_insurance_and_financing,0.4448
UN_WFP_India_Quarterly_Bulletin_April_June_2023,10,Food_Assistance,0.4427
UN_WFP_India_Quarterly_Bulletins,1,Partnerships,0.5563
UN_WFP_India_Quarterly_Bulletins,2,Food_security_analysis,0.4865
UN_WFP_India_Quarterly_Bulletins,3,Food_Assistance_for_Assets,0.4796
UN_WFP_India_Quarterly_Bulletins,4,Energy_for_food_security,0.4636
UN_WFP_India_Quarterly_Bulletins,5,Food_systems,0.4508
UN_WFP_India_Quarterly_Bulletins,6,Food_Security_Cluster,0.4492
UN_WFP_India_Quarterly_Bulletins,7,Seasonal_and_agricultural_monitoring,0.4428
UN_WFP_India_Quarterly_Bulletins,8,Climate_services,0.4318
UN_WFP_India_Quarterly_Bulletins,9,Food_Assistance,0.431
UN_WFP_India_Quarterly_Bulletins,10,Smallholder_agricultural_market_support,0.4086
United_Nations_Humanitarian_Air_Service_UNHAS_2020,1,UN_Humanitarian_Air_Service,0.6196
United_Nations_Humanitarian_Air_Service_UNHAS_2020,2,Humanitarian_Support_and_Services,0.5718
United_Nations_Humanitarian_Air_Service_UNHAS_2020,3,Emergency_relief,0.5219
United_Nations_Humanitarian_Air_Service_UNHAS_2020,4,Emergency_Preparedness_and_Response,0.4857
United_Nations_Humanitarian_Air_Service_UNHAS_2020,5,Funding_and_donors,0.4655
United_Nations_Humanitarian_Air_Service_UNHAS_2020,6,Logistics_and_delivery_networks,0.4593
United_Nations_Humanitarian_Air_Service_UNHAS_2020,7,Zero_Hunger,0.4498
United_Nations_Humanitarian_Air_Service_UNHAS_2020,8,The_R4_Rural_Resilience_Initiative,0.4386
United_Nations_Humanitarian_Air_Service_UNHAS_2020,9,Emergencies,0.4189
United_Nations_Humanitarian_Air_Service_UNHAS_2020,10,Information_Technology_and_Telecommunications_in_Emergencies,0.3849
United_Nations_Humanitarian_Air_Service_UNHAS_Annu,1,UN_Humanitarian_Air_Service,0.6716
United_Nations_Humanitarian_Air_Service_UNHAS_Annu,2,Humanitarian_Support_and_Services,0.589
United_Nations_Humanitarian_Air_Service_UNHAS_Annu,3,Emergency_relief,0.5466
United_Nations_Humanitarian_Air_Service_UNHAS_Annu,4,Funding_and_donors,0.5184
United_Nations_Humanitarian_Air_Service_UNHAS_Annu,5,Emergency_Preparedness_and_Response,0.5162
United_Nations_Humanitarian_Air_Service_UNHAS_Annu,6,The_R4_Rural_Resilience_Initiative,0.5093
United_Nations_Humanitarian_Air_Service_UNHAS_Annu,7,Emergencies,0.5077
United_Nations_Humanitarian_Air_Service_UNHAS_Annu,8,Food_security_analysis,0.4903
United_Nations_Humanitarian_Air_Service_UNHAS_Annu,9,Climate_change_adaptation,0.4895
United_Nations_Humanitarian_Air_Service_UNHAS_Annu,10,Sustainable_development_goals,0.4755
Unlocking_Sustainable_Solutions_through_Systems_Th,1,Food_systems,0.7106
Unlocking_Sustainable_Solutions_through_Systems_Th,2,Sustainable_development_goals,0.6735
Unlocking_Sustainable_Solutions_through_Systems_Th,3,Country_strategic_planning,0.6704
Unlocking_Sustainable_Solutions_through_Systems_Th,4,The_R4_Rural_Resilience_Initiative,0.6129
Unlocking_Sustainable_Solutions_through_Systems_Th,5,Nutrition,0.6051
Unlocking_Sustainable_Solutions_through_Systems_Th,6,Environmental_and_social_sustainability,0.5964
Unlocking_Sustainable_Solutions_through_Systems_Th,7,Climate_change_adaptation,0.575
Unlocking_Sustainable_Solutions_through_Systems_Th,8,Food_safety_and_quality,0.5702
Unlocking_Sustainable_Solutions_through_Systems_Th,9,Supply_chain,0.5675
Unlocking_Sustainable_Solutions_through_Systems_Th,10,Specialized_nutritious_food,0.565
Unlocking_the_Potential_of_Digital_Payments_for_So,1,Partnerships,0.5747
Unlocking_the_Potential_of_Digital_Payments_for_So,2,Food_security_analysis,0.5547
Unlocking_the_Potential_of_Digital_Payments_for_So,3,Food_safety_and_quality,0.515
Unlocking_the_Potential_of_Digital_Payments_for_So,4,Food_Assistance,0.5133
Unlocking_the_Potential_of_Digital_Payments_for_So,5,Nutrition,0.5095
Unlocking_the_Potential_of_Digital_Payments_for_So,6,Information_Technology_and_Telecommunications_in_Emergencies,0.5022
Unlocking_the_Potential_of_Digital_Payments_for_So,7,Food_systems,0.4893
Unlocking_the_Potential_of_Digital_Payments_for_So,8,Cash_transfers,0.4811
Unlocking_the_Potential_of_Digital_Payments_for_So,9,Analyses_and_assessments,0.4628
Unlocking_the_Potential_of_Digital_Payments_for_So,10,Humanitarian_Support_and_Services,0.4603
Update_to_the_WFP_Management_Plan_2025_2027_,1,Funding_and_donors,0.6303
Update_to_the_WFP_Management_Plan_2025_2027_,2,Rome_based_agencies,0.518
Update_to_the_WFP_Management_Plan_2025_2027_,3,Humanitarian_Support_and_Services,0.5022
Update_to_the_WFP_Management_Plan_2025_2027_,4,Country_strategic_planning,0.4883
Update_to_the_WFP_Management_Plan_2025_2027_,5,Corporate_strategy,0.4681
Update_to_the_WFP_Management_Plan_2025_2027_,6,Climate_risk_management_insurance_and_financing,0.4678
Update_to_the_WFP_Management_Plan_2025_2027_,7,Country_Capacity_Strengthening,0.4649
Update_to_the_WFP_Management_Plan_2025_2027_,8,Procurement,0.4599
Update_to_the_WFP_Management_Plan_2025_2027_,9,The_R4_Rural_Resilience_Initiative,0.4563
Update_to_the_WFP_Management_Plan_2025_2027_,10,Governance_and_leadership,0.443
Virtual_Exchanges_Remote_Support_to_Countries,1,South_South_cooperation,0.6306
Virtual_Exchanges_Remote_Support_to_Countries,2,Partnerships,0.63
Virtual_Exchanges_Remote_Support_to_Countries,3,Sustainable_development_goals,0.5777
Virtual_Exchanges_Remote_Support_to_Countries,4,School_meals,0.5272
Virtual_Exchanges_Remote_Support_to_Countries,5,Country_Capacity_Strengthening,0.5165
Virtual_Exchanges_Remote_Support_to_Countries,6,Sustainable_livelihoods_and_ecosystems,0.4528
Virtual_Exchanges_Remote_Support_to_Countries,7,Food_systems,0.4497
Virtual_Exchanges_Remote_Support_to_Countries,8,Environmental_and_social_sustainability,0.443
Virtual_Exchanges_Remote_Support_to_Countries,9,Country_strategic_planning,0.4399
Virtual_Exchanges_Remote_Support_to_Countries,10,Corporate_strategy,0.4384
WFP_2025_Global_Outlook,1,Food_security_analysis,0.4565
WFP_2025_Global_Outlook,2,Energy_for_food_security,0.3646
WFP_2025_Global_Outlook,3,Food_safety_and_quality,0.3494
WFP_2025_Global_Outlook,4,Food_Security_Cluster,0.346
WFP_2025_Global_Outlook,5,The_R4_Rural_Resilience_Initiative,0.3427
WFP_2025_Global_Outlook,6,Country_strategic_planning,0.3343
WFP_2025_Global_Outlook,7,Food_fortification,0.332
WFP_2025_Global_Outlook,8,Food_Assistance,0.321
WFP_2025_Global_Outlook,9,Country_Capacity_Strengthening,0.3085
WFP_2025_Global_Outlook,10,UN_agencies_and_international_institutions,0.2964
WFP_Annual_Report_on_Flexible_Funding_2024,1,Resilience_building,0.7469
WFP_Annual_Report_on_Flexible_Funding_2024,2,The_R4_Rural_Resilience_Initiative,0.7054
WFP_Annual_Report_on_Flexible_Funding_2024,3,Resilience_programming,0.5994
WFP_Annual_Report_on_Flexible_Funding_2024,4,Food_security_analysis,0.5798
WFP_Annual_Report_on_Flexible_Funding_2024,5,Funding_and_donors,0.5775
WFP_Annual_Report_on_Flexible_Funding_2024,6,Humanitarian_Support_and_Services,0.5704
WFP_Annual_Report_on_Flexible_Funding_2024,7,Food_safety_and_quality,0.5692
WFP_Annual_Report_on_Flexible_Funding_2024,8,School_meals,0.5592
WFP_Annual_Report_on_Flexible_Funding_2024,9,Sustainable_development_goals,0.5577
WFP_Annual_Report_on_Flexible_Funding_2024,10,Food_Assistance,0.5476
WFP_Annual_Review,1,Funding_and_donors,0.5799
WFP_Annual_Review,2,Innovation,0.5444
WFP_Annual_Review,3,Nutrition,0.5377
WFP_Annual_Review,4,Climate_change_adaptation,0.5376
WFP_Annual_Review,5,Partnerships,0.5241
WFP_Annual_Review,6,School_meals,0.5172
WFP_Annual_Review,7,Humanitarian_Support_and_Services,0.5062
WFP_Annual_Review,8,The_R4_Rural_Resilience_Initiative,0.5032
WFP_Annual_Review,9,Private_sector,0.5026
WFP_Annual_Review,10,Resilience_building,0.4942
WFP_Bangladesh_Market_Monitor,1,In_kind_food_distribution,0.3835
WFP_Bangladesh_Market_Monitor,2,Market_analysis,0.3719
WFP_Bangladesh_Market_Monitor,3,Procurement,0.3628
WFP_Bangladesh_Market_Monitor,4,Energy_for_food_security,0.3478
WFP_Bangladesh_Market_Monitor,5,School_meals,0.3361
WFP_Bangladesh_Market_Monitor,6,Food_Assistance,0.3283
WFP_Bangladesh_Market_Monitor,7,Food_security_analysis,0.3129
WFP_Bangladesh_Market_Monitor,8,Food_systems,0.3118
WFP_Bangladesh_Market_Monitor,9,Food_fortification,0.3115
WFP_Bangladesh_Market_Monitor,10,Food_Assistance_for_Assets,0.2995
WFP_Bangladesh_Mobile_Vulnerability_Analysis_and_M,1,Food_security_analysis,0.6103
WFP_Bangladesh_Mobile_Vulnerability_Analysis_and_M,2,Nutrition,0.5563
WFP_Bangladesh_Mobile_Vulnerability_Analysis_and_M,3,Energy_for_food_security,0.5134
WFP_Bangladesh_Mobile_Vulnerability_Analysis_and_M,4,Food_safety_and_quality,0.5065
WFP_Bangladesh_Mobile_Vulnerability_Analysis_and_M,5,Food_Security_Cluster,0.4993
WFP_Bangladesh_Mobile_Vulnerability_Analysis_and_M,6,Food_Assistance,0.4544
WFP_Bangladesh_Mobile_Vulnerability_Analysis_and_M,7,In_kind_food_distribution,0.44
WFP_Bangladesh_Mobile_Vulnerability_Analysis_and_M,8,Food_Assistance_for_Assets,0.4393
WFP_Bangladesh_Mobile_Vulnerability_Analysis_and_M,9,Seasonal_and_agricultural_monitoring,0.4375
WFP_Bangladesh_Mobile_Vulnerability_Analysis_and_M,10,Food_fortification,0.436
WFP_Bangladesh_Rohingya_Refugee_Response_Market_As,1,Food_security_analysis,0.5738
WFP_Bangladesh_Rohingya_Refugee_Response_Market_As,2,Energy_for_food_security,0.5079
WFP_Bangladesh_Rohingya_Refugee_Response_Market_As,3,Food_safety_and_quality,0.4984
WFP_Bangladesh_Rohingya_Refugee_Response_Market_As,4,In_kind_food_distribution,0.4864
WFP_Bangladesh_Rohingya_Refugee_Response_Market_As,5,Market_analysis,0.4762
WFP_Bangladesh_Rohingya_Refugee_Response_Market_As,6,Food_Security_Cluster,0.4451
WFP_Bangladesh_Rohingya_Refugee_Response_Market_As,7,Analyses_and_assessments,0.4347
WFP_Bangladesh_Rohingya_Refugee_Response_Market_As,8,Supply_chain,0.4338
WFP_Bangladesh_Rohingya_Refugee_Response_Market_As,9,Food_Assistance_for_Assets,0.4263
WFP_Bangladesh_Rohingya_Refugee_Response_Market_As,10,Food_Assistance,0.4245
WFP_Cambodia_Market_Seasonal_Monitoring_Update_202,1,Seasonal_and_agricultural_monitoring,0.6602
WFP_Cambodia_Market_Seasonal_Monitoring_Update_202,2,Food_safety_and_quality,0.6282
WFP_Cambodia_Market_Seasonal_Monitoring_Update_202,3,Food_security_analysis,0.623
WFP_Cambodia_Market_Seasonal_Monitoring_Update_202,4,Energy_for_food_security,0.6008
WFP_Cambodia_Market_Seasonal_Monitoring_Update_202,5,Local_market_developments,0.5587
WFP_Cambodia_Market_Seasonal_Monitoring_Update_202,6,Smallholder_agricultural_market_support,0.5048
WFP_Cambodia_Market_Seasonal_Monitoring_Update_202,7,Market_analysis,0.495
WFP_Cambodia_Market_Seasonal_Monitoring_Update_202,8,Food_Security_Cluster,0.474
WFP_Cambodia_Market_Seasonal_Monitoring_Update_202,9,Food_systems,0.47
WFP_Cambodia_Market_Seasonal_Monitoring_Update_202,10,In_kind_food_distribution,0.4657
WFP_Cambodia_Market_Update_December_2022,1,Food_security_analysis,0.4906
WFP_Cambodia_Market_Update_December_2022,2,In_kind_food_distribution,0.4574
WFP_Cambodia_Market_Update_December_2022,3,Market_analysis,0.456
WFP_Cambodia_Market_Update_December_2022,4,Food_safety_and_quality,0.4118
WFP_Cambodia_Market_Update_December_2022,5,Energy_for_food_security,0.4048
WFP_Cambodia_Market_Update_December_2022,6,Specialized_nutritious_food,0.3998
WFP_Cambodia_Market_Update_December_2022,7,Food_Assistance_for_Assets,0.3942
WFP_Cambodia_Market_Update_December_2022,8,Food_Assistance,0.3935
WFP_Cambodia_Market_Update_December_2022,9,Food_systems,0.3923
WFP_Cambodia_Market_Update_December_2022,10,Seasonal_and_agricultural_monitoring,0.3884
WFP_Cambodia_Market_Update_November_2022,1,Food_security_analysis,0.4906
WFP_Cambodia_Market_Update_November_2022,2,In_kind_food_distribution,0.4574
WFP_Cambodia_Market_Update_November_2022,3,Market_analysis,0.456
WFP_Cambodia_Market_Update_November_2022,4,Food_safety_and_quality,0.4276
WFP_Cambodia_Market_Update_November_2022,5,Smallholder_agricultural_market_support,0.4203
WFP_Cambodia_Market_Update_November_2022,6,Energy_for_food_security,0.4048
WFP_Cambodia_Market_Update_November_2022,7,Specialized_nutritious_food,0.3998
WFP_Cambodia_Market_Update_November_2022,8,Food_Assistance_for_Assets,0.3942
WFP_Cambodia_Market_Update_November_2022,9,Food_Assistance,0.3935
WFP_Cambodia_Market_Update_November_2022,10,Food_systems,0.3923
WFP_Cameroon_Crises_Factsheets,1,Humanitarian_Support_and_Services,0.4965
WFP_Cameroon_Crises_Factsheets,2,Country_strategic_planning,0.4885
WFP_Cameroon_Crises_Factsheets,3,Food_security_analysis,0.4694
WFP_Cameroon_Crises_Factsheets,4,In_kind_food_distribution,0.458
WFP_Cameroon_Crises_Factsheets,5,Energy_for_food_security,0.4535
WFP_Cameroon_Crises_Factsheets,6,Nutrition,0.4525
WFP_Cameroon_Crises_Factsheets,7,Food_systems,0.449
WFP_Cameroon_Crises_Factsheets,8,School_meals,0.4453
WFP_Cameroon_Crises_Factsheets,9,Specialized_nutritious_food,0.4374
WFP_Cameroon_Crises_Factsheets,10,Food_safety_and_quality,0.4353
WFP_Cameroon_Operational_Updates,1,Humanitarian_Support_and_Services,0.5901
WFP_Cameroon_Operational_Updates,2,Emergency_Preparedness_and_Response,0.5413
WFP_Cameroon_Operational_Updates,3,Emergency_relief,0.5343
WFP_Cameroon_Operational_Updates,4,Food_security_analysis,0.5209
WFP_Cameroon_Operational_Updates,5,Resilience_building,0.4906
WFP_Cameroon_Operational_Updates,6,Nutrition,0.4897
WFP_Cameroon_Operational_Updates,7,UN_Humanitarian_Air_Service,0.4697
WFP_Cameroon_Operational_Updates,8,Emergencies,0.463
WFP_Cameroon_Operational_Updates,9,Gender_equality,0.4595
WFP_Cameroon_Operational_Updates,10,Resilience_programming,0.4512
WFP_CoE_Brazil_Annual_Report_2019,1,Sustainable_development_goals,0.7541
WFP_CoE_Brazil_Annual_Report_2019,2,Country_strategic_planning,0.7075
WFP_CoE_Brazil_Annual_Report_2019,3,Partnerships,0.6012
WFP_CoE_Brazil_Annual_Report_2019,4,Country_Capacity_Strengthening,0.5769
WFP_CoE_Brazil_Annual_Report_2019,5,Centre_of_Excellence,0.5733
WFP_CoE_Brazil_Annual_Report_2019,6,Smallholder_agricultural_market_support,0.5727
WFP_CoE_Brazil_Annual_Report_2019,7,Private_sector,0.5688
WFP_CoE_Brazil_Annual_Report_2019,8,School_meals,0.5636
WFP_CoE_Brazil_Annual_Report_2019,9,Food_Assistance,0.5533
WFP_CoE_Brazil_Annual_Report_2019,10,Nutrition,0.5416
WFP_CoE_Brazil_Annual_Report_2020,1,Sustainable_development_goals,0.6352
WFP_CoE_Brazil_Annual_Report_2020,2,South_South_cooperation,0.6246
WFP_CoE_Brazil_Annual_Report_2020,3,Nutrition,0.6145
WFP_CoE_Brazil_Annual_Report_2020,4,Partnerships,0.6129
WFP_CoE_Brazil_Annual_Report_2020,5,School_meals,0.5957
WFP_CoE_Brazil_Annual_Report_2020,6,Centre_of_Excellence,0.5952
WFP_CoE_Brazil_Annual_Report_2020,7,Smallholder_agricultural_market_support,0.593
WFP_CoE_Brazil_Annual_Report_2020,8,Emergency_relief,0.5903
WFP_CoE_Brazil_Annual_Report_2020,9,Emergency_Preparedness_and_Response,0.5615
WFP_CoE_Brazil_Annual_Report_2020,10,Humanitarian_Support_and_Services,0.5294
WFP_CoE_Products_Services,1,Smallholder_agricultural_market_support,0.6027
WFP_CoE_Products_Services,2,Country_Capacity_Strengthening,0.5817
WFP_CoE_Products_Services,3,School_meals,0.5617
WFP_CoE_Products_Services,4,Food_Assistance,0.5557
WFP_CoE_Products_Services,5,Food_Assistance_for_Assets,0.5267
WFP_CoE_Products_Services,6,Humanitarian_Support_and_Services,0.5236
WFP_CoE_Products_Services,7,Energy_for_food_security,0.5168
WFP_CoE_Products_Services,8,Food_security_analysis,0.4902
WFP_CoE_Products_Services,9,Food_fortification,0.4712
WFP_CoE_Products_Services,10,Country_strategic_planning,0.452
WFP_Eastern_Africa_2021_Regional_Achievements_Outl,1,Country_Capacity_Strengthening,0.7381
WFP_Eastern_Africa_2021_Regional_Achievements_Outl,2,Sustainable_development_goals,0.6819
WFP_Eastern_Africa_2021_Regional_Achievements_Outl,3,Food_Assistance_for_Assets,0.6808
WFP_Eastern_Africa_2021_Regional_Achievements_Outl,4,Partnerships,0.6704
WFP_Eastern_Africa_2021_Regional_Achievements_Outl,5,Innovation,0.6689
WFP_Eastern_Africa_2021_Regional_Achievements_Outl,6,School_meals,0.6578
WFP_Eastern_Africa_2021_Regional_Achievements_Outl,7,Food_security_analysis,0.6429
WFP_Eastern_Africa_2021_Regional_Achievements_Outl,8,Food_safety_and_quality,0.6326
WFP_Eastern_Africa_2021_Regional_Achievements_Outl,9,Environmental_and_social_sustainability,0.614
WFP_Eastern_Africa_2021_Regional_Achievements_Outl,10,Food_Assistance,0.6131
WFP_Engineering_Service_catalogue,1,Humanitarian_Support_and_Services,0.6299
WFP_Engineering_Service_catalogue,2,Food_security_analysis,0.577
WFP_Engineering_Service_catalogue,3,Energy_for_food_security,0.5634
WFP_Engineering_Service_catalogue,4,UN_Humanitarian_Air_Service,0.556
WFP_Engineering_Service_catalogue,5,Food_safety_and_quality,0.5381
WFP_Engineering_Service_catalogue,6,The_R4_Rural_Resilience_Initiative,0.5278
WFP_Engineering_Service_catalogue,7,Food_Assistance,0.5204
WFP_Engineering_Service_catalogue,8,Emergency_Preparedness_and_Response,0.5157
WFP_Engineering_Service_catalogue,9,School_meals,0.5146
WFP_Engineering_Service_catalogue,10,Food_Security_Cluster,0.5059
WFP_Ethics_Office_Annual_Reports,1,Country_strategic_planning,0.5311
WFP_Ethics_Office_Annual_Reports,2,Food_security_analysis,0.5164
WFP_Ethics_Office_Annual_Reports,3,Humanitarian_Support_and_Services,0.5131
WFP_Ethics_Office_Annual_Reports,4,Executive_Board,0.5069
WFP_Ethics_Office_Annual_Reports,5,Partnerships,0.5039
WFP_Ethics_Office_Annual_Reports,6,Energy_for_food_security,0.4967
WFP_Ethics_Office_Annual_Reports,7,UN_agencies_and_international_institutions,0.4752
WFP_Ethics_Office_Annual_Reports,8,Country_Capacity_Strengthening,0.4718
WFP_Ethics_Office_Annual_Reports,9,Funding_and_donors,0.4426
WFP_Ethics_Office_Annual_Reports,10,Food_Security_Cluster,0.4422
WFP_FITTEST_Factsheet,1,Humanitarian_Support_and_Services,0.5662
WFP_FITTEST_Factsheet,2,UN_Humanitarian_Air_Service,0.4605
WFP_FITTEST_Factsheet,3,Emergency_Preparedness_and_Response,0.4483
WFP_FITTEST_Factsheet,4,Emergencies,0.3903
WFP_FITTEST_Factsheet,5,The_R4_Rural_Resilience_Initiative,0.3782
WFP_FITTEST_Factsheet,6,Resilience_building,0.372
WFP_FITTEST_Factsheet,7,Partnerships,0.3687
WFP_FITTEST_Factsheet,8,Information_Technology_and_Telecommunications_in_Emergencies,0.3564
WFP_FITTEST_Factsheet,9,Emergency_relief,0.3489
WFP_FITTEST_Factsheet,10,Supply_chain,0.3466
WFP_FITTEST_Fast_Information_Technology_and_Teleco,1,Emergency_Preparedness_and_Response,0.729
WFP_FITTEST_Fast_Information_Technology_and_Teleco,2,Information_Technology_and_Telecommunications_in_Emergencies,0.5003
WFP_FITTEST_Fast_Information_Technology_and_Teleco,3,Emergencies,0.4942
WFP_FITTEST_Fast_Information_Technology_and_Teleco,4,Engineering_services,0.4898
WFP_FITTEST_Fast_Information_Technology_and_Teleco,5,Emergency_relief,0.4848
WFP_FITTEST_Fast_Information_Technology_and_Teleco,6,Humanitarian_Support_and_Services,0.4462
WFP_FITTEST_Fast_Information_Technology_and_Teleco,7,Resilience_programming,0.4449
WFP_FITTEST_Fast_Information_Technology_and_Teleco,8,Resilience_building,0.4406
WFP_FITTEST_Fast_Information_Technology_and_Teleco,9,Procurement,0.4362
WFP_FITTEST_Fast_Information_Technology_and_Teleco,10,Logistics_and_delivery_networks,0.4287
WFP_FITTEST_Service_Components_2021,1,Humanitarian_Support_and_Services,0.4947
WFP_FITTEST_Service_Components_2021,2,UN_Humanitarian_Air_Service,0.4245
WFP_FITTEST_Service_Components_2021,3,Emergency_Preparedness_and_Response,0.404
WFP_FITTEST_Service_Components_2021,4,Information_Technology_and_Telecommunications_in_Emergencies,0.3858
WFP_FITTEST_Service_Components_2021,5,Monitoring,0.329
WFP_FITTEST_Service_Components_2021,6,Engineering_services,0.3288
WFP_FITTEST_Service_Components_2021,7,Logistics_and_delivery_networks,0.326
WFP_FITTEST_Service_Components_2021,8,The_R4_Rural_Resilience_Initiative,0.3259
WFP_FITTEST_Service_Components_2021,9,Emergency_programming,0.298
WFP_FITTEST_Service_Components_2021,10,Resilience_building,0.2962
WFP_Global_Artificial_Intelligence_Strategy_2025_2,1,Emergency_Preparedness_and_Response,0.7388
WFP_Global_Artificial_Intelligence_Strategy_2025_2,2,Partnerships,0.6672
WFP_Global_Artificial_Intelligence_Strategy_2025_2,3,Seasonal_and_agricultural_monitoring,0.6073
WFP_Global_Artificial_Intelligence_Strategy_2025_2,4,Food_security_analysis,0.6066
WFP_Global_Artificial_Intelligence_Strategy_2025_2,5,Governance_and_leadership,0.5474
WFP_Global_Artificial_Intelligence_Strategy_2025_2,6,UN_agencies_and_international_institutions,0.5144
WFP_Global_Artificial_Intelligence_Strategy_2025_2,7,Food_Security_Cluster,0.5099
WFP_Global_Artificial_Intelligence_Strategy_2025_2,8,Sustainable_development_goals,0.5017
WFP_Global_Artificial_Intelligence_Strategy_2025_2,9,Energy_for_food_security,0.4968
WFP_Global_Artificial_Intelligence_Strategy_2025_2,10,Climate_services,0.495
WFP_Global_Data_Strategy_2024_2026,1,Partnerships,0.53
WFP_Global_Data_Strategy_2024_2026,2,Food_Security_Cluster,0.5066
WFP_Global_Data_Strategy_2024_2026,3,Social_Protection_and_Safety_Nets,0.4871
WFP_Global_Data_Strategy_2024_2026,4,Humanitarian_Support_and_Services,0.4807
WFP_Global_Data_Strategy_2024_2026,5,Corporate_strategy,0.4641
WFP_Global_Data_Strategy_2024_2026,6,Food_security_analysis,0.4606
WFP_Global_Data_Strategy_2024_2026,7,Funding_and_donors,0.4569
WFP_Global_Data_Strategy_2024_2026,8,Country_Capacity_Strengthening,0.4527
WFP_Global_Data_Strategy_2024_2026,9,Analyses_and_assessments,0.4291
WFP_Global_Data_Strategy_2024_2026,10,Market_analysis,0.4288
WFP_Health_Emergency_Response_Project_Afghanistan,1,Emergency_Preparedness_and_Response,0.6341
WFP_Health_Emergency_Response_Project_Afghanistan,2,Emergency_relief,0.6138
WFP_Health_Emergency_Response_Project_Afghanistan,3,Cash_transfers,0.6023
WFP_Health_Emergency_Response_Project_Afghanistan,4,Procurement,0.5972
WFP_Health_Emergency_Response_Project_Afghanistan,5,Partnerships,0.5965
WFP_Health_Emergency_Response_Project_Afghanistan,6,Monitoring,0.5823
WFP_Health_Emergency_Response_Project_Afghanistan,7,Nutrition,0.5692
WFP_Health_Emergency_Response_Project_Afghanistan,8,Emergencies,0.5392
WFP_Health_Emergency_Response_Project_Afghanistan,9,Environmental_and_social_sustainability,0.53
WFP_Health_Emergency_Response_Project_Afghanistan,10,Country_Capacity_Strengthening,0.5144
WFP_IASC_PSEAH_Championship,1,Climate_change_adaptation,0.5204
WFP_IASC_PSEAH_Championship,2,Humanitarian_Support_and_Services,0.5038
WFP_IASC_PSEAH_Championship,3,Governance_and_leadership,0.503
WFP_IASC_PSEAH_Championship,4,The_R4_Rural_Resilience_Initiative,0.4928
WFP_IASC_PSEAH_Championship,5,Sustainable_livelihoods_and_ecosystems,0.4769
WFP_IASC_PSEAH_Championship,6,UN_Humanitarian_Air_Service,0.4679
WFP_IASC_PSEAH_Championship,7,Climate_action,0.4649
WFP_IASC_PSEAH_Championship,8,Country_Capacity_Strengthening,0.4648
WFP_IASC_PSEAH_Championship,9,UN_agencies_and_international_institutions,0.453
WFP_IASC_PSEAH_Championship,10,Executive_Board,0.4403
WFP_India_Recommended_Actions_for_Food_Distributio,1,Food_security_analysis,0.4658
WFP_India_Recommended_Actions_for_Food_Distributio,2,Emergency_Preparedness_and_Response,0.4297
WFP_India_Recommended_Actions_for_Food_Distributio,3,Food_Assistance,0.4248
WFP_India_Recommended_Actions_for_Food_Distributio,4,Logistics_and_delivery_networks,0.4212
WFP_India_Recommended_Actions_for_Food_Distributio,5,Energy_for_food_security,0.3966
WFP_India_Recommended_Actions_for_Food_Distributio,6,Food_safety_and_quality,0.3901
WFP_India_Recommended_Actions_for_Food_Distributio,7,Food_Security_Cluster,0.389
WFP_India_Recommended_Actions_for_Food_Distributio,8,Food_Assistance_for_Assets,0.3825
WFP_India_Recommended_Actions_for_Food_Distributio,9,Supply_chain,0.373
WFP_India_Recommended_Actions_for_Food_Distributio,10,Humanitarian_Support_and_Services,0.372
WFP_Indigenous_Peoples_Portfolio_Factsheet,1,Sustainable_development_goals,0.4593
WFP_Indigenous_Peoples_Portfolio_Factsheet,2,Sustainable_livelihoods_and_ecosystems,0.4197
WFP_Indigenous_Peoples_Portfolio_Factsheet,3,Environmental_and_social_sustainability,0.3966
WFP_Indigenous_Peoples_Portfolio_Factsheet,4,The_R4_Rural_Resilience_Initiative,0.3754
WFP_Indigenous_Peoples_Portfolio_Factsheet,5,UN_agencies_and_international_institutions,0.3449
WFP_Indigenous_Peoples_Portfolio_Factsheet,6,Humanitarian_Support_and_Services,0.3446
WFP_Indigenous_Peoples_Portfolio_Factsheet,7,Programme_design,0.3351
WFP_Indigenous_Peoples_Portfolio_Factsheet,8,Country_strategic_planning,0.3336
WFP_Indigenous_Peoples_Portfolio_Factsheet,9,Resilience_building,0.3256
WFP_Indigenous_Peoples_Portfolio_Factsheet,10,Governance_and_leadership,0.3194
WFP_Information_and_Technology_Strategy_2023_26,1,Emergency_Preparedness_and_Response,0.6862
WFP_Information_and_Technology_Strategy_2023_26,2,Zero_Hunger,0.6715
WFP_Information_and_Technology_Strategy_2023_26,3,Sustainable_development_goals,0.6459
WFP_Information_and_Technology_Strategy_2023_26,4,Sustainable_livelihoods_and_ecosystems,0.638
WFP_Information_and_Technology_Strategy_2023_26,5,Partnerships,0.6261
WFP_Information_and_Technology_Strategy_2023_26,6,Resilience_programming,0.5974
WFP_Information_and_Technology_Strategy_2023_26,7,Information_Technology_and_Telecommunications_in_Emergencies,0.5817
WFP_Information_and_Technology_Strategy_2023_26,8,Resilience_building,0.5795
WFP_Information_and_Technology_Strategy_2023_26,9,Food_Assistance,0.5471
WFP_Information_and_Technology_Strategy_2023_26,10,Humanitarian_Support_and_Services,0.5412
WFP_Lebanon_2022_in_Review,1,Food_security_analysis,0.5573
WFP_Lebanon_2022_in_Review,2,School_meals,0.537
WFP_Lebanon_2022_in_Review,3,Country_strategic_planning,0.5292
WFP_Lebanon_2022_in_Review,4,Nutrition,0.5046
WFP_Lebanon_2022_in_Review,5,Energy_for_food_security,0.4715
WFP_Lebanon_2022_in_Review,6,Funding_and_donors,0.4512
WFP_Lebanon_2022_in_Review,7,Humanitarian_Support_and_Services,0.4511
WFP_Lebanon_2022_in_Review,8,Food_Security_Cluster,0.4503
WFP_Lebanon_2022_in_Review,9,Food_fortification,0.4366
WFP_Lebanon_2022_in_Review,10,The_R4_Rural_Resilience_Initiative,0.4355
WFP_Lebanon_2025_Mid_Year_Highlights,1,Food_security_analysis,0.4819
WFP_Lebanon_2025_Mid_Year_Highlights,2,Funding_and_donors,0.4268
WFP_Lebanon_2025_Mid_Year_Highlights,3,Humanitarian_Support_and_Services,0.4153
WFP_Lebanon_2025_Mid_Year_Highlights,4,Energy_for_food_security,0.4072
WFP_Lebanon_2025_Mid_Year_Highlights,5,Food_Security_Cluster,0.3954
WFP_Lebanon_2025_Mid_Year_Highlights,6,Food_fortification,0.3831
WFP_Lebanon_2025_Mid_Year_Highlights,7,Food_safety_and_quality,0.3612
WFP_Lebanon_2025_Mid_Year_Highlights,8,Emergency_relief,0.3607
WFP_Lebanon_2025_Mid_Year_Highlights,9,Food_Assistance,0.3509
WFP_Lebanon_2025_Mid_Year_Highlights,10,The_R4_Rural_Resilience_Initiative,0.3498
WFP_Lebanon_Disability_Inclusion_Factsheet_2024,1,Humanitarian_Support_and_Services,0.4482
WFP_Lebanon_Disability_Inclusion_Factsheet_2024,2,School_meals,0.4467
WFP_Lebanon_Disability_Inclusion_Factsheet_2024,3,Partnerships,0.4205
WFP_Lebanon_Disability_Inclusion_Factsheet_2024,4,Food_Assistance,0.3735
WFP_Lebanon_Disability_Inclusion_Factsheet_2024,5,The_R4_Rural_Resilience_Initiative,0.3639
WFP_Lebanon_Disability_Inclusion_Factsheet_2024,6,Resilience_programming,0.3626
WFP_Lebanon_Disability_Inclusion_Factsheet_2024,7,Food_Assistance_for_Assets,0.3617
WFP_Lebanon_Disability_Inclusion_Factsheet_2024,8,Emergency_Preparedness_and_Response,0.3488
WFP_Lebanon_Disability_Inclusion_Factsheet_2024,9,Country_strategic_planning,0.3424
WFP_Lebanon_Disability_Inclusion_Factsheet_2024,10,Logistics_and_delivery_networks,0.3389
WFP_Lebanon_Fuel_Operation_WASH_Sector_Support_Sep,1,Logistics_and_delivery_networks,0.4158
WFP_Lebanon_Fuel_Operation_WASH_Sector_Support_Sep,2,Supply_chain,0.3146
WFP_Lebanon_Fuel_Operation_WASH_Sector_Support_Sep,3,Funding_and_donors,0.308
WFP_Lebanon_Fuel_Operation_WASH_Sector_Support_Sep,4,Country_Capacity_Strengthening,0.2938
WFP_Lebanon_Fuel_Operation_WASH_Sector_Support_Sep,5,Information_Technology_and_Telecommunications_in_Emergencies,0.2878
WFP_Lebanon_Fuel_Operation_WASH_Sector_Support_Sep,6,Engineering_services,0.2828
WFP_Lebanon_Fuel_Operation_WASH_Sector_Support_Sep,7,Food_Assistance_for_Assets,0.2589
WFP_Lebanon_Fuel_Operation_WASH_Sector_Support_Sep,8,Emergency_Preparedness_and_Response,0.2588
WFP_Lebanon_Fuel_Operation_WASH_Sector_Support_Sep,9,Food_security_analysis,0.2587
WFP_Lebanon_Fuel_Operation_WASH_Sector_Support_Sep,10,Food_safety_and_quality,0.258
WFP_Lebanon_Operational_Assistance_Update_January_,1,Food_Assistance,0.4708
WFP_Lebanon_Operational_Assistance_Update_January_,2,Logistics_and_delivery_networks,0.4599
WFP_Lebanon_Operational_Assistance_Update_January_,3,In_kind_food_distribution,0.4127
WFP_Lebanon_Operational_Assistance_Update_January_,4,Food_safety_and_quality,0.3805
WFP_Lebanon_Operational_Assistance_Update_January_,5,Supply_chain,0.3758
WFP_Lebanon_Operational_Assistance_Update_January_,6,Food_Assistance_for_Assets,0.3751
WFP_Lebanon_Operational_Assistance_Update_January_,7,Information_Technology_and_Telecommunications_in_Emergencies,0.3721
WFP_Lebanon_Operational_Assistance_Update_January_,8,Emergency_relief,0.3603
WFP_Lebanon_Operational_Assistance_Update_January_,9,Humanitarian_Support_and_Services,0.3462
WFP_Lebanon_Operational_Assistance_Update_January_,10,Monitoring,0.3421
WFP_Lebanon_Programme_Factsheets_September_2025,1,Social_Protection_and_Safety_Nets,0.6057
WFP_Lebanon_Programme_Factsheets_September_2025,2,School_meals,0.5822
WFP_Lebanon_Programme_Factsheets_September_2025,3,Food_Assistance,0.5469
WFP_Lebanon_Programme_Factsheets_September_2025,4,Climate_change_adaptation,0.5321
WFP_Lebanon_Programme_Factsheets_September_2025,5,Energy_for_food_security,0.5288
WFP_Lebanon_Programme_Factsheets_September_2025,6,Nutrition,0.5222
WFP_Lebanon_Programme_Factsheets_September_2025,7,The_R4_Rural_Resilience_Initiative,0.5208
WFP_Lebanon_Programme_Factsheets_September_2025,8,Food_Assistance_for_Assets,0.5172
WFP_Lebanon_Programme_Factsheets_September_2025,9,UN_agencies_and_international_institutions,0.5143
WFP_Lebanon_Programme_Factsheets_September_2025,10,Food_safety_and_quality,0.5103
WFP_Lebanon_Supply_Chain_Factsheet_July_2022,1,Logistics_and_delivery_networks,0.5487
WFP_Lebanon_Supply_Chain_Factsheet_July_2022,2,Food_safety_and_quality,0.4368
WFP_Lebanon_Supply_Chain_Factsheet_July_2022,3,The_R4_Rural_Resilience_Initiative,0.4048
WFP_Lebanon_Supply_Chain_Factsheet_July_2022,4,Procurement,0.3952
WFP_Lebanon_Supply_Chain_Factsheet_July_2022,5,Supply_chain,0.3909
WFP_Lebanon_Supply_Chain_Factsheet_July_2022,6,Food_Security_Cluster,0.3857
WFP_Lebanon_Supply_Chain_Factsheet_July_2022,7,Food_Assistance_for_Assets,0.3846
WFP_Lebanon_Supply_Chain_Factsheet_July_2022,8,Food_security_analysis,0.369
WFP_Lebanon_Supply_Chain_Factsheet_July_2022,9,Emergency_Preparedness_and_Response,0.3626
WFP_Lebanon_Supply_Chain_Factsheet_July_2022,10,UN_agencies_and_international_institutions,0.3613
WFP_Nutrition_and_HIV_in_Numbers_2024_An_overview_,1,Food_Assistance,0.6256
WFP_Nutrition_and_HIV_in_Numbers_2024_An_overview_,2,Climate_change_adaptation,0.6176
WFP_Nutrition_and_HIV_in_Numbers_2024_An_overview_,3,Food_Assistance_for_Assets,0.6151
WFP_Nutrition_and_HIV_in_Numbers_2024_An_overview_,4,Food_security_analysis,0.5892
WFP_Nutrition_and_HIV_in_Numbers_2024_An_overview_,5,Nutrition,0.5727
WFP_Nutrition_and_HIV_in_Numbers_2024_An_overview_,6,Innovation,0.5507
WFP_Nutrition_and_HIV_in_Numbers_2024_An_overview_,7,Energy_for_food_security,0.5415
WFP_Nutrition_and_HIV_in_Numbers_2024_An_overview_,8,Climate_action,0.5219
WFP_Nutrition_and_HIV_in_Numbers_2024_An_overview_,9,Food_fortification,0.5205
WFP_Nutrition_and_HIV_in_Numbers_2024_An_overview_,10,Food_safety_and_quality,0.5143
WFP_Pacific_2024_Tonga_mVAM_Bulletin_Oct_Nov_2024_,1,Nutrition,0.4928
WFP_Pacific_2024_Tonga_mVAM_Bulletin_Oct_Nov_2024_,2,Food_security_analysis,0.4915
WFP_Pacific_2024_Tonga_mVAM_Bulletin_Oct_Nov_2024_,3,In_kind_food_distribution,0.4767
WFP_Pacific_2024_Tonga_mVAM_Bulletin_Oct_Nov_2024_,4,Food_safety_and_quality,0.4177
WFP_Pacific_2024_Tonga_mVAM_Bulletin_Oct_Nov_2024_,5,Gender_equality,0.3928
WFP_Pacific_2024_Tonga_mVAM_Bulletin_Oct_Nov_2024_,6,Food_Security_Cluster,0.3792
WFP_Pacific_2024_Tonga_mVAM_Bulletin_Oct_Nov_2024_,7,Emergency_Preparedness_and_Response,0.3786
WFP_Pacific_2024_Tonga_mVAM_Bulletin_Oct_Nov_2024_,8,Energy_for_food_security,0.3772
WFP_Pacific_2024_Tonga_mVAM_Bulletin_Oct_Nov_2024_,9,Emergencies,0.3698
WFP_Pacific_2024_Tonga_mVAM_Bulletin_Oct_Nov_2024_,10,Information_Technology_and_Telecommunications_in_Emergencies,0.368
WFP_Pacific_Fiji_2023_Market_Price_Monitoring_Bull,1,Food_security_analysis,0.5986
WFP_Pacific_Fiji_2023_Market_Price_Monitoring_Bull,2,Food_safety_and_quality,0.5646
WFP_Pacific_Fiji_2023_Market_Price_Monitoring_Bull,3,Energy_for_food_security,0.5277
WFP_Pacific_Fiji_2023_Market_Price_Monitoring_Bull,4,Cash_transfers,0.4887
WFP_Pacific_Fiji_2023_Market_Price_Monitoring_Bull,5,In_kind_food_distribution,0.4701
WFP_Pacific_Fiji_2023_Market_Price_Monitoring_Bull,6,Food_Security_Cluster,0.4691
WFP_Pacific_Fiji_2023_Market_Price_Monitoring_Bull,7,Specialized_nutritious_food,0.4646
WFP_Pacific_Fiji_2023_Market_Price_Monitoring_Bull,8,Food_systems,0.4302
WFP_Pacific_Fiji_2023_Market_Price_Monitoring_Bull,9,Country_Capacity_Strengthening,0.4186
WFP_Pacific_Fiji_2023_Market_Price_Monitoring_Bull,10,Nutrition,0.4088
WFP_People_Policy_June_2021,1,Gender_equality,0.6366
WFP_People_Policy_June_2021,2,Resilience_building,0.5181
WFP_People_Policy_June_2021,3,The_R4_Rural_Resilience_Initiative,0.4925
WFP_People_Policy_June_2021,4,Resilience_programming,0.4835
WFP_People_Policy_June_2021,5,Food_Assistance,0.4757
WFP_People_Policy_June_2021,6,Energy_for_food_security,0.4738
WFP_People_Policy_June_2021,7,Country_strategic_planning,0.4706
WFP_People_Policy_June_2021,8,Food_Assistance_for_Assets,0.4648
WFP_People_Policy_June_2021,9,Emergency_Preparedness_and_Response,0.4624
WFP_People_Policy_June_2021,10,Sustainable_development_goals,0.4476
WFP_Philippines_Super_Typhoon_Odette_Response,1,Logistics_and_delivery_networks,0.6575
WFP_Philippines_Super_Typhoon_Odette_Response,2,Information_Technology_and_Telecommunications_in_Emergencies,0.5966
WFP_Philippines_Super_Typhoon_Odette_Response,3,Energy_for_food_security,0.5744
WFP_Philippines_Super_Typhoon_Odette_Response,4,In_kind_food_distribution,0.5544
WFP_Philippines_Super_Typhoon_Odette_Response,5,Food_security_analysis,0.5462
WFP_Philippines_Super_Typhoon_Odette_Response,6,Nutrition,0.5445
WFP_Philippines_Super_Typhoon_Odette_Response,7,Monitoring,0.5402
WFP_Philippines_Super_Typhoon_Odette_Response,8,Emergency_Preparedness_and_Response,0.5288
WFP_Philippines_Super_Typhoon_Odette_Response,9,Social_Protection_and_Safety_Nets,0.5047
WFP_Philippines_Super_Typhoon_Odette_Response,10,Sustainable_development_goals,0.4781
WFP_Regional_Bureau_for_Eastern_Africa_Agile_Regio,1,Procurement,0.5405
WFP_Regional_Bureau_for_Eastern_Africa_Agile_Regio,2,Smallholder_agricultural_market_support,0.5048
WFP_Regional_Bureau_for_Eastern_Africa_Agile_Regio,3,Food_Assistance_for_Assets,0.4431
WFP_Regional_Bureau_for_Eastern_Africa_Agile_Regio,4,Supply_chain,0.4287
WFP_Regional_Bureau_for_Eastern_Africa_Agile_Regio,5,The_R4_Rural_Resilience_Initiative,0.4157
WFP_Regional_Bureau_for_Eastern_Africa_Agile_Regio,6,Specialized_nutritious_food,0.405
WFP_Regional_Bureau_for_Eastern_Africa_Agile_Regio,7,Food_Assistance,0.3933
WFP_Regional_Bureau_for_Eastern_Africa_Agile_Regio,8,Sustainable_livelihoods_and_ecosystems,0.3928
WFP_Regional_Bureau_for_Eastern_Africa_Agile_Regio,9,Nutrition,0.3898
WFP_Regional_Bureau_for_Eastern_Africa_Agile_Regio,10,Food_security_analysis,0.389
WFP_Regional_Bureau_for_Eastern_Africa_Breakthroug,1,Humanitarian_Support_and_Services,0.6523
WFP_Regional_Bureau_for_Eastern_Africa_Breakthroug,2,UN_Humanitarian_Air_Service,0.4162
WFP_Regional_Bureau_for_Eastern_Africa_Breakthroug,3,Emergency_Preparedness_and_Response,0.3964
WFP_Regional_Bureau_for_Eastern_Africa_Breakthroug,4,Emergency_relief,0.378
WFP_Regional_Bureau_for_Eastern_Africa_Breakthroug,5,Emergencies,0.3724
WFP_Regional_Bureau_for_Eastern_Africa_Breakthroug,6,Information_Technology_and_Telecommunications_in_Emergencies,0.3656
WFP_Regional_Bureau_for_Eastern_Africa_Breakthroug,7,Climate_services,0.3595
WFP_Regional_Bureau_for_Eastern_Africa_Breakthroug,8,Partnerships,0.3482
WFP_Regional_Bureau_for_Eastern_Africa_Breakthroug,9,The_R4_Rural_Resilience_Initiative,0.3301
WFP_Regional_Bureau_for_Eastern_Africa_Breakthroug,10,Engineering_services,0.317
WFP_Regional_Bureau_for_Eastern_Africa_Food_Safety,1,Food_safety_and_quality,0.635
WFP_Regional_Bureau_for_Eastern_Africa_Food_Safety,2,Food_security_analysis,0.5552
WFP_Regional_Bureau_for_Eastern_Africa_Food_Safety,3,Food_Assistance,0.5403
WFP_Regional_Bureau_for_Eastern_Africa_Food_Safety,4,School_meals,0.5281
WFP_Regional_Bureau_for_Eastern_Africa_Food_Safety,5,Nutrition,0.5117
WFP_Regional_Bureau_for_Eastern_Africa_Food_Safety,6,Energy_for_food_security,0.4981
WFP_Regional_Bureau_for_Eastern_Africa_Food_Safety,7,Food_Assistance_for_Assets,0.4975
WFP_Regional_Bureau_for_Eastern_Africa_Food_Safety,8,Funding_and_donors,0.4804
WFP_Regional_Bureau_for_Eastern_Africa_Food_Safety,9,Food_systems,0.4694
WFP_Regional_Bureau_for_Eastern_Africa_Food_Safety,10,Specialized_nutritious_food,0.4691
WFP_Regional_Bureau_for_Eastern_Africa_Logistics_i,1,Logistics_and_delivery_networks,0.7241
WFP_Regional_Bureau_for_Eastern_Africa_Logistics_i,2,Food_Assistance_for_Assets,0.5468
WFP_Regional_Bureau_for_Eastern_Africa_Logistics_i,3,Food_Assistance,0.5409
WFP_Regional_Bureau_for_Eastern_Africa_Logistics_i,4,Supply_chain,0.475
WFP_Regional_Bureau_for_Eastern_Africa_Logistics_i,5,Food_security_analysis,0.4673
WFP_Regional_Bureau_for_Eastern_Africa_Logistics_i,6,Emergency_Preparedness_and_Response,0.4651
WFP_Regional_Bureau_for_Eastern_Africa_Logistics_i,7,Partnerships,0.449
WFP_Regional_Bureau_for_Eastern_Africa_Logistics_i,8,Food_safety_and_quality,0.4472
WFP_Regional_Bureau_for_Eastern_Africa_Logistics_i,9,Food_Security_Cluster,0.4441
WFP_Regional_Bureau_for_Eastern_Africa_Logistics_i,10,Energy_for_food_security,0.4232
WFP_SUPPORT_TO_THE_GOVERNMENT_OF_UGANDA_COVID_19_R,1,Humanitarian_Support_and_Services,0.4208
WFP_SUPPORT_TO_THE_GOVERNMENT_OF_UGANDA_COVID_19_R,2,Country_Capacity_Strengthening,0.3808
WFP_SUPPORT_TO_THE_GOVERNMENT_OF_UGANDA_COVID_19_R,3,Supply_chain,0.3796
WFP_SUPPORT_TO_THE_GOVERNMENT_OF_UGANDA_COVID_19_R,4,UN_Humanitarian_Air_Service,0.3751
WFP_SUPPORT_TO_THE_GOVERNMENT_OF_UGANDA_COVID_19_R,5,Local_market_developments,0.373
WFP_SUPPORT_TO_THE_GOVERNMENT_OF_UGANDA_COVID_19_R,6,Food_Assistance_for_Assets,0.3626
WFP_SUPPORT_TO_THE_GOVERNMENT_OF_UGANDA_COVID_19_R,7,Executive_Board,0.359
WFP_SUPPORT_TO_THE_GOVERNMENT_OF_UGANDA_COVID_19_R,8,Food_Assistance,0.3577
WFP_SUPPORT_TO_THE_GOVERNMENT_OF_UGANDA_COVID_19_R,9,The_R4_Rural_Resilience_Initiative,0.3405
WFP_SUPPORT_TO_THE_GOVERNMENT_OF_UGANDA_COVID_19_R,10,Partnerships,0.3367
WFP_Seasonal_Bulletin_Impact_Monitoring_of_Hydrome,1,Food_security_analysis,0.5221
WFP_Seasonal_Bulletin_Impact_Monitoring_of_Hydrome,2,Food_systems,0.4775
WFP_Seasonal_Bulletin_Impact_Monitoring_of_Hydrome,3,In_kind_food_distribution,0.4615
WFP_Seasonal_Bulletin_Impact_Monitoring_of_Hydrome,4,Seasonal_and_agricultural_monitoring,0.4492
WFP_Seasonal_Bulletin_Impact_Monitoring_of_Hydrome,5,Energy_for_food_security,0.4444
WFP_Seasonal_Bulletin_Impact_Monitoring_of_Hydrome,6,Nutrition,0.4304
WFP_Seasonal_Bulletin_Impact_Monitoring_of_Hydrome,7,Food_Assistance_for_Assets,0.4284
WFP_Seasonal_Bulletin_Impact_Monitoring_of_Hydrome,8,Climate_change_adaptation,0.4199
WFP_Seasonal_Bulletin_Impact_Monitoring_of_Hydrome,9,Food_Assistance,0.409
WFP_Seasonal_Bulletin_Impact_Monitoring_of_Hydrome,10,Food_safety_and_quality,0.4023
WFP_Seasonal_Monitoring_Bulletin_April_June_Q2_202,1,Food_security_analysis,0.6198
WFP_Seasonal_Monitoring_Bulletin_April_June_Q2_202,2,Food_Security_Cluster,0.5049
WFP_Seasonal_Monitoring_Bulletin_April_June_Q2_202,3,Climate_change_adaptation,0.4952
WFP_Seasonal_Monitoring_Bulletin_April_June_Q2_202,4,Food_safety_and_quality,0.4817
WFP_Seasonal_Monitoring_Bulletin_April_June_Q2_202,5,Energy_for_food_security,0.4735
WFP_Seasonal_Monitoring_Bulletin_April_June_Q2_202,6,Food_systems,0.4686
WFP_Seasonal_Monitoring_Bulletin_April_June_Q2_202,7,Smallholder_agricultural_market_support,0.4439
WFP_Seasonal_Monitoring_Bulletin_April_June_Q2_202,8,Food_Assistance,0.437
WFP_Seasonal_Monitoring_Bulletin_April_June_Q2_202,9,The_R4_Rural_Resilience_Initiative,0.4364
WFP_Seasonal_Monitoring_Bulletin_April_June_Q2_202,10,Nutrition,0.4355
WFP_Seasonal_Monitoring_Bulletin_January_March_Q1_,1,Food_security_analysis,0.5448
WFP_Seasonal_Monitoring_Bulletin_January_March_Q1_,2,Climate_change_adaptation,0.5023
WFP_Seasonal_Monitoring_Bulletin_January_March_Q1_,3,Seasonal_and_agricultural_monitoring,0.4891
WFP_Seasonal_Monitoring_Bulletin_January_March_Q1_,4,Food_safety_and_quality,0.4696
WFP_Seasonal_Monitoring_Bulletin_January_March_Q1_,5,Energy_for_food_security,0.4653
WFP_Seasonal_Monitoring_Bulletin_January_March_Q1_,6,Food_Security_Cluster,0.4635
WFP_Seasonal_Monitoring_Bulletin_January_March_Q1_,7,Food_Assistance,0.4414
WFP_Seasonal_Monitoring_Bulletin_January_March_Q1_,8,In_kind_food_distribution,0.416
WFP_Seasonal_Monitoring_Bulletin_January_March_Q1_,9,Climate_action,0.4046
WFP_Seasonal_Monitoring_Bulletin_January_March_Q1_,10,Food_fortification,0.3935
WFP_South_Sudan_Resilience_Strategy_2024_2030,1,Resilience_building,0.7444
WFP_South_Sudan_Resilience_Strategy_2024_2030,2,Social_Protection_and_Safety_Nets,0.6628
WFP_South_Sudan_Resilience_Strategy_2024_2030,3,Emergency_Preparedness_and_Response,0.6227
WFP_South_Sudan_Resilience_Strategy_2024_2030,4,The_R4_Rural_Resilience_Initiative,0.6092
WFP_South_Sudan_Resilience_Strategy_2024_2030,5,Conflicts,0.6074
WFP_South_Sudan_Resilience_Strategy_2024_2030,6,Nutrition,0.5984
WFP_South_Sudan_Resilience_Strategy_2024_2030,7,Resilience_programming,0.5916
WFP_South_Sudan_Resilience_Strategy_2024_2030,8,Sustainable_livelihoods_and_ecosystems,0.5881
WFP_South_Sudan_Resilience_Strategy_2024_2030,9,Food_safety_and_quality,0.5866
WFP_South_Sudan_Resilience_Strategy_2024_2030,10,Humanitarian_Support_and_Services,0.5493
WFP_UNHAS_Flash_appeal_Haiti_February_2025,1,UN_Humanitarian_Air_Service,0.6919
WFP_UNHAS_Flash_appeal_Haiti_February_2025,2,Humanitarian_Support_and_Services,0.5347
WFP_UNHAS_Flash_appeal_Haiti_February_2025,3,Food_security_analysis,0.4578
WFP_UNHAS_Flash_appeal_Haiti_February_2025,4,UN_agencies_and_international_institutions,0.4446
WFP_UNHAS_Flash_appeal_Haiti_February_2025,5,Energy_for_food_security,0.4226
WFP_UNHAS_Flash_appeal_Haiti_February_2025,6,Food_Security_Cluster,0.4001
WFP_UNHAS_Flash_appeal_Haiti_February_2025,7,Engineering_services,0.3886
WFP_UNHAS_Flash_appeal_Haiti_February_2025,8,Emergencies,0.3797
WFP_UNHAS_Flash_appeal_Haiti_February_2025,9,Emergency_relief,0.3755
WFP_UNHAS_Flash_appeal_Haiti_February_2025,10,Sustainable_development_goals,0.3748
WFP_UNHCR_Joint_Cash_Assistance_Operation_for_Basi,1,Food_security_analysis,0.5276
WFP_UNHCR_Joint_Cash_Assistance_Operation_for_Basi,2,Food_Assistance,0.5191
WFP_UNHCR_Joint_Cash_Assistance_Operation_for_Basi,3,Humanitarian_Support_and_Services,0.512
WFP_UNHCR_Joint_Cash_Assistance_Operation_for_Basi,4,Cash_transfers,0.5073
WFP_UNHCR_Joint_Cash_Assistance_Operation_for_Basi,5,Energy_for_food_security,0.4911
WFP_UNHCR_Joint_Cash_Assistance_Operation_for_Basi,6,Food_Assistance_for_Assets,0.4902
WFP_UNHCR_Joint_Cash_Assistance_Operation_for_Basi,7,Food_Security_Cluster,0.4637
WFP_UNHCR_Joint_Cash_Assistance_Operation_for_Basi,8,Social_Protection_and_Safety_Nets,0.4491
WFP_UNHCR_Joint_Cash_Assistance_Operation_for_Basi,9,Funding_and_donors,0.4416
WFP_UNHCR_Joint_Cash_Assistance_Operation_for_Basi,10,The_R4_Rural_Resilience_Initiative,0.4112
WFP_Ukraine_Overview_July_2025,1,Food_Assistance,0.5791
WFP_Ukraine_Overview_July_2025,2,Food_Assistance_for_Assets,0.5641
WFP_Ukraine_Overview_July_2025,3,In_kind_food_distribution,0.5617
WFP_Ukraine_Overview_July_2025,4,Food_security_analysis,0.4735
WFP_Ukraine_Overview_July_2025,5,Food_systems,0.4683
WFP_Ukraine_Overview_July_2025,6,Smallholder_agricultural_market_support,0.4496
WFP_Ukraine_Overview_July_2025,7,Food_Security_Cluster,0.4468
WFP_Ukraine_Overview_July_2025,8,Energy_for_food_security,0.4425
WFP_Ukraine_Overview_July_2025,9,Logistics_and_delivery_networks,0.4293
WFP_Ukraine_Overview_July_2025,10,Food_fortification,0.4282
WFP_Ukraine_Supporting_exports_of_Ukrainian_food_J,1,Country_strategic_planning,0.5041
WFP_Ukraine_Supporting_exports_of_Ukrainian_food_J,2,Food_security_analysis,0.4527
WFP_Ukraine_Supporting_exports_of_Ukrainian_food_J,3,Food_safety_and_quality,0.4184
WFP_Ukraine_Supporting_exports_of_Ukrainian_food_J,4,Energy_for_food_security,0.4098
WFP_Ukraine_Supporting_exports_of_Ukrainian_food_J,5,Sustainable_livelihoods_and_ecosystems,0.4064
WFP_Ukraine_Supporting_exports_of_Ukrainian_food_J,6,Specialized_nutritious_food,0.4014
WFP_Ukraine_Supporting_exports_of_Ukrainian_food_J,7,Food_Assistance_for_Assets,0.3964
WFP_Ukraine_Supporting_exports_of_Ukrainian_food_J,8,Food_Assistance,0.3814
WFP_Ukraine_Supporting_exports_of_Ukrainian_food_J,9,Nutrition,0.3797
WFP_Ukraine_Supporting_exports_of_Ukrainian_food_J,10,Food_fortification,0.3782
WFP_and_Social_Protection_Annual_Review_2023,1,Food_security_analysis,0.6181
WFP_and_Social_Protection_Annual_Review_2023,2,Humanitarian_Support_and_Services,0.608
WFP_and_Social_Protection_Annual_Review_2023,3,School_meals,0.5902
WFP_and_Social_Protection_Annual_Review_2023,4,Emergency_Preparedness_and_Response,0.5763
WFP_and_Social_Protection_Annual_Review_2023,5,Social_Protection_and_Safety_Nets,0.5666
WFP_and_Social_Protection_Annual_Review_2023,6,Food_safety_and_quality,0.5341
WFP_and_Social_Protection_Annual_Review_2023,7,Energy_for_food_security,0.5301
WFP_and_Social_Protection_Annual_Review_2023,8,Smallholder_agricultural_market_support,0.5093
WFP_and_Social_Protection_Annual_Review_2023,9,Cash_transfers,0.4987
WFP_and_Social_Protection_Annual_Review_2023,10,Climate_services,0.4956
WFP_at_a_Glance,1,Emergencies,0.669
WFP_at_a_Glance,2,Emergency_relief,0.5672
WFP_at_a_Glance,3,Emergency_Preparedness_and_Response,0.5571
WFP_at_a_Glance,4,School_meals,0.5556
WFP_at_a_Glance,5,Zero_Hunger,0.5298
WFP_at_a_Glance,6,Energy_for_food_security,0.5205
WFP_at_a_Glance,7,Smallholder_agricultural_market_support,0.5193
WFP_at_a_Glance,8,Information_Technology_and_Telecommunications_in_Emergencies,0.5134
WFP_at_a_Glance,9,Food_security_analysis,0.5059
WFP_at_a_Glance,10,Food_safety_and_quality,0.4961
WFP_in_Asia_and_the_Pacific_2024_Year_in_Review,1,Emergency_Preparedness_and_Response,0.6687
WFP_in_Asia_and_the_Pacific_2024_Year_in_Review,2,Country_Capacity_Strengthening,0.5887
WFP_in_Asia_and_the_Pacific_2024_Year_in_Review,3,Anticipatory_Action,0.5269
WFP_in_Asia_and_the_Pacific_2024_Year_in_Review,4,Humanitarian_Support_and_Services,0.5004
WFP_in_Asia_and_the_Pacific_2024_Year_in_Review,5,Emergencies,0.4851
WFP_in_Asia_and_the_Pacific_2024_Year_in_Review,6,Food_security_analysis,0.4807
WFP_in_Asia_and_the_Pacific_2024_Year_in_Review,7,Nutrition,0.4747
WFP_in_Asia_and_the_Pacific_2024_Year_in_Review,8,Food_Assistance_for_Assets,0.4725
WFP_in_Asia_and_the_Pacific_2024_Year_in_Review,9,Energy_for_food_security,0.4719
WFP_in_Asia_and_the_Pacific_2024_Year_in_Review,10,The_R4_Rural_Resilience_Initiative,0.467
WFP_s_Environmental_Plan_of_Action_2030,1,Sustainable_development_goals,0.6422
WFP_s_Environmental_Plan_of_Action_2030,2,Environmental_and_social_sustainability,0.5943
WFP_s_Environmental_Plan_of_Action_2030,3,Funding_and_donors,0.587
WFP_s_Environmental_Plan_of_Action_2030,4,Procurement,0.5539
WFP_s_Environmental_Plan_of_Action_2030,5,Sustainable_livelihoods_and_ecosystems,0.5503
WFP_s_Environmental_Plan_of_Action_2030,6,Logistics_and_delivery_networks,0.5468
WFP_s_Environmental_Plan_of_Action_2030,7,Energy_for_food_security,0.5257
WFP_s_Environmental_Plan_of_Action_2030,8,Monitoring,0.5186
WFP_s_Environmental_Plan_of_Action_2030,9,Climate_change_adaptation,0.5092
WFP_s_Environmental_Plan_of_Action_2030,10,Market_analysis,0.5038
WFP_s_Regional_Urban_Preparedness_Initiative_in_Re,1,Resilience_building,0.6335
WFP_s_Regional_Urban_Preparedness_Initiative_in_Re,2,The_R4_Rural_Resilience_Initiative,0.5964
WFP_s_Regional_Urban_Preparedness_Initiative_in_Re,3,Logistics_and_delivery_networks,0.5784
WFP_s_Regional_Urban_Preparedness_Initiative_in_Re,4,Resilience_programming,0.5093
WFP_s_Regional_Urban_Preparedness_Initiative_in_Re,5,Emergency_Preparedness_and_Response,0.5007
WFP_s_Regional_Urban_Preparedness_Initiative_in_Re,6,Partnerships,0.453
WFP_s_Regional_Urban_Preparedness_Initiative_in_Re,7,Food_Security_Cluster,0.4357
WFP_s_Regional_Urban_Preparedness_Initiative_in_Re,8,Food_security_analysis,0.4342
WFP_s_Regional_Urban_Preparedness_Initiative_in_Re,9,Energy_for_food_security,0.4338
WFP_s_Regional_Urban_Preparedness_Initiative_in_Re,10,Country_strategic_planning,0.4188
WFP_s_Role_in_Strengthening_Forecasting_Capabiliti,1,Emergency_Preparedness_and_Response,0.5733
WFP_s_Role_in_Strengthening_Forecasting_Capabiliti,2,Climate_action,0.5372
WFP_s_Role_in_Strengthening_Forecasting_Capabiliti,3,Climate_risk_management_insurance_and_financing,0.4624
WFP_s_Role_in_Strengthening_Forecasting_Capabiliti,4,Climate_services,0.4524
WFP_s_Role_in_Strengthening_Forecasting_Capabiliti,5,Climate_change_adaptation,0.4339
WFP_s_Role_in_Strengthening_Forecasting_Capabiliti,6,Partnerships,0.4329
WFP_s_Role_in_Strengthening_Forecasting_Capabiliti,7,Sustainable_development_goals,0.4172
WFP_s_Role_in_Strengthening_Forecasting_Capabiliti,8,Seasonal_and_agricultural_monitoring,0.3994
WFP_s_Role_in_Strengthening_Forecasting_Capabiliti,9,The_R4_Rural_Resilience_Initiative,0.3879
WFP_s_Role_in_Strengthening_Forecasting_Capabiliti,10,Sustainable_livelihoods_and_ecosystems,0.3757
WFP_s_Strategy_to_improve_diets_and_address_malnut,1,Nutrition,0.6629
WFP_s_Strategy_to_improve_diets_and_address_malnut,2,Monitoring,0.6535
WFP_s_Strategy_to_improve_diets_and_address_malnut,3,Food_Assistance,0.6283
WFP_s_Strategy_to_improve_diets_and_address_malnut,4,Emergency_Preparedness_and_Response,0.6258
WFP_s_Strategy_to_improve_diets_and_address_malnut,5,Food_safety_and_quality,0.6227
WFP_s_Strategy_to_improve_diets_and_address_malnut,6,School_meals,0.6088
WFP_s_Strategy_to_improve_diets_and_address_malnut,7,Food_security_analysis,0.5994
WFP_s_Strategy_to_improve_diets_and_address_malnut,8,Energy_for_food_security,0.5862
WFP_s_Strategy_to_improve_diets_and_address_malnut,9,The_R4_Rural_Resilience_Initiative,0.5845
WFP_s_Strategy_to_improve_diets_and_address_malnut,10,Programme_design,0.5796
WFP_s_Updated_Climate_Change_Policy_2024,1,The_R4_Rural_Resilience_Initiative,0.6514
WFP_s_Updated_Climate_Change_Policy_2024,2,Climate_risk_management_insurance_and_financing,0.629
WFP_s_Updated_Climate_Change_Policy_2024,3,Resilience_building,0.6247
WFP_s_Updated_Climate_Change_Policy_2024,4,Emergency_Preparedness_and_Response,0.6184
WFP_s_Updated_Climate_Change_Policy_2024,5,Climate_change_adaptation,0.6092
WFP_s_Updated_Climate_Change_Policy_2024,6,Food_security_analysis,0.5971
WFP_s_Updated_Climate_Change_Policy_2024,7,Partnerships,0.5899
WFP_s_Updated_Climate_Change_Policy_2024,8,Climate_action,0.5773
WFP_s_Updated_Climate_Change_Policy_2024,9,Food_Security_Cluster,0.5743
WFP_s_Updated_Climate_Change_Policy_2024,10,Energy_for_food_security,0.5507
WFP_s_Updated_Resilience_Policy_2024,1,Resilience_building,0.7124
WFP_s_Updated_Resilience_Policy_2024,2,Resilience_programming,0.6972
WFP_s_Updated_Resilience_Policy_2024,3,The_R4_Rural_Resilience_Initiative,0.6496
WFP_s_Updated_Resilience_Policy_2024,4,Programme_design,0.6051
WFP_s_Updated_Resilience_Policy_2024,5,Emergency_Preparedness_and_Response,0.5979
WFP_s_Updated_Resilience_Policy_2024,6,Partnerships,0.5923
WFP_s_Updated_Resilience_Policy_2024,7,Nutrition,0.5912
WFP_s_Updated_Resilience_Policy_2024,8,Conflicts,0.5911
WFP_s_Updated_Resilience_Policy_2024,9,Anticipatory_Action,0.5673
WFP_s_Updated_Resilience_Policy_2024,10,Climate_change_adaptation,0.5638
WFP_s_Updated_School_Meals_Policy_November_2024,1,Rome_based_agencies,0.8827
WFP_s_Updated_School_Meals_Policy_November_2024,2,School_meals,0.6971
WFP_s_Updated_School_Meals_Policy_November_2024,3,Nutrition,0.5753
WFP_s_Updated_School_Meals_Policy_November_2024,4,Food_systems,0.5512
WFP_s_Updated_School_Meals_Policy_November_2024,5,UN_agencies_and_international_institutions,0.53
WFP_s_Updated_School_Meals_Policy_November_2024,6,Corporate_strategy,0.5184
WFP_s_Updated_School_Meals_Policy_November_2024,7,Smallholder_agricultural_market_support,0.5148
WFP_s_Updated_School_Meals_Policy_November_2024,8,Emergency_Preparedness_and_Response,0.5139
WFP_s_Updated_School_Meals_Policy_November_2024,9,Humanitarian_Support_and_Services,0.5126
WFP_s_Updated_School_Meals_Policy_November_2024,10,South_South_cooperation,0.5103
WFP_s_approach_to_Planet_Friendly_School_Meals,1,School_meals,0.6593
WFP_s_approach_to_Planet_Friendly_School_Meals,2,Sustainable_livelihoods_and_ecosystems,0.6379
WFP_s_approach_to_Planet_Friendly_School_Meals,3,Smallholder_agricultural_market_support,0.6291
WFP_s_approach_to_Planet_Friendly_School_Meals,4,Food_systems,0.5678
WFP_s_approach_to_Planet_Friendly_School_Meals,5,The_R4_Rural_Resilience_Initiative,0.5648
WFP_s_approach_to_Planet_Friendly_School_Meals,6,Energy_for_food_security,0.5613
WFP_s_approach_to_Planet_Friendly_School_Meals,7,Environmental_and_social_sustainability,0.5559
WFP_s_approach_to_Planet_Friendly_School_Meals,8,Sustainable_development_goals,0.5267
WFP_s_approach_to_Planet_Friendly_School_Meals,9,Food_safety_and_quality,0.5261
WFP_s_approach_to_Planet_Friendly_School_Meals,10,Climate_action,0.5071
WFP_s_engagement_in_middle_income_countries_2019_2,1,Country_Capacity_Strengthening,0.7049
WFP_s_engagement_in_middle_income_countries_2019_2,2,Partnerships,0.6496
WFP_s_engagement_in_middle_income_countries_2019_2,3,Emergency_Preparedness_and_Response,0.6342
WFP_s_engagement_in_middle_income_countries_2019_2,4,Private_sector,0.6172
WFP_s_engagement_in_middle_income_countries_2019_2,5,Funding_and_donors,0.5846
WFP_s_engagement_in_middle_income_countries_2019_2,6,Food_security_analysis,0.5841
WFP_s_engagement_in_middle_income_countries_2019_2,7,Governance_and_leadership,0.579
WFP_s_engagement_in_middle_income_countries_2019_2,8,Humanitarian_Support_and_Services,0.5687
WFP_s_engagement_in_middle_income_countries_2019_2,9,Analyses_and_assessments,0.5631
WFP_s_engagement_in_middle_income_countries_2019_2,10,Country_strategic_planning,0.5547
WFP_s_role_in_Youth_Employment_2022,1,Sustainable_livelihoods_and_ecosystems,0.6512
WFP_s_role_in_Youth_Employment_2022,2,Innovation,0.5977
WFP_s_role_in_Youth_Employment_2022,3,Food_Assistance_for_Assets,0.5707
WFP_s_role_in_Youth_Employment_2022,4,Food_security_analysis,0.5515
WFP_s_role_in_Youth_Employment_2022,5,The_R4_Rural_Resilience_Initiative,0.5405
WFP_s_role_in_Youth_Employment_2022,6,UN_agencies_and_international_institutions,0.5332
WFP_s_role_in_Youth_Employment_2022,7,Food_safety_and_quality,0.5305
WFP_s_role_in_Youth_Employment_2022,8,Energy_for_food_security,0.5245
WFP_s_role_in_Youth_Employment_2022,9,Analyses_and_assessments,0.5066
WFP_s_role_in_Youth_Employment_2022,10,Resilience_building,0.4958
World_Food_Programme_Pacific_Multi_Country_Office,1,Sustainable_development_goals,0.6148
World_Food_Programme_Pacific_Multi_Country_Office,2,Country_strategic_planning,0.5875
World_Food_Programme_Pacific_Multi_Country_Office,3,Climate_risk_management_insurance_and_financing,0.5614
World_Food_Programme_Pacific_Multi_Country_Office,4,Anticipatory_Action,0.533
World_Food_Programme_Pacific_Multi_Country_Office,5,Partnerships,0.5216
World_Food_Programme_Pacific_Multi_Country_Office,6,UN_Humanitarian_Air_Service,0.4754
World_Food_Programme_Pacific_Multi_Country_Office,7,Humanitarian_Support_and_Services,0.4674
World_Food_Programme_Pacific_Multi_Country_Office,8,Social_Protection_and_Safety_Nets,0.4621
World_Food_Programme_Pacific_Multi_Country_Office,9,UN_agencies_and_international_institutions,0.4604
World_Food_Programme_Pacific_Multi_Country_Office,10,Food_Assistance_for_Assets,0.4456
Zimbabwe_R4_Rural_Resilience_Initiative_in_Masving,1,The_R4_Rural_Resilience_Initiative,0.8584
Zimbabwe_R4_Rural_Resilience_Initiative_in_Masving,2,Monitoring,0.7133
Zimbabwe_R4_Rural_Resilience_Initiative_in_Masving,3,Resilience_building,0.711
Zimbabwe_R4_Rural_Resilience_Initiative_in_Masving,4,Food_Assistance_for_Assets,0.6726
Zimbabwe_R4_Rural_Resilience_Initiative_in_Masving,5,Resilience_programming,0.638
Zimbabwe_R4_Rural_Resilience_Initiative_in_Masving,6,Social_Protection_and_Safety_Nets,0.6366
Zimbabwe_R4_Rural_Resilience_Initiative_in_Masving,7,Food_security_analysis,0.6313
Zimbabwe_R4_Rural_Resilience_Initiative_in_Masving,8,Humanitarian_Support_and_Services,0.6196
Zimbabwe_R4_Rural_Resilience_Initiative_in_Masving,9,Analyses_and_assessments,0.6121
Zimbabwe_R4_Rural_Resilience_Initiative_in_Masving,10,Achievements_and_history,0.6005
evaluation_financing_report_en,1,Partnerships,0.6142
evaluation_financing_report_en,2,Sustainable_development_goals,0.5987
evaluation_financing_report_en,3,Funding_and_donors,0.587
evaluation_financing_report_en,4,Analyses_and_assessments,0.5774
evaluation_financing_report_en,5,UN_agencies_and_international_institutions,0.5769
evaluation_financing_report_en,6,Country_Capacity_Strengthening,0.5631
evaluation_financing_report_en,7,Gender_equality,0.5225
evaluation_financing_report_en,8,Country_strategic_planning,0.52
evaluation_financing_report_en,9,Governance_and_leadership,0.5132
evaluation_financing_report_en,10,Climate_risk_management_insurance_and_financing,0.5083
hiv-social-protection-evaluation_en,1,Partnerships,0.7553
hiv-social-protection-evaluation_en,2,Social_Protection_and_Safety_Nets,0.722
hiv-social-protection-evaluation_en,3,Analyses_and_assessments,0.6378
hiv-social-protection-evaluation_en,4,HIV_and_tuberculosis,0.6352
hiv-social-protection-evaluation_en,5,UN_agencies_and_international_institutions,0.6272
hiv-social-protection-evaluation_en,6,Sustainable_development_goals,0.6096
hiv-social-protection-evaluation_en,7,Humanitarian_Support_and_Services,0.5025
hiv-social-protection-evaluation_en,8,Country_Capacity_Strengthening,0.4961
hiv-social-protection-evaluation_en,9,The_R4_Rural_Resilience_Initiative,0.4623
hiv-social-protection-evaluation_en,10,Programme_design,0.4549
